# Resource object code (Python 3)
# Created by: object code
# Created by: The Resource Compiler for Qt version 5.15.15
# WARNING! All changes made in this file will be lost!
from qt import QtCore
qt_resource_data = b"\
\x00\x04\xe0\xcf\
\x89\
PNG\x0d\x0a\x1a\x0a\x00\x00\x00\x0dIHDR\x00\
\x00\x02\x00\x00\x00\x02\x00\x08\x06\x00\x00\x00\xf4x\xd4\xfa\
\x00\x01\x00\x00IDATx\x9c\xec\xfd\xf9\xb3d\xd9\
q\x1e\x08~~nD\xbc\xf7r\xad\x1dU\xa8*\x14\
P\x00\xb1\x10\x14I\x81\x10A\xb2\xc9\xe6&J\x10E\
R\x22%\xb1\xd5\x92u\xb7\xc6\xacg\xfe\xb5\x99\xb1\x19\
\xebi\xb3\xb1\x1eI\xa3\x19\xb6\x16.\xc3M\xe2\x22\xee\
$v\xd4^Y\x95\x99o\x89\xe5\xde\xe3\xf3\x83\xfb\xe7\
\xee7^\xbc\x97\x99$\xdb\xfa\x17\x05\x90\xf5\x22\xeer\
V?\xfe\xf9v\xfc\x08\x00E\xf9H\xf9\xce\x1b\x22\xf6\
C\xfd\xbe\xfa\x7f/}\x04\x10/A\xf5\xc0\xfdK\x8f\
g9\x87\x9e\xae\xb5\x5cQ\xe3\x95\xcf\xb0\xec\xfa\x8e\x08\
\xf0\x18\xcd:X\xc7\xa1Vh\xdc\x93\xbd\x9a\x9e\xa4\xcc\
,\xebQ\xcf=i\xd3\xaf\x1a\xb3k\xdf\xf11\xbaz\
\x5c\xe7m\xb9\xf4\x9c\xf8\xdf\xbd\x8a\xf7\xdb\x12\xbf\xfd\x0b\
\x7f\x1f*\x1f\xf5^\x99\xc3K\xf7\xf0h\x1a\xb9\xea\xbd\
C/=\x8aV\xaek+\x00\x88\xf8\x15\xbd\x9a\xc6g\
\xe5\x1d\xa8\xf3Q\xf3\x7f\xdd\xdc\x5c\xd9\xc6:\xd8\xe5\xe1\
\xfd\xb5\x92\x17\xaf\xa7\xefKt&\x80\xec?^\x1e\xba\
t\xeb\x00\xa1^7VW\xcd\xd9\xfe8\x5cW\xd6\xa3\
\x9ey\x92\xb5#\xd7\xf5\xed@\x89W?\xf3d\x9f\xc7\
o\x9f\x04?\xae\xbc\xfc\xd2s\xfe\x9f\xba\xbe\xe6\xb4\xf4\
d|\xee:\x9e\xcd\xbb\xfb|\xe4\xba\xb9\xbdn\x8d\xcf\
\xcb?T\xf3\xe5\xb6_\xb7\xb6\x0e\x97p\xfd\xb5\xc7\xe1\
\x93W\xf2\xc1\xf8>\x7f\xe2\xd0x\xe853\xf188\
Y?\xedr\xe1\xf3\xbf\xc0\x9c)=\x8a\x95)lZ\
/5\xfc\xe0\xccj\x82\xc0\xa5\xe7e\xef\xc9\x03\xf7\xf7\
\xde\x9b\xb5y\x7f\x80\xae\xa2\xac\xc7\x5c}\xec\xd7\xe1\xf6\
<\xb9TQ\xc7\xf9q\xde\xfeK\xc8-\xd7\x03\xdc\xa1\
\x8f\xe4\x9f\xf9X>^;\xd4\xffs\xe8\x99\xda\x96Y\
\xf9\xe5a^\xdf\xafo6V,H.\xdf\x9bu\xa5\
\xf4\xe5q>\xba\xffO\xa3\x9aY\xbb\x1fWp\xb3\x9b\
I\x85\x8f\x024\xf1\x87D\x8a\xe0\xb0\xff\x9c\xcc\xdb4\
kWye\xff~}\xd7\x1e<P~\x19\xaf\xcbw\
uV\xcf\x81\xa5w\xe8\xf1G\xd6\x11\xed\xde\xe7\x9a\x22\
W\xb4\xe32\xd3\xae\xff\xfeJ\x1f\x91}\x96\xb3w[\
\xae\xees\xa1\xc9\xc3/\xdbC\x8a\xf9:\xf0jg\xc5\
\xec\xf7G\xa5\xfc\xab\xf7\xaek\xeb\xde\xed\x00\xffR\xcf\
\xac\x08\xca\xa9e.D.\x8f\xe9\x93*9\x07\x9f\x8e\
\xb5;/m\x7f\x1d_\xb7\xb6kQW\xd6|\x89?\
\x5c.\xe5\x91\xbc\xec\x11\xd7\xfeR|\xf2\x1a\xcc:t\
\xe50/|\xd2\x99\xb8~\x0c/\xe1\xe4\xe3J\x10W\
\x13\x948\xf3\x9b\x13\xd9!\xcdm\xbfl\x01\xa0\x22\x90\
\xf2\xfe\xbe\xc4\xb4_G\xf9y\xb0\xad\x97$GAj\
(E:\x9e\x95\x7f\xa0\xbf\xd7}\x1eW:\xbd\xf2\xfd\
\xd2\xfe\xbf\xea\xc7\x98jri\x02\xcaUs[o\xaa\
\x1e\xb6\xef\x18\xb8\xff55\xf0\xbf|\xfe\xcb\xe7\xbf|\
\xfew\xfa\x5c\x16tr\xbd\xcb\x0c\xf8)\x94^\x82\x1b\
\x8d\xff\x1c\xe4\xe1\xd7\xd7~\x05\xbe\xec1\xc0\x83\xe5^\
\xf1\xf2!\xa1\xfc\x91\x96\x0e\x16\xe5X\xf0\xd8\x00yM\
y\xf9\xe32\xa6\xcc\x85+\xfbA%\x03\xc0\xb5xu\
\x1d\xb6\x5c\xc2\xce\xc7\xb8\x7f\xed;\xd7\xdd|\xdcI~\
\xd4\xb3\x97:x\x0d\xf8\x1d\x02\xe4\xc7\x01\xb2\xc7k\xdf\
\xfc\xe1'\xe9\xdf\xa1\xf2\xf0Wx\xffq\xca7\xc2\x96\
=M\xae,\x1a\xd5\xc7r\xbd\xfc\xef\xf3\xa9+\x00\x10\
\xae\x08.\xd4\xab\x95\xd2\xfc\xe8\x93\xbbZ\x1e\xa35\xf6\
\xfb\xafQ\x00{\xac\xfa\xca\xf7'e\x9c\xd7j\xdfW\
\xbc}\xc8\xfcy\x9d\xe4\x7f\x9d6\x0c\xe0\xd2b\xdc\xd7\
l\xf7\x7f\xc7\xb3\xc0\x95\xf3x\x9dbP\xef_\xf5\x86\
\x19FK\x09\xb3\x06\xc9\xde\xf5\xc7\x1b\xc5\xcb<a>\
\x0b\x5c\x8b\xc1X\x15\xd1\x0a>\x17@\xf3X5>\xfe\
GA\xf0\xd2\xe4\x09\x0a(z\xb6\xf4\x7fcv \xce\
\x87\xd2\x92\xe3\x96\x8e\xc7\x5cLW\xe1\xcd\x93\xf2\xe2\xcb\
\x982W\x10\xaf}v\xef\xf7\xe3\xb4\xf5Ry\x85\x81\
\x1cVX\x8b\x82z@\x19\xbe\xae=W\x09\x09As\
sVzu\xfb\xf7\x94\xddK}zT\xc5\xf57\xd7\
\xd0%\x9f\xe5\x9e\xe4\xf5\xa4\xc0\x18\x0b\xea\x0aMt\xbf\
\x0d\x7f\x15\xfa\xfe\xab\x80\xf6c\xd5\xfd\x97h`\xd5\xd6\
\xc9\x85m\xd2\xf4\xb1\x00j\xb1X\xa0\xb5\x01\xcb\xe5\x02\
\x8b\xc5\x12\xd2\x1aN\x8e\x8fq\xfb\xee]4\x19\xd0Z\
C\x1b\x06\x0c\xad\xe1\xe8\xe8\x18\x8b\xc5\x02\xcb\xe5\x0a\x22\
@\xef\x0a\x11Ak\x02\x91\x86\xc5r\x01\x91\x86a\x18\
0\xb4\xc1\x84\x0fi`\xd3\x96\xcbU2\x5c\x15Hk\
hn\x1f\xce~\xf0\x1d\x7f\xb2w\xf4\xae\xe8\xbd\x03\xda\
}\x1e}&.M\xaa\x11\x92(\x9f'\x8f\x89/\xa0\
\x86B\x8b\x11\xd4\x85$\x17\x94\x9a5\xc6\xafk\xdew\
5\x81P$d^\xac\xabw\xb6\x1e\x02\x1f\x17\x9f\x0b\
\xed\xf6W\xdcl,\xf1?@\x9a\xf7[\x11=k\x90\
\xd9|\xc6}\xd5d\x1aUc\x90\x84\xb4\x06\x82\x8b\x86\
\xfb\xa3\x153~j\x13\xe9\x19\x94\xbd\xf1\xe3\xb8\xc7\xf7\
\xa8\x88\xf3\x03\xb4V\xbc\x81\xce\xa18\xdf\x22\x02\x9fv\
o\xb2\xb5\xbb\x17\x86\xc7\xf6k\xefP\xedf\xc5\xe3\xbc\
6\x8e7\xa2\xdd\xca\xe1P\x13\xc4E\x04\x1d\xdd\xc1\xd4\
\xe6\xa4w\xc58N\x00\x80^8\x9e\xb2n\xe7~\x1c\
\x0e\xf1:E\xc4\xebG\x94\xa5\x00z\xb5\x18\xb6!\xc7\
]J\xbf\xe8\x0a\x90\xe6}\x16\x8e\xbe=/\x09\xbc\x10\
\x81\x0c\xb6\x9eXV\xd7\x8e>M\xe8\xdd5<o\x0b\
\x9c.\xfa\xd4\xbd|\x814\x09\x00\xb51\xecN\x93\x02\
\x95}\xa1\x86S\x93t>N\x13\xb4+ \x8a&\x0d\
mh\x90&V\xb7\x0b\x05}\xeaX\xef6\xb1fz\
\xef\x98\xa6\x9d\xbd\xe7\xf43M#\xa6>b\xb3\xde`\
\x1cG\x08l|\xa7>\xe2\xf4\xe1\x03L\xe3\x16\x93*\
\xa6\xdd\x0e\x17\xeb3\xa8v\xec\xb6[\x8c\xd3x-\xd0\
WE%\xe6B\xe7\xe2\xe8u\xa0z\x15\xef\xaf\x9f\xbf\
\x0a\xc0\x1f\x128\xea\xdfG\xbds\xd5g&_\xea\xe3\
a\xd5\x93\x0aB\xd7\xc5\x9d<\xea#{\xdfu\xff\xe6\
\xfe\xc0\xf1s\xe8\xfa\xa3&\xe0Q\x12\xceu\x83\xf5W\
\x99\x84Cmy\xd4\xf5\xab\xfau\xb0\x8c\x03\x8dx\xa4\
\x00uP`\x22\x13\xc0#5\xf8ah\xb8{\xe7.\
n\xdc\xb8\x81\xa3\xe3\x13\xdc\xbas\x07\xad\x0d\xb8qr\
\x037n\xdc\xc4r\xb5\xc4\xed[w\x00\x11,\x97G\
h\xc3\x12\x80\xa25\xc1bXb\xea\xdd\xea\x00\x00\x15\
c8\xde\xce\xae\x0a\xed\x13z\xef\x97\xda\x18\x8cQy\
OJ[\x09D\xb5\x93\x09L\xb2G\x04\xea\xe0\xdf{\
\x87\xf6\x22\xe4\xb9\xc0W=\xad\xa2\x09\x17\xda\x9dMj\
\xbc`\xff\x0fA\x91\xab!\xdb\xd3 h\x05\x88\xc8\x86\
\x02>)\x14\xc0\xdb\x0cg\xc2=5*\x17w\xac\xaf\
\xbd\x83\x82\x18\x01\xa0\x11$aLX\x04\x90\x9eB\x9c\
\x02h>NR\xa5\xe6\xe8C7&\xcf1\xd7l\x9c\
@B\x90\x00\xd4\xbd:\x09\x0c\x12\xc8\x07\xa2p\x94\xa1\
H\xe1B||)H&\x1dRPb,\x8e\x8f\xd5\
lQ\xce\x05:\x8e\x1f\x14\xe8\xde&/\x16=\xea\xd4\
l\x17$\x95o\xb1q\xd3\xfd\xf8\x1e\x114\x81\xeb\xad\
\xd6\x8e\xde;\x14\x8a\xae9\x5c]m\xfc\xbb\x22\x05\x00\
\xb6\xb5I\x8e\xa9H\x80\xafOm\x94a \x0d\xa8\x0b\
%\x0a\x0a\x00)`\x19h;-y\xff\xc4\xb5|N\
G.\x11\x7f\x96\xc2\x8cvL>\xd6\x19\xff!\xb9@\
((q\xdd\x97\xb2\xf4\xd2\x7f\xed\x9b\x06\xed\x90\xce\xe5\
\xf2\x1c\x8b@\x86\x01\xad\xc5\xa0D{9\xa7U\x03\x15\
\x9a\xdc|\xfcZk\x90\xd6\xbc\xcf\x0aHC\x8b\xf79\
\xcf\x8a>M\x10\xe9\xd8n7\x98\xc6\x11\x17\xebs\x8c\
\xbb\x0dN\x1f\xde\xc7\xc5\xc5)\xce/\xce\xb0\xd9\x9c\xe3\
\xe2\xe2\x1c\xdb\xed\xfaJ~\x16\x96\x03P\xb1\x99\xbbs\
\xb9\xd4g\xef\x1c(\xe7:\xe1\xe1I@\xf7\xaa:\x9e\
\x08\x94\x1f\xa3M\x8f\xf3\xdc\xa1\x8b\x87\x86\xb1\xe2\x86\xfd\
>\xfc\xdc\xa5vP\xc0\xc7#\xc6\xe8q\x06\xe3q\xde\
;\xf4\x99\x0d\xc6\x9e4\x13k\xef\x8aJ\xaej\xc7u\
\xa0\xfe\xd7-\x00\x5cG\x04\x07\xdb\xe7\x8cE\x82\xa9\x1c\
\x06\xfb\xc5b\x81\xa3\xa3#<\xfd\xf43\xb8\xfb\xd4]\
\xdc\xb9}\x17\xb7n\xdf\xc1\xcd;w\xb0Z\x1c\xe1\xc6\
\x8d\x1b\x18\x16\x0b@\x05];\xa6i\xc24\xda\xdf\xde\
'L\xe3\x84\xa9O\x98&\xbbf\xb8\xd51Mc0\
U\x02\xa7*5g\x07\x18\x17\x08\xaa)K\xe3\xb7\x11\
\x8d\xa2C\xd4\xb5Rg\x8a3\xa0A\x87\xaa\xb8%\xa0\
\x9a\x06\x11\xc2\x81i\xd1=\xb4\x102m\xd1\x04W\x06\
\x9b\xb5\xe0\xae\x00\xba\x03\x18kS\x12\xbfk<\x85x\
\xc4\x01\xb4\xd1\x12A@\xd0\x12\xa0J\x01`\xcf\xa2\x10\
\xd0W\xb5XS\xfb\xb3-^\xcf\xc0\xfa\x1c\xefX\x8f\
\xb8\xd0`\xfdW\xa8\x0a\x04\x1d\xd4\xb8\x03v\x0b\x8e)\
\xd8\xbe\xcb\xd4%q\xd5\xdei\xfbc\xcby\xcd\xaf\x10\
\xd1\xb9\x7f\xd3A3,\x05\x01\x14\x05\xce8G\x5c\x84\
\xd9\x00$\xa5 \xc0q\xce\x9c(\x5cj\x00^\xceX\
\x8e]PK\x99ZU\xb8\xd6+\xb3\xb2\xa8\xb5\xab\x88\
\x81\xbek\xb7\xdd\xad\x12\xa2b\x82\x87\xb4\x1c\x9f\xd2?\
\x15\x1b{\xab\xc3j\xee\xecZ\x01\x9e\xd0NK\xbb\x83\
9q<\xbc\x5c\xa5\x85\xd2\x9b\xdbsh\xfd~\xed\xad\
\x91m\x80\xbd\xd7\x19k\xc7-\x1e\xe2\x04\x1f`\xc8~\
#\x96\x0d\xb2a$E\x17\xc8\xab\xe0Fz\x17\x99\xcd\
K\xa5[\xa9k\xa7\xb9\x95J\x04*-xn\x00t\
kf\xc1\x13\x985p\xb1@k\x0d\x8b\xc1,\x8d\xc3\
`\xffh\x0d\x83\x00]'l\xb7\x1b\x8c\xbb\x0d\xb6\x9b\
\x0b\x9c\x9e=\xc0\xc3\x87\x1f\xe0\xec\xf4\x01N\xcf\xeec\
\xb3\xbe0+[\xf9p]\x90\xb4l\x9e\xb1\xf7\xcc>\
n\x5c6i\xd7\xe7\xae\xc3\xa9\x98\xdaC\xc0Z\xbe?\
\x0eh\xc7{\xd7\x00\xf0\xa3\x04\x88\xf9\x0ay\xbc\xba\xf7\
\xc7\xe0\xb1\x05\x80\xab~_W\xd1#\xca\xbd\xb6\xa2\xfd\
r\xaf\x1a\x00\xf6\xe0:\xc9\xe8q\x84\x90\xeb\x9e\xbdj\
\x90\xea;\x87\xde\xc7\xde\xb5\xc7\xfdP\xc3?\x04\xf8\xc3\
b\xc0\xd3O=\x83g\x9f}\x16\xcf\x7f\xe4#x\xea\
\xa9gp\xf7\xa9\xa7q||\x82\xc5b\x09\xb8yn\
\xb7\xdda\xbb\xdda\xb7\xb3\x7f\xe38\x1a\xf0\xf7\x8e>\
N\xe8j`\xaa}\xc4\xd45\xeaRU\xe8d\xe6<\
j$\xeaV\x00PC\xe9a,\x0c\xc9\x90\xf7\xa3\xbf\
.DT\xed\xae\x02H\x1dC\x13\x22$\x19\x02\x90\x8c\
\x95B\x9d\x0ah\xfe\xafc\xd2\xaa A\x13\xbe\xba\xa6\
\xa4}fV\xaf\x82\x09\xeb\x0d\x1f\x97\xaa\x01\xbf\xce\xb7\
\xb9H\xf9[M\xfeR&V8g\xde\x06\x0e\x80\xec\
\x11\x1c\x7f\x0e`=\x1a\x0c\xbc\x89\xd5\xdb\xd5F\xaa\x0a\
\xb2M\xe6\xa3&\x95\xbb\xb3.`od\xe1\x82B\xb2\
5\xa9T\xaa\xa4k\x9d\xb7Qf\xaf_\xfa\x9e\x82G\
\xf6\x8aBRe\xcf4\x93\xfb\x13\xb3\x97\x94\x96\x1e\xd2\
x)]1\xef\x1a\xe7\xdb\xcc\xfd\xa5<8\x0c\x13\x14\
\xfdC-\x9fv\xaa\xee\xf4\xd7\xfd9Q\x9d[\x13\xa4\
\x98\xea\x11\xe4\x11m\xc9\xeb\x0e\xf9~?\xacb\xec\x9a\
\xfa\x08\xb7\x18\xdey_\x88\xcaN?=~\xa6\x80`\
\xcd\x11\xaf\xbb\xf8\xe4K[P\x05\x05\x7f\xa7+\x85\x03\
[\xb7!D\xa0\xd2\x04\x85\x1a-\xed\xc91\x98\x09\x01\
\xb3\xf7j\xbb\xca\x8b\x0e\xee\xb4x\xc5}\xa1K\xc5\xee\
q\x0d\x03\x82\x86\x06\x19\xec\xbdt\x135s1\xb6\x86\
\xc5\xb0\xc4\xb0X`\xb1\x5cb\xb9\x5c\x9aeB\x80>\
MX_\x9c\xe1\xe1\xc3\x0fqz\xfa\x01>\xb8\xf7.\
NO\x1f\xe0\xe2\xe2\x14\xfb\x9f\xe6\x13\xd0\x0b_x\x12\
\xfe\xfb$\x98\x81K\xcf\x5c\x8a(\xb9\xb4&\x1f\xbf\xac\
\xab\xeb~\x5c\x1c;\x84\xa7\xfbm\xbb\x14\xe6r\xc5\xa7\
*\xd7\x97\xea\x7f\x1c\xe9\xe9PC\x1f)\xad]\xd3\xd8\
x\x86\x92\xf5\xfe\xb3\x07\x0a\xbev\xe0\xfc\xe6\xe3\x0a\x0b\
\x97\x06\xf6\xd2\xfbe\xb1]QN\xd6]\x98\xe8\x1e\xe0\
\xdf\xbcq\x13/~\xf4\xa3x\xfe\xf9\x8f\xe0\xc5\x17?\
\x8a\xa7\x9f~\x1a7n\xdf\xc1\xb0Xb\xdc\xed\xb0\xdd\
l\xb0^_8\xd8o\x1d\xecw\xd8\x8d\x13\xa6q\x84\
\xea\x84>u\xf4\xc9@|rSz\x9f\xba\x99\xf7\xbb\
Bu\x0a3'T\xdd\xa4\xaffz\x87\xce\x00>A\
4\x19\xb3\xf1\x04>\x97=\xb6w\xea\xf2 0H\x19\
\x9f\x8a\x0cV\x0e-\x1e3\xe6\xd3\xe1\xa6wg\xfc\x0a\
\xa0\xf7\x00\x03\x9a\xdd\xc9\x90\xd3\x15P\xe6C\xf9\xbc\x97\
[Y\xa4\xf7%@S\xe1;K\xf8D\x82~\x9aC\
{\xf4#\xc1U\xe2Y\x99\x11\x95\x86\x0b\x80\x96\x06)\
\xfde\xab8\x1a\x0d\x06VT\x91\x18S\x10\x9f\xaeQ\
\x16i{\xb6\xed\xacX\x05\x14\xe6\x8a\x89q\x88\xa17\
\x97\x0e\xc7\x9bO\xb3\x1f3\xb1Z\xb2\xccxBd\x0e\
*u.i\x9d)pB0\x08\x90\xa2\x86^*\xe9\
n\x01!\xe8&\x08\xa7\xd6\xbb/\x98\x10\xd4\xc3*%\
\x1a\x1a6[\xd65Ys\x80-\xdc\x12P\xbek\xcc\
\x9b\xa4\x85\x81\x9a\xb5f\xfd\x1d\xdd\xc7]\xd0E\xc18\
\x17\x8e\x9bQ\x87\x93)\x85N\x0a\x5c\x14thj\x09\
W\x01\xc1Ub\x8d\xb1\x8f\xf1W\x0a\x85\x88\x02\xdd\xcb\
\xa1 +\xc81\xad\xcb\xaa\xe2w)\xb3\x027\xa7\xd9\
\xca\xa8\xf2\xc1\x5c`b\x01\x14:fV/\xa4`\x90\
\x1a~\xc6\x00\xb5F\xf0w\xd7W\x1b\x8cv[\xb3\xb8\
\x97ap\xd7\x82\xfd],\x16X,VX\xad\x8e\xb0\
\x5c\xae0\x0c\x0bH\x13l\xb7[\x5c\x9c?\xc0\xfd\xfb\
\xef\xe3\x83\x0f\xde\xc6\xfd\x0f\xde\xc5\xf9\xd9\x83\x19m\xd0\
\xa2\xd8\x8br\xf2\xa8\xcf_M\x008\xfc~}\xf0I\
\xb4\xed'\x11\x00\xf6\xb9\xe9U\xe0\xbf\xdf\xb6\xf9\xea\xbb\
\xfc\xdc\xbe@\x01\xa0\xea8\x87\x1b\xb7_\xd1\xfe\xbd\xab\
\x1a\xf8\xa8\xc6\x1cj\xf4U\xe5\xf3B\xd5\xa4f\xe5\xcf\
&\xa3\xf84Y\xce\x81\xc9:\xd4\xceC\xf7\xae{.\
\xebw-\xbfW\x0d\x088::\xc6G^|\x11\xaf\
\xbe\xf6q\xbc\xf8\xe2G\xf1\xdc\xf3/\xe0\xe8\xe8\x08\xaa\
\xc0f\xb3\xc1z\xbd\xc1z\xbdvs\x99i\xf6}\x9a\
\xc2\x9c?\x8e#F\x07\xff\xdd8\xa2\xf7)\x82\xe8\xb4\
\xab\x99\xfa=\xb8+\xac\x00\xaa\x80v\xd7\xfaQ\x00\x1e\
\x06\x10 3\xae`\x9dL\x8e\xe3ie\x1a+\xa3`\
\xb0?_d\x93i\x82\x1a\x10\x08\xd6\x8d\xb5V\xffc\
\x04\xdfq\x96\x8a\x89\x9c\xd7\xd2\xc7\x9d\xb3aZ\xb4\xf9\
Z[iG\xe3\xc4\x93\x82\xc9sQ|\xdb=\xb5(\
\xb0~\xb7\x10\x048G\x1f\xd4\xcd\xf3\xcd\x00\xdb\xebW\
\xa8?\xa7\x94kf\x22\x82\x00\x1e\xac\xa7\x11\xf0\xa7.\
|4i.\xd4\xdaK\x0d-i\xd9\xc7I\xaa\x80\xa4\
:\x13$BJA\x0a\x08\x14p\xd8}\x8e\x07e\x8c\
\xba\x85V\x1c\x008\xaf1\x7fJ\xa0\x91\xb8\x07\x98\x1f\
\x9f\xe6\xd8\x99I\xbc\x03]\xd4\x83*\xd5\x84A\xa9\xc1\
]\x1a3\xc7U\x10\x1e\x84 3\x0d3\xbf\x16\xf0\x0f\
\xd9H\xe7B\x0b\x04\x98|\x1ez\x163{\x8f\x9dL\
\x1d[(O\x05c(\xcb ,\x16\x11\xb4\x18\x0c\xb0\
\x98\xf6%F\x1eZ\xc6\x22\xfb\xe4\xf13el\xc1q\
 e\xc8\x1e\x13\xf7\xc1O\x0e\x91\x22\x1a\xa9^\xd9\xed\
\x0at\xc5z\x18\xc2\x0c\xa7\x00\xea\x9e\x98,;\xdb\xee\
B[\x11TB\x88\x15\xf8z\xe2X\xb8\x0b\xa0\xacw\
\x9a?\x18\x86\xaa\xa4A\x91X;\x02\xf1\xa0Wwk\
Q hbA\x89\xfe\xdb\xac\x02\x03dh\x18<\x10\
Y\x86\xc1bf\x86%V\xcb\x15V\xabc\xacV+\
\x0c\x8b\x05z\xdf\xe2\xfc\xec\x01>\xf8\xe0m\xbc\xf7\xde\
\x1b\xf8\xf0\xde{\xd8l.b\x9c\xe9.\x81^\x8eW\
\xaa\x9f\x8a\x0bW\x01-\xf6\xae_\x85U\x97\xca.\xf7\
\xae\x02\xe8G]\xbb\xaa^=\xf0{\xbf\xeeC\xe5?\
\xce\xef\xfd\xb6^+\x14=\x09H>\xaa\xf2\xfa\xd9\x1f\
\x84\xc7\x99\x9c}\x13\xecu\x12\xd8u\xe5\xf2\xea\xa1v\
^\xd7\x87K\xed#\xe8k2\x13\x00x\xea\xee]\xbc\
\xfa\xf1O\xe0\x95W^\xc3\xf3/\xbc\x88[\xb7oa\
\xea\xc0v\xb3\xc1\xc5\xfa\x02\xeb\x8bs\x8b\xa0\x1d\xcd'\
?\x8dc\x9a\xf4\xa7)\xafS\x10\x98\xba\xf9\xf3\xfbh\
\x9a?\xdc\xac\x8f4\xe7\x07s\xd3\x1e\x16\x94\xde\x190\
%\x10\xe9\xa0{?\x83n\xaa\xa0$\xd1\xe9\xf0C\x8b\
\x80Q\xf3\xc4\xd7`\xd2\xe4#\x92 \x95c\x94\xe3\x1b\
\x82Ap\xb6\xfc\x1d\x1az\x91\xd0\xa49\xd3\x9ai\xc4\
\xfe\xb7j\xdb\xe4\xae(\xe5\xc5\xbc\x94\xf9Q\x80\xd1\xf1\
l\xa7\xc2\x03\xf7*\xb3+\x16\x83\xaamC\x0d\xf0\x08\
ZM5\xc6\x04\xce`\xc5A\xbdj\xef\x80\xa2\xa9\xbd\
\xd7\x90\x01i\x8d\xe0\x17m\xca\xa5\xce\xbeq\xec\x0e\xad\
\x1b\xf6\xb3\x06\xffd\x8c\x82\x83A\xf4\x8d\xc3\xeas8\
\xb3`\x08R8#3\xa5\x19<\x90\xbf\x8c\x18-C\
\xa4\x91\x90]B3\x0b\xa0u\x9f{\x00\xf9\x1e\xe8I\
c`\x9f\xa4F^\xb5N\x02\xac\xff\xaf\xb3,\x17Z\
\xd3\x07_\x18\xbc\xa4K!\x82\x12\xcb_6\x98\xda;\
\xc7\x85\xb7\xaa\xd9~6D(\xdf5\xeb0\xf2\xd3\xe8\
CU>\xd4\x89 \x84\x10\xa4\x15\xa1\x0a\x22\xfct\x02\
\xb872b\x16\xfcz\xb8+\xcaz\xe9\xb1\x08\xe7\xfd\
C\xf4;\x01?\xc6^\x11\xeb\x88c9{\xb1\x08(\
B:\x80\x83\xbc$_\x00)W\xd2ZP\xb7\x02J\
3\xe1\xc1v\x13\xb9\xf5\x00f\xce\x976@Z\xc3 \
\x02\x19\x16\x10\x11\x0cm\xe1q\x05\x03\x86\xc5\x02\xc3\xb0\
\xc0ry\x84\xe3\xe3c\x1c\xad\x8e\xd1\x16\x82\xdd\xee\x02\
\xf7\xde\x7f\x07o\xbf\xf5\x0d\xbc\xf7\xde\x1bX_\x9c\xe7\
\x9a\x08?\xcd\xdcu\xfc(\xfe\xaeW<\xb3\xff\xb9F\
\xbe\x98\xd5\xf58\x02\xc0\xac}U89`%\xba\x16\
\x1b\xeb\xbb\xd7\xf4\xe1\xaa~\xed\x8f\xd3\xa5>^\x07\xfc\
\x87>{\xed\xbf\xfa\xb9+\x1awm\x83\x1c7\xaa \
`Z\xcf\x0c\xbe\x0e\x0a\x10\xd7\x01\xf8\xacMQ\xe6\xfc\
\x85C\x13\xd8Z\xbb\x0c\xfaO=\x85\xef\xf8\xf4g\xf1\
\xa9\xef\xf8\x0c\x9ey\xf69\xb4a\x81\xb3\xb3\x0b\x9c\x9f\
\x9e\xe2\xfc\xe2\x02\xbb\xdd\x16\xd3\xb8\xc58N\x18G\x03\
\xffi\x9c\x1c\xf8GL\x93k\xecn\xca\x0f\xff~\xf8\
\xf6\x19\xbd\xaf\xae\xf1;\xc1;G\xe94\xe7\x06\xca+\
\xb4\xd3\x10Z5\xeddhd\xb8\x0c\x02L_*\x17\
\xb6\xf78\x1cF\xa9Q\x04`\x17\x0dp\x0e\xcas\x13\
)\x08\xdc&\x15\xf8\x98\xb6\xa8c\x06\x85E\x13we\
\xd8\x01Q\x22\xd0\xdb\x9esS{6/l\x9d\x82\x9c\
\xf36\xdb$\x9b\xe6|\xd5\x1a\x1f\xe0\xed\xf7G[p\
LZ,\xa8\xd9S\xe0P/;\x99|\x83z[\x9d\
y\x17\x0b\x02\xdb/\xd1W2Y\xd7\xf4e\xbf\xad\x9c\
,\x0d\xcb\x02X\xb6\xbf\xdb\xa25\x19\x14\x19\xeb\xc1\x01\
\xab.\x1c\x82O\xean\x04\xc3\xb0kDy\xb5\xdd\x0a\
@Z+\xa6~\xbfV\xcb-o\xf0wg\xddj\xdf\
I\x9f\xf4\xff\xab\xd3V\xc4\x17\x88\x09\x05\x1c\xcf\xee\xb4\
\x0bu\x17@a\x89\xdd\xebi\xe2;\x02`f{\x8d\
\xf6\x94\xfe\x10\xac\x0b\xf7\x89\xb5\xab\x00\x1ab\x8d0\x0e\
\xc1\x1f\xf2uAb\xca\xb1\xaa\xe5\xd9R\xe4\xba\xf0\xeb\
!\x85&\xf8\xaa[\xb0L\x00\xcf\xf6\xa5\x1bD\xfc\xf9\
\x02\xde\x05\xd4j\x9f\xac\x0c\xbe\x9fn6\xf6\xa3\x9a\xf6\
m\x08\xf7\x02\xee\x82_\x0b|{\x0d\x80V\x84\xbc\xba\
\x1e$\xae\xd9\x9a\xf7q.\x96\x92\xa4\x16\x84vn\x7f\
$\xd7\x83\xf8.\x03\xc0\xb7#\xbb5\xa1\x0dh\x83\x05\
\x16R\x00X\x0c\x0b\xb4a@kK\xacV+\x1c\x1d\
\x1d\xe3\xf8\xf8\x04\xc3b\x81\xdd\xf6\x02\xf7\xee\xbd\x8d\xb7\
\xde\xfe\x06\xde{\xe7\xdba\x190\xb2i\xa8;\x9bb\
\xbe\xa3\x8d\xf3\xcf>\xc0^\x85\x13\xd7\xe1G}f\xbf\
\xbe\xeb\xca\xa8\x0a\xedU\xd8\xf5(l|\x1c\x9c~\xd4\
3O$\x00\x5c9@O \x91\x5cW\xf6\xfe\xf5G\
&.x\xccv]7\x90\x87\xda{\x890\xdc\xec5\
\x95\xc8\xd5[\xb7o\xe3\xd5W?\x86\xcf~\xee\xf3x\
\xf1\xc5\x97\xb1<:\xc6\xf9\xc5\x05\x1e|\xf8!\xce\xce\
\xce\xb0\xdbn\xcd\xb4?\x8ea\xc27\x13\xbf\x03\xfe4\
a\x9c&\xdb3L\x93}O\x9f=\x03\xf7\xd2\x84i\
\x0c\xb5\x83Ae=\xb5 w\x7f\x13\x8cg\xaa\x8f:\
.\xda&v[\xc0u\xf1\x86\x06\xc6\x8e\xe7,\x15\x99\
\xa0\x98\x16\x0b\xbb'\x98\x87\xb6\xc0vr\xf4\x1cD\xf3\
\x0d\xd0\x9c>\x13\x0c\x88*d\xf3>i\xa2\xf3\xf9\x88\
\xfd\xf4\xf1\x1e\x9bl\x92B\x04\x0c\xb2\x07\xe4\xbe\xb3\xf7\
\xe6\x8bO \x01\xe8\x22\x05\x84\xa1h\xe0X9F\x85\
\xf0\xe2%*\x9f\x93\xa2\x9d{\x9dE\x8b\x13(\xa4\x9b\
\x85\xa3\xf63Z*\xf9]bn4\x04\x96\xda\x8bh\
\x87\x94^\xd1\xea#ti\x94\xb9\xd2\xf9:\xca\xf2\xb4\
\x8c\x22\x02,\xf3\x87:\xe0\xcdGo&\xec\x8b\x06H\
;!\xa4\x96\xed\x94\x92\xc1~\x08\x1f=\x1cX\xbb2\
\x96\xc2\x85\x01\xc9\xb9\xe6\xbbF\x0b\x1e\x0c\x163\xc3>\
\xe5\xef4u7\x8f\x1b\xc88\x0dup\xe4|q$\
\x94uK\x89_\xe0X\xa9B\xdb\xdc!E\xd2\xa6h\
\x1d\xe0^\xc64\x17\x0d\xdc\xcd\xa1\xf9.J\x9cM\xbc\
A\x81As|\xd9Ge\x99\xec[\x11B\x14\x05\xa4\
5\x04\xab(W\xe7t\xa0\x22\xb9\xbd\x95\xfb\xfb\xdc\x82\
\x11\xe2`\x082\xf3uG:\xa8\x16\xa7}\x01`F\
\xc3e\x1c\xabu\x80O\xb4F\xcb\x81\xe7Ppk\xea\
\xd0\x06\xb4a\xc0bX`\x18\x06\xb4\xc5\x02\xcb\x85\xc5\
\x0a\x0c\xc3\x02\xc3b\x89\xe5\xd11\x8e\x8eN\xb0X,\
0\xee\xd6x\xf7\xddo\xe1\x8do\xff\x05\xde\x7f\xef\xcd\
\xa4q\xdf\x96\x1bn\x9eB\x83\x87\xf8|\xbd\xf0$\x02\
\xc0\xa3\x14\xdf\xeb\xde{\x14\xf8\x1f*\xffq\x05\x80\xab\
0\xed`\x1d\xfb\xef\x1f\x02\xc7\xfd\x1b\x97\x1aq@\x00\
\xe0\xe7*A\xe0P\x83\x83h\xf8\xcc\x9e9\xb3\x16v\
\xe8\xf2\xa5\xa6\x0a\xaa\x12t\xe9\xfeU\xef\xb2\x8d4\xf3\
s\xcb\xcar\xb9\xc4k\x1f\xff\x04>\xf3\xd9\xcf\xe1\xa3\
/\xbf\x8a\xc5\xf2\x08\x9b\xf5\x16\x0f\x1f>\xc0\xf9\xf99\
\xb6\xdb-v\xdb\x0d\xb6\x9b\x8d}w\xd3~\x1fG\x8c\
\xd3\x84q\xea\x80N\x98&E\xefL\x16\x92\xd1\xf0Z\
\x04\x0cU\x02|\xd5\x04\x92\x99\xc4\x98\x11P\x8aY\x18\
\x10he\xbd\xfb\x83%\x04c\xc4\xbd0\x81\x07\xb3\xf1\
k\xfe\x9b\xfaz\xf8\x7f9Ve\x15\x89\xeeS\x86\xef\
\x08HN\x12\xf4\x12&p\x05\xe6\xd6\x002\x17\xb6M\
\xc2\xac-\xf1\x9b\x8b\x88Zu\xe9\x07\x01\xd5w\x1aH\
\xa1\x01n\x09\x84*\xf3\xb2\x14_;\x88y\x98\xb1}\
\xd7\x04\x9b\xa6\xe0\x12mua!B\xc6\x84\x96\x80\xf4\
\xd3\xb2\x0cA\xd9\xaa\x8ej1AZ1b\x1e|\x1c\
\x9c\xa9r\xc8\x1b\x05\x15\xb8\xa0\xe2\xb1c3!9\x04\
 \x0d:\xe1<\x912\x00\x84O7tY\x07\xcb\xce\
y\x8c\xb9w\xe6]\xee\x11\x93S\x91\xb6\x0e\x10\x90\x03\
D\x91\xee\xa6NX\x0b:usw\x99\xbb\xe8E\x80\
\x9c\xb8\x89\x1c\xa1\xf1jKa!\xcc\xfeHpf\x9f\
\x08\xf44\x9d\x13\xf0\xa5\xbc\x07\x17B\xe0\xef\xceW\x19\
\xb5\xfd@6\x7f.\xd7\x04fBH\x15 \x0a\xe8\x16\
N3\xf9\xf79\x83Nk\x19s\x03\x84\x85\x91\x83,\
1K^\x97\x04\x0d\xd5\x88n\xd69\x8b\x95*V;\
)\xcc0\x84\x1f2J^\x14\xd2D\xae\xa3b\x97\x08\
z\xb9\xc47\xe9\xde\xf2\xe7f\x16@_\xcb\xa6|\x94\
DV\x1cZw\x174\xeeDh\x96|LZ\x0b\x8b\
\xc0b\xb5\xc20,\xb1\xf0\xe0\xc1\xc5b\x81\xe3\xa3\x13\
\x9c\xdc\xb8\x89a\xb1\xc0\xe9\xc3\xf7\xf1\xedo\xfe9\xbe\
\xf5\xad\xaf`\xbd>\x8b\x09\xb6\xf1\xec\x07\xc1r_\x08\
x\x1c\xf0\xbf\x0e<\x1f\x85'\xf5\xf7\xfe\xb5k\x05\x81\
'h\xc3~\x1d\xfbu\xed?w\xad\x103\x07\xc3,\
\xe5:\x01\xe0`9\x95\xbe0\x1f\xf4\xeb\x1a\xc8\xf2\xaf\
\x1b\x9cG\xbds\xd5\xb3\xd7\xd5\xbf\x9f`\xe1\xee\xdd\xbb\
\xf8\xdc\xe7\xbe\x13\x9f\xf9\xecw\xe2\xe9g\x9f\xc3v;\
\xe2\xc3\xfb\x1f\xe0\xe1\x83Sl6kl7\x1bl6\
[\xec\xb6[\xec\xc6\x1d\xc6\xdd\x88\xddn\xe7\xe6\xfc\x0e\
\xf5=\xf8SO`\xa7\xa9\x8a\xc9M\xa2\xa5\x9d\x8c\x80\
c\x1a^Xo\xa8\xff\xae\x0c\xdd_\xcde\x1a\x17J\
t\xb2/`-\x8c\x98\x80\x8f\xd4,c\xae\x09$e\
\xce\x93\x06\xc8m\xe7\x0c\x8dRw\x93\x86\xb0D\xb8\xe6\
\x11\x19\x02!\xa5\x1c\x13\x12<\xc7\x9e\x01\x1b$\x05!\
\x02 \x08\xa6\xe9F\x087\x85k%\xa1I\x22\xef\xfb\
\x00{\x19\xe92\xa8\xf3O\x0b\xc0\xdc*`\xdb\xfab\
\xdc\x09\xe40\xad\x92fy{\xce\x0a\x15E\x08:\x0d\
\xb4*\x10\xf8%\xe62,\x02\xbeo\x9dZ)@+\
\x82\x16\x1a\x0c\x88\xf0)\xa3\xe0P\x0d\xda\x9c\xfez-\
AJB\xcb\xe6\x22\xc4\x0c\xc0\xca\xcc%}P\xf3\x0f\
\xf34\xcbL\x7f\xb7i\xc1\xdd\x05\x84\xac/\x04\x00\xc0\
\xe6Q\x12\x84\x99!0\x9d\x16\xe9\x1e\x00P\xb4j\xfa\
\xc1\x13\x84\xc3\xb0 F1\xf4\xf5\x1b\xc8\xa7I<\xb4\
iZ\xce\x08\x02\xb0g(\x1et5\x8b\x0c\x85\x07\xb0\
\x1c\x00\xf4\xc1\x13\xc8C\x18\x0a\x98\x17\xa4k\xcd\xeb\x0e\
\x1eg\xcf\xf7=No\xed\xa4\xb0R\xc7\x9e\xdfC$\
\x0e\xc1/\xb6\xf2\xc6\xd8J\x11hYgr\x879H\
\xa7\x06\x1e\x16\x03\xef\x83\xc4X\xf9X\xc7{$\x10\xff\
\x1d\xc2\x85\x8f\xa9d\xf9\xc9`I3\xbeNB\xe0B\
\x82\x83\x97\x9b\xeb -\x02a\xedC\xf2]\xa9\x01\x84\
C\xf3|\x03\x16+\xb0\x5cX\x86\xd3a\xb1\xc4ba\
V\x81\xd5\xf2\x18'7n\xe2\xf8\xe4\x04\xbb\xdd\x06\xef\
\xbc\xfd\x0d|\xe3k\x7f\x82{\xf7\xdef\x13!h\xa1\
l\xcd[u\xf5g\xdfr\xf6(\xcc!\xd3\xfe\xcb\x08\
\x05\x07\xbf\xef\xe1&i\xf2Q\x98vU\x1f\xf7\xeb)\
M\xbe\xba\xc1\x87\x00\xbb\xfe\xbenP\xa2\x8c\xd2\x91\xfd\
\xc6^UF\xd4{@\xb8\xb8\xdc\xc6X\x15\x97\xda\xfe\
\xa86\xd6\xb2\xf6\xfd\xfb/\xbf\xfc\x0a>\xff]\xdf\x8d\
\x8f\x7f\xe2u\xacV\xc78;?\xc7\xd9\xe9)..\
\xce\xb1\xden\xb0>_c\xbd^c\xb7\xdb`\xbb\x1d\
1\x8d;\x8b\xda\xf7\x00\xbe)\x22\xf6\xc3\xeb\x89L\xb6\
#q-z\x11\xdb\x94\x0a\xb8*\x19O1\xbf\x05\xc0\
\x900\x0c\x90\x0f\x99\xff9\x08\xa6\x8b\x1b\xf0\x90\x90\xe8\
;\xc8\xb9H\x93\xdd\xac\x1c\xbe\xa7\x094\xe66H\xd6\
\x91\x1a\xf7\xdc\xb2\x00E\x89\x1aF\xec\xcfg\xa5\x14V\
\xe8k'\xe3\xcb=\xff\x1a\x96\x18B\x87(\x7f#P\
`_s\xaf\xfb\xfb)^\x88\x8f\x01\xed\x0d\x82B\x87\
\x02\x88\xba0\x12\xa6N\xa5\x85\xd8\x1e\xf1\xbaZ0\xde\
\x16\xed\xe3\xb6D\x01c\x08\x10\xc0\xdb\x08\xb8\x9aL0\
\xea\x0e&[\x80\xbc\xf4\x15\xeco}\x96\x02NhX\
I\xf8dD\xa9\xd9\x17\xa1\x81\x82\xad\x8fO\xcap\xd6\
rn\xdb\xe3\xa8\xa4\x06L0\x01\x98\xf4H\xe3\x89\x14\
nf\xdb\xf7\xbc\x22\x8du\x99\xfes+\xa0\xc4,\xc0\
\xdd\x03\x04\x08\xd2\xecL\xcb\x96\xd0\xd2\xf3\xbbO\xbf\xf7\
7-\x0f\x1c8\xf1DB\x09\xe8@\x02p\x00z\x11\
&j\x1b\x02\xacQ\xca\xe7\xf7\xb8\x86\xd9\xf34\x8fL\
ee\x97\x95\xea\xab)\xe1\x9a\xedd`#\x89\x994\
\xdc\x830\xbcN\xa75\x08\xe32lmv\x04\x1b(\
+ZK\xdb\x0a\xb0\x17KZ$\xe3V>;\x87\x09\
\xf2\xd6l\x1a]$\xe0\xa2Kk\x8f\xf7E<\xa5x\
\xd0a\x89m\x99\x09\x08\x1c\x19\xd6\xa9.\x041X\xb8\
\xc4\x0a\x0c\x0c \x1cL\x18h\x8b\x05V\xcb%\x16\x8b\
\x95\x0b\x04\x1e<xt\x03'7oc\x18\x80{\xf7\
\xde\xc4\xd7\xbf\xf6Gx\xeb\x8d\xaf\x87\x15\xd7\xf8Xu\
\x96\x5c\xfd\xe1\x12\xbb\x0aG.\x01\xea\x9e\x00\xb0\x0f\xe6\
)<?9n^\x0b\xee\xc5jx\xe8s\xad\x00p\
\xa8-O\x02\xee\x8f\xf5\xce^-O\x02\xccW\x99(\
.5\xfc\xc0\x83\xfb\x03r\xa8>\x81\x11\x85I\xc9\xf6\
\xc4k\xaf}\x02\xdf\xfb7\xbf\x0f\x1f{\xed\x13\x98\xc6\
\x09\x1f\xde\xff\x10\xa7g\xa7\xd8m6\xd8\xee\xb6\xd8\xac\
7\xb6\x8doc{\xf5\xa7\x9d\x9b\xf8\xc7\x9d\xed\xd3\xef\
S\xa4\x03\xb5\x8a\xd3\x88\x96M\xcdE\x94\x92&Wk\
\x87:\xe06\xb2\x0b\xad\xc0\x9b\x0c\x98\x02\x02\xbd\xeb)\
\xa1\xd3\x8c\x08\x08r+Z\xa4 \x05|\xef\xbd7\xc8\
Me\xb1m-\x18b\x01U\xa4e\xc24\x912\x0b\
$\xd2\x08\x18\xf4\xde\xa8\x03\xb3\xe4B\x8f\xc07MP\
\x8egUc\x91\xda\xdc\xf8;\x22\x0e\xac\xf9N\xfe\xda\
\x03;a\xbd\x08\x9a \x90\x0bRPi\x11t\x06\xf8\
&l7\xe7g\xd9\xf4\x8b\xb6h_\x19\x13\xb1\xed\x82\
\x8d\xaf\xa8b(\x0c\xae9\x03\xa4@\x80\x00\xd89m\
f\xdb\xcaH+\x81\x80\x0b\xbb\xc5wI\x151\x80>\
F\xc1\xeb\xd8c\xe1\x01 \xd59D\x06\x8dx\xafj\
\xfc\xb9\x07]\x02\xf8\x10\xffe[\xcd\xec\xcc\xe7\x13\xe8\
+\xe4@\x153\x7f\xb8\x83\x10\xc1JX\x17A\x17\xc5\
\xed\xe0\xf4\x1d\x99\x00\xbd\x8e.\xb5L\x82v\x05\xe7\x0a\
\xf4\xb8\xd4/\x02\x7f\x9d\xed\xee\x93\x91\x16\x00\x8d\xfb\xdc\
\x1e\xd9\x1d\xa0\x04{\xa0\x0d\x14M=\xeb\xa3\xa5\x82+\
e.\x16H\xae)\xc9\xf1\xa4\xd9\x9a\xe6\xfc\x8eb\x8d\
\xf2uS\xb5{\x03s\x0ap%\x81o\xa9\xd8\x02%\
\xb3\x01U\xabd'9&\xb3{\x15\xc1\xcasR\xe6\
3z\xe3<\x81\xae\xa2\x1a\xe0XD\xd2\x0c\xe6M\xd6\
\x11kL\x95k\x1e\x85g\xd8\x18\x99U\xc0\xb7\x18\x0e\
\x03\x16\x8b%Z[`\xb1\x18\xb0X\xac0,\x97X\
.VX,\x8f\xb0Z\x99U\xe0\xe8\xe8\x08\x0f\x1f\xbc\
\x87\xaf\x7f\xed\x8f\xf1\xado\xfd\x05\xfa\xb4\xf3\xeed\xc0\
\xe0\xfe\xe7\x10\x90^\x07\xa2\x87\xee\xed\x97\xa3{\xcf\x1f\
\x02\xdeG]\xbb\xea>\xe7\xec\xd0\xe7/S\xe6\xa5\x86\
?\xce\xe7I\x84\x86C\xcf>\xa9\xd0q\x9d?*\x9e\
y\x84\x04\xb7\xaf\xf1\xbf\xfe\x89O\xe2{\xbe\xf7\x0bx\
\xf9\xd5\x8fa\xbb\xd9\xe1\xfe\x83\xfb8;?\xc5v\xbd\
\xc1z\xb3\xc6v\xb3\xc5v\xb7\xc3v\xbb\xf1\xac|\xb6\
G\x9f\x91\xfb\x96\xdf\xde\x0f/a\xf6\x0d\xcd\xfe\xa5O\
\xb0\xac\xb6\x96\xb3\xe7<\xdd\xdbj\xec&4\x922\xc3\
\x12\x9d2\x22\x9e\x09\xd5\xd2\x22e\xae\x95C\xd3'\x10\
\x07\x89\xc0\x84\x020\x01J\x13\xdf/\x9f\x8c\x8f\xe0E\
\xed\xd1\x16}D\x0f\x15\xb0\xcavK\x19e\x05\xa3\xe4\
\x13\x5c\xec\x86k\xb8e\x15\xf0\xcc\x15Z\x12\x99\xc2\xd6\
\xe60\xf5\x99\xea\x837M\x9e\xe3\xe4\x99\xf84\xcb\x9f\
I\xc4\xbc\xd6{l[k\x01\x9c\x12}\xac\xcf\x1b\x93\
r\xa6\xdb\x8bV\x1e\xf3\xd9\xdcb\xd3C\xa0aV\xc0\
\xaa\xbd\xdb\xef\xdc\x02(\x15\x0d\xa4\x8cG<\x9b\x82\x0b\
M\xeb\xc21B\x8e1\x85\xb0\x9c\xa3\x1ck\x80ZT\
q\x8f\xc4\xc89M\xd8\x0c\xd9\xfb\xaaP\x89\xfd\x06\x01\
\x9aQ\x16\xdbF\xa0\xf2\xba\xa8u\x02\x8a\xeeU+\xcc\
5 ECM-\xbeZ\x14\xe0@Z\x002\xca/\
@\xee\xe5v\x82\xab\xd7\xab\x0a\xa0e\xdb\xb4\xd4\x03\xa3\
ltJUJK\x85\xd5\xc7]\x04\xe1\x0e\x10\x9a\xc5\
%\xdc\x00\x14\xca\xa7\x98\x07\x9a\xd2\xb3\x0d\x00<\xde\x83\
`\xce\xd1\xbd,\x00\xa8\xce\xcb\xad\x19\x0c#\xf0\x8eB\
\x8e\xa4\xab\x82\xff\xccB\xd3\x83\xa9\xd1\xb5\x81\xa8\x8bD\
\xd5\xa0L\x8a\xe5c\xc6\xd2\x8c&Z\xc4\x92T~H\
\xb3~\x98\xfeQoJ\x08g\xc1\xcf(\x00\x94\xc9\xb3\
\xfe\xe5\xc2\xa6\xa5\x12\xb5\xaf>\x9e\x91\xc3#\xfah\x16\
\xd0X\xed\x14\xfc\xb9\x22\x84\xeb5\xd3\x12\xcb`q\x03\
\x19$h\x07\x9b-\x16K\x0c\xcb\x15\x96\x0b\xb3\x10\xdc\
\xbcq\x0b\xc7'7p~\xfe\x00\xdf\xfc\xe6\x9f\xe0\x1b\
_\xfbc\x8c\xe3.\xc7O\xe7#\xb8/\x00\xec\x03\xfe\
\xfe\xb5\xeb0\xeb*\x81\xe1\xafU\x00\xb8\xa6\x0d\xd7\xe2\
\xe3#\xee?\xf6\xe7\xbaF^'1=v\xf9^\xc8\
\xa5\xce\x134\x8a\xe9oV_\xf91k\x93k\xc14\
\x0b}\xfc\xe3\x9f\xc0\x17\xbe\xf0\xfdx\xe9\xa3/\xe3\xfc\
\xfc\x02\x0f\x1f>\xc0z\xbd\xc6z\xb3\xc6f\xb3\xc6\xfa\
b\x8d\xedf\x8d\xedn\x8c\xa8\xfe\x91f~\xdf\x9bo\
'\xc8\xcd\x17V\xc0=5?A\x98s#\xe9Hy\
>e\xe4*(HP\x0c\xb7Q\xe5\x22,\x8b2D\
A@\xd1#\xb1\x07\x0d\x0d\x01\xe8\xac\xac\x1e\x9e2+\
O\x8b\x86\x89\xd9\x22\xe1x3\x80\xcend\x0fx\xc0\
\x08Y!e\x9b\xd4f\xc9\xa2\x08F99d\xc9m\
\xd6\x1ec \x01\xdae\x12\xc3\x97\x1e\xbf\xd3\xe4?\x03\
~\xe4oQ\xdb:F\xads\x9e\x8b\x00\x11\xc4\xd8f\
+4\xdd\x00\xb4\x00Xs\x82\xb3\x87p0@R\x88\
\x01\xd3\x037\x17\x84|.)4`\x7f\x1e\xa5$\x1b\
\xca\x84B\xa4\x86\xd9\xf7j\xae%\xc3U\x8eA\xd5\xe2\
\x89\xda\x98kd\xaa\xa9q\x96u\x03I\xe6_\x013\
\x8dUs\x81\xa0Z\x8ex]a\xdaf/\xe3:\x07\
\x1a\xba\xa0t\x0e\x84\x04\xb6=\xa0\x95j\x05\xf0:\xb8\
\xd1\xcbv\x12\x989\xbc\x96\xc5\xef\x91\xda\x1aE\xf8`\
;\x82\xfc\xb3\x5c\xc2Q\xa74\x22R\x5c\x18\x08!\x00\
`b\xa2\x04\xe0\x8e\x9e\xe3F\x00\xac\x16\x08Z\x1db\
\x1c\xf2\x9e\xb5'WDu\xa3H\xf4\xd7\x9f/V.\
U\xc4<\xd6\xf8\x81\xb2\xe8\xad\xed$J/\xbb\x90L\
~\x82\x97Z!\xfb\xae\x14\x01\x85\xcebu\xd0lS\
PQ\xb1\x18\x02\x08K\xa0\x91\x0b\xdb\x19\x90\xef\xf3\x85\
\xb0\xf8p\xfdj)$\xd6*\xa2 \xa7-w\x05z\
\xa2\xa164,\x16K\xdbE\xe0Y\x07\x17\x8b\x15\x96\
\xcb%\x96\xabc\xdc\xbcy\x1b\xb7\xee\xdc\xc1\xf9\xd9\x87\
\xf8\xf3?\xfb=|\xeb\x1b\x7f\x86i\x1a\xc3E\x89\xbd\
9\xda\x1b\x9ek\xef\xa1\xdc?\x08\xd4)\xef\x1c\xc4H\
\x1cz\xe7\xafP\xee!a\xe5\xaa\xb6\xeb\xa1+O\x22\
\x19<jp\xf6\x1b\xb5\xdf\xf9\xeb~\xef\xbf'\xe5o\
\x5c+\x0b\xfdP\xfd\xb5\xce\xd6Z\x00\xff\xcb/\xbf\x8c\
\x1f\xf8\xc1\x1f\xc6+\xaf\xbc\x8a\x07\x0fO\xf1\xc1\xbd\x0f\
,\xa8o\xbb\xc5z\xbd\xc6fm\xdf\xb7\xbb-F\x07\
\xff\xd1\x8f\xfa\xcc(\xfe4l\x928{\xefq,\xac\
1\x82\x04\x1cJ\xda\x5c\x00\xd1\xa72\x8bf\xf6c\xdb\
i\xa1\x90\xf2N\x05\xbe4O\xda\xff[\xbeS\x18\x04\
x\xd4h\x19\xbc\xd2B@\xdd\xc8<\xc7\xe5\x00.\x16\
\x03%\xb0{{\x0aXG\xd6=q8\xd0\x04,x\
\xec\x01\xa0\xbe\xd5\x0e\xf1\xfe!\x8d\xbdA\xcc2\xa1=\
N\xf5S \xdc\x00\x8dL(\xd8\xb71\x03\x9e\xbc\xc7\
\xf7r\xeb^\x0a[L\x04$~\xf8\x89\x14\x8d\xa9\x01\
q\xf2\xa0Y&\xd8\xc7\xb4\x00\x082\x96\xc1\xc0:5\
\x15Q3\xf97\xa1\xc9\xb6AJ\xac\x05Y{\xd3d\
\xa8u.\x9ax\x03\xbc\x97\x14X\xc8\xa0\x22w\x01\xb1\
\x9dc\x17`ccC\x93\xba8\x90\xcd\xacL\x85\xd9\
\xf3*iP]\xb8\xd1J\x03\xde\xe7\x1e\xd2\xa3Dz\
\xd9X\x8f\x92\xa6jj\xfb\xd6\x804\xf7g\xef\x8bE\
@\x00\xdb\xba\x07\xa0{\x90\xa0\x0b\x08h\x92\x89\x80`\
\x9a{\xb8\x0aj\xe0\x1d<\xe3\x05\xad\x03^Uw\x84\
\xec\xfb`\xe7\x9f\xdcf\x08T+\x05\x5c\xe8@\x94\x93\
\xc0Fw\x04\x85\x15 ]%\x14\xeag\xdf\x8b\x96\xae\
\x0e\xa2!L{\x9f\x02\xdc\xb9\x86\x951\x11(\xef\xd6\
i\xf42i\xb9(u\xc4Y\x02\xf9z\xee\xb6\xf0W\
%\x94\x0a\xe7$\x9c\xeb\xe0\x0bE\xc0L\xaa\x89\x81e\
\xdb\xab\x90\x106\x95=\xe9\xc2\x8c0\xf3\xb1\xa8T\x17\
\x96\x87\xd2\x87\xc6\xf9Du\xd1I\xf0\x22-\x85\x8b\xf7\
Ga\xc7\x98\x0f\xc3\x00\xf1\x9d\x03\x83\x07\x0c.\x97+\
,\x97GX\xae\x8e\xb1Z\x1d\xe1\xe6\xcd[\xb8q\xf3\
6\xee?|\x0f\x7f\xf6G\xbf\x8d7\xdf\xf8\xaa\x17g\
\xae\xc7\xabp\xe4\x7fS\x01\xa0\xdc\x7f\xa2r\xaf\xb8\x7f\
\x9d\x00p\xf0\x9dC/<\xaedr\xdd\xb5\xeb\x84\x08\
9pm\x8f4\xaem\xf4\xe3\x08\x0f\xfcTs\xff\xdd\
\xdbw\xf0C?\xfc#\xf8\xdc\xe7>\x8f\xcdv\x87w\
\xde}\x0f\xa7\xd4\xfa\xd7\x17X\xaf7n\xe6\xb7\xfd\xfb\
i\xe6\xef\x96\x8a\x17\x1a\x02G\xdd\x86U\xb5\x8cdu\
\x08\xa2\xa5\xd4\x1a\xed\xd5\xc2L(\x14\xd4\x05\x13\x0b\xb1\
\x0c\x8espq0\xcduU@U$\x5c\x10\xf4u\
q+\x9f\x06%\x12\xb4t\xc6\xf0\xb9\xd0s\xedK\xf4\
1\xb6\xce\xcd\xfa@\x86feE<\x7f<\xcf\xef\xd4\
\x8e\x13\x88h\xa1I\x135\x05\x08\x96\xd5<0\xcf\xdb\
\x01\x80g\xbeqW\x00\xdb\x0f\xedq\xd0\x0e\xcd\xd2L\
\x1b\x0c\x1fSvr(\x8c\x9a\xfb\xfe\xc9~\x22@\x90\
\x96\x07\x170\xa8D\x0d \xe8\xa76#\x92)\x8a\xa3\
-\x11\xa8\xc8\xf6\xba\x1b\xa0\xf3\xb0\xa4\xb9\xf9\x1b\x92\xee\
\x01\xd1Ls<\x03\xd9\x98\xe5\xb4\xe6T:\xa0E \
\xca\x0d\xe0*\xf3E\x10\xe5\xbc\xfb\xfcV\xbf\xf8\x8c\x82\
C+K\xe0MR,\x16\x04\xc1\x0c\xd8i\xce\xb6\x93\
\xf7L\xd8\xd2\x9e\x82@\x1c\xf0\xc3u\x1e\xda\xb0\xeb\x87\
\x8a\xd4\xd2\xfd\x1eAY\x01L|_\x98,\xc9\x81\xb8\
y<\x8f\x97A\xed\xb9\xfa\xeb\x09\xa8,\x1b,;\x86\
IaAv\x14\x10R(Q\x94v!\x81^\xf3\xcd\
\x14z4\xbf'\x98\xe7\xd1@\xea\xe0]\xc7=\x04\x05\
\xbffr{\x0b\x81 \xad\x9d\x9c\xa8\xb4\x83\xf5H\x04\
\x96u\x86\xa0\xc7\xef\xb4\xc6\xd58\x87\x19\xf3O\xe1b\
Fy\x05\x9d\x92s\xcc\xadJ|\xb4Zd\x9b\x0b6\
\xc2\xba\x9c&\xf7y\x0e])3\xdeB\xa5Bd\xd6\
\x942K\xc1C\xd4\x9fo\xd2\x00?\xdax\xf0S\x0b\
\x07\x17\x02V\xabc,\xfd\x1c\x82\xd5\xea\x187o\xdf\
\xc1\xcd\x9b7\xf0\xf6[_\xc3\x1f\xfe\xe7\xdf\xc0\x83\xfb\
\xf7\xbc\xdey|\xc0\xe3\x00\xebUX\xb9\xff\xfe\xa1\xdf\
\xd7\xd5q\xa8\xae\xd9{\x07\x04\x87\xeb\xea9T\xd7c\
\x0b\x00\xf1L\x99`\x1cx6\xac5\xd7\xa1\xff\x81\x86\
\xcc\xea\xbaF\xab\x7f\xb2\xf2L2\xec\xbdch\x03\xbe\
\xef\x8b_\xc4\xf7\x7f\xff\x0fb\xb1X\xe2\xfd{\xf7p\
z\xfa\x10\xe7\x17\xe7x\xf8\xf0\x14\xe7g\xe7\x9e\x97\x7f\
\xc4v\xb7\xc34u\x8c\x93\xe5\xdf\x87\x9a?0\xd9G\
2F\xd5\x0cbJm\xcd\xcfy\x87\xa0\xe6\xc4\x07\x92\
\x11\x91\x19\x01\xae\x91F\xc3)\x14\x84n\x9fu\xd2\x97\
\xec\xcf\x88\x90yI\xec\x0c(\xad\x08\xe6\xb0gV@\
%\x0djx\xf3\xb1c=~E\x90m\xdc\x1bs\xbe\
\x98\x02>{\x9e\xed\x08M\xdf\x83\xed\xb2\x0e@\xdc\xb5\
\x192G\xbc\xe3\xa0/\xec\x135\xe4\x14\x94\xd8\xbe\x99\
\xa6\xaf\x8aA\x98\xcf\x9f\x00a=\x1cP\x04\x96\x00X\
j\x17\xfc\xee'\x13z\x9b\xc5\x8f\x02nbn\x08\x8e\
,\xcd\xf4\x1c\x83\x10\x00(|\x88@|\x0b$\x19\xa0\
\xb9\x17X\x88\xd5\xdb\xc25\x90c\xca\xd47\xac\x81\xc1\
\x89\x0a1W\x03\xc7\xa82V \xef\x08 \xa1-\xd9\
N\x84z&\x00\x91\xa1\x9a\xb1\xf7\xc1\x80[\x1cy\xaa\
a<\x07\xd2\x8b \xb7\xd69\xc8+\x82nCC\x17\
\x13\x99(\xa8h\x9c\xf2\xd6\xfdd?c\xfe5\xb8\x8d\
\xd1\xef\x22\x82\x09\x8a\xde\xb3\xbc\xee\xed\x0aS\xbf\xce\x85\
\x88\x0a\xa2\xf1\xaf\xf8\xb1s\xe3mu\x1bx\xd9E`\
\x8a\xbe\xaa`\x92\xce\xac\x16\xd0\xbd\xf7\x82\xf2D\xa3m\
(m\x82\x8fm\xa4\xf0\x95yR\xa3\x9c5-\xdf\xcb\
\xe1F\x92B\x0d\x05aZ,b\x1e\xe2\x7f(\xda\xfb\
\xbe\x12\xe5\xd4J\x9a\x89\xebs\xa0 \x98R\x09\x11W\
\x9e\xf8\x90m\xfd\xd4\x18o\x90/\x86\xa5\x93|\xc7y\
HEi\xa4[\xc5\x17X\xf2\x1f\xf2OM\xd0\xaf\x02\
rU4T\x93\xcb\xd5u\xc7\xd8\x08\xc6m\x0c\x9eK\
\x80.\x81\xe5\xc2r\x0a\x1c\x1d\xdd\xc0ju\x84\xd5\xf1\
\x09\xee\xde}\x1aCk\xf8\xeaW~\x0f\x7f\xf2\xc7\xff\
\x11\xbb\xed6,\x12\xb1N\x8a\xe2\x12cT\xc6\xedI\
\x80\xf8\x90\xb0 \xe5K-\xe7\xaag/\x01\xf8c\xfe\
6\xfa\xd1\xa8c&\x00<\x0al\xaf\x93r\xf6\x1f\xac\
\xc0\xf0X ^&\xff\xaa\xf6<\x8eDS\x7fWs\
\xff\xc7>\xf6\x1a~\xec\xc7~\x12\xcf\xbf\xf0\x02>\xf8\
\xe0\x03<\xb8o\x1a\xff\xe9\xd9)\xce\xcfNq~\xb1\
\xb6\xbd\xfc\xbb]\xe6\xe4w\x8b\x81\x9a*\x00\xae\x9f\x8e\
\xf4\x13\xf78\x0c<\x8c`\x01\xda\x5c\x1c\xd1?2\x19\
\x00\xd4X\xd38\xac\xf9\xac\x02!5s\xe1\xcc\xb4\x08\
\x02\x93\x9b\x87%\xaa\x00\x9f\xa0\xdb!\xad\x13\x12 \x9b\
\xc4\xe3\x12A\x8c\xb9\xdf\xf5E\x09\x00\xb1\xdd\xcf-\x08\
\x01R\x12\xcb-L\xe4\xd6\xd4\xaa\x89\x93=\xe5\xa7\x95\
\xfa\x1a\xbb-\x1aQ\xf6u\x0ei\xc2\x17\xd0\xcf\xcew\
\x1d|%\xdb\xcc@<\xd2]s\xb68ks\x94;\
w\xa5D\x14\xbf\x03%\x80\x12\x0f`\xe3>@Pc\
\x04\xa8\xfd\xf8p\xb9\xd6>o;\x14ha\xce\xb7:\
\xf3\xd0\xa0\x18\xea2\xde\x1aeE\xb9\xc89\xcb\xe0O\
\x07\x81P\xef|\xce\xcb\x18\xd3\xbc\xce\xb2\x08DBB\
$\x03v&j\x9a\xe8\xfe\xb6P\x89\xffR\xb3\x87\xd3\
[\xbc\x8e\x04\x5c&@\x22\xb3\x0f0\xf4i\xabfz\
R\x1f\x9b\x17\xee\x03\x02 \xa3\xf1\xe1{\xea5\x8f\x01\
f\x9d\x93&81\xc06w\x22\xb8\x10@!\xc1\xdb\
\xd2k\x9fI\x07z\xd9E1\xedq\xfaj\x91\xa0\xb0\
39\xc8\xd3\xda\x11m\x93\x80>oC\x9a\xc6{\xb4\
\xc9f\x8a\x81\x92\xe1\xbb\x97\xf9\xb9\x94\x1c3N\x84\xb5\
#\x16N\xd0\x83\x91Cn\x1b\xac\x96\x99\xee\xb4BA\
\x22W\xa5\xf5\xbf\x1e\xcd\x1c[A\x0f \x1aG\x87\x02\
F\xd2E\xc8\x1b\x10\xe4<\xcf\xd4\x90\xe2\xb2!\xa0\xb6\
\x18K\x01\xf6jb\xf5\xec\x9ez\xffB1t\xd7V\
+\xe5\xb1\xbf\x9c\x13\xa8\xa2\x0d\x83\x0b\x04v\x1a!\x93\
\x08\x99%\xc0R\x0c/\x96G\xb8q\xe36\xee>\xf5\
4\xce\xce?\xc4\x1f\xfc\xfe\xff\x0fo}\xfb+^\xde\
\xe5\xdd\x02\xb5\xb5\x07\xb1\xed\x00P=\x12\x98K\xb9\x97\
\x04\x03N\xf75\xef^\xf5\xd9W\xa4\xe5\xaa\xb2\xae\x93\
R\xae\x93X\xf4\x8a\xdfW]\xab\xf7\xae*{\xff\x99\
C\x9fjf\xda\x7f\x07\x80\xe5/\xef\x1d\xc7\xc7\xc7\xf8\
\xc1\x1f\xfa\x11|\xd7w\x7f/\xb6\x9b\x0d>\xb8w\x0f\
\x17\xe7\xe78;?\xc3\xc5\xf99..\xd6Xo.\
\xb0\xd9\xecf\xb9\xf9#\xb0\xc9\x01\x87\x9aNj\x19z\
\xa9q\xe4\xc7%T\xda\x07\x9b\xcb@\xfd\xb2\xa0:Q\
\xab4\x96\x8b\x8e\xccCCc\xa3t\x9b`0\xf7\xe9\
\x07\xa0DC\xf2cAY\x1a\x8c:\x9e\x9b\x99\x13\x1d\
\x1b\x08\xe0ef\x22\xeb\x9dH\x8c\x8d{\xdeP\x1es\
P76@\x80\xac'\xeeI\xbc7_H\xad0\x05\
\xf1\xd2\x11\xbfu&@\x11<i&\x0f\xb7\xc0\xac\xdd\
\xc8\xfc\xfcZ\xca\x14\x0d\xc1\x09\x92m#\xa25o\x0b\
\xd5e\xbe\xd7|nD\x90\xdf\x0b\x15\x0b\xf6\xda\xa3\xdd\
\xca\xe2\x13\x1eK`\xef\xa6\xa6d\xfd`\x19\x14\xb6|\
\xae\xd4\xfa>\xcb\xfb\x1f\x9aI\xc2\xb3J\xd2\x0c\x05$\
\xb6\x89\xd3\xcc\xca\xc2\xf6\x22\xf9|0\x80\x98U\x9a\x8a\
$\xda@\xe07\xe6\x8b\x99\x10\x10\xc9|\xbc\x9ej~\
\x86\xd3\x03\x05\x123EW\x93\xbai\xf8\xeam\xa2\xcf\
\x9f\xd1\xde\xbcN\xa0QI\x8bWW#\xb80\xcd\xfb\
0t\xcc-\x03\x09\xdcsS~\xd8\xc6\xbdF\x1e\xec\
\x13\xd9\xfe|~{);\xda\x84R&A\xdd\xe9K\
\xbd\x5c\xce\x8bR\xeb\xdf\xb3X\xa8\xb7\x9f<\x22\xf8D\
\x1d;\xa7Su\xc1\x86\xf5\x13!+\x98\xc7VI\x9f\
\x97\x98W\xa1O\x1da\x08\xcc%_\xf8\xa8k\xcd\xe1\
\xf2\xe2\x5c\x16~bK#\x99Ne\x1f\xe2B\x89J\
\xb6/\x06\xcd?QT.\xba\x88c\x08\x9e\xb6\xc7\x13\
Y\x8a\x09\x0b$\xdeT\xb4\xb2\xcdR\xaar>#\xe4\
gbV\xc16`X\x0cX\x0e\x0b\xb4a\x89\xd5\xd1\
\x11\x8e\x8eN\xb0<\xba\x81\xa3\xa3\x13\xdc\xba}\x07\xc7\
'7\xf0\xe6\xb7\xff\x14\x7f\xf8\x9f\x7f\x1d\x17\xe7\xa7`\
\xfa\xf4\x8c\x07\x0aR\xcfv\xee\x01\xedu\x9f\xda'9\
tq\xef\xbe^\xbe\xfd\xf8\xe5\x1fh\xd7\xfc~\xae\xe3\
Y\x83j\xa5s(\xa9o\xea\xa5\x86>\xc9\xa7\x96{\
\x95\x00p\xd5\xbd:\xfa\xf5\xb9\xaa\xf5\x7f\xf2\xf5O\xe1\
\x87\x7f\xf4\xc7q\xf3\xd6m\xdc{\xff\x1e\xce\xceN\xb1\
Y\x9f\xe3\xfc\xec\x02g\x17g\xd8\xac=e\xefn\x87\
\xdd\xce\xb2\xf5\xd9\x01<f\xf2\x8d\x08[\xadDh\xf5\
%\x8bLf@\x90\x83o\xa9\xe2n<#ZFJ\
'\xf8p\xe4c\x8c\xb5\x8ev\xca\xea\xa9\xca\x81+\xb0\
\x8c\x81\x81\x05\x1b\x98\x16\x81\xf2\x0c\xe0\xa6\x8a\x1c\xd9X\
B{\x02\x04\xa4\xe6\xc3\xcfO\x9b\xfd\xd2\xa2\xb167\
a\x03\xda3N\x00(f\xefR#\x99P\x9b\xcd>\
\xb7\xd2\x89\x03p\xf5c'\x00\xa6\xc1:\xaf\x1b\xaf)\
\xda\xb9\xd3\x05\xf7\xe3\x13:\xd3\x5c\xaf\xb3\xf7Q\xca$\
X70\x980\xafS`\xaa;\x04bk\x9e\x9bD\
\xc5\x81\x7fh\x1e\x5c\xa8)\xe8\xe4\xa1>6F\xb1\x15\
\xd2\x85\x0a\xfeN:\xc89\x8c\xdc\x04\xe2\xbd\xd8[w\
s\xabSZ&\x10\xfd\xbd\xcc\xac+\x10\x93\x5c8\x96\
\x91\xe1/F=\xe7=\x0f\xa1)At\x9ck\xafC\
\x198\x1aZ\xb9i\xef\xd6 \x89\xa3\xaa\x0d\x9c\xd3\x12\
\xd0\xe9\x06\x00c\x08\x04\xd2\xec\xd9\xc9\x85\xbb\x9ak\x80\
\xdb\xf9B0)\x00\x0fX\x9c\x00a5\x92\xc1z\xbb\
\x0d\xdc\x5c\xd8\x11\x89\xf6T\x01?2\x18\xb2m\x85#\
\xf2\x10\x22Z\xf18[\x99\xd0\xc8\xc7.\xd6\xa2DL\
A\xdd6\x18\x16\x0f\x8e/\xe7\xa6\xce\x1b\xe7\xc5\x07>\
x\x8e\xb3\x05\x0d^\x91B\x0c\xaf\xcf3\x12\xa6\xa0P\
\xe76z\xe5\xc2Hw\xcb\x0a\x0f\x0aKU\x5c\xa3\xbd\
!\xf0\xd9\x02\x98\xc5\x9b\xc4\x0e\x0eo\x83\x81z\x15\x08\
8\x15\xce74-\x99\xf5p\xac Z\xdf\xbe\xc8\xf9\
\xab;!B\x10\xa7\x95\xa7\xd6A!\xa9\xd4o;\x06\
<\xbb`\x1b,>`eB\xc0\xea\xf8\xc4\x8f%>\
\xc6\xed\xbbOA\xfb\x0e\x7f\xfc\x87\xbf\x81o|\xed\x8f\
\xbd\xb8\xec\xc3>&\x1d\xc2\xaa\xfd>_\xc2\xd8\xb2\xf6\
\x82\xd5\x97\xf9x\xd4\xe7\xaa\xe7.\xe1\xf6\xe5\xa1?\x5c\
\xc6\xb5\x80[\x0b\xbe\xa6\xc0\xeb>\xfb\xe5\x1f\xea\xc0!\
ac\xd6\xc0\x0atd\xe6\xbc\xed\xe0\xbfZ\xad\xf0#\
?\xfa\x13\xf8\xfcw}\x0f\xee\xdf\xbf\x8f\xfb\x1f\xdc\xc3\
z\xb3\xc1\xd9\xd9)\xd6\x17\xa6\xf5o6\x1e\xe4\xe7&\
\xff\xa9O\x08\xed&f\xc2u2\xd7\xaaf\xe6\xa00\
\xa9&\xc3\x89\xbc\xe3\x02\xa8g\x95\x0br\xd9S!\xec\
\xd1\x22F\xd4\xfb\x16Y\x97L\xddA4\x02\x81\x22\x08\
\x90\xf7H\xfc\xc8l\x1a\xb1\xb8|\x99\x0b3\xdcq\xe1\
\x13\xc4\x83\x8b\xcc\xb6\x0a\xe6\x16\x9f\x22\xe8\xf86D\x12\
mk)\x02\x11\xcc,\x9f\xb7\x06\xa0PK\xa1\xab\xa0\
5\x1f\xa22\x8f\x00\xb5f\x03\xc7\xd4\xb6%\xcaa\xba\
\xde\x14\x00\x1cX\x09\xc6\xde\xe5\xc6\xf1\xe1\x9c\xb1n\xa1\
\xe0\xc1z\xabk\xc2\xeaO\xcbBs\xf0\xee\xc1p\xe3\
\x84\xc0\x18\x0f\x0d\x1f{\x83')Q\xb7.\x14K\x84\
@K\x02#\x7f?\xfc\xfe9\xb6!\xc4\xa8\x7f\xf7g\
\x15y\xb4p\x18u\xf8\xeel\xf1X{\x22\xe1KY\
\x17\x1ae:p\xf8\xf3\xd4(\xb9}\xb3\x10\xe6l\x9d\
Sk$\xcc\x90\xd9\xf6J\xb3\x04/piTK\x80\
\x84\x19\x9e\x00H@\xa6v\xad\x92\x01\x81\x5c\xd5\x91\xe8\
\xc7\x05\x15\x06\x14ve\xd9\x0d]|\xcb\xa1\x03\x08\x85\
\x0b\x02\x1d\xcd\xf4\xa8\xf57\xa6\xd7\xa2\xc0\xc35\x9c.\
\x08\xb6#\xda#\xe9\x93\x0f\x0b\x88\xe6\x04\xd2\x020\x8b\
S@=\x00\x09\xc5\x02P\xc7\x9f\xf5Y\xfd\x8c4\x88\
\xba\x84k\x84e'\x13\x8c\xfa\xd4x\x13\x13%!\xc6\
\xc1\xc6(,D!\xf0\xe5=N\x1f\x01\xbd\xb6%\x00\
\x1a\xe9*\xa9\x96\xc5\x9ac\x80\xeb+y5\x19\x14\x8a\
\xcb\x824Y\xea\x9e\x9b\x10\x5c\x86\x90(\x22]\x98^\
_\xb5\x80Q\x18\x90TO\xf2\xe9j\x9f\xf3_.x\
5\xf1\x7f\xc3\xe0\x89\x84\x98R\xf8\x08\xcb\xa3\x13\x1c\xb9\
 pr\xe3\x16n\xde\xbc\x85\xb7\xde\xfc\x0a\xfe\xf3\xef\
\xfe2\xb6\xdb5\x9a\xb4\x0c\xb6dWQ\xfa}\xc5\xe7\
Q`\xfd$\xef<\xce\xa7\x0c\xf9\x0c+\xaf\xad\xe3\xa0\
\x14sM%\x87\xc0\xfb`'%\x89\xebQ\x8d \x83\
9$9\xd57*q\xd4H\xd4W^~\x05?\xf6\
\x13?\x85\xa7\x9e~\x0e\xef\xbc\xfb\x8e\x05\xf9y\xfa\xde\
\x8b\xf5\x85e\xf1\xdbn\xfd8\xde\x09]\x99\xa7\x9f\x80\
@\xaeW$Jg\xa0Au$+\xb6s\x8f\x11k\
)G\x83R\xf7\xbb\xa5Y\x8f/\xa4\x9a]+\x81[\
f\xdb\xebXW\xfd\xcdvF\xb4\xac\x9b\x1e\xb4\xcd\xb3\
\x09\xa2\xb4\xcb\xd6\x03\x17\xb6\xb3\xbe\x0a\xb8\xa5\x1f\x22\x80\
t-[s\x0a\x80\x95\x89\xcb}\xfa\xb9\xa7\x1dE;\
\x17H\x06\xc1\xb9H\x13\xd6\x81\x00\x7f\x17\x084\xfd\x95\
\xf3\xfd\xf96\xf6M\xb3-\x8c\x86g\xcc@&\x0c\xca\
^\xe7\xd1\xbd\xc0P\xda3K:\x04f\xfc\xa3I\x1f\
Y\x86\xd6X\x01@\xa4G\xf0^\x9c\x06(\xd5\xd2@\
A)S\x04\xdb\x99\x08e\xec]\xc0\x14\x17\x0aj\x1e\
\x85\xb0z0\x984$\x9f\xd2\x86\xa0\xcb\xd2\xb0\xe8\xb7\
\xbb\xadb\x01;\xeb-L\x9c\x9a6\xb5<\xab'\xdb\
a@\xd7\x1d\x85\x12\xb8\xe8\xc3\x17\x02!fT\x8f0\
I\x93\x8a\x84\xa6}\xfbTM\x9f\xfb\xe9S@p\x10\
\x12\x04`\xa9}u\xad\xdbj\x89\x98\x01\x82/\x9fS\
D\xbd\xe2\xcfM\x040\x0a\x11\x5c\x9b\xbe\x88\x98dH\
\xd0\x5c\xd3\xcf\xd1T\x17\xaa\x08\x1e.\x16\x06Hr\x11\
d_\x15\xaa-\xb3\x0a\xa2ZJ\xb2\x0c\xce\x8f\x13I\
\x94\xc9Qdb%\xf1\xb5\x12V\x8e\x0a\x8e\xc8>c\
\x8f\xc7\xf2ZX\x07\xfc}\xb3Z\xb4\x183F\xe3\x07\
\xc8\xcf9q\xa1\x87l\xab\xdf\x882\xad\xaaBC\xfe\
:5\xfa\x19\xf7\x09vX\x95\x10\xa4\xdbQH?\x85\
\xd5\x82\x02V,\xbe\x02\xee\x9c\x87\x14\x10\xd8\x9ej\x81\
H\xbe)\xc1'\xf9\xdd\x02\x05\x97\x18\x16\x03\x16\xcb\x15\
VG'f\x118:\xc1ry\x84;O=\x8bq\
\xbc\xc0\xef\xff\xce\xbf\xc7{\xef|+\xd6\xdc!\x17\xf4\
u\x9fG\x01\xfa\xfe\xfdC\xbfqU\x19\x95\x17#\x05\
\x9fC\x18\x9d\x16*@DD\xaf\x8b\x08}\x92\x06^\
\xf5\x0e[Nm\xf2\xaf\xb3|\x9a\xfc\x05\x82/}\xe9\
\x07\xf0\xfd?\xf0C8\xbdX\xe3\xde{\xef\xe1\xe2\xfc\
\x1c\x0f\xcfNq~v\x16\x99\xfc\xc6\xdd\x0e\xe3d[\
\xfal/\xbf\x1f\xca\x83\xdccM\x9f\x1d\x17T\x9a\xbb\
\x0a\x8a\x00.y\x96@\xba\xb9\xdc\x12\x0c3\xd9\x22\xfd\
\x85\xe2\x0b{6J\xf1\x8c1\x87\xba\x105\x16W,\
\xf1\xca\x01\x9ca\xd2\x9c_\x09\x85~9\x82\xae\x00\xbe\
\xb5\x06\x01\xda\xc4\x04\xe2+c\x14\xaa\x06L\x96J\x8b\
\x83D^\x01\x06\xce\x11\xa4%\xda0s\x1b\xb8\xa4.\
\xd0RG\x0f\xb3?%\xff|OC+\x16T!\xc2\
\xff\xb9\xd02x`\xd3\xa0\x146\xc88\xfc=g5\
P)\xfb\xff5-\x08\xde\xbc\xa1@\x17\xeb\x13A^\
\xd3\x14R\xd8\x1f\x0a\x15\xdc.\xc8\xd4\xc2\xf1\xbe3\xa4\
V\x16'\xc7\x12\xde\x87&IB\xd6\x1e\xf5\x16 \x18\
X5w\xce\xac4Iv\xc1x%9j\x01)>\
\x9bL\x9dd\x91\xf1\x05\x9c#{\xa6\xab\x0b\x8e\xaeE\
CaF$\x08\x98\x03\x82\xb3N\x8d\x18\xde\xb7\x00\x01\
uw\x82\x08\xba\xe4\x1e~\xc6\xd4\x929W`V\x1f\
\x18\xd3\xf2\xad\xf9\x09\xf4\xf0x\x01+\xaf\x06\xb8\x02\x1a\
\xfb\xfdC\x88\xd0\x06x\xf4>\x5c\xc8\xa0\x16\xde}\xa7\
\x02\xa4h\xfd!|H\xf6\x0d\xd5\x1a q\xbf\x9a\xee\
\x19\x04H\x01~r\x8bM\xf4\x07\x0cN,\x00\xed\xf7\
8\x9f\xfd\x80@B\x82\x09\x81\xa5.n\xc9\xbd\xf2\xb4\
*\xcc\x5c\x09\xa4\x0fIW\x87\x09De\xc4\xaa6\xef\
e\x92?\x05\xa0\x84p$\xc9\xe6\xc8\x92\xd8\xfe\x99e\
@\xe3\x1eJ\x99\xd0\x04\xe5\xe0&\xc2~\xa5\x00A\xf7\
D\xb4\xcd\x8f\xd1N7\x81f@!\x89\x9f+F\xd9\
\xa7\xcb\xca\x5c4\xa7\xb4\x89\xbb\x83Dl\xcb\xa04\xc1\
0,\xb1Zz\xee\x80\xa3\x1b8::\xc6b\xb9\xc2\
\xed;O\xe3\xe6\xcd\x9b\xf8\xca\x9f\xff.\xfe\xe4\x8f~\
\xcb\xad\xa1Wo\x17\xbc\xf4\xf1\x9bR.]z\xf6\x9a\
\x02\xea\xad\xaaH\xce\xae\xef}\xdf\xaf\xe7P\xf1\x8b\x19\
b\xed=x\xad\xc4\xf1\x88F\xfeu=\x7f\xdd3\xad\
\x0d\xe8}\xc2\x8d\x1b7\xf0w\xbf\xfc3\xf8\xf8\xeb\xaf\
\xe3\x9d\xb7\xde\xc1\x83\x07\x0fpv~\x8a\xd3\xd3\x87\x16\
\xe4wq\x81\x1d\xb3\xf8\x95Cz\x12A=1n\x05\
\xd9^\x99)\x99\x95\x9b\xd1\x1d\x85\xc8\x88\x03\x9a\xb4;\
\xe3E\x94\xcb\x12\xa9\xc9\xa30\x17\xd3\xbe\x99\xde\x93\x0c\
9\x01\xc2\x88\x13\x11\xb5C\xf3\x9c\x94\xe9%\xc34@\
Kf^X\xbf\xffW\x10\xbe9.\x9e\xc2\xc4\xc8\xb6\
\x13\xfc\xbd\x85\x85\xc9\xc6Y\xf5\xbe\xf0\x18\xc5kAm\
BE1*g\x00\xa3\xeb\xb9\x08mX\x08~-\x18\
\x0d\xc1\x96\xda4\x5c8\xb1\xe6\x95D:j\xfe}\x1a\
;\x80n\x11\xfal\xa5H\xec\xc9W\xbf\x87\x00\xe6\xd4\
\xbfjj];\xea7\x85\xa8\x81L$\xc05\xd7\x02\
w\x00Xr\x22\x96\xe1\xe0\xef\xbf\x86\x02\xd6\xf06\xd7\
8\x81Y\xd0b\x80\xbc\x97_\xea\x0aa\xa4,xZ\
7 Z\x9eKnm\xe5\x95\x12\x08&\xc1\xd4Y[\
RR\xdd\xfe\xc7\xd8\x0e\xa6g\xce\xef\xae\x09\xfb\xfd\x90\
\x01\xc4S\xff\x06\xedQ\xecRg\xd6I\x8b\xcd\x81\xb2\
\xc1\xb6\xd5\xb1O=\xc6<\xf3\x11P\x13\xa4\x16\x1f\x87\
\xfa(\xfc\x88`\xcd\xe0@Uhs\x9b\x92\xda|\xd2\
\xa2\xd0\xd5\x13#\x09i\xc7b\x03\x18\x832Ack\
']\x131\x1e\xd5M\x13\xe5\xd9\x18MHw\x98\xf1\
\x8d\x5ci\x8c\x0bH\x8dT\xf6F\xdc?\x9a\x90\x1d\xef\
\xa0Z\xa42\xa8\xafZ\x08)HPxS\x17\xa4\xc9\
,,\x91\x15\x85\xa1\xe0N1\x0fi1 \xdd$\x7f\
\x08\xf3\xbb50\xc6\xc0\xe1\x9e\x0d\xb7g\x8a\x10\x06\xf6\
w\xd6W>\x9b\x5c\xdc\xe8\xa6\xa69C<\x1f}\x8a\
\xc7m\xb0\xd5\xa5:u^8\xdf\xad\x12\xf6\xae\xac\xa7\
Z\xb9\x8a\xa0@\xd1\x80\xc7\x8aShU5\x85\x90g\
\xa6h\xef\x16\x0c\xde;\xfa4b\xb9<\xc24M\xd8\
m7x\xfd;\xbe\x80\xa7\x9f}\x11\xbf\xf3[\xbf\x84\
\x8b\x8b\xd3\x99K\xe0*\x9c:\x84a\x07\x9f-\x02\xc2\
! \xcfq>P\x87\x1c\xbe~U\xfd3z8\xfc\
\xda\xe3}\xfe\xb2\x05\x5c%\x5c\x1c\xbc^h\x90\xd2\xa2\
%\xbb\xe9\xf8\xc8G^\xc4\xdf\xfd{?\x83\x9b\xb7n\
\xe3\x9d\xb7\xdf\xc6\xf9\xf99NO]\xeb\xbf\xb80\xcd\
\x7f\xeb[\xfb\xa6\x09L\x06D\xc2\xa2y}\x9eyo\
\xaf1\xb5AB\xb6\xac\x01\xdc$`\xa8\xa6_\xd4\xb5\
cc\x962\x1b'\xeb\x0b5yg\xcaUJ\xd5$\
g2h.\xce\x19A\xb8F\x1b\xed\xad\x96\x9cb?\
\x8b$\x1b\xfc\xcb\xc5\x13Z\xaeQOn\xd1\xb3\x11\x11\
\x0a<\xc5t\xc3y \x88\xb3\xd9\x1e\xf6h\x16\x01\x1f\
\xb0\xd6\xe8^`\x02\x1d\x04\xb0\x88\x07\x99\x89\x0ax\xc4\
\x80E\xed3\xc7~\x06\xe9\xb1^\x82c\x80\xb7\x8f]\
\xf3\x91\x1a\xc4\x16s\xc6\x07\x88o\x17t\xa6\xea\xcc\xbb\
eHXX3x<oc\xbaex0\xa2\xcf!\
]\x03\x5ci\x8c\xee\xa0[C\x84&}uk\x02\xd0\
\x98\xc4\x04\x14x4\xbf\xf3\x0b\x83\x1f\x95\xd2N2(\
\xe1<\x04] \x05\x1f\xf2n\x9f\xae\x9cn\x01\xb3>\
V\xe6JF\xc96Wr\xce\xedUA\x0aq\x939\
\x00\xd4\x05\x8b4\xf9\x03\x99}\x90\x82\x01\x8a\xdf\xde\x9f\
wo\xb6\xa2A\xfd\x98\x8a\xee\xeddf\xc1t\x01X\
\xf0a\x17\x05\xb4\x05(\xd3\xf2\xd4\x05\xa9IK\x06\xdf\
MZ\xd6\x98\xbfO`\xea.0(G\x92\xed\xa7\x96\
\xee@O\xad\xbbK\xb1<\x84\xd6-\xd1\x16ZC\xac\
\xaf\x0e(\x92\x89\x84\x22\xa01\x98\x96\xb7\x99V\x17\xcd\
\xc0\xbcjE\xd02\xb1=\xfa\xa31V1\xb5\x88I\
\x04\x14\x98\x94\x84Q)\x85\xfc\xc8\x89\x84M\x9e\xe5\x13\
\x00\x02i\xc5\xef)\x15\x8c\x96\xc0\xeb\x00jk7\xc7\
!\x85\xfe\x0c\x18u\xaa\x8f\xb1\xdb\x07\x07UEk-\
x\x8ca|%\xea\xda\xd6B\xa7\xc52\x15\xf6%!\
o\xa9\x5c\x95\xeb\x86\xf7\x0b\x7f\xcb7g\xbf\xeb:1\
\x92o\xb6[\xc0\xd3\x0a/\x17K,\x96+,\x8fN\
pr|\x13G\xc77\xf1\xd4\xd3\xcfBu\xc4\xef\xff\
\xde\x7f\xc0[\xdf\xfe\x8aY\xa1M\x12\x9d\xb5\x04\xa5\xdc\
\xeb0\xf2Q\x18Z-.\xd7\xbd\xb3/,\x5c\x0bc\
\xf8K\x0a\x00\xfb\x9d{\xa2\x97\xf7*\xae\x0d\x9a\xdd\xdb\
\x93f\x082F+N\x08\xaa\xf8\xd2\x97~\x08_\xf8\
\xe2\x97\xb0\xd9l\xf0\xfe{\xef\xe1\xe2\xe2\x1c\xa7gg\
8;7\xf0\xdf\xfa\xbe\xfe\xdd8\x9a\xc6\xaf\xe69$\
a\xb0\x0e\x9a\xcf\xc2\x8c\xcaE\x19\x84\x82jm\x8a6\
\xc6\x15g\x14M\x94F\x80\xd9\x83u1\xc4-2\xf9\
\xa0<\x14\xf0Ei\xa3\xce\xc6\xec\xd2\x98k\xfe\x95`\
2>N\xb27\xf9N\xa4\x02\x0f\xe0SV\x9d\x0d\x0e\
\xf3\xbc3\xbaz\x06}\xe9q\x08\x0f\xf4y\x13D\xc2\
\xd7^\xd65M\xdd\xeaZ\xf1\xac\x0e\xaf_$A\xd6\
\x22\xf9{\xd4C\x0d\xb4)\x83\xfcJ9\x5c\xc8]\xe7\
\xf5\xb5\x22dxG#5\xb0\xc2s\x15\xf8\x89\x83\xf0\
\xdd\x07\xb8\xec\x02\xc8\xb8\x06\x9a\xf8\x8b\x00\x85j\xb1\x10\
\xa4\xf6\xaea\x95\xb0\xb6\xb2\x1f\x19\xf7\xd0\x1c\xd4\xe8\x8f\
%\x1c\x04\x0dj\xba7\xe6i\x8f\xd3\x82S5\xc5&\
\x04\x8b\xf2\x09k\x8d\x0dLl\x04\x11\xfe\xf1\xfa\x94\x84\
\x94@\x03\xa4\x9f\x9d\x02\x00\x90\xa6x\xe5\x1b>W\xd4\
m#\x15/hN\xb6I\x9b\x9c\xb6\x99g?L\xe9\
Q\x9e\xdd\xe3>}\xd3\xf8\x1d\xb0\x1c\xdc\xb8N\xe92\
`T\xbc\x01:s\x09\xa0\xfc\xa3\xdb\xc1\xdd\x06\xa8\xa9\
\x82\xd3\xf4\x0e\xd7\x9eG\xa5\xd9^\xc3ZF\xf5 \x04\
\x01M\xc0f[\xedw\xd6\x1b\x81\x8d\xad\xba\x16\xec\xd3\
5 8\xc6[\xa1\x19\x98H\xf3\xb6\xd7\x15\x94AK\
\xa1d\xdf\xb2z\x8dzm\xa9J\x5c\xcb\xa5M\x11\x1d\
n\x05\xf4X\x0e_\x8b5\x8dq\xfd\xd4-\x7f\x22\xd4\
\xeb\x93\x0b\x99\x15\xc0\x08+b\x0bH\xad\xf1\x98\xf72\
\xd6}\xd2Xj\xeb\xa4?\xbddY\x08\xbf>\xcc=\
\x11\xac\xa3\xf27-\xf4\xb8\x87P\xf38\x99\xda\xfe\xc2\
\x1d\x85\xb3!`\xde\x80\xd6\x06,\x86\xc1\x93\x08\x1d\xe1\
\xf8\xf8&\x8e\x8fo\xe0\xe8\xe4\x04\xb7n=\x8d\xa7\x9e\
y\x16\x7f\xfa\xc7\xbf\x8e?\xf8\xbd_\x0be\xa7\xf2\xeb\
\xd9\xf0_\x1a\xd9\xc7\xc7\xcfC`\xbd\x07?\x97\x9e\xc3\
\xfe\xb3W\xd4\xb58T\xd9\xfe\xcb{Cue\xc3\x1f\
G8(x\x15S\xc1\xdfqo\xafC\x01T\x0eZ\
\xad5|\xf9\xef\xfd,\xbe\xe3\xb3\x9f\xc3\xdbo\xbe\x85\
\x87\x0f\x1f\xe0\xec\xec\x14ggg8?\xbf\x88|\xfe\
\xbb\xed\xce}\xfd\xce\x1a\x0aQQ\x93\xc8\xad.\x00\xb5\
\x95\xcb\xf6\x14om4Z\x0a\xddr!\x14\xc6\xe8\xff\
\x117\x0f5\xb4\x10\x12\x80\x9e\x1a\x06;+\x98\x99J\
\xad\xbc\x04\xc1Z\x97\xee\x8d\xac\x99\xad\xf8\x1c\xcd\xf8\xbe\
X5\xc7\x8f[\xcfb!\xf5z\xe0L\xda?\x9a\xec\
\x97\x9fDM\xa0\x06\xbf\xc73E\x83\xac`\xc5v{\
\x1f\xaa/\x1c\x9a\xacD\xdc\x84\x1c\xc9|\xd4\xb5\x0aI\
\xa0G\x05}\xef\xe7\xfe\xe9\x80\x04r\x825\x1cBh\
\xee\xb5\xc0A%\xcf,1\x01\x1e$\x08;X\xc6L\
\xf66o\x01\xbe\xac\xd3\xfbHS\xbe\x95\xe7\x09\x905\
\xb6u\xbb[\xc1\xeb\xf1\xf9\x14d\xfcD.\xe0>\xef\
GXzR_i~\x9d\xf4?\x04\xf7\xcb\xbc\x09p\
\xe6S5\x1a\xc3Z\x89{\x99\xd6\xb7N\xb1^Z\xac\
\xd4|\xedqg\xba@l\x0f\xac\x00\xab\x14D\x1c\x1c\
h-\xda_\xcf\xecM\x03\x5c\x03v\xca\xd3\x8c\x94\x97\
\xd0*\xcd\xf2\x12\x01yQ~i\x8fH\x04\xb7*\xdc\
\x94_\xeb\xf4\xf6\x86\xe9\x1e\x99S\xa2\xa3\xc5\xbex\x9e\
1\xa1\xaa\x18\x14\x11\xb3\x00\x11O7\x9cm\x85\xaf-\
\xae\xc1\x99A\x9c\x82A<M\x0d4\xdfUp7\x0f\
W]\xae\xa5}\x16S\xe7C\x00\xb3LHN\x17\xc1\
\x9c\x81\x98\xf0\xb5\x16\xfc\xc1\xc11\x8f\x08N\xde\x16'\
]j\xb6\x9fqA\xf3 Q\xaf?\x96\xb6\xc4x\xf2\
?a\xed\x11\xaf\xab\xacyh\xb5\x5c\xd21\x84\xe4w\
\x92|\x87\x81\xb0I\x8b)d\xcf\xf9J\xb0\xcc\xb8\xac\
\xc8\xf55\xd3\xd4\xca31\x96N\xd3\xd1\x1e.\xa5\x98\
BW\x10\xfd\xaf\xaa\x1d\xf4\xd6\xbb\xf1\xed\xde'\x98\xcb\
@\xb1\x1bG|\xe6s_\xc2\xea\xf8\x06~\xe77\xff\
W(\xe9M\xd3\x09WQd\xff\xda!|\xac\xcf\xed\
_\xdbG\xa4\xa4\x85\xc3\xe5VL\xba\xaa\xacK\x02\xc0\
~\xc3j\xa1\x8f\x92X\xf6\x9f\xb9\xee\xf9\xda\xc9\x0a|\
W\xd5\xcd`\xbf\xa3\xd5\x0a?\xf7\xf3\xff\x18/\xbd\xf4\
2\xbe\xf1\xd5\xaf\xe1\xec\xdcR\xf8\x9e_\x9c[.\xff\
\x8b\xb5E\xf9O\x13\xfa\xd81\xe9T4\x9c=\x81B\
\xf6\x09\x84Aj2kG\x0f\xc6&\xc1\x8c\xa2\x8d1\
\xca^~\xe9t\xe8OJ6e\xa9OI|\x5c\x10\
\x5c\xc4\x22\xe2\xee\xb1d\xe1\xc6x'hw\xc9\x14Y\
\xf6|\x94\xac\x1d\x96U\xcf\xdbY\xc0\x0a\x10[\xe4J\
A`\xce\xb0\x8c\xe9\xe4\xc0\xb0}\xa9\xd79L\x053\
w\xd7\x80#{\x8b\x91j\xc1\xfd\x9b\x88\x0b\x1ap`\
\x97\xac\xcb\xc7\xd4\x04\x13;\x84#\x22\xde\xddo\xdb\xca\
\xe4\xb4\xd0\xe6y\x94o.\xe2\xd4\xc03G\x7f\xd5\xfa\
#!P\x8e\x14\x04=\xfd\xf6\x9d\xfe\xdc\x86AiB\
l\xee*\xc8\xdc\x04646\xceM\xd3\x87\x9fm\xb0\
\xb2\xe3\x5c\x00\xffG\x00\xcf\xbc\x03yh\x11-I1\
\xde\xce\x84\x19?\xd0\xa01\xef\x11\x1c\x89\x0c@\xe4\x98\
\x92\xf6\x12\x94\x92\xf6\xc2\xa1d\x9c\x1ef\xad\x92d\x9e\
\x0c\x18\xf43\xe8\x93\xbeR\xe0\x0c\x8d\xb82\x15\x05\xf2\
\xa0\x19\x83\xa4Nm\xd2\xcd\x11fZ/;\x19\xfc]\
\xe6\x05\x88\x9d(@X\x81(\x14\x90\xf2\x08V\x8a\x12\
-\xaf\xb9.\x95 (~\x06\x06\xe9Z\xcc\x851\x81\
\xc1jHS\xbb\xd2\xcc.\x01^\xa0@\xe8\xef\x1bl\
R\xcf\xaf \x9d\xf4\xd7\xe9\xcf\xf6\x97x\x90M\xaeC\
[#,#}\xe3\x19\x87\x10k\xb9D\xf2Rh\x82\
\xd0b9\xef\xab\xfd\xf6Q\xe2:\xd7\xb2W>\xd6J\
\xd2\xc0,z=\x98n\x0a\xdea\x9b\x08\xda\xf2\xb5\x09\
u\xdf{\xae\xc7\x9a\xa0\x8c\xb4%\x92d6\x07b\xa7\
&\xe1.\xe5\xbc'\xfc\x1d|\x92\xe3\x08p\xdfQ\xf3\
\xb9\xcd\x18\x03\x7fY5\xeb\x82\x14\xc9\x83\xed\xf4r\x91\
\xdc4\xf4\xba\xb2\x9ei\x09\x22\xdf'\xddH\xa7o\xbf\
CGu\xda\xb50\xd4\xa3iB\xef\x13\xc6q\x87\x97\
_\xf9,n\xdc\xb8\x8d\xdf\xfc\xd5\x7f\x85\xedv\x8dC\
\xd9\x03\x83&Y}\x8c\xe4\xe1\xcf!,\xbd\xee9H\
t)\xcb\xbd\xa2\x82Z\xa6\x00s\x8bu\xfd\x5c\x05\xe6\
\xfb\xc3|\xe8\x9d\xeb$\xa0\xfa\xe0U\x1d\xac\x03\xc0`\
\xbf;w\xee\xe2\xe7\x7f\xe1\x1f\xe3\xd6\xed\xbb\xf8\xe67\
\xbf\x85\xf3\xb3S\xf3\xf7_\x9cc\xb3\xd9\xf8\xde\xfe\x9d\
m\xef\xeb\x0a\x0d\x93?B2\xcbS\xec4\x99\x17\x17\
[\x982\xd5\xf14\xa94\xe5Wj|$\xad$`\
j/$\xccJ\x9cu\x5c(\x90\x84\xb4HfH`\
\x8e`A\x8dA2\x83uO\xbf\xb8\x97#\xe4T\xec\
C\xdc \xc1\xa7\xc9:M\xb94\x81\xdb\xb3\x5c7\xd4\
r\x09Rab\x0e\xfef\xdc\x87\x9a\x17\x81\xad\x9a\xbf\
\xb9\x9d*2\xdf\xb1+\x98\x03\x22G\x94\x80\xd5\x84B\
\x08\xc0\x0cz>\x0d\xa1\xa5I\xc9C@\xd0\x1d\xc0#\
\x84-8\xb0\xd6\x17;\x16\xc4\x01\x93|B\x01\x06\x13\
B\x0d\xdcC\x9b\xd7\xb4T\x84o\x9e\xef[KC0\
\xb0_\x02\x91\x0e\xe9i\x1di>\x17\x8c!\xa0\x85\xa4\
\x85\xd5\x83n\x15\xce\x03!\xd4\xff\x95kVV\x0aQ\
!\x08i\xb1<$\x09\x84\x9f\x16\x82d\xa8\x85y\x86\
dH0\xf0\xf1\x8c=\xe4^\xbf\x0f\xff,\xc9\x0d\x14\
\xb1=\x0d\xb1\x1e2G\x00 \x91\xae\x97A{q\x5c\
/\x05\x07\xe784\x99\xf7\xf8\x97\xf9\xf1\xbb\xb2\x1c\x9a\
\xeei5\xe0\x16\xc4\x16Q\xf3*\x82\xa9{\xfd\xc5l\
n\xa6\xee\xe6\xd1\xfe\xeeB\xb0\xaa#\xd0\xafSh\xa0\
p\x13\x80\xe1\xa0\x00\xb3,\xe4J\x87\xf7\xd1\xdb\x12\x16\
9\x0a5\x09\xa2\xd6\xeet\x9d\xc0\xc7(] \xc9\xfb\
T<Q\x92\xdaB\xe0\xbd\xd0Hm1g\x10\xa6X\
\xf9Z\xdaM\xd0R\xce7\xd2-\xa3e~h!\xaa\
ta\xcbZ\x22\x82\x9e\xd4\xc8T\xe1IF6\x9f)\
H\xcc\xe9\x8c[\x0a\xe7\xdb\xe4\x0a\xad\x05[\xd3\xe4u\
\x9a4\x1c\x82T%8a<\x02{c\xef\x93n\xf9\
(\x81\x1bHa\x5cI\xef\xc1\x7f2GI\x19\x82\xac\
\x8a?\xdcz\xca\xd1\x93\xd6\xc0\x9d\x02\x8b\xe5\x12\x8b\xc5\
\xd2\x0f\x16:\xc1\xd1\xc9\x0d\x1c\x1f\xdd\xc0\xb3\xcf\xbf\x84\
q\xf7\x10\xbf\xfe\xab\xff/<|\xf0a\x08\x01\xfb@\
\xbf\x8f\x8f\xd8\xbb\xff\xa4\x9fC\x82\xc1\xa1\xfa\xb2\xbf)\
h\x09\xfb\xaf\x07\x1e\xbc\xaa\x80\xbf\xca\xe7q\x04\x87\xfd\
\xcf0\x0c\x98\xa6\x09/\xbc\xf0\x11\xfc\xfc\xcf\xff#\xb4\
\xc5\x02o|\xfb\x0d\x9c\x9e\x9e\xe1\xe1\xc3\xfb\xb8\xb8X\
\xe3b\xbd\xc1\xce3\xfaMa\xaeQL\xe5\x18V8\
\xc3\xc8\xd0O\x97\xecg4\xa2\xa99\x13\xf4\x04\xa8'\
gq\xefv,//W\x0a\xe1\xcc>\xce\xf4\x22a\
\x0f\x01\x9f\xd2kt\xde\x01\xa4RGH\xea\x95y\xdb\
\xe2\xae\x09y\xfc\x91\x18W\x0a\x19\x22\x14KJ\xfb\xa0\
\x88\xad{J\xd0\xd1hH\xf5\xab\xc7\x019.\x01H\
';\xa2\xc6\x8a\xe8K\xdd\xcfOV\x1a\x19\xf5\x8af\
U\x93\xe4\xd0\xe7nu\x98\x06\xd3f\xf7h\xd6\xcb\xf9\
\x10\xaf\x87\xe6\x5c\x02y+\x1av\xb6%\xf7\xf2W\x81\
\x85\xa7\x0c\x06\xa8\x82V\x02\xd7\x9a$\xc7\xb3in\xfd\
\xab)\x82\xeb\xc9\x83\xe1\xe3\xf7>\x18P\xbb\xa6N+\
\x81\xcf\xf7 \xb9\xd5\xcf\x84\x07\x8e\x99\xd1\xe4 \xbe]\
1\xc6X\xb2\xad\xf03\x09\xa0\xfeN\x9a\xd5C\xb0r\
\xc6\xd7\x04v\xfa\x1e\xdc\x04\x5c\xe6\x81L\x9e\xad0R\
\xa3\xce=\x1fl\x82J\x9f\xd1\x9f:p\xc25q\x8f\
\x9e/n'\x02\x0aAR\x03\x1c\xa9\x89k\x02\xbd3\
\xa5)@S1\x09\xfc\x18\xde\xb2w\xdf[>\x92j\
%\x83\xfc:O\x1a\xe4\xe9\x97(\xa0\xaf\x8aIh\x80\
O!\x86BF\xb6=\xdb\x19\x19\x07}\xee{PQ\
\x06\x15\x86\x9b\xa2\x08\xfc\x16\x1b !x\x04\xd0\x0b\xe5\
z\x02\xb7\x97K\xa1\x88\x89|\x08\xee1\x97\xec5\x19\
\xb7\x83t\x99\x9b\x90\xd0\x010\xb8\xb1\xe7\x931vV\
^h\x0b\x00<F\x82\xfd\xd6\x14\xa4\xc8DR\x14M\
KDQ\xfamf.\x01<R\xb8\xf0\xb5\xa8\xac\xd3\
;NKW\xb6R\xa2\xac\xe0u\x14n\xd8\xf8\xe0\xaf\
\x04\xff\x14V\xe0k36-\xb0\x1f\xc9L\x9d\x1f\xcc\
\xad\xbb\xc2q\xa9\x8c3\xee\xb0on\xa9\x93\x86&\x82\
\xc5bi\x07\x0b\x1d\xd9\x11\xc3'\xc77p||\x13\
O?\xf3\x02\xdaB\xf1\xeb\xbf\xf2\xbf\xe0\xc3{\xef\xcc\
\xb2\xd2f\x89\xa5\xde\xf2\xbb~.\xe1\xc35\x9f\xeb\x00\
\xfe\xe0\xfdG\xfc~\xe2\xcf\xbe\x04r\x1d\xb0_\xd7\xe9\
C\x9f64\xf4\xa9\xe3\x95W?\x86\x9f\xfb\xb9_\xc0\
n\xb7\xc5\xdbo\xbf\x8d\x87\xa7\xa7x\xf8\xf0!.\xce\
/\xb0^\xaf\xb1\xf5T\xbeS\x9f\x00\xdf\xe2\x97\x04\x97\
ufp\x1b}S\xd6*j\xb6\x04\xda\xcb\x11\xac\xf9\
#\x83LH\xf4~\xd2\x1a\xb7BU\x09\xa0h\x08\x81\
\xd4NL\xf3@D#\xd6\x88\xc2\x97B\x87\x00B\x0f\
c\x93\xc3\xe4\xe5uT\xc2V\xcf\xc6\xe7m$\xf0\xb3\
\x17|\x9f\xad\xa2\x80\xd0\x94\xd0n\x15I\xb9G\x17\x80\
\x14&@\xf0KSaZ\x0d\xe2X[`\xe63\x17\
 \x00\x11H\xcd\x1b\x9a\xedKwAZ\x01\x0c\xc4e\
^\x0e\xfb\xe3\x02\x00A2R\x0c+\xa3\xf8Y\x17\xb7\
\x15\xf2yu\xf0G\xf4\x85BE\x82\xbb\x8d\xc3@a\
\xcb\xa3\xa6(X\x85\x10U\x04\xa0\x0c&t\xa1B`\
\x96\x0b\xf7o\xd3\xa4\x0f\x14\xd7\x05\x85.o\xcf\xe0\xfd\
\xa0\xf0B\xb7DmsZ$r^ck\xa2\x8f\x1f\
D\xe6f\xda`\xb6s^gJ\xd8e\xc6\xc1\xa0<\
\x81`R\x98@\x1d\x01|~\x18\x8eJh\xca\x8aj\
!@\x80;\xb7\xc9Y\x10\x9e\x11\xcd\xa4\xf0\xf7\x8af\
\xaeL\x19\x9c\x19\xfc:\x04]\xcc\x83O\x90\x98\x1c$\
\xbb\x03;\xbc\x8c\xc9\xa9\x9e A\xeb\x02\xb5\xf2\x10\x08\
\x02\xf4Y~\x82\x91\x0a#\xebS\xc8g0$-\x15\
\x00}\xeb>\x16J\xe0\xd7\xa8\x97\xday\xb5l\x04\xa8\
\x89\x8d\x86\xc6X\xcalW\x03\x01\xb9\xfb<R\x88\xa1\
\xb9O\xe3\xb1\xb4^\x148v6\xd3S\x18\xe3\x84B\
\x22\x0e\x04\xec\x8b ,\x9d\x0a\xc4\x18\x1b\x11\xd8\xfcJ\
y?\x9a\xa8E4)&\xbe\xc2\xce\xb2\xcc\x02\x00\xd5\
\x85H\xb6k\xb7\x0a\x92\x04O\xc9\x8c\x88\xf1\xb0\x90\x13\
h4S\x85%\x90?\x95\x0c$a\x95H\xbe\xc44\
\xc5!^\xd4\xe5\xc1F\xc7hfB2\x88X\xae\x00\
\x19\xd0\x86\x01\xcb\xe5\x12\x8b\xe51\x8eV\xc78>\xb9\
\x89\xd5\xf1\x0d\xdcy\xea9\x1c\x9f\x1c\xe3w\x7f\xeb\xff\
\x8b7\xbf\xfd\xe7a\xbd~\x12\x1c\xac\x01\xd2qF\xc2\
\x81\xe7\x0f\x817I\xe1qA\xfeZ\x01\xe0\x91\x0d\xbd\
\xa2Q\xf5\xa3\xa5Q\x87\xca\xba\xaa\x01\x94\x9e^\xff\xc4\
'\xf1\xe5\x9f\xfeY\x9c_\x5c\xe0\xbdw\xdf\xc5\xe9\xe9\
)\x1e\xfa\x11\xbe\x9b\xf5\x16\xdb\xed\x16\xd3h\x07\xf8L\
\xbdCu\xf2\x01p@/\xe6\xc6h[h\xa9\xf4\xb5\
\x01q\xfe\xb53\x82j\xde\x17\xc9L\x5c\xd1\xc7\xc24\
jG\xe6Q\xa0$\xca\xd9h\x14)\x19a\x82cp\
M\xf3vw\xad\xdb\xf0r\xe4\x22\xc0D\x04\x88\x5c\x05\
\xecM1'km\x83\x03\x8c\x17c\x8b\xc1A\xc8\xdb\
0H\xf3H\xfa\x04\xd8\xae\xd4`5\xcb\x17\x81j\x0f\
-5\xdb\xd7\xcb\xbe\xf7\xac\xcf4d\xd3\xb8\xe1\xda-\
\xf3\xecg\x10b\xb1*\xf8X\xb4\xd2\xe6p\x07x[\
\xe6\xdb\x00\x81\x85/n\xfa\xe5#-pB\x9d\x81o\
\xa7V\x0e\xdfQ\xe0\xf5\xf88fP\x9f\xbd58\xad\
4\xa1Kc\x9e\x01Q\x1c`\x9b\xe6HS\x00hE\
\xa0\xa8\x16\x0b\x0a_\x19\xd9\xdf<v\xc1\xea\xa3\xbb`\
\xe1u\x0c\x00\x06\xd0\xd2a\xb5,\x84V\x0a\xb7\x22\xa8\
\x02\xdaC\xc0\xb1\xb3,:\x06\x87\xbd\xf9*c\xbd\xf9\
\xab\x02#\xc1\x14\xa0i\x9e#2\x18P\xb9\x84\xd1\x9b\
\x04\xa0w\x07c\x1e\xef\x1b\x00\xa8\x9eYOh\xd6\xaf\
\x01p)\x00\xd8u\xffMm:\xac\x07\x8c\xaa\x97L\
\xf4\x03x\xfd|>\xcd\xe6Si;P\x0e\x1ar\xfc\
\x98@\x90,\xa6z\x0a\x14\xb1[ \xad\x05afW\
\xcd\xe7\x1ch\x22\xa6!\xda\xe5}\xd3,\xa7\xfb3\xf3\
\xe4>\xe9\xaaP\x11\xa0I\xb188\xbf\x10\x896\xc3\
\xd7_\xe1>\xee\xfe\xf0\xd9u\xabGW7q;p\
#\xe6\x94\xe3\xe9W\xb8v)\xe0i\x1d\x0f\x80\xfc\x04\
\xb1*\xb5\x94\x94\xdc1j\xa0\xf2\x11|\xcdA\xba\xf2\
-\x98\xe5\xb2y\xbc\x0f\xa5\x05\xa5\x0f\x93\x0a\x11\x9c_\
\x00Qk\xd4U\x15*\xfe\x89>\xb5PHh\xb5\xa5\
\x12\xa8\x10\xcf\x0d\xc1\xd6g?X\x03\xc7\xfc\xb2\x09\x97\
\xca\x15y\xb7\xfdk\xada\x18\x06\xb4a\x81\xd5\xf2\xc8\
\xb2\x07\x1e\x9f\xe0\xe8\xf8&n\xddy\x0e\xcf<\xf3,\
\xfe\xe3o\xfe+|\xeb\xeb\x7f\x12B\xc0U\x9f+\xaa\
\xbd\x84\x8d\xd7\x82\xf5\xde\xfd\xc7}wQ\x01\xfb\xd2\x03\
!\xc6]Q\xed#Z\xa4{_\x0e=z\x1d\xf8\x7f\
\xea\x93\xdf\x81/\xff\xf4\xdf\xc7\xfd\x0f\x1f\xe0\x83\x0f\xef\
\x99\xd9\xff\xf4!\xce\xcf/\xb0v\xb3\xff8M\x98|\
\x7f?\x99]5p\x92\xf9\x07\x19E[\xe8;\xf3K\
\x15\xcc\x83i8\xf8\xab\xc6m\x87\xb8\x99)J]\xc3\
\x8b\xfc\xdd\xf5\xbf.aX>w\x7f/\xc2w\x0b9\
\x92x}\x97\x80\xb9\x0b\xbc?\xd4d\x8dc\x80\xc0\xdd\
\x0bA\x0b\x98\xbf\xbe.\x1a\xc9\x82=\xae\x80\xd6=J\
\xcb`]\xe0\xe9}9v\xb6u\x8f\xac\x14\x10t@\
-6\x9e\x9e\xd2<YORkw\xaehu9\x9b\
w\xb0\xa5\x90\xd1<V\x22\xad\x09\xa6]r\x0b\xa0 \
\x01\x95\xcc\x81\x00l\xd6\x06\xf3\xc6\x1b0\xf7\xdc\x22\xe8\
}cvA\x85\xc6u\x9e3P\xad\x1e\x8d \xee\xfd\
\x95^\xcapFi\xb9\x01|\xac\x85 M3\x7f\xb1\
Hh\x8ft\xc6\x142\xaco\x9aq\x05\xde\x0e\xe9R\
\xea1\xd3\xfe \x1d\x83\x0b8\x0d\xe6.X\x88`P\
Ak\x1e\xe48)\x16c\x87\xf6\x11\x03&\xac\xd0\xb1\
\xc4\x00Y4\xacV\x0b,\x8f\x97X\x9e\xacpt\xe3\
\x08'\xb7\x8f\xb18YB\x8eV\x18V\x0b\xb4\xe5\x80\
a\xb5\x804\x17\xe4 @\xf7\xc3\xaf\xba\xa2\x8f\x13t\
\xea\x18\xc7\x09\xe3f\xc4\xf6|\x8b\xed\xf9\x06\x9b\xcd\x0e\
\xbb\x8b\x11\xbb\xf3-..\xb6\xd8lG\xec\xa6\x8e-\
\x80\x11\x0d\x8a\x01\x1d\x0d\xd3@M\xd6\xcc\xf9f\x8a\xd6\
H\x03l\xe6z\xbbG\xa0o\x14 \x00L\x9a\x16\x0b\
\x0b\x04L\xd3\xbc\x95\xe3 _\xc8Z\x80\x00d\x06\xd8\
\xa6H\x9c<\x86\xc2\x03\xbc\x0d\xd6\x1e\x8dy\xed\xe8h\
]<\xc9\x90\x89\x0e]\xe9\xa2\xf1`4\xb8\x0f\xdc\xcb\
\x9d\xa5\xb9\x0d\xf6\xa2\x90\xf0Y\xdb\xba\xa7s\xa5\xf2\xcb\
z\xe2fr\xaa\xb4\x0ay\x05Q\xbe\xadE\x99\xf5\x09\
^>\x85\x14\xee\xf2W\xda\xf3i\xd1,4\xda\x91G\
R_f\xd0\x1au\xcf\x014\x85\xe2\xda\xd9\x1c\xbf\xe4\
\xb4\x16-\xe8o\xcc\x80\xadXW\xfd\x06\xcd\xeb@\xf7\
l\x7f\xa4K*Md\x8aE\x1c\xd1\x1c/\xb6\xcdX\
l\x11P\xc2\x9a\xe5\xe2\x0c\x054\xb67\xb6\xdef\x9c\
DU\xd4B\xbc\x11\x0at)\xecG~\x89n\x983\
\xa8b\x0b\xb6c\x82v\xa7\xd3>\xe1{\xbf\xf8SP\
U|\xfb\x1b\x7fzI\x08\x88\xf6\xebexM\x14\xaa\
c{\xfd38\xf0\xecL\xb0\xa0\x15S\xe7\xae\x85\xc5\
u\x05\xd4\x96\x1d\x12\x14j\xc3\xafj\xd0\xa1\xcfu\xcf\
r\xa0>\xf5\xa9\xef\xc0\xdf\xfd\xbb?\x8d{\xf7>\xc4\
\x87\x1f\xde\xc3\xc3\x87\xa78==\xc3zm\xe0\xbf\xd9\
n1N#\xfad\x04\xd7a\xcc;4\x9e\xc0U\x02\
-\x1b\xec\xba\xacw\x94R\xa15\x8c\x8b\x82\x00&\x0e\
\x8d(\xa6\x95(\x0cP\x9a\xf3\x18\xec$\x19/P:\
X\xb5\x85X\xea\x04'\xbf\x14\x16\xbeX\xb4\xf0\x05S\
\x16\xa3\x07T\xf1}\x96\xc76\xe5\x22$\x13\x93\xb4\x18\
\x00\x88\x13\x09\x15\x06\x02{\xa4\x15\x99\xfe8V\x9a\xa0\
U\xaf\x9b\x053t\x8b`\x0e\xbc.\xa5%\xac\xc5\x16\
\xaf\xc6\x98Bi\xfe\xefi\xa6\x07\x83\xf6\x9cm\xf1H\
^\xa1\x16-\xb6\xbf\x1fn\xf2/\x96\x08{Fs\x8b\
\x1cLx\x13\xb7PX\xd9\xa9}\x8b\x034A\xdc\xb4\
v\x0akEX\xe0_g*\xf1\x1b\xd4\xc2iu\xc8\
\xb3\x0c\x1alK\x19\xeb`\xc4\xf6\xe0-c\xf9\xd9g\
\xc5J\xc4\xb4\xfd\x961\x08m\x9c\xb0\x9c&\xac0\xe1\
\x18\xc0\xd1\xd0p|s\x85[\xb7n\xe2\xe4\xd9;8\
y\xfe\x0e\x8e\x9e\xb9\x85\xa3g\xefb\xb8y\x8c\xe5\x8d\
#,V+\xb4\xa3\x05\xb0\x5c8jt\x8f[\xe8\xa6\
\xfe\xf6\x0e\x8c#0M\xd6\x9a\x89\x06jgx\x91\x1f\
\x82\xdc\xc3\xffN\x1d}\x9c\xb0;\xdf`{\xb6\xc1\xf8\
\xe0\x1c\xe7\xf7Nq~\xff!6\xf7\xcfq\xff\xde)\
\xceO\xd78\xdd^\xe0\x14\x02\x13O\x06\xe80`j\
-4\xd0\xae\x8a\x11\xd6\x94I\x04\x0b\x98\x16?\x89Y\
:T\x0d\xe0300\xf3\xbe\x99\xab\xcdaF\xad\x8c\
4\xe5\xfa\xac\x8b\x074v\x80\x07(\xa9\x03G\xfa\xd8\
\x9d\x86\xdc\xefNa\xaf\x9a\xa3;\xaa\xbf\xd8\xe6\xa6\xeb\
|\xab!\xf9\x852\xe1S\x15\x9e\xc1\xbc\x0c\x194W\
\x15\x91H\xaeE\xa5\xc0\x85Qj\xe9\x08\x81\xb1\x8a\x08\
\x97\xfe\x98\x06\xdd\xadFF\xbfq\x1cD[\x19\x03+\
\xd7\xb6$#|\xfe!\xd8F\xbb\xdc\x82#\x1dR\x03\
\xf4\x82\xaf\x91i\xa6\x15U|\xac\x01ME\x88cC\
%\x8aC\x16-A4\x80`\xcf\x00b\x92\xa2\x86\xc0\
\x80\xe0\xbd\xe9rH\xdeEp\xf6\x01\x99\x09\x5c\xc6?\
\x99\xd2\xdcyo\x9fJKzi\x9b\x0b\x0a\x81\x0f>\
[\xc1\xfax\xdd\xdd7\xd4\x16v\x80\xf6n17\x0e\
!M\xac\x13\xdf\xfb}?\x85\xde;\xde\xfc\xd6\x9f_\
\x8a\x09\xa8\x00x\xc8J^1w_\x088\x84\x9d\x97\
\xee\x97\x0b\x19\xa8\xb9W\xef~Y\x15\x9c\xff\xba@\xbd\
N\x865\x22\xfd\xd5\xf5\xbd6\x0c\xe8\xd3\x84O\xbe\xfe\
)|\xf9\xa7\x7f\x06\x1f|\xf8!\xee\xbd\xff>\x1e>\
|X\xf6\xf8{\xa4\xff4E\xb0\x1f'\x8aR\x9fU\
S7\xd9\x14\xe9\x93\x92\x10R\xe2\xcb\x86\xba\xb4\x99b\
\x93\x91\x89\x9b\xec\xfck0\x10\x96\x91\xc2\xc1\xfe8p\
F\x09H@$\xe9p\xf0\xe26\xc2d\x0c(\xc4\xec\
\xe2\x8a\x12\x80\xd3\xa51sG\x04\xfa\x13t\x1d\x84C\
;\x87\x03n\x14\x1a\x9a7{I\x06$eP(\x9c\
\xf04;8\xb3d[\x22\x09N9\x027s\x06$\
8\x92I7\x00\xad\x15\xb3\xbf\xfb\xb6\xebQ\xbd\x8d\x1c\
\x9a\xcf\x17M)\x22\xfa\xbd\x1b\x82\xf4\xe7\xb3\xfd4\xdb\
\x8b\x08\x06_\xbd)\x00X[#C\xa0\xd77\xa0\x03\
\xdd\x817\xac\x0b\x1e\xb5O g\x9f\xa2-\xf4\xc5\xe7\
\xb6D\x82\x7f\xd3\xd4\xde\xcd4o;\x07\x1a\x0c\xf0\x9a\
v\x0c\xd2\x22\x1e`P\xc1B;\xda\xb8\xc3\x11F\x1c\
Aqs\xb1\xc4\xcd\xa7o\xe0\xce\x0bwq\xfb\x85\xbb\
\xb8\xf9\xf2\xf38y\xe1.\x16wob\xb8\xb1\x02\x16\
\x0b\x13\x06\xc7\x09\xd8\xee\x80\xed\x08\xec&\xe8n\x84\x8e\
\x13t\x9a \xe3\x08\xdd\xed\x5c\x983A\xd9\x04\x00\xf7\
\x8c+\xb5'\x82\xa7\x81b\x10:\x1a\xd0\x042\x0c\xd0\
6\xa0-\x06\xc8r\x01,\x06\x130\x86\x85o?P\
\xf4\xcd\x84\xe9\xe1\x06\x17\xef\x7f\x80\xb3{\x0f\xf0\xe0\x9d\
\xfb\xb8\xff\xdeC<\xbcw\x86\x0f\xb6\x1b\x9c\xa3a\xc4\
\x12Ss\xa1\xc0\x01|B\xc7\x08\xa0kCG\x0f\x97\
\xc0\x04\xba\x04\x10\x09z\xc2\xf7\x0f3\xadO\xb4\x0c \
5|\x15\xdb\xbfOF<\xf3\xfb\xab\xc5%\xf0\x5c\x02\
nE\xcc F\x17\x12\xd0\xa2\x0e&\xf5\x81k\xa6L\
@\xa4\xa0\xb0A\xf0\xf3\xb2$]\x8bu\xa7\x02\x13\xea\
(\xf1\x13\xf4\xc1\x1bPt\xd5\x885\x80\xd0H(\x11\
@\x1cI\x85\xba\x86\xd2\x01\xc9\xf4\xcc\x91\xc8\x87\xd9\xfe\
\x08Z\x5c\xba%\x0dy\xf7\xe7\xcc\xd5H\x9e\x98)\x97\
g\x16SI\x0e\x0a_\xd3\x0a\x17,\x80\xf2\x5c2x\
s\xd5{_\xc9\xe3\xa3}\x08\x81\x9f\xe0ZqA\xbc\
/\xb6m\x93\x81\xda2\xe3\xc9P\xc5\xfcL\x00*\x00\
\x12\xf5'\x02\xd2\x8a\xa3\xd1\x97\xca\xf9*b\xa9\x16Q\
\xa8\xca\x18*yx!y\x14\x10\xe3\xd9D0\x0c\x0b\
\xb4a\x81\xe5j\x85\xd5\xea\x04\xc7'\xb7p|r\x03\
7n?\x85\xa7\xef>\x8d\xff\xf4\x9b\xffo\xbc\xf1\xed\
\xbf@k\x83\x09 \xc5\xb2Q[R[t\xd5\xf7'\
\xfd\x1c*\x9b\xf3\xe0\xeb>D\x9c'\x02{ \x09\xac\
N\xea\xec\xd9+$\x9b\xfd\xe7\x86\xa1a\x9a:>\xf1\
\xf1\xd7\xf13?\xf7\x0fq\xef\x83\x0f\xf1\xfe{\xef\xe2\
\xc1\x83\xfbxxj\x99\xfd6\x9e\xd9\xcf\xcc\xfe\x1d\xe2\
\xd2/5\xec\xb9tZ\x802\x00U\xe3O$\x00\x99\
\x11\xc4L\x5c\xf0\xc9\xe7\x82\xd3 j)\xa3)27\
=\xa5\xa0c\xe5\x98T\xdfS\xbbv\xea\xea:\x85\xb9\
\x8f\x8a\x16\xc7J\xbc^kh\x9a\xdb\x19\x80E\xc2\x8f\
cb\xc9\x04\xa0\x18\x90\xe9Q\xc2O\xcdE\x1eBC\
J\xb8\x8d\xd4.n^\x8fv\xa6pF\x0d\x99\xe3Z\
\xd7\x06M\xed\x91\x17\xbf\xbe\xa7\x14\x22l<\x07\xce5\
\xa8Y\x94\xec\x7f\x98\x0b\x0e\xc6{\xdc\x12\xe0\xbc\xcb\xb6\
\xfc\xd9C\xb3\xc8w8\xa8\x82\x07\xfe\xd8\xf8\xa7\xb9\xdf\
\x06x\xf0\xb2M\xb0(>z\xa5\xa6^\xca\x15>+\
\x96\xdaWr+\xa1\x1d'\x8a\x10\x10\x9a\x98\xe5A`\
\xe5,\xa4a@\x0f+\xc0\x00\xc1\xa0\x1d\x0bo\xc3\xa2\
\x09Z\xef\x18v\xa6'\x9f`\xc2\xed\xe5\x0aw\x9e\xbf\
\x83\xa7>\xf1\x02\x9ez\xed%\xdc\xf8\xd8\xf3X=}\
\x07r\xbc2:\xd8\x8d\xd0\xcd\x06z\xb1\x01\xce\xd7\xd0\
\xf5\x16\x98&\xe88%\xad@C\x182\xcd\xdf5\xfd\
\x8e\xb8\xaeS\x07<N\x86k\x81\x0c?\x12E\x09\xcc\
$\x8b\x16\x00\x15q0m\xc8Q\x97\x01:\x08\xb4\x0d\
\x90\xe5\x12\xb2Zb\xb8q\x0c\x1c\x1f\x03\xcb%\xd0\x05\
\xe3\xd99.\xde~\x0f\xf7\xbf}\x0f\xf7\xbeu\x0f\xf7\
\xdex\x0f\x1f\x9e]\xe0\x01\x14\x13\x16\x98\xda\x12\xd3\xb0\
\xc0\x04K\xb3\xbb\x03<\xb8\x0f\xd8\xa9k\xfa.\x10L\
\x8a\x14\x0e\x1c4\x19\xf8gZ+\xd0\xd1\xc2\xd5\xa0`\
\xec\x81\xba\xe0P\x0e\x13\x22H\xa3\x9b\xf0 \xe2&v\
w;\x88\xb8eB(3{=\xb1\xba\xec(b\xd4\
\xfb\x0e\xbc\x92[\xf2\xe8\xba\xa0\x5cKk\x06\x05\x08@\
\xc3:\xa2\xce\xb3\x88],\x13\xe0n\x03_\x81\x92\xc1\
\x96,'\xf11\xf9\x1e\xdb\x9c1P\x12m\x22k\xa4\
\x1b\x91\x5c/\x22Fx\xdd\x95\x93\xc8w\xe2\x8c\x8aG\
\x83\x03I?\xe4\x16\xa9\xce \xae!b\x1b0\xe7{\
|\xd6\xcb\x9a%O\xaa\xda\x95\xad\xf2\xe4\xe7\x81\xd2\xc5\
\xddY\xdf\x83\x0f\xa28_\xe6\x93\xe4S,\x8f-\xf7\
\xf1j\x05\xf9E\x98\x9d\xd1-DN3-\x00@\x82\
o7\x98\xa0\xbcX\xac\xecD\xc1\xd5\x11\x8eOn\xe1\
\xe8\xf8\x06n\xdd~\x1aO=u\x17\xbf\xf5\xeb\xff\x0a\
o\xbf\xf9\xf5\x83\xbb\x03Pzy\xd5g\xff\xb9G\xbd\
\xf78\xe5\xc6\xe8\xeeo\x1f\xb8\xf6\xe1'hd}\xef\
\x92\xe0\xe0\x1fn\xf5{\xf5\xd5\x8f\xe3\xe7\xfe\xc1?\xc0\
\x83\x87\x0f\xf1\xfe{\xef\xe3\xc1\x83\x07xp\xff!.\
\xd6\x1e\xf07n\xd1\xa7\x8e>)\xba\xfb\x9a8\x81\x11\
\xdd\x1a\x05\xef\x1d\xa3\xaa\x08iT\x1d\x5c\xf6?\x1a\x0f\
\x06Y\xa0\xfa\xad\xa4\x10T\x06\x0d\xceK\x98\x91~\x87\
\xfb[\x91D\xe9\xabv\xb6K\xb7\x0e\xac\xffmQ\x1e\
\xc0S\xf4h*d\xbb(\x94H\xb4\x81\xe6:>\x83\
\x00\xfej\xee\x0f\x939\x85\x0d\xb0NqY A\x9c\
\x89;,0\xc7\xf7\xbf;0B\xe8\xe7N\x01\xa3\xee\
w\x87\xb3\x14\xfa\xee\x86\x96\xef\x8ak\xc4&\xf0\xd0O\
\xcf\x83r\xf2\x08]\x0a\x04B\xd0\xe55\xa4\xe5\xc0\x02\
\xee4\xda;\x0f\xe6K\xe1\x82\xc2\x8a\x88e\xd3\xa3u\
\xc14y#\x1e{\xdfb\x0b\x06\x01Z\xe7.\x00\x1b\
\x7f\x132\xe0\x9eo@\xba\x86i\x7f\xf0k\x0b\xd8\xb9\
\x04\x0b5\xf3\xfe\xb25,!XL\x1dm\xb7\xc3\x02\
;\xdc\x91\x05\x9ey\xf1.\x9ey\xfd%\xdc\xfd\xf4+\
\xb8\xf9\xf1\x17\xb1|\xf6\x0e\xb0\x1c\x80\xcd\x08}x\x06\
=\xbf\x00\xce\xb7\xd0\xed\xd6\xcc\xf6\xe3\x04L\xf6W\xfa\
d\x9a\x84m\x82\x87x\xde\x0b#\xae\xee\xff\x14\xd2S\
@\xb0Cb4\xadf\xc9\x0f\xfdc\xdc\x99Q\xd4\xca\
\x01\x95fL\xb95@\x1a\xb45\x17\x16\x9aKK\x83\
]\x97\x0124\xe8\xb0\x80,\x97\xc0\xf11\xe4\xc61\
\xda\xcd\x13\xe0\xe4\x06\x80\x01\xfd\xf4\x0cgo\xbe\x87w\
\xbf\xfa\x06\xde\xff\xca\x1b\xb8\xf7\xf6=|\xb8\x1bq\x81\
\x01\xe3p\x84]\xb3\xc0\xbdQ\x15;5\xb0\x1f}\xbd\
\x8c\x92\x81\x89\xa3\x18X\x8d\xd4\xac\xc5\xc0\x9d\xbb\x0ar\
\x07\x80[\x144w!$\x90gd\x7f\x04;:\x1f\
4\x0b@3\xab\x83\xba\xd6\xdcJ`b(\x10\x08\xbe\
\x99\x16\x01\xb2\x22)u\xf1Y\x04O\x0a\xc0w%#\
\x93-\x11x\xe7,\x8di|\xe1\x16\x11\xe61Q\x0a\
!\xbe`\xd4\xa7\x92\xa7\x9a\xb2\x1d|f\xde\x06\xe3\xfd\
\xcce\x1f\x02\x08\xdf\x81s!E\xf2\xbc\xd0\xa8%\x04\
\x09c\xbf2\x1b\x0b~b\xc7\x93\xb8\x8b\x945\x84U\
@j!\xd1\xe6p\xb7\x04K%\xcf\xd5\xd2\xb6\xe4e\
\xb4\x9eP\x11\x8b\x91\x0bA\x22\x05\x86\xc6\xb1\x8c\xfb.\
\x84\x84\xbb5\xe5\x09k+\x1f\x93\xe2R\xb1q\x12\xb1\
\xad\xbf\xb6\x14\x16\xbeC\xe0\x08GG'8:\xb9\x89\
\xe3\x93\x1b\xb8y\xfbi\xdc\xb8q\x82\xdf\xfa\xd5\xff\x05\
\x1f~\xf0\x0ej\xb2\xa0}\x5c\xbd\x0ag\xaf{\xee\xd0\
;\x07\xafQ\x8e\xbb\xae\xaeC@}\x1d\xf8\xef7d\
\xff\xbdZ\xd6\xfe\xfd\xa15L\xbd\xe3\x95W>\x86\x7f\
\xf8\xf3\xff\x18\x0f\x1e>\xc0\xbd\xf7\xde\xc3\x83\x87\x0f\xf0\
\xe0\xc1C\x9c\x9e\x9ec\xbb\xa5\xd9\x7f\xb4|\xe6\xca4\
\x98\xee\xcf\xf1(\xaf\x1e\xbe8v\xb6H\xcd\xa5\xa5A\
\x0fA\xb0$l\x97\x82\xd5\x99\xaa/2\x9a\x94y\x92\
\x19%\xbf\xecH!4\xe4Wq\x22\xcc\x14\xac\xac?\
\xf7\x96\xab9\x1b\xc3\xa7Nm\x9ei_+!2F\
\x80\x8c\xbb\x95\xc9\x94\x22\xe9\x10\xc4g\xe3\xaf(f\xff\
\xb2\xfdN\xd2Y2;\xb6\xd6\x19\x02\x03\xfe\x98\x22\xd8\
\x00\xd3\xfb\xe3\xd6\x87}\xb0\xb6\x05\x96~\xfb\xd0\xf4\xbd\
\x0fq|.AZ\x13\x88\xd9f\xbe\xc7\xc1\xe4\xd68\
\x91\x04d+\xdfc\x08\x94\x89w\x8a\xeb@\xb3\xcc\xc1\
\xfbY-\x00\xa1\xfdc\xfe\x8f\xed\x1d\xa2\x0c\x07y\x91\
\x10\x16\x06\x07\xf9\xa6\x8a\xc1\xd3\xa8.\xd5Rk.\xa0\
X\x8a`\xd1\x1a\xa4OXl\xb7\xb8\x89\x11wV+\
<\xfd\x89\x17\xf0\xec\xe7?\x81\xbb\x9f\x7f\x1d'\xaf<\
\x0bY\xad\x80\xcd\x0ez\xff\x0c\xfd\xc1)p\xb1\x01\xb6\
\x1b`7B\xc6\x09:\xee\x80i\x82\x8c=L\xfb\x98\
&\x88v\x03\xfdn\x82\xb0h\xf7\xcc\xd1\x09\xfa\x96\xf9\
QC\xe8\x0cW\x93\x22M\xb3I\xfd\xc9\xd4\xe3\x82@\
)\xc0\xc2\xfc\xf8\xd2\xcc*\xa0~\x92\xa3]s\x11\xa8\
\x0d\x90\xc5`\x02\xc20@e\x80.\x06s\x15\x0c+\
\xc8\xea\x18r\xf3\x18\xed\xf6M\xe0\xe6\x0d\x00\x1d\xeb{\
\xf7\xf1\xe0\xab\xdf\xc6;\x7f\xfc5\xbc\xf9\x95\xb7\xf0\xee\
zc\xc2@[bZ,\xb0\xeb\x1d;_\xef;0\
w\x000\x8a\x99\xfa\xc7\x9e.\x00;,H0\x82\xc0\
_\xcc\xfe\xea.\x05\xc9=\xfe\x06\xa8\xea\x9a\xb0\x9f\x0c\
\xe1 L\xf3\xff\xa4\x04{\xfb_w\x94%P\xd6\xad\
\x81\x01\xcaaupp\x87x\xa2\x1f\xdd\x03w\x89H\
~\xa0\x04*\x82~t\xff\xce\xe9\x13\x0a\x1b\xb4\x09&\
\x10\xd2B R\xcf;\xe0\xfc\x9a\xe1\x9a\x8c\xba\x9a\xf4\
\xf3\xf0&\x05\xad\x07I2\x15\x05\x05L\xc3\x94\x9a\xb6\
\x97NK\x80\x96\xf2\xfc9\xa6\xd3\xa5\xdf\x9e\x96\x03\xd5\
\xbdb\x80\xf9\xf5\x10\x04\x9c\xa7\x04\x0f\xe5;\x95\xdf\xd9\
\x18\xb5Rg\x04:\xfa|\x84l\x81\xfc\x90\xbfK\x11\
\x88\xa0\xc1\xa5\xc3eK\xd9!m\x89>\x0fv>\xb6\
\x0b\xcd\xce\xc3\xfc\x0c\x81a\xe1G\x0a\xaf\x8ept|\
\x13\xc7'7q\xeb\xce\xb38\xb9y\x8c\xff\xf8k\xff\
\x12\x1f\xdc{\x0b\xcc\x80z\x08\xb8\xeb\xb8\x1c\xfa\xec\xe7\
\x0a8\x84\xbb\x8f\xfa~\xe8\xf7\xac0\x1f\x8f\x18\xf8+\
\x1b\xe4\xc0q\x9d\x80P\x1b\xc7\x0f\x8fR|\xee\xb9\xe7\
\xf1O~\xf1\xbf\xc5\xf9\xc5\x1a\xef\xbd\xfb.\x1e>|\
`\xf9\xfd\xcf\xcfq\xb1\xde`\xf4\xd3\xfc&\x06ZH\
2\xb0\xba\xb5FbaU\xed\xda\x09\x9d\x80NT\xad\
\xdd\x0f\x02\xe9\xc8\xb5\x90\xd2\xec%\x93T\xd4\x19\x18\x1a\
L\xd6L\xf2mf\x22K`\xaf\xa62\x12\x92=!\
\x002a\x0b\xa2>\x89\x02\xaa\x7f\x9el\x82\xa0,`\
\x80\x9f\xcc\xae\xf3\xd1\x8c\x05H\xa0\xdd\xd7\x92\x91\xfdB\
\xba\x06x\x18N\xcdj\xd7\xca\x22\x13\x1f0\x81\x84P\
\x03\xf00\x9cb\xc2G\x02\xb3\xbb\x8d-\xfa\xdd\xb5\x8e\
\x00b\x1f_\x1e\x05lQ\xfa\xba'8p\xcb\x5c\xd9\
^\x07\x0a\x17\xb9\x05o\xbe7\x1f\xd1\xdf\xd6\xdcw\xaf\
)\x98\xa4\xa0\xa2\x91Th\x10\xd3\xe6\xf3]\x07~\x88\
i\xfb\xe2\x1a\xbf\x9a \xb0\x02\xb0\x12AS\xc1\xd1v\
\x87#lps\xb9\xc4\xb3\x1f{\x1e/~\xef\xa7p\
\xf7{?\x85\xa3\x17\x9f\x05\xa4AO\xcf\xd1\xef?\x00\
\x1e\xae\x81\xcd\x062N\x90\xc9}\xf6\xbb\xd15\xfe\x0e\
\x9dF\xc8\xd4\x81I\x0d\xfc\xbb}\x87\xbb\x95\x94\xda>\
`\xccD\xd5\x83\xc2\x0c\xfc3\x88J\xc3\x0f\x1cBA\
NW\xd0\x06\x83\xd0\x98\x90%\x9e\x92\x96A!\xb4\x06\
4\x01\x03ai!0\xe07a\xc0&x\x80\x0c\x0b\
`\xb1\x04\x86\x05t0\x81@\x17K\xc8\xf1\x11\xda\xed\
\x13\xc8\xad[\xc0j\xc0\xf8\xe1C|\xf0\x95o\xe3\xad\
?\xfe:\xbe\xfd\x957\xf0\xf6z\x83s,0-\x96\
\x98\xdc$?*0\x02\x18\x1d$G\x93\x9d\xddJ`\
`=\x82\xbe\xfa4\xfbGf@\xf1\xa0C\xd0Go\
+\x80\xc2\x80%\x1f\xe2N\x06d\xf0\x22\x10`\x9d\x1c\
$\xe3\x06\x98\xf3\x8d\xfe~Z\x18\xf8l\x00k\x00w\
\x11@\xe29\x0d\x00\xa56\xab%\xca?\xcb\xb0\x8f\xcb\
{\x08\xd3\xb6\x8fQj\xdf\x14T\xbc<\x82<\xc1\xdf\
\xa7s^f\xc2d\x0a\x11l\xaf\xa7\xfa\x0eA\xc4\xef\
\xb4!hP\xca\xc9x\xf5\x84S\xba\x98\x0aA\x95;\
\x07\xf8\xadF\x0b\xc2\xcfoe\xce]\xb6\x14\x92\xaa\xac\
\xa2N\xefp^\x0cw\x99F\xe0%I\x9e\x0c2,\
\x06\x00|+\xa5\x06\xdfJ+M#\x9d+\x97\x8c\xc4\
\xd8K\x94\xd7\xccB8,0\x0cK,\x16\x0b\xac\x96\
\xc78\xbaa'\x09\xde}\xfa\x05,W\x82_\xfbw\
\xff\x0f\xac/\xce\x1dN4\xba\xf2\xb8\xc2\xc0\xe3\x08\x09\
W}\xea\xbbQ\xe7\xbe\x94p\xe8s\x95\x14q\xa9p\
\x91\x98\x04\xd9{\xb8J{\x00prr\x03\xbf\xf8\x8b\
\xff-dhx\xe7\x9dw\xf0\xf0\xf4\x14\xa7\x0f\x1e\xe0\
\xf4\xec\x1c\x17\x17k\xecv;\xf4\xce=\xfe\xea\x9a\xb2\
\xcd@g\xd4k\xd1\xe2g\xda\xbd\x03_\x98Z\xb8\xb8\
T\xc1\xe3_I\xdc\xaa5\xc2Wsa\xcd\xa4\xc7\x94\
\xb2\xbd{A\x80\x14>xCR\x8d\xca\xbe\xab\x13U\
9%\x8c\x84\x1b\x1aY)\x9f\x8c\x18\xca\xde\xa8\xa7\x9c\
\xcd\xd1fr\x98\xf0U\x91\x1a+\xf0k\xd5\xees\x91\
\xd9B\xeai\x1aGq\x0dx\x04=\x85\x10\x06\xb8\xc1\
\xcbalAX\x0c\x024\xaa\x99^\xc2\xb4.b\xe6\
t\x9a\xca\x06\x948\x04/_\xdd-\x10\xf7a\x8b\x96\
\x81\x83amP\x03\xb7H\xd0S\xca\x10A\x00xC\
\x066\x86\xcb@\x1d\xbb@\xf7E\xf7@>J\xf0\xbe\
\xf7^\xd5A^\x0c\xe0\x9d\xf1\x0c\xa05\xc15}\x05\
\x96b\x01\x7f\x8b\xb1\xe3h\xb7\xc1m\x00/}\xfcy\
\xbc\xf0}\x9f\xc6\x9d\xbf\xf1q\x1c\xbf\xf4\x1c \x0d\xfd\
\xfe9\xf4\xfe)t\xbd\x81\xecv\xc0f\x0bl\xb7\xc0\
\xd8!\xe3\xe8\xe6}\x0b\xe6\xc34A'\x00}\xb2\x7f\
\x93B\xca\x96\xbd\x10\x00&%\xf4\xd8\x96>M\x81\xd0\
\xe6\x8f\xf4\xef\xab!\xe8:\xe7\x22\xe9v\x9f\x0fpk\
kK\x0b*|\xab\x9c\xe7\x03\x101\x01\xc0\xe4\x82\x01\
|P\xa4A\x87\x06\x0c\xcd\xae\x0fn\x0dh\x030,\
\xed\xfbb\x09\xb4\x06],\x81\xa3\x15\x86;\xb7\xd0\x9e\
\xb9\x03\x9c\xac\xb0{\xffC\xbc\xf7G_\xc37~\xef\
\xcf\xf0\xed\xaf\xbf\x8d{\x00\xd6\xed\x08\xd30\xa0\xabm\
\xbd\x1a;\x03\x09M\xb3\x1fa\x00>\x89\x14w\x80`\
R\x06\x17\x9a\xc6\xc7-\x87\x13r\xbb\xa1\x082\xe8\x0f\
\xcc\xe7_\xac\x00@\x04\x0d:E\xa7aE\xe8\x93\xb7\
5?\xa2h\xe6e<#\xbf\x80\x03\xfb$\x1a\xd6\x80\
\xb0\x10`n\xda\xb7\xf2\xb9x\xb9\x93\xa2L\x96x\xd6\
A5\x01\x07\xdenn9V\xe4.\xa6\xdcFH\x0b\
@0\x85\x08v\x0c\xac\x05\xcd\xf39\xef5[\x22u\
\xe10\xe1;\x7f\xa3\x82\xc4x\x12\xf6=\x01\xd7\xf9\xe6\
\x9e\x09\x80\xbc\x99\x5c)\xac\x1b\xd1W\xdb\xc4h\xc1O\
N\xa5Z\xca\x06;\x99\xe2K&\xd1\x11\x12t\xba#\
\x9c\xbe\x11\xefq\x1dI\x94\xc8YL\xe5Ib\xc8\xe2\
\x1e\xf9\x7f\x080\x1e\x87\xd4\xcc\x12\xd0\xda\x80\xd5r\x85\
\xd5\xd11\x8e\x8eo\xe1\xe8\xe4&\x9e~\xee\x05l7\
\xf7\xf1\x1b\xbf\xfc/\xd1\xfb\x98Bz6\x85\xcd=\x08\
\xfc\xba\xf7\x1b\xe5\xda%\x1c/\x82\xd5\xa1\x0f\xe7\xfbR\
!\xf5\xf7U\xd7\xae,4\xa42\x8d?\xfb\x9f\xd6L\
\x0f\xfd\x85\x7f\xf4\x8bx\xe6\xd9\xe7\xf0\xc6\x1bo\xe0\xf4\
\xf4!\x1e<x\x88\xf3\xd33\x5c\xac\xd7\xd8ni\xf6\
\x9f\xf6r\x95s\x11P@\xed\xa0%]\xe17\xd9\x06\
\x92\x93\xd3\x81c\x8e\xbf\xacAG\xb3i\x0f\x10\xd6\x98\
T+\x8df\xb0$,#\xec$\x95\xb0\x9f\x09P\xb7\
\x8e\xd9D0[ \xdf\x91\x0cx+\xbe\xa7:\xde\xf9\
\xdd3\xfcQ\xbavp\xd3\x9e\xfb\xd5\x9d\xbd\xe4G\x11\
\x9a\xbd\x84\xff\x1d \xdc\xb2?\x19\x85o\xcf\xb6BE\
\x96/\xdf}\xf2\x92Zs\xc6\x05h\x08(\xb9\x85\x0f\
aj'\xef\xaaA~\xb3S\xf8\x08\xe8Q\xb7\xf5\x96\
&\xff(\xdb\x01X$\x83\xf92\xe6\xc0\x03\xf2\x04\x11\
\xef\xc0\x94\xbb\xb1MP=\x08\xd1\x83\x1d\x07o[\xee\
\xd57\xfaY\xf8\x18\x0ej>\xfd\xa5\x98\xb6O\xa1d\
)\xe6\xdb_\xc0A\x1f\xc0\xb0\xdd\xe1F\xdf\xe2\x85\xdb\
7\xf0\xd1\xefy\x1d\x1f\xf9\x81\xef\xc4\xc9\xa7_\x01\xda\
\x02\xfa\xc1\x03\xe8\x87\xa7\xd0\xb3\x0b\xe8v\x07\xe9\x1d\xb2\
\x1b\xcd\xaf\xbf\xddBw#d2\xb3\xbdN\x0a\xe9\xa3\
i\xfac7\xcd_;t\xb4\xbf\xe8\xd4\xea\x91\xda\xbd\
k^\x9c\x132W\x81\xd8\xd6$-,-\xb8K^\
\xa3\xe3\x89\x02[ML\x156\xa5J\x8c\x8d\xdb\xc8\x5c\
\x80kI{h\x14\xfd\x00Hs\xd7\x00\xec\xa8\xdb\xe6\
\xbf\xdb\x00\x0c\xcd,\x01\x8b\x85\xfd\x1b\x06\xdbY\xb0X\
B\x87\x15\xe4\xc6\x09\xda\x9d\x1bhwo\x03\x228{\
\xe3\x1d\xbc\xf5\xbb\x7f\x82\xaf\xfd\xfe\x9f\xe1[\xe7\x17x\
\x80#\x8c\x8b\x95i\xf3}\xc2\xa8\x82\x1d\xba\x0b\x02\x96\
\x5c\x88\xf1\x03\xb6+\x80\xee\x00\xa6\x1b\xde\x8f\x17P@\
\x86\x88\xda\xe7\x0e\x04\xf0\xbb\xd2EP4wg\x0b\xf5\
x\xe3\xd8\x8d\xa0\x98=\xa3\x9c\x1b\xc9\x1d\x08\xb4\x04P\
Y\x9a|\xc1R\xf8\x10\xccM\xf9\x04dZ$(\xf4\
\xd3\xaa\x00\xb1]\x0d\x11\xb4\xe73\xaa\x1e\xe4H^e\
Zt\x0b\xc0\xeaN\x17\x19\xf4\xd7cg@\xc5N\x00\
\x11\xe0H\xb7F\xe2j\x9a\xd2g\xe9\x8e\xa1a\xd6\xb7\
\xf7\x0b\x10\xb8\x12FM\x9b\xe5\xcd4l\x178(\xad\
\xce\x92\xa0q\x1d\xa4\x0c\x11\xbc\x86\xe3Aa\x80\x82\x80\
:\x9fE\x84\xbf\x93\xa7[\xdb\x9a[\x7ff\xbbc(\
\xf9\x8a\xce*\xc9@\xc6\xb9\x90P\x07\xac5\xc1\xd0\x16\
\x18\x86\x05\x96\xabc,WG8\xbeq\x0b\xc7'\xb7\
\xf0\xfcG>\x8a\x0f\xde\xfd&~\xfb7\xfe\x0dZ\x93\
\x08\x0a\xacK\x8d\xfd\xe2\xf5'\xc1\xe7\xc7\xc5\xeb(\xf7\
P\xc5\x15\xc7/\xbd8\x13\xe7\x0eWtU#\x18\xf1\
\xff\xa3?\xfa\x13\xf8\xfc\xdf\xf8n|\xf3\x9b\xdf\xb4\x0c\
\x7f\x0f\x1e\xd8v\xbf\x8b\x0b\xec\xb6;\x8c\xe3\x98\x9a?\
\xc1\x98\x04\x12=5\xa9P\x05\xe6\x13\x05'\xc3\x01Z\
\x01\x91<5\x8b\x92pmU%\xd8\xd0\xf8\x99\xad\x0a\
\x01\xf3\xb3\xbeP\x9b\xee\x80\x05\xfa)\x22=\xe8\xdc\xf4\
\x9a\x03A\x90\x03\x92\xf0\xe0\xa6u#zg\xb9!\xa8\
\x18Q\xa6\xf9L\x83(i\x82'\x1b\xb7\xbeY\xf0Z\
J\xc1\x04\xdf\x0a\xf4\xb9pZ\xf4\x0f\x10\xf4\x88#0\
\x80.m\xe9)|\xd8{\x08\xf0\xa5\x00@3;?\
\xb1E\x8e\xcf;S\x9bG\xfb\xfbz\x12x\x02\x9e\x92\
\xcf_X\xa6\xc7 \x14\x01\x8e\xbb\x09\x18lH\x8d\x9f\
\x87\xfe@\xd2\xe7?p!S@Q\x0d\x0d\x9ecI\
\x01\xc2\x04\x804\xe9/`{\xf7\x17.\x04\xacD\xb0\
R\xc5\xb2\x0d\x18\xba\xa2m7\xb8\x8d\x09/\x7f\xecy\
\xbc\xf2C\x9f\xc33\xdf\xf3\x1dh\xcf\xde\x05\xce\xd7\x98\
\xde\x7f\x00==\x076;\xc84\x01\x9b\x9d\xfb\xf5G\
\xe8n\xb4\xe0\xbd0\xf3wH\x9f ]\xd1\xfbh\xa7\
\x90\x8d\xee\xdb\xefd\x90f\xee\x17\xc6\xc0x\xfe\x840\
4),\x1e&v\xc1\xc0\x99d\x82=\x0a\xfd%q\
\xfaz(4*\xf1X:\xcd\xd2\xecd\x13f\xcc[\
b\x12\xc9\x00\xc37\xeb\x81\x82\xb6{@\x0ctZ3\
MW<n`hf\x19`\xec\xc00@\x96+\x0b\
 \x5c.\xd0\x17\x0b\x13\x06\x9e\xb9\x0b\xb9{\x07\xfd\xe1\
\x19\xde\xff\x83?\xc5\xd7~\xfb\x0f\xf1\xa7o\xbe\x8f{\
\x18\xd0\x87\x95\x99\xfd\xd5b\x05F\x08v\x02\x8f\x1b\x90\
\x10\x08L\x937\x90\x0c\xab\x01\x90\x81{\xde\xfe\x09\xa6\
\x99\xc7!@\x9a9\x0b\x14%\xc8\xcf\x01\x80\x9a\xbfi\
\xeet\x07 ]\x02H\xf0\xb7\xfb\x04\x9c\xdcN\xc8\x03\
\x93j\xc0^\xf7\xf7 4A[\xfb\xf2\x00\x22\x81\xd6\
t\xbf\x92\xc2\x04\x85\x02\x1em\xac\xd1\xe6|\x061\xa7\
\xa9\xc5\xc7\x96Bg\x1ca\x05\xf0g\xcd\xdc\xdff\x02\
\x80\x06\x19i\xce\xbd\xbf\x1f\xa9\x89x\xbf\x82x\xa1.\
\xd2Wp#\xd2\xa2\xee\x95\xe9\xfc\x87\x09\x88RQK\
a+\x94\x1doW\x06\x1a:2\x10\xc4\xc9\x98\xe7P\
PV\x85\xe3H\xf4L\x12\xf3\x22V\x8cnQ$3\
\xf3\xb1\xe6\xf3\x22\x82a\x18\xb0X,\xb1\x5c\x1eau\
t\x03\xc77n\xe1\xe6\xcd\xbbx\xf1\xe5\xd7\xf0\xd5?\
\xfbm\xfc\xc1\xef\xfdJl\x0f\xbc\x0a\xb0\x0f43\xae\
\x1f\xd2\xf2\xf7\x05\x86'*\xf7\x904\x11\xdfs\xe4\x8d\
\xc1\xec=s\x15\xe8\xf3>\xb7@|\xd7w}7~\
\xe4G\x7f\x1co\xbd\xfd\x16\x1e<x\x88\x87\xf7\xef\xfb\
\xc9~\x17\xd8n\xb7\x06\xfe\xe3\x840\xd9c.\xf9\xb2\
\xb2H\x1e\x115:\xc11/F\x00\xad\x0bq~\xf4\
kJ\xb2\x09\x9e\xe0\x11\x8eb\x12\xd9\xdc\x14O\xc1!\
A\x97\x9b\xe3\xec\x91^\xd8\xa5^\x1a\x00\x02`wZ\
T\x02\xb5\xb0+\xd4\xc8\x93\x09\x87\xb0\xe0\xfbP\xb5\x93\
\x88{\xd0.Mf!\x9e0hE\x01\x84\xcfNl\
\x9b\x9a\xb0<\x8e\x8d\xbd\xdf\x9a\xba*\xc3S\xee4\x00\
\x1c\xcd\x00\xa8\xb9 a\x85\xf3p\x1a\xa3\x81\xe6t\xc1\
\xe7\x80\x1e\xe9<\x07\xcdL|\x04bs\x0d\xa4`%\
`\x9a[\xece\xf4\xcb\xc8\xfd\xf9\xe9\x85\x06\xc8\x19\xb0\
W\xcb3\xcd\x7f\x81b\xb1\xf02m\xab\x9fm\x95\x8c\
\xe0A\x98\x90\xb2TK\x8b\xc9 \xbf\x85v,!n\
\x05@\xf8\xf7\x97]\xb0\xd8]\xe0)\x11\xbc\xf2\x9d\xaf\
\xe2\xe5\x1f\xff\x1e\xdc\xfe\xfc\xebFO\xef\xdfG\xff\xf0\
\x14\xb8X\x03\xee\xcb\xd7-}\xfa\x13\xb0\x9b\xd0\xa6\xd1\
4\xfd\xc9\xb2\xee\xc9d\x87W\xa1O\x10\xfa\xf6\x814\
\xf5\xbb\x00\x10\xfb\xf8\x9d\xc3\x07\xa9r\x0d*J\xc0\x9f\
\x06M\xaa&k\xae\xdaX\xc6\xcb\xe4<\xd8\x02\xf5\xf5\
\xad\x85\xfd9\xf8\xd0\xb2\xa7M\x5c\x93\xa2\x05,\xfe\x83\
\x90\x10\x83\x8b\x8b\x07\x0c\xe6\x96B\x15\xcf/\xe0\xbb\x0a\
\x18+`\xf1\x02\xcb\xcc3\xb0\x5c@\x97+`\xb5\x02\
\x8e\x8e!O\xdfA{\xfei@;N\xff\xe2\xeb\xf8\
\x8b_\xf9]\xfc\xd9\x9f~\x03\xefB\xb1\x1dN\xa0\x02\
l\xbam%\x1c\xa1\x96C@$\x13\x0f\xc1\x03\x08\x91\
\xc1{\x9d\xae\x00\xd7\xac)\xa0X\xc6\xc2<\xab \xe2\
\x08|\xe5sy\xd7\x5c\x01\xccF\x18A}|>\x04\
\x00\x1b\xff\x9a\x1f \x84\x07gP\xe1~\xd0=W\x80\
\xcfW\xec\x04\xe04A\xf3;\xcb\xe4\x9c!\x83\x1e\x19\
\x0c\xa7\xa4\x83\xe0\xa1.Xx\x1f\x04\x1e$\x99L$\
\xc0_!E\x00\xa0\xb2\xe54A /\x82\x81\xad\xd7\
\xe4\x97Ao\x05;\x04\x14\x1a\x95\x04fT\xe7\xfc$\
~\x87\xc2\x01g\xaf\xd4\xe8\x91\xbc\x9d\x94.i\xce\x0f\
a\xa3\x02\x94H&o\x8anV\xd8\x97h\xb1\xf8\xb3\
F\xda\x12\xed@\xe9G}O\x84\xb1\x19\x1a\x02\x804\
\xc1\xb2-0,\x97X\xac\x8eqtt\x037n\xde\
\xc1\xed\xdb\xcf\xe2#\x1f}\x19\xff\xe97\xfe%\xbe\xfe\
\xd5?Bk\xcd\xacvQ\xe2\xe3\x81\xf8\xa1\xcf\xfe\xbb\
\xb5\x87q\xed\xb0\xfc\xb3_R\xed\xe4\xf5\x8dyTa\
\x04\xff\x8f}\xec5|\xf9\xa7\x7f\x16\xf7>\xf8\x00\x0f\
\xee\xdf\xc7\x83\x07\x0fp\xfa\xe0!.\xd6\x17Xo6\
\xd8\xedF\xf4\xc9\xcd\xfeHs\x0c;\xa1\xda#0\x84\
{\xdc\xc3\xf7Y$\xd7\xcb\x13\x5c$\xc3B\x90(\xe5\
\x87\x84\x19O j\x0e\xad=.y\xe1\xd4\xb2\xc8\x08\
\x8b\xf5\xc0\x9e#0\xe5v\x9b\xe6\xf2Fj\xfb\xd9?\
2^)\xed\x1d$]\x08\x5c2$\xea\xa8\xc9\x1ao\
 B\xe2+u[\x0aZ.S\xab\x89y\xae\xa5\xa7\
\xfb \x0e\xdf\xa1\xc6\xef\x8b\x91\x1a\x7f\xec p\xd0i\
\x92\x8b\xc1~KZ\x00\xb0\x97\x067\xda]\xaeK\xfa\
\xe936\x00i\x05P\x17T(\x18\xa8\xe6N\x00/\
\x07]s\x8b\x9e0!OZ \x06\xd5b)\xc82\
h\xb9X\xc0L\xfe\x0b\xf5\xbf\xf0\xa0>\x08\x86&X\
N\x1d'\xbb5\x9e],\xf0\xca\xf7}\x07^\xfe\xa9\
/\xe0\xf8\xf5WL\xdb\x7f\xf7\x03\xc8\xc3s\xf3\xe7\xef\
\xb6\x16\xd5\xbf\xd9Av\x99\x9c\x07\xd3\x04\x99\xba%\xe8\
\xe9p\xdf\xbe\x05\xb5\x8aG\xf23\xc6\xc5\xe8\xa9\x03\x93\
\xcf\xb9\x83>\xcd\x9e\xf0\xb4\xc9\xbc\x16\xee\xa8N\xbf?\
|\xdd\xa4\xc07g$.T\xd3\xa5\xe44\x16`\xee\
\xb4m\xbf\x9dQ\xabx\xba\xd6V\x92\xa2\xc8,~\x8a\
`\x1e\x81b\x22!4\xa4  !\x0c\xa8 \x84\x00\
i\xe2\xf1\x00\x0b\x17\x04,6@\x96\x0b`\xb9\x84\x1c\
\x1dA\x97K\xe8j\x05\xb9y\x13\xed\xb9g\x80\x93#\
\x5c|\xe3[\xf8\x8b_\xfd]\xfc\xf1\xef\xff\x19\xde\xd2\
\x11\xbb\xe1\x06\xba4\xect\xc2\x0e\xb9\x95p\x12\xc1\x08\
\x17\x06\x14\x91O\x80\x1a\xbeY\x0bhFG\x08\x05\xa3\
\x83\x19\xb5\xfa\x00s\xef?\xb7\xf8YY\x9a\x00\x0d?\
\xa7@\xd2Eb\xbf[\xf8\x5c\x99T\xc8\xa2\xd8\xbb\x8f\
g\xd5\xc8-\xe3\x5c\xf7\xb5M\xc1\x82\xe0d\xcf\xa7\x08\
g\xedL\xa1\x01\xfc\x1d\x96\x01\x8d\xa0C\x9b_\xb3<\
H\xb4G\x82\x0e#n\x80uPF\xe4|\x82\xa4#\
y]\x13\xd0\x0d\xa0]s\x8e\xba\x0b\x9f6\xa7m\xbe\
'\x14\x11$\xfa(\xce\x87\xd2\x0dK\xde\x95\x02\x0c\x15\
\xa8p\xb5\xba5\x98Jjpl\x7f\xb0\xc8\x18\xa5L\
\x09\x9cS\x0ft\xae\x80P\x93\x9b\xd5\x1d\x0fh\xa9\xb0\
)\x85f\xc9\xf6\x09H\xdf\x16\xf0>\x0cK,\x17K\
,\x8e\x8ep||\x0b7o=\x85;O?\x8f[\
\xb7N\xf0\xcb\xff\xeb\xff\x1d\x0f\xef\xbf\x9fBF\x99\xeb\
\xab\x00\x5c\xcb/k\x1b'\xe9\xf1E\x85(\xa7\xe2\xbc\
\xec=tu\xc5\x87\x0b\xdc\x7f\xc7\xca\xb7;7n\xdc\
\xc4?\xfa\xc7\xff\x0d\xc6i\xc2\xbd{\xf7\xf0\xf0\xc1C\
<xp\x1fg\xe7\x17\xd8l\xd6\x18G\x03\xff\xc9\x81\
J\xb5\xe4\xc6\x07\x89\xdd\x19\xa1\xd0\xd4Y$6\x90Q\
iLC\x12\x9d\xb5\xcc\xf0\xc2\xd0w\xb6\xe5\xa9h\xf1\
4_\xb13*i\x06\x9f\xb9\x22\xe0\xfeWo\x9b\x8d\
\xa3kqJ\x93\xbbK\x9019\xa9\xcd\xce\x08\xbd\x12\
\xb5&h\x06\x0fu\xc1%\x09\xd9\xcan\xad\xc5\x0a\x14\
\x07eJ\x16\xa2\x1ei\xef#'`4})\xdb\xcb\
m\xae\xf51\xfe\x81 M\xcd\xbf\x9a\xd1\x05n!\xf0\
\x91'\xe0\xaa\xa4\x16=\xdbJ\xe7m\xb1gY\xa6\xa5\
\xcc\x05\xc7\x80\xd6\x04\xff\x9d[\xf32H\xcf\x84\x88\xf4\
p\xe6\xd6\xbe\x14\x00bG\x01x\x98N\x0a\x01\xfbi\
{iIX\xc2N\xdd[\xc24\xff\xa5*\x8eZ\xc3\
b\x02\x8e\xc7s\xbcp|\x84\xd7\xbe\xf4)|\xe4\xc7\
\xbe\x17\xab\x8f\xbfbQ\xfco\x7f\x00\x9c\x9eC\x02\xf4\
\xb7\xc0n\x07\xd9\x8e\xd0\xad%\xe9\x11\x8f\xe2\xd7\xc9\xa2\
\xf5eR\xa8\xe6>}\x03\xf1\x9e\x8b\xcfC\xce-\xc2\
\xdfuM2&\x17\x10bk\x15\x1c\xdc)\x80v\xae\
\x15-\xd6\x22\x7f\xbfr>>\xefu\x92\x06mI\x14\
\xad\x1e\x92\x8c_\xcb5\x029\xe9\xaa\xb5`@\x023\
\xf5s\x9b\x5c\x9c\xcc\xc6\xc4B!\x0c8\xd3m\x02\x91\
!%\xbd\xb6H\xb7\x80\xc7\x06\xc8\xc2v\x0d`\xb5\xb0\
m\x93\xc3\x02:,\x81\x9b7\xd0\x9e\x7f\x1a\xf2\xcc]\
\x9c\xbf\xf1\x0e\xfe\xe2\xdf\xff\x06\xfe\xf8w\xfe\x04oi\
\xc7nqb\x89\x85\xd4\xcc\xf9t\x0d\x8c\x10\xb3\x10\xb8\
\xb6\xae\x90HE<y\xf7\x18 h)\x89}\xe7\x00\
l\x0e\xba\x13g\xa7\x16\xac\xb4\x10\xe46\xbe<\xa67\
]\x06\x00-\x02\xcd\x83\x0bi\x9d\x91\x18+(\x22W\
A\xb5P\xc6\x11\xc3\xbe\xf6\x0d\x90[\x044\x92\xd7\xaa\
\xdfS\xcf\xab\xcf@F#+\xe7\x00\xc2rR8\xeb\
\xe8\xe0V:*N\x14&\x82\x01\xba+\x07\xa1\xfd\xb7\
\xb4^\xeeY\x1d\x00;\xc8,,\xac,\x85t\x14W\
\x8a\x92\xc5\xb2\x0a\x0f\xe1\x98\xd0\xa4\x0e\xe7\xfb\x14\x16\x5c\
\xe7F\xb5\x12\xc7\xf3B\xbaM\xe1\xa5\xc6\xb34o\x8f\
\xc5i\xe5\xb3\xa9\xf8I\xd4\xa3\xe0\x19%^+-\x11\
\x92\xe3\x852v\xe4g\xac\xcc\x04\x81\xc1\x14\x13O\x16\
\xb4:>\xc1\x8d\x9bwp|r\x07O=\xfb\x02\xa0\
\x1b\xfc\xda\xbf\xfd\x9f\xb0\xdbm\x9c\x15\x5c\x8d\xb2\x15\x83\
\xf7\xb1\x1a{\xf7.\xe3\xb0?\xa3{\xcf\x1c|\xf8@\
\x81\xd77\xed\xea\x06\x8b\x07\xfd}\xf9\xcb?\x83\xe7^\
\xf8\x08\xde{\xef]\x9c\x9d\x9e\xe2\xfe\xfd\x078=;\
\xc5f\xbd\xc1n\xb7\xc58\xf5b\x06\xa1\xc6\xa3\x97\xea\
L\xc9+\xb5m\x03c\x89J9\x8e\x12\x84\xe0\xd3\x19\
\x94\x8b\x00s2\xc4H\x85\xaa)\x9d\xcfz\x5cL>\
\xfe\xd2\x15\xd2\x9aR4\x8d=\xfd\x0a\xf3\x19%q[\
Y\xe2\xda}\x1d\xb1\x16D\xcd\xcc\x03$\xf0\x5c\x5c\xd9\
k\x80[\xf4h\xe6\x87f<@l\x83s\xb4'p\
p\xd6\x1b\xdb\xe5}\x95\x18\xc74\xbb\x89\x1a\x90r\x01\
F\xf0\x1c\xb2\xff\xa6qs\x7f\xbfD\xe0\x9d=\xe7\xdb\
\xe9D!\xdd\xf7\xec\xf3\xb9K\xe5\xb9f.\x09\xee\xad\
5\xab\xbfS\x88\xc1\xccj0\xf8t\x0c\xc8\xb2\x18\xa9\
\xcf\x1d\x05L\xc7;\xf8\xf8\x0e0\xd3\xff &\x1c,\
a\x01~GM\xb0R\xe0h\xbb\xc1\x8b\xcb\x05^\xff\
\xe1\xcf\xe0\xc5\x9f\xfa\x22\x86\x17\x9fA\xff\xe0\x0c\xfd\xdd\
\xfbh\xeb5t\xb7\x83\xae\xb7\x90\xcdv\x96\x8e\xd7\xf6\
\xefOF@\x93k\xff\xea\xa6\xc4n\x19 \xd5s\xf0\
3\xa8\x0f\xb1\x9f\x9ft\x03C\xe4\xb0/\xfb \xd7\xf4\
\xd7\xa4\x81P\x0d5\xfe)\xe7\x98\x1c\xd7M\xca\xe2\x8f\
4_[\xb3m\xb4I\xd9\xa9\x89\x16&k\x0b\x8c\xce\
\x1f\x0d \xa7\x00K\x13?]\x00\x14\x0e\x0c\x98\xd2Y\
e\xdb\x04\x99LH\x8a;@\x1d\xf8-6\x00!\x18\
\xf8\x8e\x81E\x83,\x97\xd0\xd6\x00\xba\x06V+\xe8\x8d\
c\x0c/>\x07y\xe6)\x5c|\xeb-\xfc\xf1/\xfd\
\x0a\xfe\xf3\xef\xff\x19\xde\xc7\x80\xbe8\xc2\xa8\x1d[U\
\x8c\x22\xd8A\xb0\x83bT\x9a\xf9\xc5R\x0d\x8b\x05\x0b\
2\x82\xbf\xc3\x5c\x05\xf4\xfd\xd7-\x81\x5cuL64\
9\x1f\xa1\xa6m'#\xda\x98\xd6@>\x0a\x1c\x9dc\
\xcfi\x96\x04h\xc0\xdd\x0e\xce[(\x94\x18\x19\xf8<\
D4~Q\x8a\x84\x87.\xa9?\x9fV\x01\xfb\xe7\xcf\
\xa1X\x0e\x1c\x00\xa7\x02\xfa\xf9\x5c\xf1\xb5\x13|E\xa2\
.\x02-\xe9\xcc\xce\x1c\x18\xec9\xd5x'\x92\x0c\xf1\
\x13t\x05\xe7\xbf\xa9\xa5w\xd2`\x92d\x8c\xb5\xb5\x95\
d\xeeL\x08\x9a\xc1x\x11\x15N\xf0.\xd6\xda\x02\xcc\
5\x06\x90\xff\x09\xa1\xc7\xcb\xadB\x0a\xf1\xa2\x0a\x0f\xf5\
#{\xcf\x07\xe0\xc4l\x86\x94d\xcaG\x13\xb3\x04\xac\
V8:\xbe\x11B\xc0s/\xbc\x82w\xde\xfc\x13\xfc\
\xeeo\xff\x12\x84\xe9\x82\xaf\xf8\x1c\xc2\xea\xfd\xebW=\
s\xe5s\xd7\x81\xbb`\xff\xe9'\x13\x02h\xfa\xff\xbe\
/~\x09\xdf\xf37\xbf\x807\xdf|\x13\xeb\x8b\x0b<\
|\xf0\x10\x0f\x1f>\xf4\xa0\xbf-\xa6i\xf2--\x1a\
\xe0\x0dp\xc2\xb3<2@\xf8\xc4\xc4\x09]\xbeuM\
\x03\xf5\x11\x13\x1b\xe6%\xf5e\xc0I/\xa6\x0f2>\
c\xc4\xe2\x04Z\xf3Q\x17 .\x8b6\x19\xa7\xe6\x8a\
@\x96Ki\x15\xe5\x16;H\x13\x97\xb5_R\xa0\x08\
\xab\x01bQ\xc4u$8\x86\xcc\xea\xe6v3R\x08\
\xc4}\xdc\x14v\x06F\xb9\xb2=\xae\x01\xf0@\x1eH\
\xfa\xdf\x01\x84\xc6\xcd6ZY%u\xaf3=_\xf2\
\x11\xacG\x93|\x83\xa0uD\xf4~d\xda\x13\x09a\
DB \xca\xfc\xda\xcc\xd9\x1f&\x7fe$\x7f\x029\
4]\x00\xd4\xe2\x99\xb6\x97Y\x06\x17l\x83f\x99\x83\
x\xd4\xbe[\x1a,\xa2\x1fX\x02\x18\xd0\xb1\x10\xc1\x11\
\x80\xa3\xf5\x0e\xcf4\xc5\xa7\xbe\xf7\x13x\xf5\xef\xff-\
,?\xfe\x22\xfa\x87g\xd0\xf7\xeeC\xce7\x06\xf6\x9b\
-t\xb3\x85l\xb7\xd0\x8d\x05\xf7a\xec\xd0\x9dk\xf7\
\x93g\xe9s\xc0n\xc6Q\x0d\x9c\xbb'\x9a\x0a:w\
\xe0\xf7\xeb\x892\x1a\x1a?\x11\x83\x01\xa6\x04r\x81k\
\xfb*\x00<\xea\xdf-3\x97L\x89\x8e\x06v{J\
\xed\x07E\xd0-\x1c!!\x89\x80\x84\xe4\xcad\xa8\xfe\
\xae\x91\x99\x9b\x93\x9b\x80~\x82d\xc4-49\xf5\xc3\
a\xcc\x90\xd0\x5c\xa8\x00\x22\xb7@\xb3k\xda\x06_\x00\
nU\xf0m\x84a\x19X.\xa1GG\x90\xe3#\xf4\
\xd5\x0ar\xe3\x08\xed\x85g!wn\xe1\xe1\x9f~\x05\
\xbf\xf7o~\x15\x7f\xf8\xad\xb7p\xda\x96\xe8m\x81\x8d\
\xa6K\xc0\xac\x01\xbec\x00\xf5\xec\x01qm^gq\
\x03q\x0e\x81R\xeb&X\xab\x83:\xcd\xef\x04x\x0a\
\x044\x87\x0bT\x06L\xee\xbe\x0cw\x02\xc8\x96\xe8^\
\xa0<g\xbf\x99\xea\xd8\x04\x05\x82T\x88\xfd\x11O\xc0\
OG\x0a+Q>\x90\x81\x8b`Za\xf1)\xa2P\
\xc0\xf7\x9d@\x84\xef\xb0\x8d\xce\xa7Z\x1eXT\xf9b\
\x1c\xebK\xaa\xa8\xc2I\x08\xb0\x02\x15ZY\xe1\xe5\xb5\
\x02\xc0\xfe\xba\xb0U\xf6\x83\xbb\x01\xaa\xe5U\x5c@\x22\
M2\x80:X\xbfPt\xf5\xb6\x16_C\xb8F\xab\
U,[\x8e\xe0\xd8\x85W\x9b+\xac\xa5\xe0@^M\
\xa1\x08\xde\x9e\x82=\xa4\x7f\x94\xb2\xb8EpX\x98\x10\
prr\x0b'7\xef\xe2\xe4\xc6]<\xff\x91\x97\xf0\
\xbb\xbf\xf5\xaf\xf1\xe6\xb7\xfe<\x05\x92\x1c\x92\x99\x9b%\
\xdb:\xff\xec\x03?\xdb\xab\x87\x1e>\xf0\xfc\xb5\x9f}\
\xf3\xc1\xe3|\x98\xec\xe7\xa3\x1f}\x05_\xfe\xe9\x9f\xc3\
\xbb\xef\xbec\x87\xfb\x9c\x9e\xe2\xf4\xec\x14\xe7g\xe7\xd8\
l\xb7\x98\xc6\x11]{&\x22\xf1:\xfa\xa5\xca\x94\xff\
\x07\x08~\x07\xda\xc9\xb9\xa8\x8b\xa3\x82j9\x92\xdaL\
\xb3\xee\xab\xe1j\x0b\x93S\xfcW\x1cL{\x19\x035\
M\xa6\x04\x89\x04\xe8k\xb2\xd04\x13%\xf1'\xfb\xac\
\xdf\xadA3\x97\x82\x16\xcd?\xd8q\xbe\x93\xc2G\xf9\
\x1b\xb4\xad\x99\xc8\x07\x88\xed}\x14n\xb8\x8f\xdfv1\
\x1cp\x0fx\x1fh\xfeb\xbd5\xd5\xee\xa0f\xce\xcc\
\x83\x84,\xf2>S\xfb\xa6K\x80\xeb\x86y\xf4\xd9.\
{\xae\x94/2\xcb\xcd\xcf\xb2\x07\x1f\x934\xe1\x97\x18\
\x01\x0a0\xd0\x08\x02d;\xcd\x0d`\x82\xc2B\xcc\xbc\
?\xd0\xd4\x0f\xe0H-\xb2\x7f\xb1\xdd\xe1\xe9\xbe\xc5'\
^\x7f\x11\xaf\xfd\xf4\xdf\xc2\xc9\xe7_C?;\x87\xbe\
\xfb\x00\xb8 \xd8\xef \xeb\x9dm\xe1\xdbzV\xbeq\
\x02\xc6\x09\xca\xad{]\xa1\x1e\xd5o~y\xa7\x077\
\xd1G\xde\x0a\xb7\x15\xab\x0b\x00\x06\xe6\x09\xf2\xf0\xd3\xc5\
(\xf4\xb0\xacX\x80!\x1c \x18\x9a\xc5\xaf\x94\x18\x81\
\x0a\xe3^\x97\x15\xa7\x118U\x09\x88\xa6`jVR\
\xd7\x90\x1a`\xe7\x9a*\xeb\x02\x08\xe6J\xf3\xbe\x81\xbd\
\x00\xa2n\xb5bl\x80\xcd|\xc4\xe8\xd0\x1a @\xa4\
\x15v\xab@\x07\xe3\x03L0\x10\x0f\x16Dk\x90\xc5\
\x02\xb2\xb2\xb8\x00]-!GK\xe8b\x05=:\xc2\
\xe2\xc5\xe7\x80\xa3%\xde\xfa\x8d\xdf\xc7\xef\xfd\x87_\xc3\
W\xce.p:\xdc0\xcd^;vb[\x05\xedH\
c\xf3\xf5[\x1e\x01\xfb=\x09\xfcL\x82t\x010]\
\xb0BC\xfb\x0f\xcd\x5cJ`\xa1\x8f\x05\xd3\x06+\xf6\
\x0f \xda\x13\x12\x0a\xf8Q\xabV$\xef\xa3\xc0\xa1Q\
\xb6\xcd\x1b\xcd\xfc\x04\x1c\xf56r\xdb\x1f\xb3?\xf0\xc3\
-\x7fl\xb7\x81J\xe1F\x9a\xdb\x18\x0dDi\x1e\xd7\
\xe0\xcbpa\x06am\x90\x04{E\xb8\x9a\xaa\x126\
\xdf\x89\x92(\xc6m\xa6\xb4J$g,@\xea\xcf\xc0\
\x85\x11Z\xb2\x82\x1e\x0b%BlM\x04]\x15~\x09\
\x0a)Be\xc6\xeeD_\xc9gg\xc1\x92\xde\x13\xfa\
\xf6+\xb0\xb7j!\xc3\xcc*A\xc0\xcf\xf8\x98t\x19\
\xb0O\xc3\xb0\xc0r\xb1\xc4\xea\xe8\x04G'\xb7pr\
\xe3\x0en\xdf}\x16\xab\xa3\x86_\xff\x0f\xff3\xb6\xeb\
s\x9f\x93\xcb`{H\x00x\x1c \xaf\xcfdK\xaf\
y\xef*I\xe3\xb1\xa5\x067\xe9,\x97+\xfc\x83\x7f\
\xf8\x8f m\xc0\xfb\xef\xbf\x87\xd3\xd3S\x9c\x9e\x9e\xe2\
\xec\xfc\x0c\xdb\xcd\x16\xbb\xddh\x9avW\xf7;\x911\
\x92\x86$\xfd\xa1\xb0\xdf\x81\xb5\x0c\x82\xe9=\xea\x8b\xb6\
i\xedb\x09\xeep\x01\x22}>\xe0.\x1c\xdb\x83K\
\x0e\x17b\x17]\x12\xd4\xba\x01\x9eV\x15\xce&\x0e\xa7\
QC\xb4\xaf\xf9\xc2a\xcb\x93h\xed\x01%\xc0\xba\xd0\
\xc3\x92\x18\xf3\xc0\x88}\xa65f4\xbc\xaaVy;\
\x00@\xa2\x9c\x96\xef\x80~\xf3\x94\x88\x03\xc4I\xc4\xa2\
n:o~?\x17N=\xf6\x964\xd1\xb4\x0a\x06\xf4\
\xad\xcf\x85\x86\x00\xe8\x10\x0e4\xb4\xfd\xe6\xe5\x85{\x82\
 \xee\xd78\x1e\xcc\xbb\x7fhK\x9f\xb9\x1b\xac\xac\x08\
\xe8\xd3\xee\x02\x88\xd1\x88\xed\xe7\xcf ?\x03}\xc5R\
,\x89\xcf\x89\x08\x8e\xba\xe0x{\x8eW\x9f\xbb\x8bO\
\xfd\xcc\x17q\xe7\x0b\x9f\x82\xaeG\xf4\xf7\xee\x03\xe7\x17\
\x16\xdc\xb7\x19\x81\xcd\x08\xd9\xee,\xa8o\xf4\xfd\xf9\xd3\
\x08\x19}\xdb^\xef\x1e\xd0\x07\x0b\xf2S\xb8\x15\xc0i\
\xc3}\xff\xb1\xae&\xa7\x0d\x17\x0eh\x99\xc2\x0c\xe4\x91\
~|-B\x03\xe9;\x82\x06\xc9\x84\x10\x9a~\xac\x04\
\x82>\xc4v\xcd\x06\xc4\x90$\xb9b|=$\xb7\x9a\
3OGo&\xb9\xd2\x19Ctp\x873JZ\x00\
\xbc<\x03\x06\xc6\x0a\xb8\x00\xdaRP\xc0`\xae\x02\x03\
}w\x09\x0c\x0d\xdc\xb3\x0eO<\x04\x9e50\xb80\
\xb0X@\x97t\x0f,\x80\xc5\x0a\xea\xbb\x07\xda\xad\x1b\
h\x1f}\x0ez\xb1\xc6\xd7\xfe\xfdo\xe0\xd7\x7f\xeb?\
\xe3\xdb\x10\xe8\xe2\x08\x93\xef\x16\xd8\x01X\x03&\x00\xa8\
\xb9\x002\xd3`\x06\x0bvHX\x09\x14\x884\xc3\x01\
\xee(`\xef\x01n\x06\xf8\xfe|y\xae3\x96\x08(\
3A\xbf{\xce--\x07\x04l\xf8\x1cW!!\xde\
\x15F\x9f\xfb\xce\x04-`\x1fA|\x12\xc2\x8a\x12\xdc\
\xf8\xbe\xf3\x01&W#(\x03\xe4\xc9\xbe\xf2\x5c\x9a\xd5\
\xa0\x93lS\xe4\xe0wa\xc7\xd8\xe1\xdc\xc2P\xeb\x22\
\xd8\x9a<\xa1A\xaafImnP\xa8\x90Uh\xb4\
\xdc!\xbf\x0dZ$\xcd\x85\xd2A\xc2\xa4\xa0 \xb1\xa6\
@a\xc1\xc7\x8b\x16\x8f\xc0\x05\xe7\xa9*\xf0\x180\xae\
\x07\x8a/\xd4\xfe\x0b\x5c`\xd68\x1f\x87\x8c\x99\xe0z\
Y\xb6\x05\x16\xab\x15VG7pr\xf3.\x8eOn\
\xe2\x99\xe7^\xc4\x87\xf7\xbe\x85\xdf\xfd\xcd\x7fs\xf9\xf8\
\xe0\x03\x9f\xc7\xc5\xe2}\xf0g\x13\x17\xd7\xbdtU\xc1\
\x8f\x05\xfe\xf0\x01\xed\x1d_\xfa\x81\x1f\xc2\xcd[\xb7\xf1\
\xc6\x1b\xdf\xc6\xc5\xc5\x05\xce\xcf\xcfqqq\x81\xddf\
\x87q7F'\x83\xc9\xf4\x94\x12\xc9\xd4\x22\xc9O\xf0\
\xb4dn\xc1t\x90\x98O\x1f%\xaf1\xe2\xb5\xa6\xcc\
\xb5F:\xe1\x95\xc0\xfdp\x17\x00HY9'\xd8\x04\
\x85\x148b\x19:\xf8\x83\xc2\x89&U(\xb8\xcf>\
\x17\x98\xf7(\x184\xc5\x97\x99\xcfU\xb2=\x94H\xc3\
\xc4\x0bzU\x9dP\xb5L\xb2\xf7\xcb\xb4\xfe\x1e1\x02\
vM\xa2\xce\xe8g\xa7K@)u\xb9\xd6\xce\xba%\
\xc0=\xf812\xd3\x1e\x17Pd\x12\xf4\xf1\x88w\x90\
 /\xd1\x86\xfa[c:\x12*R\xf0\x98\x1f\x04d\
~|qmw\x90\x16f\xfdA3u\xef\x80\xe6\xa0\
\xef\xc7\xf3\x02X\xaab%\xbe\xado!X\x9dm\xf1\
\xe2\x00|\xfa\xa7\xbe\x80\x17\x7f\xf6K\x90\xe5\x12\xd3\xb7\
\xde\x85<8E\xdbl\xa1\x17\x1b\xe8v\x0b\xd9\xfaQ\
\xbb;3\xedk\xef\x06\xfc\x13M\xfeZ\x02\xfbzj\
\xe7\x04\xe8\x19x\xf37\xa2\x8f\x16\xd8\x07\x88\x9fC\x11\
B\x00\x09:\x02\x06\x91BDO\x17B-'\xcc\xb5\
1\xbf\xb6\x0e\xe9\xa2\x22\xf5\x94\xc5\x12L\xd4RX\x0f\
N\xe7\xbd\x98]\x93~h\xfd\x12\xd2\xa0\xc0\xc6\x81\xe6\
U\xc2a9Z\xd8\xe4d\x1a\xb7]X\xe8f\x19\xc0\
\xa0\xc0\xe8L\x97\x96.\x85\x0b\x1b\x93\xf9\xfc{\xb3\xb5\
\xa8j\x96\x95\xa9A\x06n\x95\xec\x90q\x80\xec&\xe8\
0\x9a \xb0\xb2\xcc\x8a\xd3\xc5\x06x\xe66>\xf1\xf7\
\x7f\x0c/~\xd7g\xf0\x9f\xfe\xd5\xbf\xc5\xef\xbc\xf5\x0e\
\xce\x86\x1bX)W\xbb\xc4\x9a\xa2\xbf7\xf9\x0b\x176\
\x87\xcb\x12\xe2Z\xa0i\x9a\xb2[\xf4\xda\xdca\x164\
\x5c\xb9\x83?W\xb5}\xa7wENC\xa4\xfb.\x88\
F\x17Z\x17\x82\x99m\xef\x9d$\xb9\x14J\x1bl\xad\
\x17\xc0$\xd3\xe2oPP1\x05E=jV{f\
C\x8d\xb6E\x05~\xc1\x8f#\x16\xa9\xb4\x90cQ\xd7\
4\xbcl\xf51LQ\xc0\xc5\x8b\x0a\xfe\xf1\x8c\x0fF\
K\xfe7\xab\x08\x12\xea\x18\x81\x9cs\x90i\x8a\x9d\x9e\
\xcb(H+\xb1\x08L\x14\x17\xcaT\xceOb\x9b\xf3\
\xe9\xe0\xe1f\x91i\xd5\xba@\x81'\xa0F#\x88\x11\
\xb5\x8d\xa8\x82\x05\xdfUL\xda!\xd3\x88\xddn\x83\xb6\
>\xc7\xb0X\xe0\xfe\x87\xef\xe3\xb9\x17>\x8e\x97_\xfd\
4\xbe\xfd\xcd?\xbd\xe4\x0a\xd8\xffT.\xfe\xb8\xb8\x5c\
?\x8b\xfd\x17c\xbc%\x89\xf3\x92Ps\xc5gF+\
b\xd2\xcb\xab\xaf\xbe\x86O\x7f\xe6sx\xf3\xad\xb7\xb0\
^\xafqq~\x8e\xcdz\x1d\xc7\xfa\x12\xfc\xbbGB\
\x8b\xe4>\xca@\x90\xc0\xe0\x1cD\xbb\xa41\xf8\x0af\
rr\xd3\x98\x18\xa9\x90\x82\x99\xbf>\x09\x94\x8b3\x01\
\xb5^M\xe0-}\x0bMJ\xcb\xa4\x97\xb5\xb5\xff<\
RP!1*\x01 \x9e\xa2\x10\x90\xf5\x89K\xd9\xe1\
{\x07\x99\x07\xc0H[[NE\x0ae\xb6\xbe\xd9<\
\x90\xe1\x07\xab\x0e!\x85\xd1\xf0\xfc\xb4\x10T44\xf0\
\xdc\xc6S]\x0d\x0e\xf8\x8d\xfeu\x1b\xe2\xe6\xe0\x95\xc9\
\x85\x14\xa2\x0d\x0aF\xa6\xc3\x05\x0c\xcf\x9e\xc0k\x8cF\
V\x06\x06rm2\xc0\xc7\xc6\x97\x16\x03\x13\x0e\xd2B\
1\x88Y\x06\x06\x114\xed\xb1k\x801\x02\xb6\xa5\x0f\
\x11\xd9\xbf\x04\xb0j\x82\xd5\xa4\xb8sv\x8eO\xbd\xfe\
\x22>\xf5\xcf\x7f\x12G\x9f\xfe\x18\xa67\xdf\x87|\xfd\
m\xc8\xd9\x1a\xb8\xd8@\xd7k\xdb\xc3\xbf\xddA\xb7\x1e\
\xdc\xd7;\xfad\x07\xf1\xf0$\xbe<\x91/\xb7\xf3\xf1\
\xbb\x84\xdf\x9f\x82@\x01j2\x9e8\xb4\x87\xc2\x18\xfd\
\xf7\x06\x84\x1aBA\x0a\x01<\x04\x88\xd7c\x9d\x9a\x14\
\xc1\xa9\x0f\xd0F\x08\x18\xa9\xf5\xd9\x17\x0a\xb2\xce\xa8\x15\
\xd0\xc8K\x97s9c_\xee\x07&=\x91G\x82R\
\x1e\xc8\xcf;\xba\xfb\x9aM\x8b\xe2\xfb\x5cJ\x02\xb4\x0e\
B\x97\xc5\xf0\xd0\xc4k\x01\x90*\x02\x1d\xac,0\xf3\
d\x9f \x03\xc7\xd0\xc6Z\x86\xc9b\x06\x16\x0bK\x9b\
<\xaa\xed\xc2\xd8M\xc0v\x87\xe9\x833\x1c\xbf\xf04\
~\xe8\x7f\xf8'\xf8\xd8\xaf\xfe6~\xe5W~\x1b\xdf\
\xee\x0a\x19\x8ecl\x08M\x16\x14\xea}\x89\x93\x11\xb9\
j\x09\x916\xb2S\xac.\x0d\xa1V\xf7x\xc7\x1c\xdc\
\x8c\x96\xab\xd1\xbbI\x82\x1a\xcf\x00\xa3\xa8\x04\xf8\x9c\x15\
L\xe4\xa2\x08n\xa5\xc6o\xb9V \x1e\xe4\x09ad\
N\x80$\xdbC\xf7\xdc~\x1b\x93[%\x83\xf3\xb3\xca\
\x12\xd3h\x01\x08\x9e\xa9\xc8C~\xc4\xdc_\xadYP\
b\x15N%\xeb\x0e\xc2\xe1\xc0\xbb`\x14n\x80\xe0\xe5\
^GQp\x82\x03\x86b\xe5CR\x9e\x9f\xa9\xdbH\
\xf0\x97:He\x96b.P^\x03i9\xad\xae!\
\xfc\x14\xc9\x88Y]g\xf8\x81\xecS\x94\xe6<L\xd1\
\x81n\x16\xb4i\x9c\x00l1\x0ckl\xd7\x0b\xb4\xb6\
\xc0\xe9\x83\x07\xf8\xe4g\xbe\x1f\xf7\xde}\x03\x17\x9b\xb3\
h\xeb_\xe6\xc37\xab\xa0p\xe8\xfe\xec\xc2\xec\x8b>\
~\xd5\xb50\x11\xc1j\xb5\xc2?\xf8\xf9\x7f\x02\x15\xc1\
\xbb\xef\xbcm\x99\xfeNOqq\xb1\xc6v\xb7\xb3\xfd\
\xfe\xce\xdcTs\x89\xd5\xc9\xa1\xdfg>-$\x12N\
60O\xc4\xc3k:kYJS\x06NV\x04\x97\
\xbdO\xb2\x00\x19\x008\x1f6\x9ah-p\xa5\xf8\xf3\
\x15\x11a]\xc7/\x0c\x1a\x9aKq?H\x8b\xfb\xd2\
\xd5\xa5z\x13N\x94|9\xc1\x1f\xc9_)a\xf2\xc0\
\x1e\x1b\x14\x82oj\xe1F\x90\x19\x0c\xc8@9\xa0\x98\
\xdda_\x1a\xa89\x8b\x0b\x08=\x00\x1a\xd0b\x9aG\
\xbc\x9fn\x05Z\x01z\xe4\xe7\x17\x1f\xc7\x01\xb4\x12P\
@\xf1\x9d\x01\x0cZD\xa6\x14\xa6\xbb\x80>}\x0a\x03\
\xb1\x8f\x1f\xdc\x1d`[\xf6Dz\x1c\xd6\xd3`\x11\xfc\
\xdc\xf6\xb7\xf0z\x07\xb8\xb6\xaf\x8a#\x05V\xada\xb5\
^\xe3\x95\xe3\x01\x9f\xff\x99/\xe1\x99\xbf\xfb\xb7\xa0\xbb\
\x11\xfd\x8dw!\xa7\x17\xd0\xf3\x0dp\xb6\x06\xd6\x1b`\
\xb3\x85\xec&\xf4\xd1r\xf1c\x1c=\xb2\xdf\xc1\x97\xa0\
\x1ef\x7f\xd7\xcc\xfd{h\xa7\x8a\x10\x00\xb4\xb8\x00\xe0\
V\x00&\xa7\xa2_\xde\xc8\x99\xda}\x11\x18\xba\x97\x8b\
\x22\x08\xd0J\xe3\x8c5\xe8\xbb2@\xc5\x9c\x11\xd7\xfa\
\x9d\x9e\xaa{\x8d\xefd\xb6O@i\x82w\xc1<R\
\xa4\x86\xc5\xc1\x81\xdd\x99u\x80}\x01L\xe3\xebe\xfb\
X\xf3r\xfcy\x11K\xba\xac\xb3\xeb\xb9O\x1d\x83\xe5\
\x0c\x80\x08d!`\xac@\xc4\x04x|\x80J\xd9>\
\xb8\xb4\xa3\x89e\xb5B\x1f\x06\xe0\xd6\x09\x86\x17\x9f\xc7\
\xe6\x9d\xf7\xf0\x1f\xff?\xff\x01\xbf\xf9\xc6\xdb8\x1bn\
`R\xc5F\x15[\xb1\x83\x85&\xc9\xdd\x02\x96C\xc0\
\xfd\xeb\xf0\xa0@\xdb<\x17\xdb\xf3\xd25\x00\xcc\xb7\xe0\
Y\x94=\xdd\x09\xd4\xbc}\x96\xdc<\xef&k\xd88\
j\xb8\x17R\xf00W@w\xd0\xb3\xcf\xec\x94B\x8e\
/<v@Z\xc4\x00$\x00\xb8\x22 \xf0C\x8fl\
>x\x22\xdd\xe4l6\x9euA\x86&~\xd2G\xb8\
!Ts\x9e\x9cO9C\xc9:\xf9[\x89\xf9\xa4\xb3\
=S\xbe\x08\xea\x01j\xc9\xe5\x1dDESd!_\
\x0c\xba\xe7\xfb\x1c\xadBs@\xb8\xacr\x8f=\xd3-\
k\xb4\x95M-\x0a?\x22\xb85e\x14\xa3\xbd\x12\x8d\
\x97'\x0d\x9a\xb2\x99;\xba\x12\xc9\x10\xed\xcb\xda\x22O\
\x8bH\x9c\x1c\xb8:\xba\x81\x93\x1bw\xec\xbc\x80g^\
\xc4\xfb\xef|\x05\x7f\xf8{\xff\x1e\xf5\xe8\xe0K\x9fl\
\xcac\xe1\xf4\xbe\x00\xb0\xa87\xaa\xa4\xb0_\xda\xa1\x0a\
d\xefQ\xfe\xcd\xa8\xff\xef\xc7\xcd[\xb7\xf0\xado}\
\x13\xeb\x8b5.\xce/\xb0^[\xa2\x9fi\x9c\x5c\xb3\
\xa1\xf4]5\x13'\x92\xfd\xc6\xcc\xa4\xb8=\xa9\xa6H\
{\x89T\x05\xb8\x8b)E.\xc9yE\x9aS\x12'\
\xdf\xb6\xd9\xefR\x06\x8f\x84\xaa\x0cvK\xab\x92s\xce\
\x14F\x14n\xae\x98R\xbcI\x0aCz\xdb\x5czt\
\xb3+\xb5]\x92q\x10'\xbb\xc7B\xb4\xd4\xe7\x16\x94\
\xec\xbd\xf7\xa3I\x01{\xd7\xfc\xebX:\xd2\x98O\xbe\
gkf\xd7)\x00I\x1c\x98\x03\xb4\x0ch\xd3\x04\x1d\
\x13@$\x84\x16\x0a'\x11\x84\x08\x84\xff>b\x07\xe2\
\xd9lW\x80\xbf\x8f1\xb7\x14\xda\xfe\xfe\x9c#\x03\x7f\
\x07~1\x0dk\x09\x84\xf9\x7f%\x96\xc5o\xd5\x157\
\xd7g\xf8\xcc\xa7_\xc6g\xff\xd9\x8fc\xf1\xb1\x970\
\xbd\xf9\x01\xf0\xc1}\xc8\xc5\x05\xf4b\x0d=\xdf@\xd6\
[`\xed\x99\xfc</?\xbaZ\x12\x1f\x85\x9b\xa0\xe7\
\xdb\xf6\x84f\x7f\xa8'\xfaq\xb7V\x98\xee\xb58x\
1\x13 \x5cJ4\xe60\x15\x7f*\xf7\xfc\x03\x1eX\
\x98\x02\x86\x0d\xbb&\x098\xf1\x1a\xfd\x8a\xef\xe9\x0f\x14\
\xc9\xb5\xea\xefE\xd45\xdb\xe6\x80\x9e'NV*\xc2\
,\xf8\xd0\x00\x80\x0c\x5cl=(\x10I\x82\xc8\xe8D\
@]\xd6\xfa\xa4)\x04x?:\xbae@\x03\xa0\xcd\
\x83q'0\xf0\x04\x80\x1d\xf7\x1dV\x02\xa8\xed\x10@\
\x83\xc8d\xa7\x0f\xeah\x82\xc1\xd4\xa1\xad\x03m\x02\xc6\
\x06,F`\xbb\x00\x96;\xf4\xcd\xd6R\x0cow\x98\
N\xd7X~\xe4i\xfc\xe0?\xfd\x19|\xe4\xd7\xfe#\
\xfe\xed\xaf\xfd\x1e\xde\xc4\x02G\x8b\xc1R/K\xba\xa8\
\xd8Pe\x7f\x94\xbf\xb9\xda]W\x0f\xcb\x9c}\x98P\
\xb1K\xc6\xb2\xc0WW\x03s\xff#z\xe5\x93\x1c%\
P\x00\xee.\x1c\x18\x9d\xb74\x97#^\xb2\xb5RL\
1\x91\xcb!\xe6\x15y/\xf8\x84\xdb\xfa\xb4\xc7\x5c\xd5\
\xc05U\x96\xef\xe0\xa9\x84d\xd6\xc8z\xaa\xd6\x9d\xe5\
\x87\xdb' O\xe3\xbd\xfc\xe6\x1de\x1e\x8c:\xe4q\
\x9f\xdfh\x891E\xa9k\x02x\xd5\xb4\xc5\xfd\xf4u\
O\xbe\x13\x9ds6\xb76\x0b\xebF5\x08 \xac \
\xea\xe9\xb6Q\xfaQ\xd6Y\xbe\xc0c\xb8Y\x9c\xc6\x5c\
\x04\x87*;\xc9h\xe1R\x1fd\xfb\xd31\x8e#\xa4\
m\xd16gh\xc3\x02\x0f\x1f|\x80\xe7^\xfc$\x9e\
}\xeb\xabx\xff\x9do\x962\xe7X\x1c\xa19\x8f@\
\xff}\xac\xe6\xef\x10\x00\x0e\x81{\xbd\xa6\x07\xee\x1d\xaa\
\xb3\x89\xa5\xd1}\xee\xb9\xe7\xf1\xe9O\x7f\x16\xef\xbf\xf7\
\x1e\xb6\x9bM\x01\x7f\xcb\xf1?N=\x06\x98 \xcb%\
Em\xda\xc0\xa7\xa5\x96.\xfb\x80\x850\xa5\xce\x8e\x9e\
,\x0c/5\x94j2\xe3\xc0[gf9\xa7\xb9\xc0\
5S\x0f\x91HYG\xef\x1a\x87\xebTS\x10\x9f\xe5\
bI\xf3U\xbd\x8e\x90\x10g[\x16\xe1\xc4\xad\x9e\x9d\
\xaf;\x10sA\xa2\xf8\x9f4\x1b/\xa5?\xb4Lx\
\xb8o4J$\xc7\x0b\x9eq\xac\x15\x8a\xa0;\x80c\
\x12\xfex\xa0\x80\xb8\xd57P\xf0p\xa0e{Z3\
\x13<\xa1\xdb\x84\x84\xdc\x85\x10\xf1\x07`\xd0^\x0aO\
\x0eY\xd6\x07_\x84\xe6B\xa0E\xc0@*#\xff\x19\
\x00hV\x08\x9e\xd0\xc7-~K\x08Vb\xa6\xff\x15\
\x04\xabA\xb0\xbc\xd8\xe1\xc5\x06|\xfe\xe7\xff+|\xf4\
\xef}\x11\xfd|\x8b\xe9\xcf\xdf\x80\x9c\x9d\x03\x17\x17\xc0\
\xf9\xda\x80\x7f\xe3\x01\x7f[3\xf7\xcb\xd4\xcd\x94LM\
\xbf\xbb9\x9f6QO\xdcc\xc2^9\x81\xafS0\
\xe03\x04\x8a\x04\xe5\xb4;\xd3\x9c\xef\xa0\xda\xcd\xa4\x1a\
B?-\x00\xe5\x9dV\xae\xc5TR\x00\x81\xcd\xa9\x87\
\xa8'\x80K\xbe?\xdb\x22F\x81!\xd6\x14\xd7\x80\xaf\
\x19\x014$`\xd2\x95k:.\x5c\xc2-L:\xa9\
Q\x8dG\xfe\x97%h\xeb\xa7\xc1vC\x90\xb6%Z\
\x002\xcb\xd9K`\xdd\x0a\xed\xb4\x90\xd9\x815\xd2\x1a\
D'\x98%`\x822\x0a\x95\xdb\x08{\x07\xa4C\xc7\
\x06YL\x16\xbf\xb1\x18\xed0\xa6o\x8e\x98\xee\x9c\xe0\
\xf5\x1f\xf8\x22\x9e}\xe9e\xfc\xbb\x7f\xfd\xef\xf0\x87g\
g\x90\xe1\x04\xd2;\xb6ul\xbcm\x0d\x82]\x04\xd6\
\xba\xd8\xee\xf4\xd9\x91\x00\xeb\x0c)xK\x82\x1e\xc2]\
\xd8\x84\x81r&(O\x04\xe8\xe0\xd0\x12\x96?\x13\x94\
\xe6\xdc\xd6\x86\xd2\x93\xf7\x88\x05\xd7f\x96:\x12N\x82\
,\xb5\xde\xe0t\xa1\xb9\xc2\x858\x8b]\x88m\x80\x01\
\xdb\x09\xc4lB\xa5\x91\x04y\x8dvF\xecC\xf0A\
\x14\x00S\xe4\xe8\x955\xd0\xe6f\xf6\xa8\xb2\x82.\xf9\
\x1a3a\x0a\xb9\x86\xa6\xdaB+\x00\x05\x10\xcdvT\
\x00\x8d]\x0c0\x8biMbT\x05\x9c\xd8\xfe-\xec\
\xb7f\x7f\xa5\xf4\x0d\x1aJ`\xcc\x14\x9f/\x0aZ\x90\
6\x03E\xa1\xc0d!\xa6\xe3\xb8E\xdb\x0aZ[B\
\xa4a\xb1<\xc2\xc7?\xf57\xf1\xe1\xfbo\xa2w\x86\
\x99&-\x05\x06\x07\x8f\xcd\xcf>6\x1f\xc2j\xc5\x15\
A\x80r\xc55-\xf7\xf6\x05\x84Z\xa8\x88\xe0\xfb\xbe\
\xef\xfb\xb1\xd9nq~zfA\x7f\xeb\x0bK\xf43\
\x8e\x98\xfa\x04j\x85\xb9\xcdO\xf9rh1dB\xb1\
&\xca \xd6\xca\xc9\x173\x09\x8e\xb7P\x10\xd20\x81\
0\xd2\x0b;\xd1\xd3\x0c\x05\xbfZ\xb5\xf7N`%!\
1\xbbZ\xae\x80\xd4\xb8cV\xfa\xac\xecY\xbb\xd9\x10\
u@\x0c\x81&\x19`5\xe7\xb2`\x91\xe6\xcc\xbd\xa3\
\xb9\xf5\x82]M<\xce\x99\x11I\xfd\x84D\x1b\xbeA\
\xcdwh:\x0f\x01\xc2\x89\x1a\xc8\xf8\x800\xefG_\
\xb9pS@@\xf9k\xb9\x02\x9a\x9b\xfcy\xaf\xa4\xe6\
\x05\x22u\xb0\x22M\xde\xe6n\xa0\xb5\xc1\xae\x0fB\xad\
_#\xe8/\x8f\xe3\xd5\x88AXJF\xfa/\x01,\
\xa4c\x05\xe0\x08\x82#i89\xbd\xc0w\xbcx\x17\
\x9f\xfd\xe7\xff5\x8e?\xfd\x1a\xfa\xdb\xf7\x81\x07\xa7\x90\
\xf35\xf4\xf4\x0c\xb2\xde@7;\xd3\xfa\xb7\xbe\x7f\xdf\
5\x7f\x9d4\xad\x1cc\x01\xeaj\xd2W\xfaA5\xfc\
\xf9f\xf6\xef\xa999\xe8\x8a\x0b\x10\xdcE\x12.!\
\x07t\xa6\xfe\x0d\xd0V\x9d\xe5\xfdG\xa1#\xe94\xff\
b6'\xe4\xd0\xa1\xe1;m\xd9^j\xb8K\xc1\x19\
\x1f\xf8\x8c}\xe8\xdb\xa7l\x9b\x0c&\xd9\x0e\xfd\xb1A\
.\xc8zl\xf6\xdc%\x22\x93\xcd>;\xd3\x06\x1b[\
H\x10aT-\x12\x87y%/p\xa7Vsm\xb5\
\xd1\xaa\xd2 \x83\xf7q\x12\xbb\xde\x9a\xed1\xe7\xf9\x02\
\xe2\xcf\xb4\x0e\x9dZl\xd7\xd4a\xb4$M\xab\x11:\
\x8e\x18\xcf\xb6\xb8\xfb\xd2\xb3\xf8\x99\x7f\xf23x\xe9\x97\
~\x05\xbf\xfc\x8do\xa1\x0f7\xc0\xc3\xb0\xc8\xfc-{\
`\xf7\xbc\x17s\x7f1G&\x5c~>\x1e\xd6m\x9e\
\x18\x92&\xea\xba\xbez\xa4\xe6\xe6\xea/\xae\x9f\x84\xa8\
\xe2\xe7\xae\xfexj\xb9\xe9\xfa\x01K\xe3\x1cAr8\
\xadf\x00\xc9S\x1d\xa5@\xd3M\xe6$\x89\xbb!\x8c\
\x84xSQ'\x08\x95\xaf\x94g\x85\xbc\x0d\xd1\x13\xb3\
>\xf9z\x10\x04\x0f\xecE\x00E\xf0\xe4\xc2\xe4( \
\x85\x95QRBPD,\x91\xce\xdf\x8c\xd9\x89\xe3\xd9\
\xb9\x0e\x85k [nTf\xe5\xaaTd\xc8\x92P\
\xd6D\xda3\xcaw\x0a~\x1c\xcf\xd9Hk\xd4U\xff\
\xaav\xf3*\x8e\x82Q\x04M\xce\x8d\x8e\x1f6<\xf3\
\xdcG\xf0\xd1\x8f}\x0e\xdf\xfc\xea\xef\xe3Q\x01\x81\xf3\
~?\xde\xe7R\x10 \x0b\xf1\xb9\x995\x99\xed\xae\xf3\
\x8f\xf2\x1c\xf7\xfc\x7f\xfc\xb5\xd7\xf1\xe2K\x1f\xc5;\xef\
\xbc\x83\xf5\xfa\x02\xeb\x8b\x0bl\xd6kl=\xe2?2\
\xfdU\xf0\xaf\xff\x8d\x11vM\x8a\x12\x9aX\x16<;\
\xa8\xc7\x88\xa0w\xfa\xce\x9d9\x14B\x88)\xd4\x0c\x02\
\x0c\xc5]K\x9d{\x9d\xa44\xd9x\xf0\x85\x07\x5c\x0d\
m(\x02K\xd1\xa2\xf9\xba\x024\x9f\xa7?\xcc\x09\xd0\
\x81\xa0\x89\x94wzH\xb8U\x80)\xc6U\x1fp\xee\
@n\x01\x02a\xde\xeaZr\xb3\xd3\xa2\x22\x85!\xf9\
\xfb\xea\x22BC\x00\x9aiw\xea\xdb\xeb\xfcw\x87\x8f\
%\xa5`2,\xbe'3\xcd\x9d\xda\x90t\x9b\x0fq\
\xf6\x181\x05\xbe\xd8D\x08`\xf0EOI\x9d\x09\x84\
\xac\xa9\x0c\xf6\xe3\xb6>Q\x0d\xeb\xc4 \x09\xfe\x83\xda\
\x9e~\xdb\xf3\x0f,\xd4\xb6\xf7-\xd0mo\x7fk8\
\x99\x14\xcf\xaeO\xf1]_\xfa,^\xfd\xa7?\x0am\
\x0d\xe3\xd7\xdfF\xbbXCO\xd7\x90\xb3\x0b\x03\xff\xed\
\x0e\xb2\xb1\x84>\xa1\xad\x8f:\x8b\xe0\xd7\xae\x16\x07\x00\
F\xf8#,\x02\xa6\x9d\xfa|\xf9s\x9c\xc9\xae\x1a'\
\x1dB=\x1eD-8\x0e\x80m\xcb\xa3\xa9\xd1\xeb\x09\
\xe0\x0e\x00w\xef'w\x16\xf8\xda\xb1$U)h\x06\
(\xec\xefE\xa2\xd9\x91\x00\x1b\xcc\x1e\xe1\x1a\xd3\xe0\xcf\
F\x1b\xea\x0b\xbd\xa3h\xeb.\x884I\x16\xdd\xc2\xfc\
\xd9\x5c\xa0\x99\x10\xc7S\x8b\xa0y \xa0I\x13\x0c.\
l\x906Y\x85\xad\xb9\xd2e\xa2L\x88\x19N7f\
\x8a\xb7\xcam\x8dP\xc0\x10\xf7\xf7\xfb\xf7\xaeq\x98\x8a\
\x09\x1bj\x81V\x9e\xdd\xaaO\x0d2L.\x84L\xd0\
i\x09\x8cv>\xc3\xf8\xf5\xb7!w\xef\xe0o\xfd\x9d\
\x1f\xc5\xb3\xbf\xf5\xbb\xf8\xd7\xbf\xf3\x07x\xb7-q$\
\x03L8\xe5l*8:1^9\xca\xc6\x03\xa9!\
\x8a\x8d{\x87\x03\x9d\x0b\x14\x8d\x02\x82\xaf0\xba\xdc\x00\
\xe4\xa13\x05\xfc9\xf6\xf6\x1e\xf3<P\x03M\xb6\xa5\
\xb9'\x01\x0d\xdcpbBrw6\xc2>\x18\x1b\xc8\
\x84>\x01\x9c\x9a<-\x13\xe7 >6\xa7\xa9|\xa8\
\xf7-\x83\xdb\x08\x83\x12.\x9f\x10Hc\xbd\xb3\xedU\
\x98p\xfe\x1c5\xcdip\x066.(\x93\xfd\x19\xaf\
\x9dl\x8b\x9ep\xb0\xd9\x9f\x8a\x01\x19c@~\x99\xdb\
k%\x04\x11Z\xbdR\x04\xa9c \x05+4\xb4{\
\xa8[\xa7\x8b\xb2\x19\xae\xa1\x10\xc6{\xd4Q\xba\xe23\
i\x16_`\xc28\x0aD\xb6\x90v\x81aX\xe0\xf4\
\xe1C\xbc\xf2\xdaw\xe1\xfd\xb7\xbf\x8e\xf3\xf3\x87!\x04\
\x1c\x02\xfaC\xd7\xe4\x9a\xfb\x02`\x81$\xa7G\x16\x96\
\x8d\x9e\xdf\xcf\x05\xa0X,\x16\xf8\xee\xef\xf9\x02NO\
Oqqqa\xa6\xff\x0b\x8b\xfa\xef}\xc24M\xb3\
\xc5\x93\xef;\xe0\x97\x02\x83xHH\xce\xc82k\x94\
\x86tjy\xe8\xab\xacY\x09!\xdbJ\xe9\xb9J\xce\
$\xfey\xfaH\xff\x8f\x13\x5cs\xf3\xba\x99\xc9\xf2\x18\
N3\xb5Z\xc4\x1e\x8f\x03\x0e\xff\x93\xd7\xc3\x00\x8eF\
\x07)\xc8@\x99\xae\x97\xc1/eD\x04\xa1\x19\xc2\xfb\
#\xb5/!\x00;\xc3w\xad\x9f\x07\xe3P\x823f\
B\xb1\x00\x19\xd4\x07\x892b\xb0\x9d\x9e)MK4\
%\x01:\x17\x1e\xe2,\x00\x01\xc1?f-\x93\xf3\x88\
\xb7>\x98M\x0dDLAGP\xda\xe2\xfd\xe4\xb5A\
Z\x98\xfa\xad\x0f\xeaY\xfd\xd4w\x00\x00+\xb1\xc3{\
\x96\x10,[\xc3r\xb3\xc3K\x83\xe2\x0b\xff\xfc'\xf0\
\xf4\x8f}\x0f\xa6\xf7\x1fB\xee\xbd\x87\xb6\xde\x02g\x17\
\x16\xe8w\xb1\x85\xeevn\xf2\xdfE\xe2\x1e\x1d{\x01\
\x7f\xd8\x1cL\xcexT\xddd\x07\x17\x0c\xc5\x85\x06'\
\xac\x19\x80'\xa7T\x17,\x9a\xdf\x22 \x98__\xf2\
y\xc5<6\x00F_\xe1g\xa5F\xa5\x05\xe8\xf7\xb5\
\x02\x8fJ6\xbf\xbc\xc6#a\xbe\xf4\x84[&\x1b\xba\
\xe0\x0cu2\xa6\xf0\xaa\xd1\x14\xe6\x93HF\xea\x02]\
Y?\x19\x97\x22\x98<\xa8Q\xd4\xf6\x13t\xedh2\
\xa4\xdb\xcci4\x02\x1b\x05&\x94\xf8\xf2\x08w\x9eh\
l\x0d\xa6\xe0b>~\x81L\xe6\xb6\xb0X^\xb1\xad\
\x82m2\x81\x22\xac\x88j\x81\x83\xbdAb[\x99\x8f\
eWK\xda4v\xc8\xd2\x129\x8d\x17\x17x\xfd\x0b\
\xdf\x83_|\xfey\xfc\xab\x7f\xfb\xcb\xf8\xf3\xdd\x16\xcb\
\xc5\x11\xb4[0\xeb\xe0m\xeb\xf0L\x94\xb35km\
\x0c\xef\x1b\xd7\x8b\xaf\x05\x80\x87\xf9\x980W\xd3z\xc5\
L\x07O\x94\x1c\x16_a\xfc\x1e\x8eI5\xfe\xc1\xdd\
Z\x22\x0a\x8a\x83\xa9\xc5\xbb+\xa62Z\x99s{\xba\
T\xa5,@\x8dz\x93\x93\x06\x8f\x8eWK/$_\
\xe4~\xfe\xa6\xd9\x87J\xa2\xa1\xe1\x87\xe0\xb9gq(\
?\xa2\x1d\xe4\x81>\xe6\x89X>:2\x14>\xcf6\
\x8b\xb7'\x05\x94\x0cj\xcd1\x10\x0a+Q--\x93\
\xa5A\xd5\xa2!E\xab'\xaf\x07\xb1\x04\x11\x1b\xc3\x01\
\xa9\x81\xe4\xec\x15\xdbf\xaa\xe6\x10\xbc\xc4\x029'\xc8\
\xb4\x83\x8c\x03\x86\xed\x06\x17\x17\xa7\xb8q\xe3\x16^\xf9\
\xf8\xe7\xf1\xa7\x7f\xf8k\xd8\xdf\xa7p\xd5G\x1e\xf9\x84\
}\x16\x87e\x89,D\x0fTw\xe8\x0d\x06\xfe}\xee\
\xb3\x9f\xc7\x9d\xa7\xee\xe2\xad7\xdf4\x01`\xbd\xb6L\
\x7f\x93m\x9fR.LUp\x9b\x98\x11%\x03R`\
\x0b]5\x98K\x08)E*\xcd\xd4\xbc\xa9\xf1\xa7\x15\
L#\x90\x8aZ.\x08\xc4\x94\x10\x09HA\xfd\x95\xe0\
\x9d\xfc;%9'&\xd5 pZ rM(\xa9\
\xb5N\x7f\xb4/*\x157Gi.\xac$\x08\xcc@\
X\x85\xc9y\x04\x90^\x80\xb9\x05`P0!\xd0+\
\xdcl\xee\x8b\xbd\x05\xb3@\x8cc\xb6\xc3%O\x1f\x22\
\x1eO\x18\xc1\x80^\x06\xf9\xb3(\xc2L\xcf\xfe\x9a\x82\
e\xed\x8f\x9d\x0ab\xcb\xc8\xb6\xfeIh\x02Lb\xc4\
\x9e\xc7N\x82xWB\xbblB7\x80@\xd0-\x7f\
\xbf\xda\xf6,K\xff\x8b\xd0\xfe\x97\x0a\x1c\x09p\x0c\xc5\
\xaa\x0dX\x9e\xaf\xf1\xfas\xb7\xf07\xff\xc5O\xe2\xf8\
\xd3\xaf`\xfc\xf6\xbbh\xa7\xe7\x06\xfc\xe7\x16\xe8\x07j\
\xfc\xdb\xd1\x83\xfd\xdc\xbc?Z\xa0_\x80.\xe3\x93\xd4\
\x00\xdc\x02\xfc\x08\xd4\x00`\x07\xfd\x84\xf6\xe0B\x03\xb7\
\xa8\x01\xfe<\xe7\xba\x13\xc0\x9d\xfe\xcaV\xa6\xd8\x0e\xd8\
\x9d\x91C=v\xc0AB\x15\xe6bj1_\xd5V\
\x94\x0b\xc0\xe8cr\xc1\x98\xe7\xc2\x8b\x03K\xe6\x1cp\
\x9aO\x02\x0d\xcd\xd1\x117\x04\xd8\xd0\xdc\x90]\x22\x18\
\xc56\xb6\x0e\xa0Yk\xb8\xbd\xb7\xf9\xbe\xb6\x8e\x09\xd2\
\x07\x13\x0a1\xb9\xc9W\xcc\xd4.\x02&\x98\x89\xb8\x81\
\xae\x16\xfc\x17L\x1dl\xb0\x1d\x9b\xec\x11\xa5<C \
\xc6o0\x02\xb4\xf79\xe8N8^\xa6Y\xcd\xd4\x04\
\xbd\xa5go\x9c&\xb4\xb1c\xdc\x8cx\xf6\xa3/\xe1\
\x17\xfe\xfeO\xe1\x7f\xfd\xa5\x7f\x8f\xdf|p\x8e\xc5\xe2\
\x04\xbd\x8f\xc6\xa0\xcbx\xab&M\x03\xc8\xf4%\xeaA\
~\x9d\xda\xb5\x01\xb4Px\xf2\xdf\x16\x00\xe83\xa8\xfe\
\xfe\xac\x06w\xa8\xa8[%\xc9\x17\xa5\xc0\x89RS\xae\
@\xba\xcf\xcf\x10VS\xe2f\xe4.\x90\xb8T\xf1\xd3\
A\x93\x09\x8b\xb2=\xca\xff\x85\xf6\x9b\xe4\xc3\xedp\xdd\
\x89\xabI\x8b\xf9K\xcb+y\xb7\x0b\x0a\xd2\x82\x06C\
\xfd\x22+\x85\xe5>\x18\x90\x07\xb3q]\xa9\xd05Y\
\xd0\x88\xc2\xae\xf8\xda\x12\x01}\xfbs\x9cK\xd1D\x91\
\x09\xd3\x10\x0a\x5c\x11\xc6\xfc\xec\x15\x10_\x8a;\x82\x16\
\x86X\xd0A\x0bt\xff\x80\x03\x93m\x8am\xael3\
\xb7{\xf9\xd8jG\x9fF\x8c\xe3\x06\xbb\xdd\x80a\xb1\
\xc0\xe9\xe9}<\xf7\xd2\xebx\xeb\xcd?\xc3\x83\x0f\xde\
K%s\xde\xfb\x19\xe8\xcf\xe6t\xff#1TW'\
\x02:\xe4o\xb8\xaa@Ji'''\xf8\xdc\xe7>\
\x8f\x07\xf7\xefc\xb3Y\xe3\xe2\xe2\x1c\xeb\xf5\xda\xa2\xfe\
\xfb\xe4\x8c\xc4\x81|Fm\xc1\xe2B2\xe2d\xa4\xb6\
\x9f\x1a\xb0\xb5\xa1\xe7\xeb\xec-)G\xc8t\x12\x8c\xa1\
\xf5\xf9\x0a\xd2\xf02\x93\x92\x0b\xbb\x8e\xfa\xe3\xfel\xfe\
5\x88 \x17\xb6\xbfZ55A\x08\x1ep\xf3M\xf8\
\xde\x8b\xffl.\x09k\xfa\xde\xbd\xbbp\xeb\x07z.\
\xf6\x90\x985\xc16>j\xc7\x89\x1a\xb0\xe6\xacG\x9e\
\x7fo{\xe4\x03\xe0\xfb\xde\x06&\xf9\xb1\xd3\xde4\x04\
\x05\x82{\xae\xd4\xcc\xecG\xf3?\xfb\xc3\xdc\x00\xf6]\
3\x81\x10\xc7\x0bu\x0b\xa2\xb5c\x10I\xdf\xbfjl\
%\xa4\xff\x7f\x80\xc9\xcd\x16\xecg\xfe\xfe\x13\x01\x8e\xd0\
pr~\x86\xcf\x7f\xfa\x15|\xee\xff\xf0S\xc0\xf1\x11\
\xa6\xaf\xbe\x85\xb6\xde\x00\xe7\x1bh\xec\xef\x1f\xfd\xa8^\
\xdf\xdf?u\xd8\xf1\xbc\x9a\xdaw\xc9\xcb/a\x0d0\
\xce\x1e\xe0\xde\xad\x7f\x04^\xd1\x0e\xed\x12@-hQ\
^0\x04%-\x92\xa1\x89\x03\x83\xd5\x17<\x8ds\xa2\
@$\x91*c\x1c\x8c\x10@\xb8\xbb\x9c\xd6\x18\x8b`\
o\x9a\x9e\x96.\xaf 0\xd0\x94H!PI\x9f.\
\xf1\xd9;)\x80\xc4\xe2w\x01v\xc2d\xccY\xe9Z\
\x80g\x1a\xb4z\x8cT\xddB\xa0\x02`\xe2\xb0\xa1\x89\
\xed#\xe1\x813!\x05\xaa\x9aV\xafp~\x91\x82-\
c\x0a\xd0\xc4\xbc\x09B&(\x10\x9d<=\xebd\xe0\
\xe0'd*\xba\x1d.\x84\xee\xe6\xebfml\xa3\xbb\
\x5c\x00n\xed\xd4\xc5\x846M\x98\xbe\xf16\x8e\x9e\xbf\
\x83\x9f\xfe\xdb?\x8e;\xbf\xfc\xeb\xf8\xa5w\xde\x85\x0e\
\xc7lT\x19\x07n\xf1\xcb\xbc\x13\x5c\xaa\x03`\xd6\x02\
1\xb7@W?\xd6\xab\xa0K\x07w\xf4\xb0\x0f.<\
\xa1\xecS\x92\x5c#\x04\xe2\x06\x09v\x12\x9c\x1e(\x16\
L\xd2\x89\x8d!\xc2\xe6V\xac\x16\xc1\x07}\x9e\x82\xd8\
4\xf8E\x1c\x06D3\x034\xf8CT\x1f\x82!\xc5\
\x16\x8fo\x09bF\xe2\x08\xfb=\xdb\xee\xc7\x8f\x01l\
+e\x8a\xe3DgL\x93\x13av\xb9|#\x1f\x9e\
\x91\xa8\xc6X\xccw\x92\x93\x17\xdb\x83\x19\xebU\xd6\x89\
\xd7E>\x16\xaf\x86`O\xe6[\xc5\xa3\x5c\xb6\xc4\xa9\
\xb0\xee\xf9\x13t/\xef\xb5$\x04m\xcb\x86\x0b\xc8\xd8\
0\xb6\x1d\xc6\xc5\x06\xdb\xf59\xa6\xe9\x0e^y\xed\xf3\
\xf8\xc3\x0f\xfe\x1d\x0e}\x0ea\xb3^u\xa7\xfc\xbc:\
\x13\xa0\x1e~\xfd\xa0\x10\xe0\xbe\xb7\xcf}\xf6\xf3X\xae\
Vx\xff\xde\xfbX\xaf\xcf\xb1^o\xb0e\xc2\x9f\x89\
\xdb*2\xba\xbe\x9aq\xd8\xb0Z6\x19\x92}OI\
\xcb,\x07\xe5\xa1\xba\xae\x14\x16dE\x7f b\x9eC\
H(:>\x94\xe0\x08'\xd4\x98/J\xef\xf6\xa4\x99\
1\x9b/\x10\xce\xaeKn\xc4LqF\x83\x8c90\
\xc2\xf6$7akB\x1c\x08ccj\x0b,}\xb7\
\xde\xea\xa2]\x88?'\xb9g\xc8;\x9c\xf9\x03\xa0\x16\
\x0d\x0cg\x9a\x11\x9d\xcd\x85-0\xf0\x11\x06\x12J\x08\
\x12\x91\x03\x00n\xee\x07\x83\xf5\x10}\x16\x06ey\xbf\
\xb8\xb5O|\xac\xa8\xd5d^\xff\x22\x08 O\x00l\
\xb0S\xb1\xd0K\xf2\xa2\xe2\x1a\xe0\xf8\xf2\xd4>\xfa\xfa\
\xb9\xfd\xd0\xb6\x06\xf6\x88\xf2?\x11\xdb\xeb\x7f\xeb\xfc\x1c\
\xdf\xf7\x83\x9f\xc3k\xff\xcd\x8f\xa1\xafw\xc0\x1b\xefA\
6\x1b\xe0b\x03\x9c\xaf\x81s;\xb6W\xb6#t7\
Bv\x96\x89\x8b\xe6ya\x02\x9e\xae1\x0e\xb1\xef\x9f\
s\xc6\xad|\xaa6\x17Z\x5c\x03\x1c\x9b\x00\xf1)i\
C5UD\x0f\x1c4n_h\xbf\x9c\x1b@\xed\xd1\
\xee\x11\xe6\x8c\x99\xe7\xda!\x0d\xb0I\xd4H\xf2\xc49\
\x88\x9f5\xef\xb4O\xc6\xca\x9d\xeb\x012\x1a%\x06\x8c\
\xa9\xfd\x01\xa8!\xd9j\x09v\xaf\xce\x9csi\xa9\x93\
-\xe9<\x19*\xb3\xe7\x89ks]'\x0c\x1e\xacg\
\xe5*\xa0y\xca\xa5\xcc\xb2\xcf\xb4\x90\x90-nF<\
o@\x02\x0d]\x1e\x22N \x9c\xbf\xb2V\x198h\
\xea\xb6\xaf\x89\xa6\xd0>\x01\xc3\x22v|`\x1c\xa1o\
l0\xdd\xbe\x89\x1f\xfe\xaf~\x00\xc7\xbf\xf5\xbb\xf8\xd7\
\xdf\xfc\x06t8\x81\xc5\xc7\xa4\xa9\x1dnY\xa9\xf3\xc5\
V\x17\xdbL\xf0\x9b\x08~\x85\x04\xe0P!\x8cL~\
t{8\xd0\xd4,\x83\x15<\xc8\x8283\x09\xe8\x14\
\xd8\x0a\xd0\x9b\x94\xe5\xe4V\x8c\xd4\xaa\xc8\xc05\xcc\xac\
.Eg\x88\xb6\xc4j\x16\xa69&\xd5PP\xdcS\
\xae\xbc6\xbag\xcd\xeaH\xd2\xf5\xf9\x0b\x99d.8\
\x04y\x93\xb9Km{\x82\x7f\x8c\xb0\xb0\x05\x15G8\
\x16\xfb\x02\x07B\x80\x8c\xf1\x0c\xcc\xe3l\xcd\xe71\x5c\
_\xad\xc5\x0e\xb6Y=T\x048\xafr\xb9\xcc}\xc1\
'\xd7\x8e[\xc2T\xcdZ\xd3&\xf4i\xc4n\xbb\xc1\
b\xb1\xc1\xd9\xc3\xfbx\xea\xd9\x97q\xe7\xe9\x17\xf0\xe0\
\x83wr\xacp\x05&\xcf{\x7f\x10\xc3\x05\xd7\x08\x00\
\x95\x19\xf0\x85\xfdJ\xc8\x96\xa0\x8a\x9b7n\xe2\x93\x9f\
\xfc4\x1e<x\x80\xcdf\x83\x8b\xf35\xb6\xdb\x0d\xc6\
q4\xff\x065\x1c\x00\x94\xcc\xc3_\xa29m\x95\x81\
\x91\xa9\x1a\xcd\x16rj.\xedq7HL\x90\x9b+\
\x017\xa7\xa2\xc4\x0ch\x10\x19\x9c\xe6!\x16\x804\x93\
\xca\x08\xba\xb1\xed\xa9L \x99\xbd\x03?M\x8d\x8d\xa2\
\x9fN\x88\xc8R\xa9\x84J\x9aNSq\xe6\xf4w\xd3\
\x5c\x05\xfc\x00\xe0\xb2\x02\xbd\x90 \x18)C2\x93\xca\
\xc3#\x05\x825\xdd\x1c<X(\xeeI>\xc3\xe5W\
\xfd\xff\x99\xff\x9f\xcfus\xd5\xbaU\x81\xe6\xee4\xed\
\xbb\xa0\x10\xfd\xd3b\xfe\x07\xaa\x06\x9b.\x8a\x14>X\
\x8f\xed\xf3\x17;\xc1\x10L\xf1\x0b,\xc4\x8e\xfd]h\
\xc7J\x05K1\xd3\xff\xd0;\x9eZo\xf1\xa5\x9f\xfd\
~\xbc\xf8\xd3\xdf\x8f\xe9\xbd\x87\xc0\x07\xa7\x90\xf5\x05\xf4\
b\xe3I}v\xc0\xc5\x16\xd8z\x14\xf88\x99\xd9\xdf\
\xa3\xfc\xd5\xa3\xf3\x09d\xb9}\x0fy\x0e\x05\x9fq\xb0\
6,!-&\x90\xe7\xbex23Z\x05\xf27\x9c\
F\xb9\xb0\xd2\xf4\x9fZYe\x1e1\xf3\x85\x17\x9aQ\
 \x05I\x92-\xd4\xd2\x8c\x1aC\xb1`;\xab\xb6\xae\
`\xf5u07\x8eRP\xb0\x94\xaf\x08\xc6M\xf3w\
\xcd\x1e)\x01LI\xaf\xb1J\xb5\xa6Zq\x86\xeak\
\x95\x8e\xf2\xc9\x05Vuzh\x8dfP\x81tR\x84\
\xad\x1b&\xcb!\x9d\xab\x07\xf8\x85\x11\xbd\xe7Z\xa7\x90\
\xc1\xf8\x01Q\xdf%\xe0EA\x0c\xf8\xd1'(\xcf\x8f\
\xf6y\xc34Yp\xe74A'\xc5x2\xe2\x8b\xdf\
\xf3\xdd\xb8\xd9\x06\xfc?\xbf\xfe\x15|\xd8N\xb0\x04\x0d\
\xe1\x1c\x07M,\x0a\x8b\xa5C\x88&42L\x8fG\
\xf5\xc2\xd7\xc9T\x84\x15\xa6\x0a\xe6!JJ\x1e\xa6\x08\
\xa1\x91B\x1c\x03\x03\x01\x0d\x9f;\x8dN\xd6\x94\x16k\
.\x00\xd8\xe9/2\x0f\x025\xf3\xba\x13\x17iCb\
\xbc\x9b6L2W~\x22>\x86\x0c\x099A\xe49\
A\xc3n\x09\x12\xf1\x93D\xbd\x9c\xccw\x92\xae\x86L\
\x08\xe4\xcaSu\x05\xa9\xba\xd0()\xdc83TH\
\xc4%1\x8a?\xdcY\x85_\xf6\xf0\xd3'\xc74\xc1\
\x8b\xcb\x22\xd7 @\x1c\xe1\x8c\x12\xc8\xc9\x9a\xc9\xef\x0d\
\x7f\xb8\xaefZ\xbe\x14\xeb\x06\x85\x99\xa8;1.\xf8\
\x8fth\x9f0\x8e;Hk\xd8\xed\xd6\xd8\xac\xcf\xb1\
\xdb\xde\xc2\xab\x1f\xff<\xfe\xe0\x83w\x82\x9f\xf3\xdd'\
\xfad3\xaf?\x0b\x80\x9fC\x15\x84%\xa9\x09\xb4w\
|\xe63\x9f\xc3\xb0\x5c\xe2\xe1{\xef\xe2\xfc\xc2N\xf8\
\xdb\xedFL\x93g\xfb\x8b\x9a\x81.n\xe2/\xc0?\
\xafk.\xaf\xd0\xe4I\xe9\xc9\xf8(\xb5G\x0a\x10\xc6\
\xa6\xa2q$L.HJ\xea\xa0\xb9\x93\x1a2\xa5r\
\xbf\x16\xabg\xde\x9e\xd8\xd2\xd2\xcc\xaf\xc4\x05\x9bdK\
M\xd6_W\x12\xf9\x5c\xb0\x81R\xea4B\x08\xab\x82\
6\xa0D\xdf[?\x09\xbc\x0e\x90Ba\xa2\xa3i\x1e\
\xac\x92\x80\x8d\x08v\x0a@\x95\xfc\xce\xc5\x1c\xe0\xed\x8b\
\xa2\xf9b\x9e\x1d\xe5\x1b}\xd1\xd4\xac\x00H\xb79\xe3\
a;u\x94\x08\xdeM$\xdc\x07\x91P\xc5\xcb\xae\xe0\
o%y\x9f\xd5\x18\xb6e\x1c,\x07\x09\x81G\xf7\x0a\
\x16b\x81\x80+\x11\xcf\xe9/\x18\xc6\x8e\xe7\xfb\x84\x1f\
\xf9\xef\xfe6\x9e\xfa\xd2g0\xbe\xf1\x01\xda\xe9\x19\xf4\
|\x0d=_\x9b\xaf\x7f7\x02\xeb\x1dd\xb3\xb3=\xfd\
\x93e\xf6\xd3)\x13\xeb\x84\x99\x9f\x81\x80n\xfag\xc0\
\x98\xf5\xddb\x00z\xe7~\x7f\xa7CF\xb9\xbb[*\
\xac\x01\xd4`\xf9G'\xd02\x13\x9a8-\x06L\x1d\
,@\xe6\xf8'\xed%IF\xc4>\xefk\xd1F\x9d\
\x06\xa6n\xa0\xdf=8\x95\xda<\xdd\x8dA\x81\xe2\xda\
4\xc1\xcc\xe93\x85\x0dg\xe2.x\xa8\xa8\xa5\xe4w\
\xc67\x8fh\xcf/tY0O@\x0aA\x02\xe8\xe4\
\xe6r\x8fG\xe8S\x80\xc24M\x0eVnm\xa3\xe6\
\xef\xebV|\xeb\x22\x9a\xeb\xc4\x81\x5c\xad\xd8\xd3\xe1\xf1\
\x1c\xde\x1d\x1e=\xac\xdd,\x87\x02\xf8\xd6\x8bd\xa2\xc3\
`\xfd\xee\xcdv\x168=\xc8\xa4\x90\xde1N#>\
\xf7\x9d\x9f\xc1\x11\x80\xff\xe9\xeb_\xc5\xfbm\x85co\
V\x83\x1d1\x5c\xbd\x9a\x5c\x8bL\xebk\xde\x0d\x99\xf9\
\xf8i\xed\xe2Xr\x1cY\x08\x95\x04\x05\xe3-\x0c,\
\xbb\xcf\x0b\xf7\xeb'h#\xacG>*q\xcf\x8a\xe4\
:s\xda\x8b\xea\x8d7q\xe7@\x80\x1b\xe0\xbc*\x05\
/\x1e'n\xed\xf0jC`)\x82\x1e\x104\xc3\xe7\
\xe7 R\xcau\x90\xcfV+\xf8j\xf2{V (\
Lg\xa6\x1b\xf1\xa5\x00w\xce\xaf\xd41q\x011;\
\x18\xae\x01kJp^\xebE\xac\x17\xe2O3\x9a\xef\
\xc4\x22\x1b\xe5\xc0\xf4\x9c\xc5\xc2\xfb\x09\xf4\x9cj\x0e|\
\xae\xad\xc2\xf1\xe3\x16\xb7\x04\xf7>a\x1a\xb7\x98v\x1b\
\x9c\x9d\xde\xc7\xd3\xcf\xbc\x8c\xa7\x9ey\x11\x1f\xde{\x0b\
\xc4\xc6\xab>\xfb\xfac\xb6-?\x8f%\x00\x1c\xfc8\
\x13G\xef89>\xc1\xc7?\xf1)<xp\x1f\x9b\
\xcd&\x12\xfeLn\xfa\x0f\xff&,l\x97\xc05S\
na\x04V\xfd\x99!\xc5\x05\xa3K\x8b\x01M]\x8c\
f\x0e\xff*\x87Z\x14\xdc\x83\x93\x0b\xc1\x19\x118\xe1\
@\x11\xda\xc0\x89\x0f\x0f\x1c\x09\xc3\x83\xaal\xced\xd6\
\x16\x82\xe7\x9c\xbe\xad~\x93\xfa\x18-K\xa6Z&\xad\
\xf8\xa8\xd8\x1e~\x11a\xf4\xb0\x83f\xf9\x1bH^\x18\
\xc9L\xb3&\xf8\xc7\xdf\x1c#\xeeY\x0f3?\xa8\x00\
\x99\xdb\xa4\xf5\xee\xa6zqFe\xed\x8c\x05\x22\x14\x1c\
\x0c<\x99\x22\x98\xdf-\xddp\xf6\xc1\x84\x07\x9d\xf7C\
J\x1a`\x88g\xfa\xb3q\x1f\x5c+\x14\x172\x96\xda\
\xb0\x10\xdf\xe3/\xc0\x0a\x8a\xa5\xd8\xb6?\xec&\xbc0\
\x08~\xec\xbf\xff;\xb8\xfd=\x9f\xc0\xee[\xef\xa1\x9d\
\x9dC\xcf/|[\xdf\x16\xba\x1d-\xc1\x8f\x1f\xe6#\
\x93\x1f\xdbK\x9aRc\xf4\x04`\x03~\xc0\xe2'\x90\
\x9a{W\x03P\xed\x9e\x98\x88\x81U\xd4\x84\x1ct\xa0\
\x99\xfd\x0f)|\x85y\xd6\x85\x06\x82\xb7\x90\x08\x95\x0c\
\xbc\x10SH\x01d\x0c4-\x921\xdac]5v\
\xa0@\xbb\x1b\xf7\xddT]h;\xa9\xa9h\xb0\xc1\xe0\
\xa4\xac\x03)\x1aT\x0f\x8d\xd4\xd6%M\xcdi\x02\xb6\
\x1d%\xb9\xad\x8cs\x1f\x9c\x1c@\xe4\x82\x07\x22\x0d-\
\x8d\xff\x88\xeb\xdc-3\xf8\xf0L\xe6\xb3\x0f\x19\xc2\xbc\
\xeb\xe2\xc1\xb9M\x9aY\x02\xa4\xbb\xcb AE\xa8)\
\x8a\x0b\xfc\xda\x5c(\xb0\xfa\xcc\x82\xd0\x12\xb9\x07\xb7\x04\
\xf9\xbc\xa0[p\xa7v\xdf*\xb8\xebx\xfd\x93\x9f\xc4\
/b\x81\xff\xdb\xd7\xff\x0c\xef\xb5\x15\x8e\xd1\xb0\x09u\
\xdfGYrG\x84j\xba\xd1h\xec\xe1\xfae\x18\x9a\
\xb1Q\xdf\xc5\xe4\x9b\x02\xe1|\xa5\x9e\xf5a\xfc\xa4X\
\xd3`\xa7\x13\xd6u\x99y\xff5\xac\x00\xa1\xbe\x86\xc6\
\x96\x00D\x90%\xablB\xa1\x8c@\x09\xea/.\x98\
\x91aF\xab\x82\xb6x\x08N\xc23\x82V\xb5k\x11\
\x10H\x83H\xfe[\xb8gp8\x1f,\xe1\xd0\x16\xe1\
\xa9\xd8k\xc1X\x95T\xb8$\xe8\x8f\xbbY\x8c\x7f#\
\x84!\xf2k\xbbS\xdc\x16|\xc7[\x12V^\xcd\x1a\
\x89\x01\xf1w\x06\xda3\xf9\x04Rv}\xb1\x97Q\x9b\
\xf7Mj\x9d)%Xy\xbdc\x1aG\x8c\xc3\x16\xe3\
\xb8\xc6n\xb3\xc4n;\xe2\x95\xd7>\x8f\x0f\xef\xbd\x95\
\x96\xed\xfa\xeal\xfc\xe7\xbf\xe3\x99r\xfd/-\x00p\
\xf0:\x14\x9f\xfa\xf4g\xb1X\xadp\xfa\xc1\xfb\xd8l\
\x1d\xfc\xc7\x11\xe34\x82\xd2S2\x83$d&\x1d\xb1\
\xc1r\xa6d\xd2\x01E\xaf\x82\x5c\x91j&\xca\x8b~\
\xd0\xa7Y$F\x82>\x87\x9d\x1a\xb0\xea|\xc2\xb37\
\xfe\x93'\x95\xc4\x02\x92\xb2\xf0\x9a\x9f\x08U\x06\xb1\x98\
\xb8\xecq2J\x0d\x10\x0e\xb3\x11\xa9\x0f\xc1\xd1\xbc^\
\x12m)\xb8\xd0\x04 E\xc8)\x02C\x19\x85\x019\
\xb9\x927\xe3y8\x13)8P\xfa\x9e\xa6\xb3\xb8\xa9\
9F\xf6vs\xd7\x0b\x097\x81?\xc0\x9fU\x0a\xc2\
4\xce\xf2\x9a\x03<\x85\x0a\x11\xc4\xf1\xbe\x14t\x06Q\
,\x94Q\xfe\xe5\xc0\x1f\xa8\x9b\xffm\xab\xdfQ\x13L\
\x17;\xbcz\xbc\xc0\x8f\xfd\x8f?\x85[\x9fx\x09;\
\xdf\xdf\x8f\xb3s\xe8zk\x87\xf8lv\x90\xcdhB\
\x00\x93\xfbL\x1aG\xe2\x0a#\xff\x15\x19\xfc\xc7A\xec\
\x98\x1d\xe4#\xce\xc1\x83\xa7\xa83\x96\xf2^\x04\xff\xf1\
9\xa7\x0b\x06\xc95\xa8\xfb?}\xac\xfd\x19\x0bBb\
\xc8j\x0a\x0cp\x10s\xb8E\x98%]P`3B\
\xa0\x103\xab\x0b(\x5c\x13\xecs\xfeg\xe0\xafp\x17\
\x80\x15J\xa6\xc8_\xc5V\x850\xc1;\x90[\xffl\
\xe2\xa6\xa0\x11\x8d\xe7\x07%\x03\x86i\xfe\x5c\xffbY\
\xefhA\x13g\xce\x930\xb7\x87\x07\x89\x01\xae\xb1\xdb\
\x5cp\xed\xe5\xfa\xb0<\xfa\xe2QtJ\xd3>LX\
\xb1\x05a@\x8e\xc1v\x18%?\x01\xa4\x0d0\x97]\
\x0b4\xd0\xa6\xe6V\xd0\xc1\x04\x87a\x82\xe8\xc2\x03A\
;\xc6\xdd\x88\x8f\xbd\xf6*\xfe)\x1a\xfe\xaf_\xff\x13\
\xbc\xdb\x8e\xb0r\xa0\xee\xb0@?j\xfeF\xcf>\xbf\
\x1cW\x1fo\x06\xeb\xda\x96\xe2d\x05\x14\x9e\xd3\x1a`\
\x03B\x1e0W%\xe6'\x10\x06\x17!\x0aI\xd2\x18\
\xd9M\x06U\x93\xdfI\x04i\x16\x04D|\xc8\x83\x04\
\x85gR\xc8*\xd2\x813\x89\x08\xa0+\xaag\x04\xe7\
\xa9\xa6\xcb\xb70_\xba\x06\xd4-\x7fZ\x80\x9b\xae\x9c\
\xb2b\x00wQ\xea\xec\x1a\xa76\xf9\x7f\xf2OZw\
\xe3\xa1\xe0r5%\x12i;\xdfb\xd9.\xa4W\x85\
\x95\x96\xd8\xca\x85\xc9\x97y\xa9\xec\xf8\x98u\xa0\xf2u\
\x0a'3\xa6\x9c\xe3\xd6\xa1\x90>Y\xe6\xdcq\x87\xc5\
4\xe2\xec\xec>\xee\xdcy\x017o?\x8d\xb3\x87\x1f\
\xe0I>\x898Y\xe3%\x01`\xff\x81C\x9f \x04\
U\x1c\xad\x8e\xf1\xa9O}\x1a\xa7g\x0f\xb1\xdbl\xb1\
\xd9l\xb0\xdd\x8e\xd8\x8ech\xff\x1c\xc8y\xc1\xdeY\
\xaa\xee\x1a\xfa\x00\xc8\x80Q'Eb\xdcC\x02#h\
\x9a9U\x93QRBC\xb0S\xa4I\xaaG;T\
\x18\xac\xd7\xc3D\xc7\xecj\xfbZ\x16Y\x22\xdf\x932\
Pfj$\xe1\xe5\x0dk~\x11L\xe2\xf9}\x13R\
j\xcdy8P\x12\xc2\xa1\xe3{I:u\x8bJ\x12\
m\xea\x17\xe2\x87}\x18\xdfk\xb3%\xc5\xc3|\xecg\
\xe6\xe6\x17\xd19\xb8\xfb\xa2M\x8b\x02\x19NB\x96\x04\
@\xd9\xfb\xd5\xac\xc5iL\x0b\x86&\xf8\xc3\x18fS\
\xc1\xc2\x7f\x0f\x1eg`;\xba\xac-\x0b\x00G\x00N\
\x86\x06\xb9\xd8\xe1\xe3\xb7\x8e\xf0_\xff\x8f?\x85\xe3\x8f\
>\x8b\xdd\xd7\xdf\x81\x9cm\xd0/,\xb1\x8flG\xcb\
\xec\xb7\x1d!\xf4\xf7w\xb5\x13\xe2x\x8a\x9e\xfb\xf0\x9b\
\xc2\xbe\x13\x90\xdd\x05\x10\x07\xf9\xf4\xb2\xccCs\x87O\
8iIC{\x0f`3Y \xc7\xaa,~\x16B\
\xc6h\x97\x92a\x87\x80\xebZx0.\xb7J\x00\xe2\
fH\x13\x1e\x18C\xd3{\xa7\xb1?\x98\x22\x99{\x90\
eWt\xa10\x00@-\x83^\x08\x05\xe5\x13kF\
j\xdf\xfcz\xacM\xc2\x93\x83\xb6k\x94\x93o\x9f\xaa\
k\x89l\x95\x81\xaa\x1d\x92\xa7\xbe\xd2B\xe25(-\
e\xda\xd10\xa0\xfb\xba\xed\xbd{\xd0.}\xfaN\xe3\
\xa5\x8f\x12\x8c\xd5\x7f\x83\xd6\x07\xdb!\x10n\x09\xb1\x8c\
\x95V\x9f\xf1\xa0\xe6\xdf\xb55H\x17s\x90\xdbV\x0a\
4\x990\xedF\xbc\xfc\xd1\x17\xf1O\xa7\x11\xff\x97o\
}\x15\xef\xb5%\x8e\xe8F\x91\x8c[\xe4\xda\xe1\x01;\
\x04\xe4\x89`Q\x80\x5c\x00\x869\x84\xc0d\xeb\xa5j\
\x9f)\xa8Q\x870\xe1\xde\xc5\x00-\x82\x9e\xf3\x18\x8d\
z\xe9>T\x14=)K\xe4\x7f\xc2\xd7W\xa1-H\
<\x84'\x9a])\x08\xb0u\xb3d>M\x9c\xfeA\
\xf9 I\xdf\x8b\xca\xfd\xfdn\x15\xd6be-k\xa3\
\x9a\xf1\xd1\xe0\xber\x0a\xa4s\xb7/y[X\x1f*\
N\xec\xab\xe9J>\x96s\x14\x81\xdb\x00\xaa\xb0\x94\x8d\
O\x90\xaeSk\xc2Tn/\xacoh\xa1m%O\
\xe6\x0ch\xba\x17\xd8I)o\xdb\x8e\x1e\x8b\x07\xd8\xed\
6\x18\xd6k\x8c7\x81\x97^\xf9,\xfe\xfc\x8f~-\
\xda8o\xd95\x9f\xa2\xd0*\x0e\x08\x00\x8f,\xc0\x9f\
\xb1m\x22\x1d\x9f\xfa\xf4\xa7qtr\x03\xf7>\xf8\x00\
\x9b\xdd\x06\xdb\xed\x16\xe3\xb8C\x9f&(z\x98\x93\x94\
 \x15\xd2\x93\xe6\xc0\x13\xddk\x84\xfb%\x00qsK\
h\xc0\x12\x0a\x9bI\x84d\x1e\x9e\x91\x0c\x95XY\x1e\
'.G\xd9\xccS\x925F\xb5\x1e-\xaf\x1a\x80V\
O\xab\x8a\x05\x1c\x0b\xad,\x05I\xad\x16M\xe2\x80\x11\
\x1b\xffdr\xa8\xa0H\xabH,c\x16Z\xc8\x81\xcf\
\x8b\xc4\x98\xd07J\x02\x10g \x22\x0c\x86\xf6>\xbb\
\xff\xd4\x08\xd0\xbbIw@\xe9\xb6Y\x91\x15\xda\xf2\x90\
\x1ec\xa7e\xbe$c\xc1\xc9\xd0\xa3\x0c\x07\x0a\x0a8\
\xb3\xefP?K\x00!\xf4\xcc\x83\x0cQ\x22\xfd\xad\x5c\
\x9e\xee7@\xb1l\x03t\xb3\xc3\xeb\xb7W\xf8\xe1\xff\
\xe3\x97\xb1x\xf1i\xec\xbe}\xcf\x92\xfa\xf8\x09~\xba\
\xd9A\xb6\xee\xef\xef\x0a\xf5#|SSWc\xfa%\
\x82?\x8e\xf5\xa5\xb6\xcf\xefA\x8eZ\x040\x04\x1d6\
\x88\xef4I\x13\xba!\x9b\x03<\x05\xd1\xde\x93Yj\
O\xfa\x8c\xf9\xa1I\x94#\x1d\x15E\xb4\xbbO\x97\xd7\
\xd5#\xca?\xa2\xf7\x85[\xee\x92\x89\x19-\xe6x+\
\x04\xda$\x18\xad]g\x18\x195%\xff\xeeZ*\x85\
\xe7\x19\xcf$\x03\x91\x86\x082\xf5\xf7\xe8Z\xea\xc2\xad\
\xa1d\x80\xc9\xd8;\xd7\xb1\xf7\x89.7\xd2\x00\xd4\xb6\
\x82\x12\xd0'_\xe8\xb4\xbcY\x8d\x93\xb9\xd7\xc8\xd0\x1c\
0\xb9\x950\x84`\x9a\xd2#\xfd\x9bK\x0a\xcd\xdc\x03\
6\x86.@4@'\x81\x0cj\xb14\xd2\x00\x9d\xdc\
\x02\xc0\xe9\x1d0M\x8a\x8f\xbe\xf4\x12\xfeI\x07\xfe\xcf\
o|\x15\xf7\xda\x12KM~\x14\xcb\xc4f\xdc\xce\xd6\
\x10s}\x88\xaf\x89j.\x8f\x03\x81\xca\xbb\x0c\x18k\
>\x0en\xe0\x88uV\xbd\xcdU\xe1\x09\x10S\x0ef\
\xee\xb2\xe0\xdc\xc2\xe9\x85\xb4\xc7@\xc0H\x0f=\xe3\xab\
\xd6\xd8}\x85\xa89\xfd1\xe8TclIO\xac\xc2\
\x85\x05\x08\xa03\xe9#\xff\x94\xb5E\xdeX!VJ\
\x9b3A\xcf\xac\x0b\xf9N\xd5\xcc\x0a\xcf\x8f\xad~\xc8\
\xa1a\xad\xe9>\xab\xed(x!\xf3\x5c\x90i\xc4\xad\
\x82E\x8e\xd1%(\x9e\xe5o\xe0\xc9~\x12\xfc:\x1e\
\xe3x\xb3vUt\xe9\x90>\xa2\x8f#\xa6\xdd\x06\xe3\
\xe2\x08\xeb\x8b3<\xfd\xdc+X\x1d\xdf\xc4v}\x86\
'\xf9\xe4v`\xfb\xb4\xfd\x07d\xff\x02\x92\xe8\xf6\x0b\
\x1a\x86\x05^\xfb\xf8'qv\xfa\x10\x9b\xcd\x1a\x9b\xcd\
\x06\xbb\x9de\xfb\xeb\xdd\x0e\xec0\xcdx\x0aF\xc3\xda\
)\x8c\x95\x02A\x9f\x97:'\xb0\xb5\xba\x07\x82\x01\xfc\
\xfc_\x07s\xf4\xd7H\x7f!\x9a7\xd7e=m*\
\xdf%\x00\x17T+\x0b\xd8\x99\xa1\xaa\x05\xfd\xc1\xdf)\
\x12n\xe7^\xee\x5c)\x09\xe8\xe4\xc8@\xac\xd4\xfd\x13\
\x08\x81\xba\xa84\x1e\xa7F\xec\x14f\xe0Z\x18h\x13\
\x9a,\x99H\x87`\xaf\xf1>\xdd\x05\xfb[P\xa0\x0c\
\xdesF\xc4qns\x13~\x13\x99\x05Cf\xb2\x13\
c$\x04n\x03\x7f\x9b\x1f+\xaa\x0a\x03L_l\x83\
\xd0\x84\xfd\xca\x85HAG\xa0q\x7f(\x7f\x97b\xb9\
\xfd\x97\xa2X\xb5\x86\xb6\xd9\xe1\x93\xb7V\xf8\x91\xff\xd3\
\x97\xb1z\xf1i\xe8\x9b\xf7\xd0\xce/ \x17k`\xb3\
\x81l\xb6\xc0v\x8b\xbe\xd9\xd9)~;\x8b\xf8\x97H\
\xb0\xd3\x0d\x80iw\xf5`>\x9a\xeec\xcf\xbe3\xfd\
8\xf6\x97\x80\xa9f\x1d\xc8d>)\x14\x89\xcfS\xee\
\x06`\xb9H\x86\x1cq\x02\x92u*\xac\xbc\xc8\x17\xa0\
1&\xa4\x17\xdb\x1adkj\xd2^\xd2Q{\xb1b\
y\xea\xa3ja\x04@\x02nW\xcd\xbf.\x0cx\x88\
\x8ce\xeb\x03\x8f\xb6\xb52\xbb*&\xb8\x9f_\xeb{\
\xfeN0]\xf37\x8f\xfe<\xff9n`\xd2y\x1b\
\xc7n\xba<\x15k\xdbG?e\x9d\xce3&\x94v\
\xba\xe0:\xb9\xe03i\xc7\xa4\xd6n\x1bF\xeeE\xa8\
s\xc5i\xe8\xd0\x09\xd0Is\xcf\x7fWkX\xef\x1e\
\x0c\xea\xf3:\xf99\x10\xa3m\x07\xe4\x96@\x19G`\
\xbb\x05v;`\xb7\x81l6\x18\xcfN\xf1\xea\xf3\xcf\
\xe3\x1f?\xfb2n\xf5-\x9aH\xecR\x19 ~\x1c\
\xb5\x1fc\xadl\xa8\xc5\x04\x99\x00\xce\xb5Q\xc1\xcd\x05\
\x06r\x88\xc6ueB\x8a\xc4\xfa\xf6\xd5\x13\xaf\xca,\
\xa80\xe2\x1c`/7\xf2\xa6h\x075R\xba\x94x\
\xad\xdeC\xd0o\xfc\x0e\xd0*\xday\xb4\x99'\x83J\
\x0aY@\xf0n{\x9fQ\x0a\xc5\x0c\xef\x11\xfd\xdcY\
eGD\xb7\xa8+\x07\xc7\xfa\xd0\x9dW\xa6\x10+I\
`\xce3M\x1a\xf2q\x16\xf6\xb3`\x88j\x08\xe4\xac\
{\xae\xe9\xe7s1>\x9d\xc9\xd6\x5c Q\xa0\x9e0\
K\x89b\xd6n-<.\x04\x16\x0a\x15\xa5-\xde\xb9\
\xa4[\xa9\x0f@U1\x8e;\x8c\xe3\x0e\xd3\xb8\xc3f\
}\x86\xd6Vx\xe1\xa5OzYm_\xe4\xa8#w\
\xf0;\x7f\xb7\xfd\x0b\x87\x1e,\xeb\x09@\xeeq\x7f\xf5\
\xd5\x8f\xe1\xa9\xa7\x9f\xc6\xd9\xe9)v\xbb\x1dv\xdb\x1d\
\xc6i\x87\xa9On\x9a\xd4(1\xb6\xa2\xcc$4-\
\xff\x13\x93\x94\xa0&\xe5\x15\x93M\xf5\xfdU=\x05\x8a\
\xe2\xbb\xee\x81|\xe1\xef)Z\x9f\xcdQ\xdd\xf3\x8f(\
\x93\x80J\x80\x13\x17\xcd\x82\x11k\xf6\xc1\x16\x92\x912\
\x97\x05\xf3<s\xde\xe2\x94?'\x18\xab\x93~M\x0d\
p\xe02\x90\xd9\xecI\x94\x1c\xd1\xf4\xbc#\x04\x07>\
e\xe54\x82\xb4R\x08\xc8\x85\x1aA|b\xef\xa4\xb6\
D\xd0\xca\x05\xd2\x9a_k\xc0\xd0$\x9fq0o\xb0\
\xadZd\x14\x03J\xbe\x7f-\xc2\x8bh\xf83\x99\xa2\
{\xe6RP\x8d\x5c\xff\x83\xa6\xb9\x9f\x87\xff\x98\xb6o\
{\xfbWP\x1c\xb5\x06\xd9\xee\xf0\xfa\xc9\x12?\xfc?\
\xfcm,\x9e\xb9\x8b\xe9\xdb\xefCN/\x80S3\xfb\
cm)}e;\xa2q?\xf7\xd4=\x98k\xf2\xed\
]\xc6\xec\xe1\xe7Q0\xado&\x002p\xcfd?\
F\x1c\xbd\xe7;\x04is\x0f\xf4\xd81`\xdb\x02\xbb\
\x09\x9a\xaa\xb6\xbd\xd4\xcb\x04P\x84\x0b\x17X\xdd\xac\xac\
J&@Z\xe4\x0e\x19.\x13+\xbbw7\xf1\xfb\x0e\
\x81\x90a\x84n\x00\x1b\x5cZ\x06\x14\x06\xd2\x01\x8d\xae\
%\x9aP\x9ey\x02\xba\xdf\xebp\x01\x01\xee\x17v\xd7\
\x1d\x05\xe6\xce:\x0b\xa9\x9aP\x81\xc8\x05\xc0\x7f\xbd\xbc\
\xa3bm\xa4 `\xbc\xd3\xc5\x1c\xb1wY\xb7:J\
uZ8\xa0q\x0aZ\xc7\x94\x82\x83\xda\x1b\xdd\x85!\
\x13lz$\x1b3A_\xd1'\x13\xe4\xd4\x85-\x06\
\xf9\xf5\xc9\xe6\xad;\xf0\x9b \xe0\x19\x1d\xcbo\x8b\x1b\
\xe1=;L\xc8\x82HG\xb4\xed\x0e\xe3\xfa\x1c\xaf\xbf\
\xf0\x1c~\xe1\xf6sX\xf5-\x16\x10\x1c\xb9+k1\
\x0bh\xcd\xb8\x168\x804w\xc7q\x9d\x0c\x88A\x05\
\xd0\xddz\x97\xec\x09HE\x80`=\x18\xec\x06\xef\xe2\
\x19\x1d\xb6\x1e-\xae',\x17\x0e\x90<\xa7!\xf9]\
\xf26+\xbb@\x82\x03Z\x9d\x5c\x8a\x1a\x91{\x84\xf4\
\xe6L\xa5\xc5*/\xc5\x14\x1e\x1c[\xe5\xa2W\xfcK\
\xe2A\xcc\xa1\xb7\xac\xb2F\x90\xef\xcb^\x1d\xe4\x89\xac\
\xbb\xf1\xaa\x03uE\x9d\xfc\xae`\x9av\x8ekX\xa6\
\xa00m\xbd\x08\x1d\xfe\x08\xb7P\xd6\xa3\xd09\xc4T\
2)\xb4\xa8&\xe4\x09L\xa8C\xd4\x80\x82\x87|\x86\
\x01\xe7\x1a\xd0e\xca\xf4dqu\xe3\xd6\x84\x80\xcd\x05\
\x9e\x7f\xf1u\x0c\x8b\x15W\xce\xa5\xcf>\x8e\x1f\xfa\x84\
\x0b\xe0*\x09\xe2\xd0\x87\xcf\xbd\xfe\xfaw\xa4\xdf\x7f\xb3\
5\x01`\xb4\xb4\xaa\xd5\xcf`_l*MH\xb4\x91\
\x09\xd7@4\xb6L\x8fF<l\x19\xc50H\x86\x06\
\x9a\x84\xa2A\xe4\xe1^\x90\x8c,F\x984\x01D)\
\xc8\x09\x97l\x17\xb5=\xbb\x9d\xc7\xf0\xa6\xaf\x1e\x07\x89\
\x91\xfd\x13\xf1\xe8\xdf\xb8\x9e]`@\x89\xd4\xb25%\
q&:\xb1\xdf\x1d\xb9\x8b\x01\x01\xdcu\xd1T?r\
\xcd\xc0E+\x00\xbc\x1d\x14\x14\x14\xce \x9cY\x18C\
\xe0\x16+\x0a=\xf4\xa1\xb1\xaf\xd9\xbf\x00v\x00\x22\xe6\
\xf7\xb7\xbc\xff\xc9LZ\xbc;\x176\xcc\xd7\x9f9\x02\
x\xe4;\xb7\xfaQ0X\xc2\xd2\xfb\xae\xa0X\x0d\x0d\
m7\xe1c\x83\xe0G\xfe\xfb\x9f\xc4\xf2\x85g0\xbd\
\xf1>d\xbd\x86\x9e\xad\xe3$?\xd9\xda\xe9np\xcd\
Mb\x8f\x7fO\xd7R\xb7X\x0f\x02\x02\xf7\xf5\xc7\xde\
p\x0f\xf4\xa3\xaf\x9f[q8~\xe1\xe2\xf3\x84@q\
\xd4\xab\xa3\x9e\x16zB\x94A\xe5@\x9d\x5c4~3\
\x11S\xfa&\x11cH-\x9f\x9aw]}d\xb8\xba\
\xb7\x02\xc8\x98\x22\xcf:<\xb5\xaf\xa4\x8b\x88\xfb\xf9\x01\
\xcd\xadk=\xbf\xd3\x02\xc1@\xbf\xf9\xfc;\xf3\xd3\xdc\
\xf3\xaf\xec+\xe8\xcf\xe7S\xd5\xe6\xa5.\x8cf\xf4\x08\
\xd3\x18\x03\x0c\xf7q\x1aF\xb3\xb9@\x11j\x08h\xde\
\xe7\x04\x9e\x1ee\xc3\x03;\xd1\x8b\xbb\x82\xf3\xe1Qy\
\xeaq\x09\x101AP\xdc\xc2\xc7\xb1\x17\xc0L\xfeb\
\x99\x04\x1d\x85\xb5w\x88\x0c\xae\x94\x08\xa4O@S\x0c\
\xda1\xb5\x8e\xef|\xfeE\xfc\xcc4\xe1\x7f>\xff\x10\
\xd2VX\x86po\xffe\xf0\xa7\x8a\x09\xba\xa4\x83.\
\xa5/HW\x003\xef\x89\xcfe\x1e\xe8\xe3\xa9u\x89\
\xea\xbe\xc03?\x80_\xd39<\xe6\xa9w\xfb<^\
\x10\xb1'\xfe[\xca=^\xd5r\x85\xf1)A\xf7T\
2\x904\x07W\xb4:\xe2\xa1\x19\x1d@\xf2P\xb3\xa0\
\xde\xd2\x87}pg\x19\x90Z\x12\xff\x9b\xcf\xa6*i\
\xc4\x1bY&\x95\x14\xe9?\xc8'\xa3O\xe4g\x12\xca\
\xe6\xcc\x05\xe0mR)5\xd2\xf5Dk\x8c\xf3\xc0\x88\
\xa5\xa8C\x1c\x8b\x89\xcfqmQ2\xd0\x98\xa3T\x04\
\xb2\x7ff\x01\x14\xf4\xbe\xb3-\x81\xd3\x0e\xeb\x8b3<\
\xf3\xdcG\xf1\xcc\x0b\x1f\xc3\xbbo\xfcy\xb80\xe6\x9c\
\x22\x9a\x90ku\xef~\xdb\x7f\xf8Q\x1f\x9aK\xee\xde\
\xb9\x8b\xe7\x9e{\x01\xf7\xef\x7f\x88\xedv\x8b\xedv\x9b\
[\xff\x94A),<\x19Z\x05\xac\xbc2#Wt\
\xf40\x03)\x89\xc6\xef\x89/B\x06O\x84q \x02\
q\x14\x91\xc6T\x11& ~'\xef\xb7f9\x93,\
D3k\x19\xf3\x92\xc7\xfen\xb6\x82\xc2A\x19\x17\xa5\
\xa6\xe1\x84\x9d\x0d\xf3\xfep\xbdf_c\x8f|!4\
\xf5v\xc4\xb9\xf2\xfe\x0a\x81\x14\xa0\x86\xef'\xe6\xb1\x5c\
\xa7\xaf\xdc+\x01\xa77\x0dIUA\xabB1%F\
d%\xc7\x0b\x1eX%\x01\xf6l\x0f\xa5{\xb3\x16\xa4\
y2\x80K\xb3^\x13.|\xfc\x05\xf9\xbc3\xbd\x06\
5\x8d\xbf\xa5\xe6\xcf\xbd\xff\xb6\xd7\x1f8\x1e\x1a\xda4\
\xe1\xa3\xd2\xf1\xe3\xff\xe2'q\xfc\xea\xf3\x18\xdf\xbc\x07\
\xb9XC\x1f^\x00\x17k\x0b\xf6\xdb\x8c\xd0\xdd\x0e\xb2\
\xf3h\x7f\x02{\x8a\xd0n\xf2\xd5\xd0\xdcM3t\xb3\
\x9e\xf6|\x8f\xeas$\x05\x02\x98\x16X\xa0\xf1\x9d\x00\
\xda9\xd7\xe2\xe5 \xe7?\x98\x95\xa6\xe5@fV)\
\x0a ey*\xc0S\xfbxT\xac5\x87\x82\x80\xd3\
~\x87\xff%\x0d\xe7\x22\xcf\x1d\x023{Y\xe4}\xef\
\x1eRg\xda~j\xf6\xf5wh\xef~}\xd2r@\
\x22\x04#\x04\x93\xf0\x19\xd3s\xcd\x95\xe0\x07\x00\x81C\
\xae\xb1N\xba\xb7\xb3\xab\x81\x9fG\x09Y\xbb\x84\xcf\xf4\
h\xe7\x94!\x8d^.\xad\x19\x04;s!d|\x90\
\xb7\xbf\xdb\xc1F\xae\xbe\x95\xa0N\xd8w\xd2\x025>\
Zr\xa6L\x07\xadn\x110K\x80\x97\xe1;It\
\x1a\x81\xc9RI\xcbv\x8b\x11\x13~\xe0\x85W\xf0\xb7\
W\xb7\xa0}\x87#0\x955iZB\xc8\x1d\xd2X\
\x0fQ\xb1c\xae\xfd;\xb5p\x02N,K\xcd5l\
'$\x9a\xfd\x00.\x98JE\xf7\x9e|\xc2\x882\x03\
\xec\xca\xd5\x104\xa9,\x09\x89\x00\x88\xc9 \xb8\xa5M\
\xb2\xbe\xdc\xa3\x0f\xe1?\xa7\xa0(\xc8u\xc4:%\x9f\
\xcb\xb6\x90\x9f\xb4lt}-\xe8B\x12\xc5\xbc\xcd\xb1\
\xb3\x8c\xed\x8d\xb1\x93(\xc3d={Q\x0b\x9f\xe5z\
LKoi3\x0a\xdb(} ?\xaf\xd8\x9e}\x98\
3>)n\x8d\xc0;\x91\xd9\xe66\xbbO\xe1\xa3\x0a\
a\xf3\xb9\x0aHq\x0b\xe04\xee0\xee\xb6\x18\xc7-\
\xb6\xdb\x0d^x\xe9;|\xdc\xe7B\xd3\x1cQ\xaf\xfe\
<2\x06`\xff7'\xf9\x95W_C\x97\x8e\xf3\xf3\
s\x07\xff\xad\x99\xfe{j,u\x22\xa9}\x86v>\
\xfb\xef^#C`\xa8\x00Y\xc1>\xa3\xa13\x89\x0f\
b!0\xc8\xa2\xd7RU\xdd\x1a\x90>.\x82\xa6}\
\x9f\xad\x80\xf4\x0by\xe1:\x9fcHp\xa1,\xa8\xb5\
f\x8bS$\x83Ub\x82\xab\xc0\x83,\x97\xed\x8e\x0a\
\xca\x93!\x04\x05\xe9\xce\xda\xa8d\x0e\x0e\xa8\xb3\xac{\
U\xa8p\xa1(\xdc\x0eM\xc2=0g\x16\x1e\x19\x1f\
`]Y\x11\x5c\x80\x00\xa8\x9dP\x98\xe0SL\x0e\xc4\
\xdc\x00V>\x0f\x02\xb1\xb6g\x92!\xfa4M\xeb\x1f\
\x9a\x84e`\x00\xb0\x80\xa0u\xc5K\xbb\x09?\xf9\xdf\
\xfd\x04n\x7f\xe7\xc70\xbd}\x0fmc\xa7\xf9\xc9\xc5\
\x85\x9b\xfdw\xc0v\x07l'\xf4\xb1\xe4\xf3w\xbf?\
S'sH:\xadS\x81$\xea\xa0\xeb#\x16\xbex\
3\xe7\xc7&\x95\x106s\x9c\xb5\xce\xbf\xdf\x97@>\
+S:\xe9\xd8\x85L2\x02rR?\xaeV\x86\x85\
\xcd)cg\xdc\xa5\xc0mZ\xdce\xd2c\x9f?\xff\
\x97\xeb*\x80\x1f\x81\x05\xa1\xfd\xf3w\x17M\x8f\x07\x14\
*\x06\xe4\x01\xc6\xa0\x1b@0A\x02\xb0\xe1\xe5tq\
\xd7\x82j\x89\x19\x10\xaf\xc7\x04\x05\xf8\xef\x88-\x10\xf3\
\xed\x1b\x06k\x00<\xdf\xe9\xb5m\xd0\x99\x102\xb9\xe0\
C\x8bG\x87\xc5A(\xeb-\xcfM0Si\xd7\x8e\
\xc9\xe3\x8eT5\xcd\xfc\x04\xf6\x88\xfd`\xc5\x9a\x00\x18\
\xf4\x03\x07|-\xc0?\x99\x144u`\x9c\xdc5\xa4\
h\xbb\x1d\xa6\xa6\xf8\x89\xe7_\xc1\x97\xda\x02\x1d\x13V\
hX\x02\xbe\xb3%\xd7[\xd0;\xd2\x1c\xdf\xd0f\xf1\
1\x910\xcb\xd7\x0f\x97|\x15\xb2Mv'\x08\xce\x90\
\xd6A--\x9ca\x95\x8a\x11\x9b\x83\xb3\x0a|\x8b\x1e\
Jy\x9au%\x87\x0d\xab\x15<\x16\x89\xedK\xe1e\
&.\x04\x0f\xe3:\xab\xdcP\x85\xef\x93v\xf7\xa0\xca\
y'\xe5\x1b\xda\x84\xcd\xfd\x10\xa58x\xf7\xfdW\xa3\
\x9b\xea\xe3?\x07\x1bq\xcd\x9c\x98\x81Y0x\xec\xbe\
\x88\xc1\x96\xc0\x0bkr\xcf\xc2\xb4\x8c\x0bi\xc8\x0bU\
-\xfc=\xd6\xa7ss*\x01{\x7fg<\x99\xb5\xf8\
\x18M}\xc4n\xdc`\xdcmqq\xf6\x10O=\xf5\
\x12n\xdfy\x0e5\xb0X\xea\xdb\xb2_\xd2\xfcsp\
\x17\x00_\xdc\x13\xe2\xec~\xef\x18\x86\x01\xaf\xbc\xfa*\
\xce\xcf\xce\xb0\xddn\xb0\xddl,@a\x1aa\x01\x7f\
\x0e>\x1c\x07\x14\x0d\xbb \xafu\x97vUv\xb4\xb8\
\x0a\x90\x03H\xa6\xdd\x1d\x9c\x05\xb4\xdc\xfa`:\x11\x10\
G)\xdd\xd9\xed\x1e\x1d\x0as t\xb6)\x0e\x02\xc4\
\xbec\x9a\xc5\xa4\x92\xb2\xb7\x85}\x12\x93\xc6\xad\x9f\x92\
\x03\x16\xafr\xe4\xe9\xb2\xb0\x18\x85H,\xe3f(\x02\
\x8c\xc4x\xf5\xb4Z\xd0\xf2\xe0\xc0Z\xb7J\x19q\xce\
\xb5\xf2\x08,\xd2\xf9\xdf\xc6\x1c\xfel\x9b\xaf\x0c\xe5\xd6\
?\x1f\xeb\xb4R\xa4\xf0\x90\xc2\x08\xeb\xd5\xf0;V\xa2\
\x0a\x1f\xa6k$\xec\x7f\x8bv\xa7\xa4\x1b\xfe\x7f\x18\xd0\
\xdb\xdf\xdc\x01\xb0\x10\xfb~\xf7|\x8d\x1f\xffg?\x8e\
\xa7\xbe\xf8\x19\xec\xbe\xfe\x16d\xb3\x81\xae\xed\x18_\xac\
wv\x94\xeb\xceN\xf3c \x1d\xb5=\xa1/\xdeA\
\x99\xbf\x19\xbd\xcc\xd4\xbf\x04y\xc1\x5c\x1b\xcf,}Z\
\xac;\x98\x09\x04\xf6)\x07\xf5P0\xed\xf6\xa0\x19U\
\x92VS\xcaH&`\x1a\x02\xcc}\x01g\xd1^v\
\xaf\xa0\xaed\xd2\xc6\x94\xa8\x9d(\xfb\xe3\xa0KjW\
7+:\x7f\xf2\x809\x17\xbf\xe9\x22\xd0\x5c\x7fn\xf8\
\xf7\xef\x8a07\xb3\xa5N{f\xa1J&I\x81p\
\xc67\x82j\x9c\xce\xdd\xbcio[\xb9\x049R\x11\
}\xfe\xcdw\xb6D\x9eO\xb1kt\xdd4W\xa3&\
\xd8\x81R66S\xb0\xbe\x04: v\xb9\xd0B\x10\
\xbc\xa6\x1b\x15S8\xf3m\x81\xc6g:\x80\x06i=\
\x96\xb4e\x1e\xa4\xbb\xd2\x85B\xf1\x5c\x01\x01\x0c[\xe0\
\xe4\x18\x7f\xff\xf9W\xf0\xee\xdb_\xc3\x9f\x8ab\x05k\
\xe7`\x0b\x08\x93\x83\xcd\x02\x821TI\x9e\xf0 \xa8\
\xd6\xc8H\xf2\x03\xc1\xd0\xdc\x9c\xed\xcd\xed\xbe\x0d\x8f\xa1\
_\xcc\xa4\xd7\xc5\xd6\x16\x85\xbb\xe0^\xc2\xf9J\xd6f\
\xf4\xe9\xed\xf7z\xc2z=3ok\x01\xc02\xcf\x5c\
\xee\xc8\xb2\xe7\x17+\x1f\x97\x1c&b\x8a\x92^\x923\
8\x13\x0e\x1a\x0c\xfeX\x80mV\xbf\xe46\xd2bW\
OKoi\x9b\xf8@d\xbf\xdc=\x1c\xbc6\xdd6\
V\x86\x01|\xed\x17ij\xde\x8at\xbb\xd65\x90o\
T\x0b\xa1\xd7\xc3\x01\xc8nx\xfbs\x8c\x83\xbfRp\
q\x0b\x80L\x13\xfa\xb8\xc5\xb8[c\xb3\xb9\xc0\xa4\xc0\
\xf3/\xbd\x8e\x87\xf7\xdfM\xa5\xb5~t\xf6g6\x8e\
\xc0\x81 \xc0y\x07\xe6\x1f\x0e\xdc\xb3\xcf<\x87\xdbw\
\xee\xe2\xec\xf4\xd4\xcc\xff\xbb-\xc6q\xc24\xe9<\x22\
\x1f.)i\xfa\x93*\x10\xcc\x01\x0dq'\xb6\xb9\x09\
\xb7\xfe$H\xb72y\xf4=E66gn$\xe0\
\xe0D\xa5\xf7\xaa\xc9|\xe9\xcfT\xff\xcb\xbd\xc69j\
f\xbe\x8fE\x22\xf9/\xfc\xee\xac_\x1209\x819\
\x19\xc5za\x03\x89pK\x04\xd1\xf2\x16\x0f\xf6)\x03\
\xa6\x1a\xcf\x85k\x81\x0b\xa5\xd6[\xa4\xfd\xf9\xb8z\x9f\
\x9cBIo\xcd]\x1c\xc2q.\xed\x80\xef\x09&\x98\
\xdb;\x1a\xef3\x96\x85\x11\xfb\x09hH\x81\x02\x06\xb0\
d\xc8M\xf2\x0c\x84\x01\x1d\x83\xb8\x1b@\xb8\xe5\xcf\x98\
\xe6\xa25\x9c\x9c^\xe0G\xbe\xfcE<\xfb\xa3\x7f\x03\
\xe3[\xf7\xd0\xce-\xa7\xbf^\xd8v?\x8c\x16\xe5\x8f\
\xed\xce\x03\xf9\xa6\x9c\xe0NS|\x99K\xf8X\xbbf\
\x97\x11\xfc)\x10\xd07\xa4\x04xJ\xedE\x10`\x1f\
\xe3w\xaf\xcf\xfa\xdd\xb0\xf3\x89\x09\x1a\xa4\x83`D\xbe\
#\xc6\xb3\xcd1'\x81\x85\x16$\xc3M'\x02\x9c\xd6\
\xfc  g\x12\xa1I\xa3h\xf9\x14\x0a PQ\xd7\
\xee9\xfd\xa9qO\xfe>\xb5\xf8.\xb9\x0b`\x82%\
\x14J\xd7\x82k\xf7`}i-\x88k\x9aZ{\x98\
\xf9\xf9\xd7\xebQ\xcd\x83\x89Lcg\x1b\x94F\x13/\
O\xe6}\x12\x8d B+\xbf\xf0\x16_[s\xabH\
\xae\x15O\xd1c\xf5y\x9f4\xcc\x0b\x0c\xe0\x84\x07s\
\xf6t\x1dy\x9c\x87r\x97\xc0\xc8\x0e\xd2\x8a\xa0\xb6[\
`\x9aL\x00\x19G\xe8z\x8d\xe3[7\xf0\x8f\x9ey\
\x19\xcf\xe9\x0e\x13\x14KXL\x0b\x83\x5ci\x19c\xca\
kj\xc0\x80\xfa\x0e\x98\x0a\x88\x5cG3\x9d:\xd6u\
\x8aO\xb6\xe8\x92\x7f\xa7\x0f;\xd7\xe3\xfeG|}\xb7\
\xc2\xee2\xb4\xb91\xf6\x8a\xad\xb8\xa4\x0df\xda\xee\xb2\
*\x92B\x14\x01\x96\xf1\x84\x92'\x14>\x03\x0a]\xf5\
m\xef'\xf3;\xec1\xf1\xf8\xe6\x0a\xa5\xfa\xa8\xc4\x08\
\xc8\x5c\x09\xb1?\x0aZK\xd9\xadV\x94AH\xc1\x06\
\x82O\x8e\xd4\xe5\xb1c[5[\x17\xbdU\x04\x7f\xf7\
\x9edy\x05\x0b)t\xeb\xde\xf7hs\x0c)\xdb\xc7\
\xd4\xc0#\xa6\xdd\x16}\xda\xfa\x96\xc0\xd70,\x961\
2\x07`\xef\xca\xcfL\x00\xd0\xf2Eg\x934\x1f\x88\
O~\xeaSP\x056\xdb\xad\x9d\xf67\xda\xd6?\xdb\
\x8eC\xc2\xf4\x8e\x86ZI*\x13\xa7\xbdb\xc6!\xb3\
T\xd8\x16&Z\x0ax\xdd\x1b\x15\x07Z\xf8p\xb3\xae\
\x8c\x07\xd0\x98]\x05R\x9b\x13\x09\xf0\x8a\xbe\x04\xcaj\
\xbd\x18\xc4\x97\x81S\x12\x93,Q\xb0\x9b\xa14\xdb&\
\xd0\x5c\x84\xc2>&\xc1\xcff\xa3\x005\xd1^\xc3\x05\
QLO`Z\xd1\x5c\x14\x99[\xdf\x19I\x07L+\
\xc9\x0c\x85$Oq\x86#.,\x0d\x8d\xdb\x05\xdd\xff\
\xa5%\xf9\x0f2.\xa0Z\x12\xc2\x9c/\xea\xdb\x9b\x80\
\x86\x9e\x8c\x0c\xe9\x0e\xe0\x16>\xb3L8\xe0\x03\x1es\
@\x1f(#\xa3\xc5\xa3\xff\x15K\xf1\xa8\x7f\x01\x96\x83\
`\xf5\xf0\x1c_\xfa\xc2\xebx\xedg\x7f\x10\xe3[\x1f\
B\x1e\x9c\x03\xe7k\xc8\xc5\xc6\xd2\xfa\xeeF\x03\xfd\xdd\
\x18\x11\xf8\x9d\x91\xda\x11\xddo\x1aN\xf3\xc8|\xf4\xfc\
g~\x7f\x05\xba%\x08\xc24\x81\x1a\xae(\xf3\xfck\
\x06]\xfa\xa9\x85P\x0d\xa0\x80\x96@@\x82\x88?\x1b\
\x01\x80\xc8\xe3\x8f\x83\xeb(\xa0\xb1g<5\x15\x85z\
\x00\xb6\x9f\x96\x07Z\xbb\x18\x87\xa2A\xeb\xe1\x9bT\x02\
\xbd\x9b\xd6\xd5\xa3\xe9i\xf6w\xcd\xd776\xc0\x00\x94\
n\x05o\x0b\xa9\xae0\xb2Y}\xfe\x5cw:d\x84\
\xfeD)\x12n\xde\xf7\xf7:\x80\x11\xc88\x00\x92;\
\x0c\xf0\xe9V\xa0\xcb!\x05\x07\x05T\xc2\xd7\x0f\xe9\xc9\
\x0bB\x18\xc9m\x89\xb6\x0d\xd0\xb7\x06\xba/ub\xff\
C\x80\x99\x0b\x15)\xa0\xd8z\x8b\xa4=t\x01t\x98\
R_\x5c\x00\xd23\x06@\xfbd\xf43\xc1\xe9\xcc\xad\
M\x93\xd1\x90L\x13\xc6\xed\x16\xcf\xdf\xba\x8b_8y\
\x06G\xba\xc3\x12\x0dK\x05\x16\x1d\x18\xba\xa5\xb0n\x00\
\x86n\xbc\x81\xa9\xb0c\xab\x9e\xaf\x13Q\xbb&*\xb1\
\xb5T\x0b\xef\xb3\xb5\xeb\xbc(\x9e\xf5>(\xf5\x94\x86\
\xf2x|D\x92\xb6I\x80\xe6\xc2+D!\x08\xfe\xbc\
\xafT\xf0\x1dZ\x9f\xa8\xd9R|H\x9d:\xdd^V\
\xa6\x04\xcdxKb\xdd\x85(\xa3H%\xc7\x83r[\
\x00\x11\xf1\x82\xdc8Q2\xd6\xa8\xd3}\xd20J\xdb\
\xbd~a\xdd,5\xb8;((T0F\xdc\xd9\x13\
C\x9c6[\xbcN\x8b\x8b\xafS\xa8Y\xe2X\x1f\x0a\
\xf8W\xc9\x8c\x02\xa7f\x9d\xc4\xc4\xdao\xe2\xc64M\
\x98\xa6\x1d\xa6q\x83\xf5\xf9C,\x8fn\xe0\xf6\xdd\xe7\
g\xd6\x8d\xfa\x91\xbd\xef\xb5_\x97b\x00P\x1e\xd87\
\x7ftU,\x97K\xbc\xf4\xe2+\xb8\xb8\xd8`\xdcM\
\x18w\x16\xf9?u\x1eP\x91\x006oJN\x9e\xea\
\xbcI\xe2\x8b\x9a\xad\x93r\x9d-R\xe5\x00\xf0\x1e\xcb\
\xeb9}>\xa0\xb97s\x86\xf8A \xd0\xb9)(\
\xfe\xb2\x09\x9a~\xde\xe4\x94\xbeP\x84&R\x9d\x8f\xa6\
\x10B\xad\x9ds\x97S\xfa\xa9bH\x8b\x84gm\x8f\
\xe5\x8c\x94\x099\x12\x9a\xc4\x22\xea\x87aI\xf6\xbd\xf8\
\xb12Q\x11\x05\x11F\xdb\x1b\x81Q\xea\x8dr\xa3.\
j\xb8d\x0e\xf5\xa8\xdfyf\xc0j2\xcb8\x80\x98\
\xb8\x10\x04\xdc\x88\xe0\xcf1\xfb\x9fi\xfa\x0b\xff;\xc0\
\xb6\x02.aA\x7f\x8b\x8b\x0d\xbe\xeb\x95\xe7\xf07\xfe\
\xe9\xdf\xc6\xf4\xc1C\xc8\x87\x0f\x81\xb3s\xe0\xfc\xc2\x04\
\x80\xed\xce\xb6cm\xb7\xbeo\xdb\xb6\xfb\x09\xe9\x83@\
\x1f\x91\x9e\xde6\x9d\x10,\x81\x02A06\x13\x06\xd0\
\xa7\x98j\x9b{\xcf_\xe1\xd9\x14\x81d\xd4V\xb6\xfb\
\x95\xfb\x84\xd8\xf3\xef\xe0R\xeb@\x99\x97\xd8\x1e\xabY\
Q\x0d'a`a\xf7\xad\xa5\x042\x82\xaf\x02a\xea\
7AUg\xf4n[\xfa\x12\xf8:A^h1H\
Ss(\xb5\xa4\x82`V6\xc7L;\x1b[\x09C\
`\xc8\xebu\x87\x02\x85\x0cj/\x04\xe0\xea\xd7\x87\x0b\
+lg\x0d\xec\x9b\x1c2\xba\xa8\x09\x11\x05\xc4s\xd7\
\x03[c\xc1\x82\xdc\x06\xc9\xeb\xb4\x04\x00\x9aA\x84\xea\
\xdf=\xfe\x81\x96\x01\xc4\x5ci\xcc%s\x04dL\x80\
\xf3\x13\x07\xfa\x9a\x1eZ\xfd\xb0 e\xcc\xc74Av\
\x1d\xa3\xee\xf0\xd9\xdbO\xe1\xef\x0c'\x98t\x87#i\
X\xc1N\xafl\xf0u@\xe1\x1c(\xc0\x89p\xc9\xa5\
\x10\xaf\xc1\xc6\x9a+\x1d\xf6nZ>sM\x22\xd7\xaf\
\xee\x95]Y.\xb7Yc\x8f\x0f*\x15\x00/\xd3\xc1\
\xdd\xea\x05g\x97\xe8\x05\xb8k\x86|\x90\x9a<\xd7O\
+\xc1})\x14\x80\xa5\x97\x85$E\x10\xc9C\xc1I\
H!\xb0b\xbe\x96h\xb9\xb5\xc7c\xe3\x9f\xb7A\xcb\
\xa8\xd0\x15\x9cm\xd1\xf2K\x01\xf0\xe8\xf8\xb8\x1a\xf8\x92\
Bp\xc8\x0d\xce\x8b\x19\xf3\x94kP\xa3M\x0c\xf8\xab\
(H\x1c\xa8B\x12\xc7+\xd7\xf5L\xc4\x98\x8d\x98Y\
\xaf:\xa0&\x00\x8c\xe3\x16\xbb\xdd\x1a\xe3n\xc4\xb3\x1f\
\xf9\x04\xae\xfa\xe8\x15\xdf\xad\x0f1\x0c9%\xfb2\x84\
\x00\xb6-\x06\xc0K/\xbe\x84\x1b\xb7o\xe1\xe2\xfc\x0c\
\xe3\xb8\xc58\x8e\xe8}\x82\xf6\xa9h\xca=+s\x86\
\x19\xb2\x98\xa3j\x04}8S\x22P \x88\xd1A?\
\xd9\x93KH9\xd89\x98t\xbbV\xb3O\x22p\x9a\
Y|+\x9a\xfb\xfc\xc2'\xaa\xa5L \x05\x12\x07^\
[\x18\xc5\x1c\xc5\xb6\x97\xed6\x16\x8d\x9bf&h\xb6\
M\xbc\xcd\xa6a\xea\xde\xf8\xf2^.z^\x17\x90(\
l\xa1\x1b8 \x9e\xac>\xbe\xfc\x97\x91\xd3\xe9b\xc9\
|\x02\x5c\x9c\xc2\xf1\xabV\x0b\xd4]\x04\x9e\xc8G{\
\xd99\xd0=Q\x87k\xfe>N\x0deK_\x10>\
\xe2\xb9\x08\xfc\x03-\x02E\xb8P\x9e\xf0\xa7\x18\xb6#\
>q\xe3\x08?\xf4/\xbele\xbf\x7f\x1f8\xbf\x80\
\x9e[\xc4?6\x8c\xf4\x9f\x22IOl\x05\xd3<\xa4\
'\xb7\xf9Y \x9d\xba{\xc0\xe81\x17\x94\xfdt\xa1\
L[D\xd6s/\xb8\xaa\x11\xd6\xcc\x10\xef\xb1\x1f\xc9\
\xce\x18\x13an\x88\xe6\xf3C\x13dGZ[\x985\
\x90\xab!v\xbb\x9b\xe4f\xa7\xf7\xf5n\x1a\xbcM~\
\xb4\xdb\x9a\xc2\x96\xf4\x00V\xa8\xb8\x00!\x01~Z\xdf\
\xf1b\xaa\xa5!) \xaf\x87;@\x0d\xc8'Z\x11\
\xd0\xa0\xd2BP0\xa1\x83cg3\x1af|\xa4\xf9\
_\x95\xa7\xdf\x19%Q\xe37\xd3?-\x13\x82I\xaa\
\xf9_\x5c\xc3GX3b\xa7\x81Z\xf0!]\x07\x93\
\xd73)bG\x81\xbap>\xa9Z@\xa1\xa4%\xc0\
\x98\xbc\x01\x7f\x0a=V\x19\x93z\x89\xf6\x00\xfeL\x19\
\xad!\xe4u\x8f\x1bQ\xdfM\x02O\x16%U\xe8T\
K?=\x0d\xc0\x8f\xdey\x0e_\x90\x01\x93v\xac\xa4\
a\x01K\x16Tw\xbb\x0c\x04\xeb\x12\x8f\x13\xb19\x04\
~)\xfb\xf7\x09\xc0\x82\x02\xfe\xf6o\x00Bx\x8f \
_) \x1e\xae\xd2\xe4/\x91(\x07,S\x93x\xc8\
3\x9c\xe7%\xabI\xea\xef.p\x18aR@I\x81\
\x11l\x93\xd3B\xd4\x1f\xed\xb4\xed\x96\xd2(\x94\xa4@\
2+\x83Re\x05\xd5\xc0\xff\x84\xd3\x88?\x8b\xe48\
\x14\x0b\x03z\xf6>\x16\x17\x92y\x10\x1c\x07\x9d/2\
\x1fJ\xd1\x0e\x83w\xf0\x88{P\x10\xa8\xbc\x9d\xf8B\
\x8bd\xe1\x97\x0a\xf5\x9d*\xde\x98\xc6y\x02b\xa8c\
\xec\xe7cA\xab\xd84\x8d\x16x?n\xb0\xbe8\xc5\
\xed\xa7_\xc4\xb0X\xe5\x80\xed}\x88k\xfb\x9f\x83.\
\x80Z\x84\xec\xfd\xfe\xe8\xcb\xafb\xbb\xb5D\x04\xbb\xdd\
\x0e\xe34\xfa\xd6?_,ZL\x94!\xc3h\x16\x22\
I\xd8\x81\xb1\xbc\x1fA\x10\x95\xe1\xda\x7f\x981\x0a\xc1\
\x98$\x92\x84\xa8\x86\x00X:\xe3\xe0\x10b\x9b\xfde\
\x8b\x8c@\x9a\x9b\xd8\x1d\xb5\x1c<\xd2\xa7\xcf\xc1\xa7\x90\
`\xedmBHSJ\x0b>An\xceR\x02m\x0a\
#\x92\xe1\xf2AHV\xb2xy\xb9\xc02\xdb\x17J\
 e\xf1\xfd\xc5\xc0I\x8c\xad-\x81\x14Jr\x94\x94\
\x94cm\x07%W\x07|\xef\xba@-\x11\x90T\xff\
\xa4\xff\x0e\xf7\x84\xef\xf1\xf7\xf1\xa3y\x9fmnR\x04\
\x01\xb8O\x13\x12\x87\xa2d\x9a_c4M\xd5\xf6\xfc\
\xc3\x18\xe13\xe3\x88\x1f\xfdg?\x8e\xd5\x8bw\xd1\xdf\
}\xdf\xb6\xfb\x9d_\x00gk\xe8\xf9\x16\xd8\xd8I~\
}\xec\xc1\x84\xd3@\x0e\x07zM\x9a\xd5y\xdfC{\
\xe3\xf89\x89\x1a\xb9j\xd2@H\x07N3\xe5\xf90\
\xdb\x97\xecs\xf6?g\xde\x0c\xac\x22\xc3#\xed\xb9\xbd\
\xd9\xf6\xf4*\xa6n\xc8\xc5]3d\x0c\x13\xe3\x03X\
r\xdc\xb3\x81\xa36\xcd\x15B\xf3w<\x8b\x04PR\
\x14\xfd\xf1dV!\x02\x08\x8a\x16M@\xe7\xf2I\xa0\
\xb4e\x97.\xb7\xba\xb5\xcf\xea\x130\x84\x91\xc2H\xd5\
\x84jr\xa2.\xd6\x1es\x13\xb8\xa0\x80\x14T\xb8U\
\x90#N\x90\x8f\xcc\x80\xb4\x1cx|\x03g\xc1\x84\x82\
\xee\xd9\x0b36\x01B\xe1\xa3Z:\xac\x8dt]\xe4\
V\xc8\xc2{\x145\xa0\xc1\x80\xcd\xe7QB\x08P\xc4\
6C\xa6&\x9c4,S\xedx\x85\x9f\xbd\xfd<>\
\xea\xb6\x8d\x01\xcc\x83a\xd9\x02\x07-\xa7bz\xf9\x22\
\x9e\xc0G\x04\x0d\x03\x06\x8fT\xe7\xfaN\xa5'5\xde\
\xe4S\x09\xe8\xfc\xc4n$\x14\xe1 \xde+\xab'\xd5\
\xd0br\x07\xa4\xb5\xa8/\x03\x86\x8d\x18\xed7\xb5\xeb\
\xb4'&\xdd\xe7\xda\xe3R\xcc\xbb\xc1\xcd\xf2\xbbV\xab\
g\x14\x86pe\xf8\xb5\xa0l\x99\x97d\xed\x1d\x92/\
\xf2\x9a\x03|@\xd2\x0c\xa8g\x7f\xf2\xa3l\x12{T\
\xf6L\x05\x96!\xf8\x7fXEf\xf5r\xddx\xfd\xd9\
\x00P  \x16p\x0d\x13{r\x819\xbf\xf2\xdf\xea\
<\xc6\xdc\x9e#\xa6i\x8b\xed\xf6\x02\xab\xd5\x0d\xdcy\
\xea\x85\xa0\x81\x83\x9fK\x9dD\xa6\xac\xbf\xea\x13\x8c\xa6\
w\x0c\xc3\x02\xcf>\xf7Bd\xfe\x1bw;\xf4\xd1R\
\x94\xa6y\xdb\x88%&\xa0h\x98\xc1055b\xef\
\xb6\x0f6\xcfg'p\xa6\xc6\xab\xb3Q\xd7Y`K\
\xd5\xd0\xc8\xa4\xe0\xc4\x99\xc1\xb6\xd6\x0e\xc3\x0d\xc6\x1ck\
d\x16\x03\xd4w\x088\x93.\xe58\xc2\x86,Q$\
\x17\x84\x10\x00re\xc9\xb2b\xb1VB\xf5\xa5\xd7\xea\
2\xd5x5\x84\x0c\x16\x0f\x8e_\xb1\x12\x94\xf9\xad\x09\
\x91\xaa\xc5\xc1\xb2\x03\xda\x225\x90W\xb4\xa6Q\x1e\x89\
\xca\x03\xd6c\xac\xe2\xfd\xa83\x05\x11Kt\xd1\xdd\x94\
\x9fq\x00\xc4;\x8b\xee\xd7\xcc3\xe0\xf7\x1a\x04\x8bf\
}6\xe6\xd71\x08\xb0\x10O\xfa\xd3\x04\xc7\x0f7\xf8\
\xc1\x9f\xfa^<\xf5\xdd\x1f\xc7\xf8\xe6\xbb\xa6\xf1\x9f\x9f\
C\xce\xd7\xc0\xc5\x06\xb2\xdbA\xc7\x1dt\x1aM\xe3*\
\xd6 j\xfc\xb6\xbeh\x11\x00\xea6)\xfa\xe6\xab%\
\x84y\xcbCP\xe2?\x851x\xf1\x8e+5?\xdf\
\xe1\xe2\xf57\x15Pj\x12\x01\xd4\xccKQ~X\x8b\
(TB\xccTL\x9a\x15\xcch\x8e[\xa6:-\x16\
\xc2\x99\xad\xa6|3\xf3S\xae\x08VF\x80\xd6\x5c+\
|\x9f\xc4Ka\x99\xd8\x16\xae\x07e\xef{\xde\x03\x9f\
\xe3\x16>f\xf6K\xf12\xdb\x90~\x5c\x97k\x10>\
w>XL\xcel\xb7\x09\x04\xd4\xdc\xb3}\x9d}t\
*\x8a\x80B\x14\xcb@\x08\x0eji\x90%V\x8a\xf7\
Q\xb2\xed\xce\xc85\xe6%3\x08N\xe2\xd6\x02\xb5\xcc\
\x82Z\xfeE\xa6\xb7\x90\x12\xf2\x1fSKs\x0b\xa1Y\
\x8b\x98IR!c\xc7\xb4\x1bq\xf7\xf8\x06~\xf6\xf8\
\x19,tk1/J\xe0g\xd6K\x8bdoJ7\
\x9b\x0b\xe7\x9a\xc2\xffP\x80\xb7\xae\xc3\xa6\xe4'\xdes\
-|Fs^\xf7\xc1\x8e\xbc\xd1\xac\x1e\xce'\xd1\xec\
y\x89c\x9d\xfc\x9d\xcc\xe8\x99\xfc\xdd\xd6N\xba\x9e\x10\
\xcf\x12\xe3\x22o\x883\x81tkH\xbccB\x02\xdb\
\x91\xfc\x0e\x14z\xa2\x19\x1aq9<\x96\x9a\xab6\xb5\
-\xbfV5`\xa1\xd8\xa4\xd9}\xa7\xb7\xe8\x8d\x14\xbe\
LE\xd0\xdf\x0d\x96\x1e\xb4Y\xf8\xbe\xf3\xcc\xb0\x8cx\
\xe0\x865\x87\xd6[\x8e\x18\x8a\xf5\xcf\xd6\xe8,w\x83\
\x92\x87\x1b\x06\xe6sZ`\x86|\x1bf\x89R5\x01\
\x80\x01\x81]\xf1\xf4s\xaf\xc6\xfc\xf2\xbfU,9\x84\
\xf5\x8f\x95\x08\x88\x8d}\xea\xee]\x1c\x9f\xdc\xc0\xd9\xf9\
9v~\xdc/\xf3\xfe\xab&\x93!\x8b\x8bf\x84\x96\
\xec\x93H\x22'\xe3C\xceaj\x16VR\x00a\xf0\
\xf2\x1e\xc2\x04\xcdV\x1a\x1cWs\xa0\x82\x9d9\xbb\xd2\
0\xf6\xa0\x88^9\x91e\xc0\x017CUIJ\xeb\
+9\xb1\x12\x04\xe7}\x924\xf5\x93\x80\x98\xfe\xb5\x12\
4\xf3\x1cX5)\xc5R#\xcf:\xea\xb2\xd1\x10D\
rQ\xeb\xecw\xf8\xe2\x15\x00\xba\xaf%\x89\xc5\xc0%\
\x91\x01\x7f\x08\xf7\x05\xc8\xc6}L\x83\x05\x0b\x0a\xd8K\
\x10\x0e\xe7%\x92\x91(\x05\x1ex\x1es&@Q\xb7\
\x0aP\xfb\xe7\x16@\xc5\xa2\x01\xc3\xe9\x1a\x7f\xe3\xb3\x1f\
\xc5'\xbf\xfc%\x8c\xef~\x88v\xbe\x0e\xe07\xf0\x9f\
\x22\x1d\xab\x8e\xdc\xde\xa7\xae}!\x05\x17\x1f\x88\xfa\xdd\
|\xfbF\x5c\xda\x15LRE\xe6W\x06.\x89\x0f\x0a\
\xb4\xf4\xbd\xd6\x15\x14\x89|\x9c\xb1\xc8\x94faj=\
\xc1pT\xc3uF!\x99\x11\xca\x04\xcf\xa9\x17\xe1\xcf\
\xb9\xbeJ&\xcer\x99!\x17\xb0\x22\xe9\xca\xdb\xaa\xfe\
\xcc\xcct\x8a\xf2\x5c\xe15U\xe3\x0d\xaf\xa7\xb0\x1e\x1e\
/\x8bb\x87HAA`n\x88\xb8\xee\x7f\x19+@\
 \xb7\xb5\x96Bt\xd6[\x92\xfex\xdb\x98<\x88m\
f\xbd\x11\xc3\x00\xb8\x0bB\xe2\xfeX\xea\xae\xf5\xf6\xf2\
\xcf\xac)\x5c\x7f\xf5^\xc9G\x80\xb4|t ,\x0d\
\xd6\x07\x17\xf8\x22\x8eCr \xbc@\x0b\xf5 -\xf6\
\x92j\xdaz\xd3\xba\x09'\x9f\xbe\xf54~d8\xc6\
\x0e;,D\xb0P\xc5\xff\x9f\xb1\x7f\xed\xb5-K\xae\
\x03\xb1\x11s\xad}\xce}\xe4\xcd\xcc\xca\xcc\xca\xaa\xca\
z\x17YE\x15)\xb2)\x93\xa2\xc4\xb6\xd8\x82d\xb5\
\xd1\xb6\xba\x05t\x1b\x86\x0d\x1b\xfed\xf8\x1f\x1a0\xfa\
C\x032\xda\x06lCn?ZB\xcb-w\xebA\
\x96H\xd6\xfb\x91\x99\xf7\x9e\xb3\xd7\x9a\xe1\x0fc\x8c\x88\
\xb9OfQ>\xe4\xad<g\xef\xf5\x98\x8f\x981\x22\
F\xc4\x8c\xb9O\xae\xb5\xaayQ\xf5Cz=[7\
\x98\x8evB(\x13~\xe3\x96\xa9\xcc\xb5<\xf9\xa2/\
j\x8a\xbd\x03\xc7\xfb\xf2\x01\xf3\x08\x16\xeff\x17\xa2)\
q\x18h\x17\x9eaU\x8b\xb5F\xac\xf7\xbc\x08\xa5s\
\xe6z\xdd\x8d\xe6Zt\xdc\xa8\xf5p\xb3\xbf?[\xff\
\xc0\xfd\xc5\xca\xd3d\xe9\x7f\xc7\xf0\x17lopN\x87\
\x16\xdc\x069\x9d\xeb(\xd9\x8a\xf3\xbb\xd0I\xe0\xcd\xe8\
=\xc1\x22\x7f\x0f\xb3\x84\xbc\xd7\x86w\x14$-\xa1\xbf\
\xa7\x8b\xd8\xe3\xe9\x07[\x19,\x12\xde;\xea\x88j\xc8\
)}r\xb22\xe0q\xc5\xf5\xe1\x0d^\xbd\xf3!F\
\xd4\x86\xec\xff\xbf~n2'n\x04\xaf?\xaeI\xf9\
\xd2\x97\xbf\x82\xcc\xc4\x9b7o\xc8\x00\x1c'Ne\xfe\
[\x81\x1a\x94k\x94J\x03\xad\xd4T\xd3\x95\x04}\x0f\
\x9e\x98\x03OT\xc2\xfb\x00;\x06\x84\xce\x18u}s\
\x8fU\xc2\xcf\xe2\x84\xb84ne\xfb\xc2\x02\x12%T\
\xeeh\x89\xa5\x05w\xd1\xa2\xbc\xb6\x8d\x8b\xf1dq4\
\x18\xab\xde\xb8\x9e\xedZ\x011z\xc7C\xdf\xd5\xa2\x88\
\xc4\xf2}\x8f\x05\x9b\xe3\x86p\xe9\x0e\xb3#\xbe\xd7\x22\
\x98Kb\xd02\xa7\x00\xcaz\xf6\xf3\xe4\x8b\xb1/\x16\
z\xf75\xa5,\xf4_\xc8\xd3\x7f:\xfaT\x12X\xbc\
}=3\x97\xe7[)Dg\xc3\x93!\xd0\x11\xbf#\
0\xae\x07\xbe\xfe\xf63\xfc\xc1\xff\xfa\xef!\xdf<\x00\
\xbf\xfc\x18\xf8\xf4S\xe0\xf5k\xe0\xcd#p%\x9d\x9a\
\xc7\xb1\xc4\xe3O\xaf,l\x0a[\xac4\xa6\xb8\x9d\xfa\
\x1bj\x8f\x11\xbd\xf37+\xe0\xdb\x14\xbd\x95\x92\xb2\xaf\
-\x8f\xcegJy!\x1e\xdf\x9b\xaabN$2-\
\x8c\x10\x80,\xb2\x85\xa1\xcf\x02\xc8\xae\xf9Nf*\xb1\
^\xee\xbd\xfa\x16\xdc\xcfP\xd4\x06^?\x03M\xc17\
\x98/\xfcXD]c\x10@D\xbfG?6\x0cR\
\xf7\xf0\xf5\x0b\xf3\x10Q\xf1\xf5SO7\xb8\x16F\xc2\
\xc9\x86m\xc0\xf8\xc4\xb9\xaa\xea\x17~_\xef$\x98\x91\
\xb8\xe6R\x0c(\x98'\xd0\x86\x8b\xd67\x12G\xd6l\
\xf1\xb3\xe4\xa1D\xceI \x9b\x00\xe5 \xacFI+\
\xfe2\x0aJj\x97|\x02\xad\xc1Y\x0cP.\xd4\x09\
A\x7f\xdd\x95Q\xba(\xbb\xd31'\xce\xcb\xc0\xdf{\
\xfbK\xf8\xa6\xdeuA(\x116n\x0e\xc0\xea\xcc\xfc\
\x15\xc8\x1a\xa6\x1d\x96\x03\x160\xf6\xd4\xea&\xafM\x7f\
e\x9d\xd0\x02+\x13\xab\xf4\xc4\x92\x82\xf8\x04\x8b\x9aO\
\xb4\xee\x0b?\x82\xf7\x89a\xac\xfbC\xfaJ\xf3\xbcx\
s\xb8-\x9c\x16\xd2\xc1\x8b\xce\xbb\xd1\x81X\x1c0#\
\xfcr_\x8bj\xc9\xbe\xaf\xcd\xea\xf7\xa8W\xad\xe0\xda\
L\xf2\x1a$P{#pS\xff\x03~.*5\xb1\
\x7f<\x03\x1d\x86.2B\xed0\x89\xc8G/P\x1b\
^\x19\xfaD\x0a\xbb\x1c\xda\xbce\x1b\x16\x88\xebWg\
b\x9e'\xb7\x05\x9e\x07\xde\xbc\xf9\x14\xcf\x9e\xbf\xc2\xf3\
\xb7\xdeE%c>\xbd\xefs~\x1c\x04Z\xff\xd3\x86\
\x08\x0c\xd0\x14\x9a\x0f?\xfc2\xde<\xbc\xc1\xf5\xfa\x88\
\xc7\xc7+\xae\xca\xfe\xaf\x82*\xe8\xf8w=\xa3\x14\x97\
\xe3\xf1hj\x08\x1a\x1d\x98\x05\x98e\x10\x94\xb5S\x1d\
\xf1\xd2]\xacd+\xc1TW\x22:\xd6\x0e\xe80\x16\
wI\x8aj\xd2\x0bKY\xf8\xa6\x8cWCb=\xe4\
\xa1b\x5c~\xce\x22\xd7\x9c\xdcE\x05\xc9J%\xd3.\
M\xee\xf8\xb3\x9e\xeb6\xf7\x5czaz\xacj\x097\
\x1bU\x08\x9d@\xb4J\x1f\xf6\xdc\xfd\x99\x1a\xea\xf2\xa3\
\xd4\xd7\xabVb\xfc\xd2\x8bes\xc3\xf4.\x0f\x1d\x15\
\xd2d\xcc2\x16\xd0O?7\x97m}b\xc1\xd1\x8b\
\xdf\x95\xaf\xfa\xc0\xa3f\x1d\xc6\x00\xf6\x01\x5c\x06\x0d\x80\
w\x1fO\xfc\xc9\xff\xe2\xef\xe0\xee\xbd\xb7p\xfc\xe8g\
\xdc\xeb\xff\xe9\x03\xc1\xff\xf1\x8a\x98\x07\xbcu\xaf\xe2\xa5\
\x1e0\xeb\x85\x1a\xd7Dg\xd2xP-wI\x9b*\
\x17\x98\xb7\xe7\x96\x06r\x0b?\xe5\x82y\x0a\xe0\x89q\
2t}B[\x09\xfa\x16z\xae\xe1\xd6\xef\xe5g>\
\xb0&a\xb9\x9e\xa5(c\xf4\xd1\xbf+5\x8e%.\
\xee\x1f+\x19\xb33\x0eb9q\xcf\x86\xae\x7f\xef\x1b\
9\x16vT\xedQ\xda\x08\xa8\xedJ\xbae\xc6\xe7\x87\
\x10\x16\xd3\x036Dl\xd2\x9f\xde=\x90l\xff\x19\xfa\
\x0c\x1b&\x86\xbc\xf9\x95\xc6\xb7\x81\xe0\xe6\xc9k\xd2\x18\
\xac!\x04\xee\xff\x1f\x9aI%\x1d\xc2\xde=\xff>2\
q\xc5\xd4\xd6DnR=r\xe8dB`\x0eTb\
\xe5\x8c\xce\x1f8\x97q\x9aH\xcc\x81\xdaUp\xc0;\
\x07`%XI\xb5%V\x06&\x0dn\xc8@M\xd5\
\x10\xb0\xb2\x98\xe7\x81\x17w\xcf\xf0\x8f\x9e}\x01\xcf\xf2\
Z\xe7]\xac\xe1\x80\xa1\xe7\x0d\x0c\xec\xd1\xfadhM\
\x87e\xb8\x0c\x82\xd1\xf4\xbd\xb6T;\xed-\x90\xc5\xc0\
\x01^;X@\x5c\x90\xdd\x13\x00W\xe7,\xbd\x9f\xbd\
\xaeB\xba\x89G\xea\x8e\x1b\xc6\xb2\x8cn3$X\xc6\
C\xab\x81`\xdem4\xb0\xa6\x81\xbb\xc0}\x11x\xbd\
a5 \xcb\x89A'5;\xec!\xe44\x96\xa2W\
c\xb3R\x06\xe75Q\xbcF\xc4\xed\xb0:\xae\x98>\
\xda\xc8\x93\x01\x0fa\x22\x9b\xed\x8a\x88\x1e\xd5,\x00\xb6\
\x96w!\xb1\xd2\x0d\xa9v\x87\xf5\x0e\x1bW\xe6\xac:\
\x915?\xf5\x82\xc6\x0b\xf0\x99\xe7y`\x9e\x8f8\x1e\
\xdf\x00\x18x\xfb\xdd\x0f\xabo\xc6\x8f\x9a\xd3'\xff\x05\
>g\x1b\xe0g\xad\x066\xe4\xf9\xf3\xe7x\xe7\xdd\xf7\
\xf0\xfa\xf5\x1bn\xfb;\x0e\xcc\x93\x85\x09\x12Y\x95t\
\xed\xd1\xf2\x8f\xd9\x1e\xcc\xf2b\x7f\xd4[z\xa2\x14\x9a\
\xaf \xedl\x83b\x99\x0c_#\xe5\xd4@\xd9\x14l\
#t{?\xa3L\xea\xf5\x1d\x81\x02\x7f?\xe7\x86\x82\
\x0b8w`\xd8\x22M{\xb6|\xd2p\xe2b\xed\xfd\
v\xf3V+\xdd\x93\xef\xd0\x85\x17u\xb3\x0be \x94\
\x15,\xe3G\xdeeT\xdf\xd3x\xa6\x0f\x15\xab4\xd8\
[h\xac\xf5k\x1a\xb5P\xf5\xaca%\x1e\xad\x1cF\
\x00\xfbX\xc1>\x95\xf4g#\x80s:\xd4v\xe4\xd4\
\x16\x98\xc5H\xf0\xd8\xea\xb5,{\xca{\xbd\xed\xef\x0e\
\x81\xfb-p\xff\xf1\x1b\xfc\xd1\x7f\xf0\xdb\xf8\xe0\x0f\xff\
\x1a\x8e?\xff\x09\xc6\xe3\x03\xf0\xa9k\xfc?\xd6\x16?\
(\xb9/\x17C\xc7y\x0e\x9d%\xa9cz\xdd\x7f\xcd\
}\xac\xd7\xcc\xd9\x0c\x88\xb7\xeei\x0c\xc7:\x96\x89e\
\xaf\x7f\xc7\xe4\xaa\x82\x8c\x8c\x8c\x18Qc\x9c\xca:\x9e\
\xe7Q\x97W-\xffh\xd3\xc0s~sH\x95J3\
\xa7\xe6x\xad\x008\x17\x19\xe64YQ9N\xdeR\
\x115\xf5m$['\xd7\xa2\xd7\xf7T`\xb3)\xe4\
\xb0w\xcdkN{\xbd)\x05(\xf94\xf4{\xcd\xce\
 +\xd5F\x15\xca\xfb\xf1.\x07\xd3\xf8\x89\x10\xe8\xaa\
\x04N\xeb5\x04\x08\xdcS\xa0f\xa3\xe1\x04i\xf43\
\x80s\x00\xd7\x98\x15\xa3v\x19\xe3\xa9g\x9d\x00\xae\xba\
\x87\x89\x82\x03'\x82\xd5{\xd15\x08VP9\x01\x1c\
\xea\x13?\xef\xdc\x853\xc9r\xc0sa%\xed\xc3\xa0\
\x00U\x99D3Hu\xfeq6\xb8\x9e'\x8e<\xf1\
\xdd\xfbw\xf0\xef\xef/\xf0\x90W\x5cB\x09\x80\xa9Z\
\x00\x88N\x92M\xea\x15V:4\xad\x0e\x98k\xeb\xbf\
\xfa\xef>z\xa9\xfcq\x85\xdb\xda\x81\xb9\xf1\xd6-{\
\xcb\xdf\xf5[/\x9cz\x92\x8d\x13\xeb\x8c\xa87\xdfn\
\xbfC\x02\x11[\xc9\xf3\xda\x9e\xd6\x8f\xcd-\xd8\xb80\
\x18\xf7\xc1E\xbc\xd2y\x0e\xddF\x19\xaeZ\xebM\xeb\
/\xb6\xd8\xf2I\x9f\x94i\xe0\xf6\xa3\xa3\xe6\x87\xd3\x95\
\x8bT\x00k\xd6\xbf;V\xf5\x01\xdcf\xa0\xf1b\xc1\
 \xb3\xa3|\xd5\x9a\xd4\xebao\xb7\xecv.\x00\x1b\
,+\xdau\x02a?\xa5rV\xe6\x89\xf3\xb8b\x9e\
\xcc\xc9{\xf7\xfd\x8f\xfc\x96\x1bV\x0f\xf5\xe9-\xbe\x8f\
\xf5\x8b\xcf\xbb\xd0\x9f\xbf\xf7\xfe\x17\xb1]v<>>\
\xe0T\xe1\x9fs\x9e5\x88\x08\xd4\xde\xc7\xdbF[a\
\x9bj$Xr\xaf\xfd(\xa3\xc1\x09[\xb6\xd2\xacH\
467\x02\x94\xb0r\x15\x10\x01\xda\x1e\xe1D0\xff\
\xcf\xac{\x9di-\x1b\x0dmq\x9a\x9e\xcfz7o\
\x8f~Y\xb4\xc7X\x0a\x13\xfd~Z\xb6\xa3\x05\xa6\xcc\
\xe6\x5c\xc6U ]\x02\xbb0\x0b^\x18\xb1Jh\xc0\
F\x8a\xd7\xa3\xdbV1\xfbe&\xad$J\xe9\xdb\x98\
\xf0\x18\x22\xaa\xa8O-\xc3@{ \x03\x15\xb3\xaa\xec\
~3\x1a\x886\x86\x16i\xf6\xd8\xba*\xa0m\xa4H\
\xed\x00P\xc0\x7f\x04\xcb\xfb\xee\x03\xd8Cq\xff\x87\x03\
\xbf\xf5\x95w\xf1\xdb\xff\xb3\xff\x00\xe7O~\x89\xf1\xfa\
\x01x\xfd\x88xM\xcf\x1f\x87\xc0x\x9e`q\x9eY\
^~Vp0\x11\x06e\xa1Im\x0b\x9cT\xf7\x19\
\x04C{\xf0\x98g\x09SF\x8a\x01H\x82?\xf4\xdf\
\x00\xda\xc7\x96\x1cq\x90QI\x86\x9e\xab28%\xd3\
\xf2\xa2\xe6\xe4s\xe6\x5c\x8a4\x05\xbd7*\x88!\x16\
\xca\x9e}\x14\xd0\x98\x09\xb2\x821\x9e@^l\xc7\xf4\
\x13U\x83\xdcr\xe0\xbeAy\x01\x90\xd9\x19\xfa\x07\xab\
\x18t\xf2\x9d\xe6z\xb3R\x94A\xe2\xff\xb3G\xde\x15\
\x05U\x5c(\x02M\xb2\xd9\xc3\xeeZ\x17\xab\xf1RI\
\x8c\xd0\x06S)\xd8\xae\x04\xc8\xf6\x99\xa6g\xbd\x7fv\
\xb6\x83J\xda:\x98K\x95A)\xe5>\xdfG\xe1\x8f\
@\xcd\x9e\x19\x93\x13\xcd\x92\xccD\x85\x10\x19jP\xde\
A\xa6\x92\x10\x9d/\xd0U\x11\x13\xa1\xe3\x98\xa5\xcbt\
\xb4\xb4=e\x8aF\xc2\xde\x5c\x1fH\x05\xe0\x9c8G\
\xe2\x1f\xdc\x7f\x11\xdf\x88\xc0\x15\x0c\x05\xec\x0b`\xf4V\
\xd9\xa1\xb9X\x0c\xa4\x95z\x04\x10\xd3\xb0\xdfk\xfc\x86\
\xa8n\xb4\xe9\xfbkF\xb3\x0c\xdd^\xc7\xd2\x1fi\x89\
A\x87\x0e\x9a\x8aT;\x86\x95\x8c\xd6\xbc\xe5Er\x90\
Ysf=\x97z\x91\x93\x13\xf9\xe7Vm\xaa\xbey\
9U;\xa2\x13 \xf5?\x15\xe6\x85\xbb\xb0\x80\x85\x94\
iVN\x13*\xd1\xd6\xb8\xd08 c\xa3\x94Z\xe0\
\xa6FM\x1a\xd2?\xfbSwD\x03\xba\x87\xbd\x8d\x04\
\xce\x89\xdd\xc5r\x09\xc5\x02\x1a\x1f\xbd\xfd\xb8\xbe\x03\x14\
>\x8e\x9bgW\x9f=T\xc9\xf2\xc0\xc7q\xe0<\xaf\
xx\xf3)\x9e\xbf\xfc\x02\xf6\xfd\xae\x9e\xf7\xf4\xe7\xe9\
\xa7\xff\xee$@\x0d\xce\xfb\xef\x7f\x11\xe7y\xea$\x22\
&\x00NURk\xfa2\xeb\xc5\xf3fD\xa2\xc0y\
\xb5\xd8\xd4\xfd\x9b\x81\x0e\x7ffE'@\xccE@\xd8\
,)\x07;R\x88\x92\x10\xab\xb92:\xf4\x8e\x08+\
M\x94P\xdd0\x06\xb0\xbf\x82\xb2\x0f8\x09[Q8\
|\xe6\xd4\xe2l4t\x9d\xf6jW\x02-\xdc\xb6\x0b\
L#Z\xb4\xebU73`*\x8f\xdf\xcd\x12\xf8\x12\
6-6f\xfa{q\xce\xa2}\x0c\xd8\x09\xc6\xdb\x0b\
\x144\x96\x06\x0dn\x01\x11%\x9d\xcb\xac,}\xe5\xad\
&_\x076+\x94\xe8\xd9Z\xb5\xce\xba\x9e\x02\x89\x1d\
\xac\xfe\xb7\x07\xb7\xfb]\x82\xdb\x02\xdf;\x0e\xfc\xad\xff\
\xf9\x9f`\x5c\x02\xf1\xf3_\x00o\x1e\x91\xaf_\x03\x0f\
\x8f,\xf3\xeb\xda\x12\x96\xc1\xf2v\xdd2-\x9aDQ\
\x8e\xad\x08\xfc\x0f2\x108X1\x12\x1d\x9bLUs\
\xeb\xb9\xb6Z)c\xc1}K \xc1\x1a\x08Y23\
Kn\xac\xeco\x14\x92\xc6|(\xab\xd3\xc7\x8cr\x8d\
8ai\xa5\xd6\x97gI\xb1V/\x12\x15zr\x97\
m\x09\x08\x078\x0cV\x10\x8b\x91\xe0\xe6\xf2\x03\xc5\xb4\
}mz\x9d\xb2\x93\xf6\xe8\xeb\x13\x014\xb2\xfd<\x83\
xS\xb8\x0b\xad\x9fm\xa4\x9a\xe7\xaaw\xc9\x88\xe0\x86\
\xd7\xd9{\xf9\x01\xcct\x0d\x03\xa0X;\x8d\xcd\xa9\xa7\
\x19\x8c\xbdr\xd6$\xc1S\xedN\x14\x7fR\xdc\x22\x8d\
\x86,\xe3\xa0\x13\x06uxP,m\xf5\xf3\x13\x95\xa3\
\xc0\x1a\x03]\xe4\xa8\x94\xbb\x8d\x93\xeed\x03\x9b>\xab\
\xff\xceD\x9c\xacV\xf9r\xbb\xc3?\xbc|\x01{\x1e\
\xb7's\xc2'\x03\x8e\x0aA\x0e\xb4\xf1\xdd\xf4\xb9A\
Y\xa3\x1c\x06\x15\xad\xbf\xd2K\xedI\xde\x00X\x01\xa3\
\xd6vpe\x97\x9cin\x87\x15p\xf6\xf9\x0b\x8bF\
\x904\xacO\x0e8/\xe0\xf3\xbe\x1f>\x1f1\x9a\x9a\
^\xdb\xef\xd8>\xf5\xd9X\xd6\xc9\xa2_b\x14\x1b|\
\x93#`\xd9Y\xfa\xba\xd4\x01[\xbc\xfe\x9a\x22\xac\xfb\
\xbc\x0ac\xd0\x00\x1c\xf5{\x96\x9eq\x99f;j+\
[\xd7c\x99e<\xd7;W\xac\x09\x1a\xff\xa1\xb9h\
L\xcc\xd6s\xe50\xf3\x9e\x1b#e\xc5A;6\xf3\
\xc0y\x1ex||\x8dm\xdc\xe3\xc5[\xef\xa2\x11u\
\x19\x13<\x91\x05|N\x08`Q\xebl\x84\x12\x9b\xde\
\xff\xe0\x83:\xf2\xf78\xaf:U\xad\x15\x8d\xa7\xa1\xda\
Zx\xb6\xd0&\xa5\x88<X\x1e\xecf\x078\xe0\xed\
\x85\xa7\xb7a\x95\xa2D\xbf\xc3\x1cP\xa0(\xa1zk\
f\xc7\xef|\xcd\x92x\xd2\xdfuR\xdfS\xa1\xea1\
7\x9d*%\x1d62\xb2'i\x01mS\xfa\x9c\xe0\
\xa6\xf9\xdb*^G;%SQ!\x80\xac\xabx=\
c\xec\x0dp\x0d\xfa\xbd({\xc9/\xebE\xff\x13!\
\xef\xbf\x0an\x98\xc6\x97b)\x0fu\x96\xc1\xc0\xb5?\
k\x5cn\x05\x96j\xde,\x01\x01\xc2\xa5@\xb3\x92\x9a\
v\x10\xec\xf7\xc1\x1a\x01{\xb0\xe4\xef\xfe\xab\x07\xfc\xc1\
\x1f\xff\x16\xde\xfd\xeb\xdf\xc2\xf1\x83\x1f\xeap\x9f7\x08\
\xd3\xfeU\x98\xc5B3\x81\x91\xc50\xb51\x03$N\
\xc4\x10B\xd5\x16\xc0^y\xa5D\x92\x19\xdd\xb1ia\
\x9b!\xa9\x9c\x01\xc1\x80\xbc\xbf\x18mh\x94\x11`\xc3\
H\xeeZ\x89\xf2\xa2\xf4Wc\xe4\xcc\xf5H\x5c\x96\x9e\
=\x90<J7\x13\xe7\x9c\x0b\xfb\x94\xd8\xf6Q\xe3\xb9\
n\xb1\xb2<T\x825J]Q.\xac\xfc\xbd6\x0c\
$\x05\x16\xf6\x1c\x12>\x81\xcf\x1e\x19\x10K\xee\x00\xdf\
M\xfa>\xaa\x8c\xef\x04i\xf4\x80N\x08t\xfb\xe2\x16\
T3x\xe0\x0d\xb9\x97h\x80\x07P[\xfa@\x05X\
y\x0eio\x9b;\x22\x9c/Q\xc9z\xa1\xe7,y\
\x11>\xdf\xc0\xac\x84\x99\x06{\xfe\xeb\xc9\x83\xda\x9a\xcf\
p\xc2\x0d\x98\xcb\x90\x08\xc7\xfdm\xf0(AQ\xfd^\
\xcf48\x95\xcfQG\x10'\x80$(Uq\xa0\xac\
\x014\xa5\x80y\xd2a\x18\x09\x1cq\xe0\xb7\xef_\xe1\
o\x8d;<\xe6\xc4%\x03[\xaa \x10\x5c\xbcg\xc3\
\xc8\x81-6\xae[\xcb\x17\xa4.RW\x0a,FT\
d\xbd\x99\x1b\x83\xb8\xe5!$\xcd>@\x82p{\x1b\
C\xaf\xf8\xbeufp\x17\x8b\x98\xaba\x00\x87\x19\xac\
xbi\xa2\xd7U\xa2\xc0\x10\x11\xe8sVZ;}\
\x06\x13\x12e\x88(\xe5\xd9hM\x19\xceum\xf7\xfb\
|\xd8\x19\xdc\x97\x05pG\xae\x0e\x8b\xc6.<\xd2n\
I\xd4\xbb|>\xca\x9ay\xef\xe1\x99\xb6\xf6\xb2]L\
\xe7\xb35\x0e\xdcv\xc9\x00\xdeu\x08d8,\xfd2\
\xda\xb2\x9c14^(c\xcd\xeb\x92mqr\xa3?\
\xe3\xee\xa2\xa9\xc2@\x89\xc4\x8b\xb7\xde\xbb\x1d\xea\xe5\xe7\
\xa9\x11pc\x00\xac\x96\x82?H\x00/^\xbc\xc0\xab\
\xb7\xdf\xc6\x9b7\xaf\x99yX[\xff\x1a\xb4\x9d]j\
Ec\x97\xb2|\xb6\xe8\xce\xbb\xb4f\x93^\x1a\xb8\x9b\
\xe7\x01\xdc\x9a\xb145\xa0\x9c\x8b,o\xa8\xad'\x94\
\xb1\x10\xcb\xe0\xaf\xfd\x0as\xdc\x9et\x01c[mY\
\x9e\xb0\x7f\xb7\xd0Y\xb1\xa6\x01\xc6.\x1a\xb2\xc0\xb2\xf7\
mR(V\x83\xc4\xd6\xa1]8\xaf\xc1\xa2\x85\xd4\x87\
z^\x09\xc0\xbadlfd\x8d\xa7\x88\xca\xba>\xf4\
\x89\xe9\xfa\xf6K\xf9\xec\xd5P(\xe0s\x12_\xe5Z\
,\xd6x$\x5c\x83\x09K\x1bu\x03\xc2\xff\xf4\xbc\xf5\
(`\x16\x06\x22\x0b\xb0\xeb\xef<\x0e|\xeb\xbd\xe7\xf8\
\xfe\x7f\xf2G8\x7f\xfc3\xc4'\xaf\x91\x0f\x0f\x887\
\xaf\x81G\x1a\x001'\xc2E},<\xb5\xee\xb3\xf5\
\x97\x8a\xee\x98J\xb7WZ\xfb|%\x86y\x1e5\xef\
Y@\xdf\x92\x9e\xa3\xbd\x12\x8f\x0c\xeb\xc3O\xe4\xa1\xa2\
.\x09x7\xc5\xcc\x93\x8f\xd3\x99\xf1\x99`\x1d\x7f\x1b\
\x22Z\xf0\xdb\x16\x94\xb9A\xc1-\x9d\x05\xdc\x18\x07\xb7\
\xc9q\xad\x17\x0a\x08\xa3g\xcc,3J\xb16\x98y\
\xbd\xf5\xff5\x08\xb6\xbel\xa1t\xcd\xc8\x95d\xb4G\
Z\x8ab1\xbe\x8f\x86\xe5\x92GK_\x81q\xcd\x99\
\x93Q\x9dI?\x8b\x86?\xf4\xcf\xa0~\xd4SI\x97\
v\x8c^\xd6N%\x01\xa2X\x0a\x96\x0a\x9e\x1d\xb3\xaf\
{j\x02\xe0\x04\xc4D c\xc8\x18\xc82Nj\xfc\
S\x9e\xbe\x8c\xb4\x5c\x9e\xe7g\xf89S:`\xdd\xba\
\x08\x85q<\x89\x99\xe8R\xc2\x02\xfeN\x14<1/\
\x1b\xfe\xc1\xf3\xf7\xf0>\xae\x98`=\x8cM\xa3Z'\
w\xa2\xff[\xa0\xab~\xa5\xeb\xb76\xca\xc0fV\xe1\
\x9fD\xdc\x95)k]\xfb\xaczk\x9e\xd2\x11\x9e\xf0\
\x16\xbe\xdb\x84\xe5f\xad\xfc\xca\xceW\x8af\xd2\xa2e\
\xc3\xa0\x1a\x9e\xdbE\xbe\xeb\xb9O\xdf_:\xddM\x1e\
\x0bb\xc5\xf2%Jj\xf8\xcc\x5c\xde_\xabx\xf1\xf8\
o\xfbX8\xd4*Y_d\x8d\xa8C\x04\xeb\x1b\x8d\
\x1b<\xd5\x92r?o\xd8?]\xc7\xc5v\xdb\x5c\xb4\
\xa9\xe5\xb1\x8fl\xc7\xd6\x17\xd7\xf77+sM,l\
f\x9b\x89\x80'\xe6<0\xe7\x15\xd7\xeb\x81W\xef|\
q\x19\xc0\xcf\xfe\xac\xb04\xd6\x06%p\xe3e\xf8\xe7\
\xe5\x8b\xb7p\xb9\xbb\xc3\xe3\xc3\xa3\x0e\x22\xe0\xf6\xbf\xb9\
\xd4O.z\xd2\x18[\xe3\x1d=\xa8K0'\xdd=\
\x81i\xc1r\x8c\xf2x\xdd\x98i\x8a%\x17\xa3#\x17\
\x80\xcb\x9a\x1a@IiU\xe38\x99\x1bPrQ\x82\
\x9b\xc02\xf8^4mK\x8fV\x82\x12\xa4\xa2<\x22\
\xb8\xd0%\xad\xae\xdc\x85\xd5\xa3\x04J\xc0\xf8\xb4\xd5\xda\
\x12\x10\xdb\xba\xc4Z\xea\xb3\x85\xa3\xcc#\xb3\xd8Z\x1c\
\xb72\xde\xac\xc6m\x02\x8c\xbe\xce\x9e\xdf2l\x04P\
\x11\xb7\xdb\x8f\xc6@%\xf8m@_\xe7{$%N\
d\xf3g\x04{\x1f\x06\xa4\xba\xff\x91\xd8FW:\xdb\
AK\xfd\xf9\x9b\x13\x7f\xf4\x1f\xfd\x0d\xec/\x9fa\xfe\
\xe4\x17:\xdeWI\x7f*\xa7\x0b'\x96\xae\x93\xb6(\
\xb9\xc8Y\x07\xf8T\xf6\xa9T\xf3\x18\xfc\xac\x0f\xe5I\
\xc9\x15\xd0\xc5r\xf9\xdc\x8c$p\x07\x14\xd6d[\x87\
\xda\x91\x90qT\x8c\x8f\xe6\xc7\xf5j\x995\x09\x0c\xd4\
\xfc\x156\x83\x15\xff\xca\xe0\xaaDO\x1f\xca\x04&\xff\
m\x8bTH\xceGk\xe6R$\x05\xfc)@KS\
\x8f6^\x96u\xa0\xbfMc\xaf\x81\x86~Y\xf46\
\xc7E.=\x9a\x8e\x5c\xc2\xec\x18\x5c\xd8%\xca\x89\xf4\
\xa1]U\xa2\xd8\x0aOJ?\xd3\xfb\xeaW\xee\x8b\xed\
\x9e\xe19`\x9b\xab\x9co\xf6glO\x87\x07\xca\x0c\
W\xbfgD\x19\xde\xb5\x8eSA\x83t\x8f\xeaQ5\
v+\xcb@F \x97\xdd\x06\x06\xf9Q\xcb\x9d\xd7y\
w\x030c\xf4\xe9\x82v\xe5J\xf9q!z\xeb`\
\x1d,\x94\x5c\xef1\x81yN\xbc\xb7\xbf\xc4\xffh{\
\x0b\x89\x03\x17\xc5\xfcw\x040M\xfb\xb3\xfdC}\xf5\
\xa2vX\xc0\xdd\x82\xb6\xe2m\x18JH\x8e\xd2\x8f\x05\
\x98\x83\x9f\xdb\x80\xe0\xdcHV\xad\xf0\xddQ\xebQ\x8d\
\x01`\xfd2\x96\xefZ_\xc2\xcf(\xfd`\xe5\x9e\x05\
\x90\xd6\xd1\x96\x7f\x87\x16\xda@\x00|\xb8Z)?@\
\xb55L\xcdw\xc8\xa2\xd8V\xf5\xc1[n\xad\xa2\xd7\
vz\xfdd\xb6\xfc\xf8\xc7\xf58\xca\x90i\xcf\x11u\
s:/\xc0\xcf\xcf\x92-;\x1cc\x19\x15;\xb7\xc6\
\x86\x92]\xdd\xe3P\x14\x19\xdf\xa8\xb0\xd3\xda\xaeY\xed\
U[r\xd6<8Y\xb1\xf3\xe9\xc4.*'\xef\xb8\
>\xe0\xc5[\xefa\xec\x17\x94c\xed\xe6\xde\xbc\xc5\xf2\
t\xdb\xe5V:\xe8\x81\xf9\xf0\xc3/\x01\x08\x9c\xc7\x95\
\xd9\xff\xd3\xa9:hA\xf3\x80k\x9bT\x97\x0b\xcd[\
C\xd54\x8e?\xabN\xf5\xdc\xd7\x00\xd7\xb3]YP\
\xd0\x1cQ\x8a\xb9\xf4^\x01\xbd\xa7bU\xc6\x1d\x1b5\
m\xb6h\x0ct\xf3\xa2\xe4\xd7\x19\xd2l\x98\x15\xed(\
o\xd7@\xec\x01\x9e\xeb\xa2\xf3\xef#\xc4\xd8\xb4\xb5\xe9\
\x8e\x8eef\xfc\xacu\xa1\xb880\xdf%%3J\
$\xca\x0a(o\xb6\xfe\xf1o'\xcc\x15\x00!E\x0b\
j\xfc\x22Q\xdb\x83\xaa\x9b\x02K)\xbeu\x91\xf7\x04\
\xd5\xf2T\xdb]uP[\x03\xf5\xcc\x1d\x04jf6\
'\xb61\x90\xaf\x1f\xf1\xbb\xdf\xfb2\xbe\xfa\xc7\xbf\x8d\
\xeb\x0f\x7f\x06<>\x00\x0f\x0f\xa4\xff]\xe3\x7f:'\
\x9b\xdeRz\x5cj!dy\xe2-T\x9a\xab<\x0b\
\xf0\xb0\xde\x17\x5c\xb8\x8e\xc3c\x84\xc0_\xc6\xcdq\xb6\
\x8dq\xea\xde5s\xb1\xce<\x96\xdf\xb7\x8fFq\xc9\
\xb3=\x10+\x95\x9by]\x16WF\xb0\x0c\xf0B\xd1\
\x1a\x8cL\x13V\x1a\x9d=\x82\xe8\xfa\x0f\x00*\x81.\
\x17\x05\xd3\x86\x06J\xd6\xdbh+\xf5\xd5\xb2^\xecR\
,\xbeEO\xba\x87\xa3\xb7\xe4\xf2\xd3\xcc\xac\x03\x91\xfc\
\xdd\xb6\xc8Fb-\xdb[Xp#B\xa6i+\x0f\
\xc1\xebC-t\xe1\x96\x89p\x8aJ\xbd\xa0=s\xd1\
\xf0\xde\xab\x0f\xd2\xf7\x88\x95EX\xa8z\xf7Gs\xe0\
\xc4?\xb2\x03\xa2\xfeC\xe5\x85\x03]{`\xa9s\x92\
\xb9\x94%\xf6\xf3\xdd\xce\xc5Z\xe0\xce\x80h\x99\xd2\x9a\
r\xa6a\x1c\x13\xe7\x18\xf8\xa3\xbb\xf7\xf0\x1b\x92\xd6\x1d\
\xa1\xa2@\x9cG.\xe5\xa6\xaa\xcbg7\xcb( \x1c\
\x02\x94\x9e\x80\xae\xfb\x0f\x08\xbc& \x85y\xa3\xaf\xab\
\x0c\x90\x1d\x98\xd1s\xb3\x16\xab\xb2\xba^\x8d;\xcf\xc9\
\xb0\xf1\xb7\xee\x06\x08\xfe]\xc7\x8d\xb7\xb2_@\xd6T\
;\xd4\xce\x05\x03V\x9d\xe3qC\xcb\x12\x19\xd0\x0eW\
T\xdeAaW\xafA\xfei\xd9_\xe4\xff\x06\x02\x16\
\xf9\xab>j\x0e\x17\x0d\x04?k\xf1\xbe%Q\xe8\xaf\
\xe33\x98V\xb8\xd6\xa3P\xf8T/\xbb\xf9\xf6s\xfe\
\x0e\x94\x8e\xc9\x9b\xc4u\x1a\x00\xe7\x9c\x98\xc7\x89\xc7\xeb\
#\x9e\xbdx\x17/^\xbc\xbd\xcc\xf5g\x1eU?7\
\x87\x9b\xadc\xbe\xfe\xbc\xfb\x85/\xe0x$\xf8\xdb\xf3\
w\xd2S7^\xf6\x86\x92\x02\xd7\xaadVl\xb5\x95\
\xae<\xd6,\xb0\xac\x93\x95T1\xcd\xd9\xbd\xe1\xe4\xb6\
^\x02\x02\x5cO\xa2\x94\xf8\xb2\x95\xca\xbdX\xc7\x95\xe3\
%d\x8c\xb81Jr1\x1b8d\x0e\x05\xa4#\x0f\
(\x02\xf7&~L\xe1A\xb4\x87\x1fi\xbb+n\x12\
\xeb,\x047\x05\x81\x02\x0b\xadl\xc3\xa2T\xaf\xfev\
\xa8\x02\xb5\xf8\xcc\xc8W\xbc\x0e&PG\x1b&\xba\xcf\
\x87lXyp\x08\xe4\x99\x87\x81\x82^\xbd\xd7g\x81\
\x19\x80u\x09WA\x9f\x88\xfa\xae\x13\x94\xe8-\x0f\xe1\
\x22B\xf5\xce\xd1\xc6\xc0\x07\x01\xfc\xe1\x7f\xfc\xb7\x90\xd7\
\x03\xf1\xe9k\xc4U\x19\xff\xd7+=\xee\xf3\xac\xf5`\
\xe2Yz\xac\x0c\xca2f\x06@\x08\x01\xb0\x8dRN\
\xf04\x97\x81H\xb6\xa0\x16\xe29\x11*'\x1c\xce7\
\x88\x04N\xd6\x1b\xa8\xbe\xdb2::\x11)\xf6\xa1\xda\
\xe8|\x0e\x0e\x81\xff\x08Q\xdc&\x86A#\x03\x89\xe9\
9Yv\x92\x10\x80:\x81hl\x1bb\xeb\x18g@\
Tz\x9ay)\xcd\xb6H7*\xf7\xc0\xf3\xed\xac\x7f\
\x08Xk\xad\xd4\x1d7\xaa\xac\xc3\x89\xebu\x8bw\x5c\
\xdb\xdejF\xda((\xf9\x85\xb6\xf0. \xab\xc7p\
\x18\x90\x15R81+[?\xc01;\xf52\xeay\
\xe5\x13\x08@H\xcd7\xcb\x88zO,\xeb\x0f%\xa5\
L6^\x14e\x86\xd9\xec\x9bd\xbf\x8c\xbc\x05\xff\x85\
i<\xa5Wj\xf7\x81\x0c\x0a\xb2\x19\x80\x19\x82\x0e-\
\xd8\x9b\x1eO\x8c\x98\x14\xe8\xab\xc3>\xf1\x08\xf2\xfc\xce\
\x13\xf7\xe3\x19\xfe\xdex\x85\x91\x07+\x04\x22*\x1c0\
\x80>C#W]\xd2\xc5w\x12^\xdb\xd2\x0b1j\
\xbd4\xf7\x86\xba\x86\xed\xeb\x13\x05\x9b\xae\xd7\x9aZ\x92\
 S%\x1borI\x16m0*w@\x06\x81\x1d\
\xbe\x02\x053?Qs\xd6\x86G\x1b\x17\x1d_\x5c\x16\
o\x09(\x0a+|g\xde\xbc\x0722%\xa3O\xe9\
\xd1E\xdf\xba\xda\xe0\x0a\x8a\x95\xfe\xa3v\xfa\x1dm@\
X\xcfs\xb4\xa9\xaa\x17\xfdl\x10\xf6\x1b\x97\xb6\xdf`\
:$\x07\xc2\xa9\xd4w\x81\xd0\xe9\xac\xb1\xb4@2\xc4\
I(\x16\xa5\x17\x1f\x96k4\xca\x99\x98\x93a\x80\xf3\
xD\xc4\x8e\x17/\xbf\xb04\xa4\xdb\xb3\x0e/\xb08\
\x80O>\xe7\xbb&k\xa7\xbf\xf3\xce;x\xfd\xe6\x0d\
c\x0d\xc7\x89\xe3<[\x19\xa7&i\xd0g\xb5\xc0\x95\
QP\x83\xd6f\x82;\x14\x81:]\x0e\x91\x95\x91\xbc\
\x16\x9b\xe0\xe3dkG\xc1\xe2\xd2\xc8D\x15\xaa\x16\x98\
\xae}\xa9\xfc\x12\x83\x7f6`\x12\xbc{q\xac[Y\
\xbc\x10\xac\xc9n\x926V\x0b/\xfa\x9a\x1a\xcbe\xf6\
K\x11\x97\xc0\x97\x89\xc1E\x10]\xd4\xc2\x02\xeb\xd3\xbf\
<\x1a!DZcn\xd0\x98\x11\xc0\xbd\xf0\xa5I\x97\
!\xe2x,\xb1\xfa\xe4uf\x06c\x19Q\xd7J\x18\
\x9a\x13'\xd7\x0d\xe5\x014\xdd\x0fU7\x04\xb7\xb8\xe9\
\x1e'\x01z\xaf}9\xd1\xfb\xc0\xe5\xd3+\xfe\xe8\x8f\
\xbf\x87\xb7\x7f\xe3+8\x7f\xfcs\xc4\xe3#\xf0\xf0\xc8\
\xff\x1e\x07\xa0\xad~\xc8\xb3\xf6\xd2\x87d\x109\x11[\
`\xec\x82\xc6\x8ds9P\xda\xba\x91P\xc7\xfe\xf2\xf7\
\x03\x00\xef\xf5\x91\xbd\xa1\xedp\xd8\xa3\xaf\x03\x93\x03+\
Ya\x03\xdfy\xcen\xd7A\x03\x01\x91\xd5\xa6\x1c\x0d\
\xea\xed\xa1\xcd\x02\x10\xce\xdb\x5chI\x1aH\xbd\x93\x82\
r\x92'\xcb\x15\xdb|\x18\x08\x8c1\xe8\xd1.\xe0\xda\
Z\xe5v=\xa1\xd6W{\xbb!\x00\xf4zp\xf2\x9f\
\xa1\x83)\x0b\x14\x92S\x8ad,\xc2c\xa3\xc2y \
\x0e;\xf8\xbd\xe5\x81\xaaa6\xfa&\x9a\xbd\xe2rd\
R \xd7Sk\xa3Y=\xad\x91i\xb0\xd6\xbbL=\
{G\xd1\xba\xca<\xc6\x08\x83~\xd4\xbf.\x8e\xd49\
\x14\xb3XG\x15\xa7\xce\x8e\xff'P\xac\x0c\xf0\x84e\
\x10P\x9ez\x0e\xdf\x9d\xf5\x9e[\x92\xd5ev\x97\x8a\
\x8e1*\x04\xe0\x7f\x99\x89q\x92I\xf8\xfex\x85\xef\
\xc5\xc0\x15\x89\xbd\xa0},0\xcf\xcczg\xd6\x0c\x17\
\xf8I\x14\x03\xbaz\xc060Z\xdex\xef\x9a\xb0\xe7\
j\x8aV\xdf\xeb=\xc5&\x98A\x90\x5cY\x81-\xda\
BsIf\xa1\x01\xcc\xa1\x82&\xc6\xeb'\xb0\xec:\
)S\x80M\x8fX\xe6\xd0\xb2[\xc9G5\xee(-\
\xb3\xa8\x7f}\x92B\xb8\xf5\xff\xec\x8e\xf5\xdcK\xb6\xe0\
!\xc8b?n\x9c\x0ePA\xd6\xa1Z\x19r\x92\xe2\
f\xec\x12r<m\x83x\x1eV\x9cX\x1dN\xa7j\
\xe8\xdd\xcc\x1b\xf5\x16\xe46&\x9c\xab!%\xdb\xc2#\
q\xabaL\xd0q9\x0f\x86\x01\xce+\x8ey\xe2\xc5\
\xabw{\xd0=~\xc0S?\xe26\x09\xf0\xc9\x5c!\
\x01\xdc\xdf\xdd\xe3\xfe\xee\x9e\xfb\xff\xe7\x89\xe3<\xb8\xff\
Uf{U7\xcb\xec\x85ZT\xb8,\xcdEq@\
\x0b\xa4\xcf\x8en\x8b\xae\x0e\xcc[\xd8\x03>:\xca\x9a\
.U\x17\x01\xd7\xc86%c\xe5U\xf1R\xbf/\x80\
N\x00\x14\x00g\xd7\x08\xa8\x09+\xe3A \xe1\x05\x06\
\xcf{\x9bP>\xb8\xa5=\x9f\xac\x8c\xe2\xbaG\xc0\x94\
2\xb7\x8bY\xa8Cy\xa2\xe7\xd5^\xba\x8c\x00\x0bb\
\x81\x84\xda\xbd\xb6\xa3\xac\xd6^\xdbp\xcc\xbe8\xaeh\
o\xd0\x06\xce(>c\x11\xf6e\x86*^\xed\xcfB\
+w,\x1e\xa9:9\x96,\xfa\x11\xf4\xc8\xb7P\xf6\
\x7f$\xee\x06\xb0\x9d\x07\xbe\xf5\xfe\x0b\xfc\xee?\xfcC\
\x9c?\xff\x05i\xff\xc7\x07f\xfd\x1fL\xd0\xcb9\xc5\
T\x0e\xd5\xcfo\xad\xe9\x1a\xfa\xc0D^\x06b\xf7\x1c\
i,\x1c\x92\x1a\xd2G.\x1c\xe4^\xcd\x03\xa1\xc27\
\x94\xd5\x89.\xdb{v\xbf}\xac\xeb\xe3!\x8d?\xcb\
\xc8\xa2\xd8Nz\xfe\x91\xac\x00\xb8\x8d\x1b\x03\x17[ \
\xf6\xc5\xad\x1e\xd06@\xd4\xe9\xb1\xfc\xa7\x1a\x01\xe8}\
\xe9\xeb\xe2\x9f\x80b\xcb\x04\xb2\xa2Mk\xadD]\xef\
Y:\xd1?r\x1eJj\xeaC_\xae9\xb7o\xbd\
\x87\xa9d\xf4\x9a\x02\xfbeO7\xa4h\xadPy\xf2\
\x9e\x8d\x07''\x86\xe8\xfb(y&x\xd2\xb3\xb6w\
E\xa6\xa2\xc7\xc9lC\x81v\x82\x9e\xb7\xb4\x9cs\x0e\
\xec\xf1\x92\xd5\x0e\x86i\x0a\x9b\x16\xf0\xc0\x02\xd6\x065\
y\xea\xeb\xb3\xecE3\x1c\x10JJt\x1d\x01\x9aI\
\xe5\xbc\xeb~&:\x9a\xdda9\xe2NDL\xd5\x8d\
\x12`Wf\xe7\x02\x84\x0a\x118O`\xdfv\xfc\xc9\
x\x85\x0d'G%;\xa6<r\x14\x93P\x90*y\
\x0b\xfd\xeey\xe2X\xb6\xaf\xcewn\xf5n\x1e\x0c\xd6\
5(\xa8\x9a\x9aOlJ\xda\xf2f\x99\xd3?1!\
u\xd1rMh>\xad\xbf\xca\xf8\xad\xeb\x05\x98sy\
d\xa9c_\xa7\xb6\xc4\xf2xk\xbd\xe8\x0fK]Y\
\xa7\xfa9~_,2\x04\x03\xe9X\xe8\xfc\x15c\x16\
\x13dyF\xe3\x98\xaeK\xce6\xd6\xfe\x83\xacG%\
}b}L\xff\xe5\xb8\xbdu==\xf6e\xce\x8c\x03\
\xbe7Q\x09\x95\xa8\xf5\xb6\xccG]\xe7\xcf\xbd\xc5\x95\
E\x81\xe6q\xc5\xf5\xcd\x03\x9e\xbfx\x0f\x9f\xf7\xe3\xe9\
\xf4\xcfgr\x00\xea5\xea\xc4;\xef\xbe\x8b\xd8X\x00\
\xe8\x90\xf7?s\xd6\x89D^\xd6(\xbaR\x8a\x22y\
\xcaV\x1a@\xa0\x814\xa3Z\x16\x9f\x95\xfc\xa2H\xca\
\xe2\x09\xff\xbf\xc3@\xe8\x1a\xca\x02\xf2h\xfcf\xbb;\
\x9c\xb0\xbe\xb33>Sm]bP\x81v \x01\x09\
c\x0bJ\xcb\xfc\xf0#K\xa1:\x99\xae\xc3\x14nO\
\xd4`V\xa1\x99*(\x8f\xce\x12E\x96\xa7g\x03!\
kq\xc6\xed\xbcDWnkLX\xa63|\x8dY\
\x84J@\xaf\xfb\x04\xa3K\xacL\x9fJ\x91\x16K\xa0\
\xf1\xb2\x11\x13C\x8e\xb1\xb4\xcem\x18B*$\xa3\xb7\
\x13\x0e\x15\xfe\x19\x81\xbb\x87\x13\x7f\xf0\x0f~\x0f\xfb;\
oa\xfe\xe2c\xe0\xfa\x88|\xb8\x02\xd7\x13y\xce\x05\
\xcczL\xb8^\xe8\xb1\x8fm\xa0\x04g\x9e\xc8\xebA\
\x85\x0e\xe6}0\xd7\x22\x90\x1b\xe3\xf59\xec\xf1\x93Q\
@&\xaf\x89Q\xc6M\xd1\xfd\x09\xe4\xc63\xed\xd9t\
\xb5\xa5\xb62x\x8b\x84\xd4Q@\x89]\x92\xa3\x0d\xcd\
\xd5J\x13\x84\xefM\xd2\xcbf\xba\x86\xcb\x06#\xb4\xcd\
\xb0\xe7\xcdLP)0\x89\xb8V\x073\xe8C@\x15\
\xe5\xd7\xe8[\xd1\xb6\xf5\xc8,%\x99\xa0\x07^:%\
Q\xf7zKU\xa2c\xdf@{\xc0\xa5p\x17`\x85\
@\xd0\xcf\x5c=7\x08\x5c\xb8\xef?\xd0\x0a\xa13\xf5\
\xa3\x9a\xe7\xa3\xa3y\x1d\xb3\xdf7\x82tfU\x01\xac\
\xc3\x89\xaa?@&\x0f\xce)\xca\xbe\x0cZ{\xe5\x5c\
\x17g\xf0;\xe2\xedmB\x96\x0f\x15\x22\xa0/ \x18\
C\xc6\x07\x8d\x00\x1b@4DZ.{+ao-\
\x9ck\x9b\x8dv\x9e\x8f\xdeJP\xff\x86\x8c\x8b\xdf\x8a\
W\xf8\x9d\xb8\xc35'.1\x96\x93@i\xac\x8f\x8c\
\xf2\xabi\x5c\xdc\xea\x06diadv\xa4\xbb\xd7\xa7\
\x13\x1a\xcbZ\xe2\xdc\x0e30\xd277\xde\xf3\xada\
\xe1\xb9\xaf\xc5Po\xe8\xf4f\x16\xdd\xea\x82\xc4\x95\x88\
\x92\xa3d\xa9\xfb\xc5\xbf\x1d>\x0a\xc9a\x8f\x8f\xfb\xb3\
8?~\xa5\xfbn'm\xc1e\x03p\x8d\x80t~\
\xb1\x1eH,\xdb\x9aV\x5c\xbd\xd1\xa5\xae\xb8Y\xce,\
\xec\xcd\xe7\xcd\x10\x14\x03\xec\xc6\x15c\xc6\xcfW\x07\xf1\
\xe6\x9e\xa7?F\x7f\xf7$;\x84R\xa1\xb82&\xf2\
3\xcf\xf0n\x80\xf3<\xf0\xf8\xf0\x06\xf7\xcf\xde\xc1\xb6\
\xed\xf5\xbc\xbc\xbd|\x99\x87\xcfk\x07PV\xd7\xf3\xe7\
/\x81\x08\x1cW\x16\x1b\xf0ijL\x8e1\x0a-\x0a\
%\xba\x83\x14,?\xd7\x99\x8c\x1a\x0eu8Dk\xdd\
\x0e(\x96k\x01\xefGO48\xad\x85\x81\x02\xd1\xd9\
\xb8K?\xca\x8c(\xb6*\x16@\xcf\x1e\xebj\xac\xde\
\xe2I]\xdeQt\x0eP\x8az\x9d0\xfe9\xeb1\
s\xb9\xd7\xcf\xbf)2\xa1\x09\xbd]\xae\xdd\xfaX\x9e\
\x7fC\xfdC \x1c\xab $\xaa\x22\xdc\x13Az\x0a\
\x15\x0e-(:G\xd59\x9aI\xe1\x04b\x09\x11D\
\xc5\xa2\x81\x8e\xfb\xfb\xfdnk\x1b\x1c\x89\x0d\x81K\xb0\
\xde\x7f^\x0f|\xf3\xa3w\xf0\x8d\x7f\xffw0\x7f\xfc\
s\x8c\xe3X\xa8\xff+\xaa\x86\xbe\x8c\x8ft\xa2\x9d^\
\x96\xaa\xf4\xe7\x5c\x09\xbf3\xf3,`\xcd\xf3\xe0\xc2\xd0\
\xe9m4x\xb4X\xc7\xe8#w\xe7\xa1E=\x0b\xa8\
\x132\x0e\x00\x1e:\x84$\xa0/*%\xd2F\x90\xbc\
~{\x9e\xb6Ze\x08$@\x8f\xc0\x0c\x8eB)d\
_\x1b<|oa$\x87\x13\xa6\xbdK\x8a5\x07\x06\
7\x91\xb9\xb5\x1b\xa4\xa3\xa7Y\xf9'\xda\xbb\x80\x95\xea\
\xe4w\xcb\xda.\x9df\x9f\xbe\x7fVz\xd5zn\xe6\
\xbc1.\x9c\x932J\x92\xd0r\x89\xee\xcf\xa1mu\
\xb1\x00D\x06\xfbQ\x1e\xff\xc2\xf6\xc1\xb25\x1ax+\
\xde^1y2\x7f\xf2\x971\x96Vd\xfd_3\x12\
\xb3B\x09V\xe2\xce\x1c\xf1\xca\xf3\xfd\x0c\x0d\xd8i/\
\xac\x8e\xa8*\x815\xdd\xfa\xe7-\x966\xc8\xbc\x8b\xc0\
4\xbaU\x08\xed\xff\x5cU\x8e\x1e\xc0\xf9\x1a1\xf0\x1f\
\x8c\xb7q\xafU\xc9h\xd4\xa85\x15K;\xab\xf6\x06\
\xfas\xc7\xfb+f\x1f[\xcdI1-\xce\x89\xf1\x9a\
\x86\x19\x16\xd3f\x8dj=\xff\xad9\xec\xe0\x99Q\x5c\
\xe7\xac\x00\xd9\xf3\xd3f\x05\x80!}\x1a\xb7\xefX\xe7\
\xc4BS\x8f[\xcd\x84\x81%~\xda\xde\xbe\x8d\x045\
\xb6 \x7f\x85\x81\xd98\xe1u\x95\xe1\x22\xe8k\x07\xf8\
\x9c5?\xab\x99Q\xeb\x82\xa8\xebn\x0e\xdb\xf1W\x1e\
\xa9\xc5x)C\xa4\x0c\x81\xa7\xc8\xdf\x01$\x7f\x1f>\
\xb0\xa4\xc6\x7f\x09/\xaeM\xaa'\xa8=b\xd5\xe7\x9c\
8\xce7\xd8/\xcf\xb0\xef\xcfo\x1d\xc4\xcf\xf9\xf9\xb5\
9\x00\xfey\xfb\x9dwq\x9e\xb3\x8f\xfe=\xb5\xfdo\
\xc9\x90\x5c}rg\x0c[\xe9NI\xbdc\x84~Y\
;\xc8\xb9t7P\xdb\xe9\xda\x10\x02\xc0\xbd\x967E\
*\xa6\x97p@\x5c\x8d~_c<M\xaf\xc4\xf2\xcc\
\xb2E\x1d\xc7^\x05\x11.\xc6A\xcfo12k\xb9\
e\xb7v\xedR\xb5{M\xfe\xeb\x97\xb60\x00\xa1\x0c\
Y2\x11N8\xac%aP\xaf\xe7\xaf\x93\x98%\xe4\
\xeb\xa9t\xb6\xb4b\x98\x86\xcd'\xe3lq\xa2W}\
c\xc3\xb8\x03\xd6\xdcK\x969\xbd\x04\xcf\x8d\x0d\x00?\
W\x07\x02\x15\xe0\xce\xde\x02\x88\xc4\xb6\x05^>\x9e\xf8\
\x1f\xfc\x83\xdf\xc7v\xb7c~\xf2)p}D<<\
\x22\xaeW`*\x8a:<WY\xc6y\x8c\xe4\xbf\xdd\
\xf9\x0d&k\xb9\xcd\x90\xb1\xfe\x89\xc8\x13\x03\xac\x1b\x90\
\xa9\xfa\x01\xc7\xb5\x8d-'8\x8a\xce/\xb2\xd3\xd6\xf4\
\x08\xc6\xfa\xcfS\xe1\x07\xc9\xb5\x8c\x8b\x08\xc6\xfa\xbd\xaf\
\x94\x8c\x03\x90\x9b\xc7\xac\xe5:JOS\xe6\xe7b\x8c\
\xd1\xb8\xc9\x8a\x01\xfa\xf7\x8au\xdf(\xf6t\xdd\xb4\x02\
\x10\x1eL\xb4\xc8Hy\x05\x06m\x19|%\xff6&\
tO\x18\xfc\xd8\xa6\xa6-\xfb\x7f\x07\xd6D\xc2VL\
\xb5\x0d2\x80\xdb\x8ck)D\x1b\x01\xd9\x9fO\x99,\
\xa8\xb6\xd9[\xd6y\xf3\xb1!b\x83)Q\x17\xee\x01\
\xc2\xee\xbeg\x0ap\xcc\x1e\xb05u+\xb7\xa2\x8eS\
\xd4\x8bg9dp\xd4I\x7f\xc1\xda\x006\xa8\xe2\xc6\
xPx@\xfd\xa9\xd0\x80\x01\x5c/#\x8eW\xcao\
'\x01\xaa\xce\xc0\x8c\xa1\x82CQ\xed^\xf8De#\
\x8e\x02\x89\x0d\x81s\x04~c{\x85\xef\x8f{\x5c1\
\xb1\x07\xeb\xe6m\x8bG>\xd0[\x85\xa3\xda\xaeq*\
\xfd\x14\x8dWjc\x1b\x81\x1d2h`\xf1\xdf\xb7\x15\
\xfcPu\xf6\xf5\x1e\xcd\xeb\x5c\xef\x17cPZXz\
L\x0b\xa70\xb3\xfa\x1f\xc0Zf\xd7y\x14\x11\xd6\x85\
\xeeS\x1b$\xa5\x97\x0d\xde~\x8e\xf5\xbe\xe6\xb7b\xf0\
\xfe\x0ch%\xe51\x01\x16\xd6\xd5\xf3\xde\xeb\xc5,\x1a\
|\xaf\x14\xb9\xdb\xe0\xe4\xec\x96Gu\xb0\x0e]\x02*\
\x96_\xb8\xe4)\x1a\xf5\xbd~\xb9\xe9\x83\xd4\x11\xccj\
\xdebB\xf4{k\xcd\xb5\xb1\xdb\x0b\x81:.\xe7\xc4\
q\x5c1\xf6{<\x7f\xeb]u\xe7\xb3\xe8\xee\xbb~\
m\x0e\x80-\x87W\xaf^\xe1z\xbd\xaa\xd8\xc0\xac,\
}i/\x09\xc4\xeaE\x04\x80\xb5(Ng\xe8\xde\x94\
O\xad\x85\xb5Z\x94Y\x14}\xd6\xb3\x16\xe31!\xba\
\xdc_u\x94\x93\x93\xbed\xc1\xc3\xdb\xdd46~f\
\xc4\xb2\x03\xa0=O{\xd3\x96\x19O\xb7k2;\x8e\
\xb3\x0ez\xf5Z\x8c\x883\xb8o2-\x82&\x83w\
\x07\xa4V\x85\x01\xbf*M\xa9\xefk\xfb\xdd\xbf\x92#\
\xab\xa6\x12\xe8\xb6\x0e\xc3c\x92\xd0\x1a\xea\xbe\xab\x19K\
_\x09\xb0\xd6\xa5\xb5c\x00\x8b\x91\x05\xb3\x13\xfa,\xe4\
\x8d\xaap@h,m3\x0c\xc4Mr\xdb>\x02x\
8\xf0\xed\xaf\x7f\x01_\xfb\xa3\xef\xe3\xfc\xe9\xcf1\xae\
\x8f\xc0\xc3\x1bz\xff\xe7Q\x86\x88\xab\xa6\xd4\xa8\x86\xf7\
~u:V\xd1\xea\x00r\x9ed\x8d\xe6\xc1\x9a\xff\xb2\
\xd2\x8a\xf2\xdf6\xc6\xe2\x05\xfc\xce\xdc\xad\x84\xb6\x0a\x03\
im\x1e,\xf3\xeb-\x0b\xb1\xab\xb3\xb2vj1\xc3\
\xb2\xa1?\x06\x98Lh&a\xbdl\xd1\x8351\x1a\
o\x09'\x7f\xf7\x7f%|V\x98\x1e\x91\xd5\xf4\xf3\xa3\
\xca\xe0\xd6\xf5}\x9d\x15\x95e\xbe\xf6IT\x9b\xec_\
X\xbe\xf8y\x1b\x01\xae\x11_'9Z\x1e\xa3%\xd0\
\x22N\xe0i::\x05Ff!\x80\x90\x17N\x80\xac\
\xd0Z\xb4\xcc\x8eT\xe5{M\xf0)\xf0\x8at%\x02\
y\xb81\x9a\xc6o+\x11G:\xa4\xb51^\x8f\xce\
\xeaw1\xdd>\xb7\xc0\x8b;\x0a\xe0\x9be\xc8\xd2\x11\
\x8e\xfd\xbb\x22\xa2\x01\xe8\xf4\x8a\x08'\x08\xf2yg\xa8\
jb\x19\x1f\x0a#\xf8]7F\x80\x800\x070\xa3\
\x98\x8d-7\xfc\xf1x\x07\x17\x9c\xda\x05\xa0\x7f\xb9\xe8\
\xb4%)\xaeLA=\x9b\xa1\x0b\xf4w\xb1^g/\
Z\xfc\xc2\xd0\xfb\xe1\x12\xc0%=\xf0\xe9\x82\x9e\xd9\xa2\
\xdf\xab@\xd1S0\x09\xc9\x9a\xc6;\xd1\x86\x80Y\xc9\
ua\xd4\x9c\xb6\x86\xf3\xbb\xcb$\xc9jR\xeb4)\
3\xb3\xf0\x95\x07\x81\xe5Z\xf5\xdb\xef,h\xcc\x9e\x07\
?p\xad\x1d\x11=\x5c\xd5C{\xf2}\xd5(=\xe9\
\xf1p[Q\xeb\xc7\x8ay\xed+/*\xe6\xb4F\xf6\
VW\xf02o=\x7f\xday\x8f\x94\xdb\xdd+\xd8_\
\xbb\xb2h\x82\xc7\x04'\x02\xfb\xe5\x19\xd6\x9f\xf8\x9c\xdf\
?\x93\x03\xf0\xf4\x82\xfdr\xc7\x04\xc0\xc5\xfb\xb7\xf53\
q;\xaf.\x11\xba\x16m\x90\xe4\x0a\xb8\xba\x09\xc3\x9e\
RM\xbb\x80\xbf\xcd\xed\xa6D\xcb(\x98\xdcw\x9aV\
\xb6\xcb\x80\xe7b\x0d\x11\xe1\x0a\xf89a\x9e\xbc\xa6\x91\
\xeb\x9e\x04l\xd0\x94\xa5\x85\x9e\xd0J\xe2\x10`q\xd0\
\xa6\xe5\x0d\xdenw[%k\xe9_I\x98\x01~\xa5\
\xa0VK\xbc\xc3\x0c\xadZ%,\x15W\x0a\x94\xfb\xe6\
>\x19Xj\x04V\xa5/`\x81<\xac\xc5\xc2\xe9R\
\xbe\xdd\xce\xeaO\x19\x1a\xfe\xef\xadoxc`\x07T\
\x07@\xb8\x99\x1c\xa3\x17\xd7\x13\xbf\xf7\xf7\x7f\x1fcK\
\xe4\xc7\x9f\x02\xd7+\xe28\xe9\xa5\xcfY\xb2\x11IO\
\x9f\xf1{4x\x07P\xc9\x9bu\x80\x94\x00?\xcf\x02\
(6F\xe0\xbfol\xebqp\x96\x06\xc84\x04d\
\xcc%\x8b\xefh\x17@\xce\xc9\xa4Bm\xdb\xb3;\x1a\
N\x16\x14\xc0:0\xebi\xf5\x0e\x0a \x11\x1b\x10[\
\x00\x9b\x0c\x8a\x0d2\xc2\xa6\xf5\x9d\xd8\x14`\xdb\x03\xdb\
\xa6\x8f\x07\xb0m\xfc\x07\x8d\xdf\x16\xbd(3\xd7\x08k\
\x8b\xf6&\xa9\xd8,\xeeio\xb1U\xeb\x164\xbdw\
dy\x13cy\xc6\x8dj[\x98\x85\xa1\xb9\x1fO\xae\
\x8ae/\xb6\x1f\xd2q\xf6~\xd6YKPL\x99u\
@2\x11-]:7\xbd3.4\xae\xde\xc66$\
O\xa3d\xd7\x95!\x9c\xbcz\xe6\x12\x83\x8f\xa8\x18|\
\xf5\x22P\xa0=\xd3\xde|\xf4\xfe\xfd\xd8\xb4\x1ex\xe2\
\x9f\x0d\x02\xee\x0e\x90\xa1\x11\x1d~\xa8-\x7f\xd0\xe7\x09\
\x15.\x8a\xaa\xe8x\xea3\xee`\xd0\xb5\x0906\xe4\
dQ\x8f\x0cnAw\x02'N|?\xde\xc2o\xe2\
\x0e\x0f99\xc7\xd2'c\xf1\xd0\x07\x9c\xcc\xe7y\x18\
\xd5\xef4\xb3\xa0\xf1\x8eD\xd7\xaf_\x9e\x97s\x012\
/\xe02$\xac\x13\x08\x9c]*\xb8e\xb2\x98\x99x\
J\xf7K0\xcac\x87\xda\x95-\x0b~\x8eurv\
B2\xb2\x03\x96nWi@=\xb0\x01\xb8\xefq\xce\
\xd3g\x0eH\xc3\xe2\x5c\x86\xdb\xbb\x9a\x1c\xd4\x09]@\
MmM\xdc2\x22X\xfa\xa9\xb5T\xbb\xc6\x02\xa5\xb3\
\xe9_x,\x9e\xban\xbdx\xd6pZ;\x94\xa9\xb1\
\xf2\x18\x1b\x0f\xd1\xcf.\xf1\xcefs\xd4o\xb3\x1b3\
'\xceI\xac~\xf1\xd6\x17zN\x9e\xfc\xb4Y\xf3k\
~f&.\xdb\x8e}\xdfq\xbd\xb2\xf6\xffy\xb2\x0e\
@\xda\x02\xcb\xe5a\xd2\xc5\xe6\xa7}\xf0\xcd\xda\xe3>\
\xea\x11\x95\xdd\xbc&\x9cqby\xde\xb7'\xb8\xe9|\
o\x85\xb9\xedA\x83\x94(\xb9\xa2s\x16+o5\x16\
\x96\xc5\xd0\x85W\x16\xe5Q\x83n\x90\xd3\x04\xc6Sp\
\xb5P\xda\x88\x89nO\xf4/V\x9b\xcbr\xebI\xd4\
\xf3K$\xdd\x974\xe0g\xb3\x0ah!0@\xf7)\
\xe9M\x08\x0e\x81f,\xcdt\xbe\x19\x17\xdc\xea\xbdK\
MK\x90\xfbE\x89\xd1gw\xc0'\x1e\xd2\x00C\xef\
SF\x7f\xbfE`\x0f\x16\xfd\xb9\x0c\x00\xd7+\xbe\xf5\
\xd5w\xf0\xd1\x1f|\x17\xf3\xa7\xbf\xa0\xf7\xff\xf8\x888\
\x0f\xe4q\xa0\x0b\x1b$c\x08y\x8a\xf6\x0f&\xe8M\
\x028\xbdkR\xf48\xae\xb5k\xa0\x8e\x08v|\xfa\
<\xb9\xc0\xd3[\xf4\x98\xb5\x18H`\xa3aQ\x06\xde\
\xdd\x00\xe6\xc9r\xbf\x11\xb5\xad0F\xf4\xca\xd8\x83\xf7\
m\xec\xa8\xf3\x1e0\x80\xd8\xb5@e\xd4\xadr\xd0h\
\xc7{\x86\x10\xbdh~\x87;vb\xc3\x10\xfb\xb4\xed\
`.\xc6\x06l\x97`\x9d\xa1X\x14\x9f\xe6O\x9b\x03\
\xd8\xafd\xbe\x05\x82\xcc\x18\x8d\x05%b.\x12\xdf1\
\xea\xee\xde,\x89\xac)\xc7\x1aCg7Z\x01\xf9\xd9\
\x1b\xa2\xf2\x09F\x0cl\xf2UGv\xb2Z-\xe9\x00\
\xec\x85{\x93p,k\xc3\x9e\x7f\x0a4\xedqy\x1b\
\x9f\xd7\x98\xe1n\xba\xddZ\xeb\x0c\x09\x90-(\x03 \
d\x85\xe5\xa8g!\xba\xb0\xeeJ\xd2\xdabs\xdc\xba\
\xc0\xfe\x89\xbe\xe0\x89\x80\x0d\xf03B\xcf\xf78rt\
z\x07\x81B\x1dN\x88\xac\x11\x84\x8c\x1f3\x81\xcd\x0e\
$\x02[l\xf8\xdb\xe3\x1d\xb6B@2L\xadgA\
\x96\xc6\xce3\xa2\xd5\x9f!\x86\x80s\x11\xa2\xd2\x9d\x94\
g\xbd7\xea^\xcb\xfaV\xedO\xb3]\xd2\x8f\xb0\xf3\
\xb4\xf4\xb12O\xbcKc\x15\xaa\xfa\xe9\xe7\xd4_\xe1\
qX\x9c\x9aBE=?\x9a!\xb2Qr\x93+\xb3\
<\xb3\xb6\x08\xda\xa8\x89\xa8\xda\x05\xc5x\x00\x8d\x1bM\
\xbd\xa1\x8fW^4\xa7\xe4\xd5\xfdiPw\x08$\xcb\
p-\x83k\xea\x19\x0b\x14\xa4\x05\xb5\xda\xc6\xe7x\x88\
\xdaI,\xa0\xf0\x17\xd5gb\xd3\xb8\xc1\xedf/\xfc\
l}\x8e\xa5\xc0\x19R\xdb\x8dN\x9c\xc7#\xee\x9f\xbf\
z:1\x9f\xf9\xf9\x5c\x03\xc0\x8d\xbc\x7f\xfe\x1c\x97\xcb\
=\x1e\x1f\x1f\xb9\xc7P\x83\xe0WK\xcf,6U\xf7\
4\xd5\xc7\x9a\xe4\xa7\xc6B\x8d\x08\xb5\x9b\x01/U\xcd\
\xcfb\xb1\x82\xab\xab\x8bU;kt\xac\x88\xe726\
\xb7\xa0[\xc6\x88\x95\x9c\x15^.O\xf3\xbd\xa50C\
\xe0\xb8R\xf6\xb3:\xdaM\xd1$g\x87\x0c\x02}X\
NO\xfe\xfa.\xfe\xb3\xcd;T+>\x94\xa4b\xd1\
H\x01\x8f\xad\xe0X\xc6z\x1d\x8b\x1b\x1ay5(\xa2\
)\xe3\x88\xc0\xb4\x97\x1d<\xa0#\x91\x18\x15\xb2\xe3\xc4\
\x0c\x19f\x1e\x0b\xb6O\xde\xe1\x96\x9dU\x16\x0b\x0b\x1e\
|\xce\x0ez\xb8\xcf\x1e\x13\x7f\xfd\xef|\x1f\xe3>0\
?\xfe\x148\xaf\xc0\xf5\x01\xf9\xf8\xc8\xc5\x14\xa4\xfaY\
\xd7\x9c\xf5\xf6\xd3q}\xb1+H\x17\x07\x9a\xf0\xf6\xb4\
\xb2\x99Cr\xe7\x04\xd2\x11\x98\xa9\xc2>\xfb@\xc4\xb2\
\xd5/d\xe6\x05\xb85\xe18\x09b[ G\xcb\xb1\
\xe3\xfb\xb8\x1bX\x9d)\x8e}[\xfc5\x016X4\
\xd8\xc4\x1e3>\x1aS\xaf\xe3E\x1fd\x0a\xa3\xd2\x86\
\xf0P\x1d\xa2\xa4\x9ds\x92\xb1\xb8l\xe0i\x89\x96\xa3\
\xb4\x17-\xb9\x1e\x8a\xb5\xcb\xdb\xcfE.\xfd{\xc7\x8d\
\xf93\xb2\xab\xd8\xd9\xef\xf5\xaa\xc0b\xdc\xa1\xe4\xb2\xef\
v\x05\xbd\x1b\x9fp\xb1\x10\xdaS\xde\x98\xec\xb7d\x84\
W<\x19\xf2\xfe#pF\xe2\x000\xa5\xcc\x0f\xc2 \
\x01j\xd4 #\x0c\xd4+xI\xa9\x1b\xb0C1.\
\x1f#\xec*\x80\xf6\x02iPt\x95@C[\xff\xf0\
\x99}\xeeBS\xf9J\xbd\x5c\x94\xf0hp\xd7\xae\x01\
e\xa7Hz\xfb\xfc\x00J\xf4&Ca\xab\xfe\xd7\xbe\
~\x09\xdaH\x1aj\xbf=\xde\xc2\xd7\xb0\xe1@\xe8\x80\
 \x0f\xaf\x81\xbc\x0f\xe5i\x00\x11\xc8\x0d\xf5Ak\xfd\
\x16\xe6\xa2\x8c-\xf7\x22\xc6\x80O1m\x0c\x8f\x9eS\
\xefzZ\xe7\xb9\xae\xd1\xbb\x17C\xcd\xe3+\x17Z\x97\
>m\xab\xfey\x8d\xd8q\xb3\xc4y]/?\x05\xb8\
FZ\xcfyb\xf1\xb8\x97fa\xb9\xa6\xb5o\xfd&\
\xd7\xaat\xc8\xca\x82`er\xfd\x5c\x1b\xf0\xc8n\x9f\
\xd6W1\xcc\x195\x14^\xe4\xb1\xe0Kh,\xec\xf1\
\x17\x0e\xd6\x5cba\xb6uU\x96\xf6\xf9\xccX\xa7;\
xc\x18$rR\x07\xce\xf3\xc0\xfd\xfd\x8b'\xe3\xd8\
mi\xb9\xfa\x9c\x1f\x7fyww\x8fm\x0c\x1c\xd7+\
NeX/;\x83\x97\xf1\xb1j\xee\xd7\xe4\x13\xc0\xf2\
so\xb2\x12W\xcb6\xad\xe4d\xf1\xa9cV\x9eO\
\xbbQF\x01\xb2Y\xf1\xd1\x8a\x92\xe3#\xcag\x8d\xf7\
T\xf7\x97vUV\x9d\xe2z\xab\xa66%\xa4A\xe7\
W\xad\xe4y\xffX\x14\xfc\xdac\xdf\xd3\xc0l\x8f\xf9\
\xd6\xfaE3\x1dn\x99\xf5j\xb4\x09\xd4\xd6y\xdfI\
\xeb\xda\xe0dc%n\xd6\x1f\xc2}\xec]\x08\x06v\
&\x0df\x8d\xf3\x16\xfc\x0e.\x06\xb4\xf4\xb3\xeeYz\
7\x9c\xf0\x07\x9d\x028\x12\xb8\x9e\xf8\xfa\x87/\xf0\xb5\
?\xf8M\x9c?\xfb\x05\xe2\xa0\xf7\x8f\x07U\xfd\xeb@\
!\x8f\xfc\x9dY\x80U\xe5~\xe5\x81\xe4<\xb58\xa7\
w\x13\xb1\x1f\xdbVq\xfa\xf0N\x81\x11\x0c\x01\x9c'\
\xe2\x94\xef\xe5|\x82-\x90\xf7\x0a-L\x1a1a\xcf\
\x1eI\x8a\x9f\xc5\x0b`\xea\xdf}\xceH\x1a\x0b[2\
!\x10\xcd\xb0$f\xe5\x0e\x94\x07\xb0p\xed\xd3\x06c\
\xf0\xb5\xa1\xb2\xc2>8.\x11\x04|\xe7mhN]\
7\xc0\xe1Z;\x15\xdei\xe2=8\x1b\x02\x9bBT\
\x136\xca\xd6=\xd9\x8bL\x01:\xee7\xe4\x91\xdf\xc6\
\xb3\xd7\xfd\xd6#\xc6\x0d\xf8C\xf3\xc1\xc4\xba\xa5\xafa\
\xf5\xd4^\x9e\xcd\xda\xd5\x04O\x19\x00C\x1egj\xa0\
H\xebs}nb\x11\x12\xd9\x80\xe7\x98\xa7\x06\xa0\x12\
\x01\x118\x1d\x96\x0a\x17\xe0\xe1;L\xe9\x1a\x18\xd7$\
7\xc1.\x90[%\x07\xd6\x09\x87\xb0\x01\xb3\x9e\x09\xd0\
\xcc\x03s\x03\xa2\xfe\x99rwb`\xe5\x14T\x8e\x81\
v\x16h\x9eg\x0c\xa4\xfb?\x17oR\xec\xc7\xcc\x89\
\x17q\x87?\x8e\xb70q\x92]qL\xde\x8c\xa2\xf4\
\x22\xb1j-\x98\xd6\xba\xa1c\xf8fM\x1b\xd0\xe2\xc9\
\xef\x06\xae@\x1bG\x95\x1c\x84l\x90y\x0a\xe2\xf5\x98\
\xae>X`\xb4\x00\xa8q\xc0\xcf)@L\x14;\xb1\
\x10\xfd4\xdaf\xb4\x83h\xb9\xcdE\x88o^\xe7\xe7\
\xf7\x18@rS\xc6\x81u\x0b\xbc\xdeG}\xbc\xea\xdc\
\x02\xe7Rpu\xccZ\xbd\xbb\xba\xba\x1e>\xa6X]\
H\x89\xd6\xf0\xb9OX\xf1\xd0m\xb2\x11a\x93\xba\x99\
\x9a\xc6\x86\xc5X\xa8U\xa2O\xb2\xff\xb6!\xe2\x93\x01\
\x81\xc4<\x0f\x8c\xb8Cg\xfd|\xfeO\x19\x00+\xc6\
\xfa\xf2m\x0cy*<\xd8d\x9e\x1c\x0eWG\xca\xa2\
\xec\x1c7Y\x86\xa84\x04\xcc$\x95\xd0\x96b\xd4\x05\
s\x01\xbf\x88 \x05|39\xadN\xd6,\xeab>\
tmW\xeb\xeb\xbe\xacMB\xde\xbe\xab\xfa\x9bYr\
d)\xbd\xb1\x02\xc3\x0bC\xea\xad\xf7f\xdd\x0aK\xd4\
T\x0b\xf0\x0d\xc8\xdd\x04o\x7f\xf2\xa4!\x16\x9b0\x00\
\x17(Z\xa5\x93\xde]\xf6\xd0\xc2cm0\x0ae\x87\
\xfa\x1a+m\x8fi\x0b\xcb\x90\x92\x80\xea\xf4[\xb0F\
\x00c\xc8\xca\xd6#\x88\xfd\xad\x16\xab\xcd(L\xc5\xe6\
\xbc\x88A\x12t\x1b\x81\xfda\xe2\xaf\xfd\xe1ob\x7f\
\xfb\x1e\xf9\xe9k\xe0\xfa\x08<\xbe\xd1\xb6?\xee\xf0f\
1\x9eC}\xcd\x02\xb6\x8a\xd8\x9a*G\x02\x8a\xfb\xc7\
\xa6q\xd8\x06\x02g\x19\x12y\x1e\xa8mz\x07\xcb\x0a\
Oo\xa6v\xbc\xff2h(\x5cO\xc4\x1eepd\
L\x81?\xba:\xa0\xfb?\xf2\xa6\x18Y)\xa5\xad\xf5\
\xe2\xd0a>!\x19\xf0\x13<\x0d\xceu\x19#1v\
\xeff\x91\xfd\xc2\xc2\xef\xf5\xbb\x0f\xc8\xf1\xd8\xcf\x04\xce\
3\x8be\x81\xe6\xc9&a\x02\xe8S2\x12\x17uy\
*o\x82y\x01\xdc=\xe0\x92\xbc\x84\xa0\xc4\xae\xcfr\
\xd2\x88\xd8\x93a\x1c\xb7=%d\x81R\xe3@\xa6\x00\
:D\xffG\xefV\xd0\xc1G\x0c\x03\x84B\x03\xd12\
\x97K}~H\xe9\xa7\xfb\xe422!6c\xf3\xa2\
\x92\xd7\xca\x04\xb7! I\x00G\x92-\xd8b\xebb\
a\xe1m\x81\x81\xc0\x0e\x1ec\xec#\x81\x931{{\
\xe7\xa1\xfd\xfb)\xc6b(\xd6\xb3P\xddd\x0f\x08\xfc\
\xec\xcb\x06\xc4V\xc6@b(W`0\xc9\x10Q[\
\x1b\xe7bD\x9c1pf`*\xbf\xa0y\x16\x82Q\
\xad\xb9$C\xf7\xfb\xfb;\xf8\x00\x0ckl\xd1\x07\xfd\
l\xe1\xfa\xfabB\xec!:)2\x01\x0bl\xca0\
i\xd01\x95\x8dbcx\xc6\x8cgx\x81\xa1\xda\xe6\
j\xb0\x8a\xc2\xd0Uw\xda\xc8,\x8d\xb0\xaa\xfe\xc53\
/\xb6\xce\x0cZ\x00>\xc3\xe1VY\xfb\xfa~\xaf_\
PW\x15(,`\x18^y\xde\xc1\x15\xfd,\x98\x22\
\xef\xb0\x83\xd9.\xc04>\xca\xd02\xdbg\xf8\xb2s\
\x9aX0!\xbd=\xb3K\xa3\xaf cs\xe6&L\
x\x03\xe6\x1d\xd6\xb2\x01Q\x85\x86\xd0\x8c\xb7Y\x92\xea\
x\xe9\xfch\x0cP\xa7\x12d\x10\xd9\xd8\x89\xe3\xfa\x88\
\xbb\xe7o\xe3\xfe\xd9\xcb\x1b\xe7\xd2O\xe8v,\x1f\xf6\
<\xf0\xf2\xb7\xdf~\x1b\x89\xe8\xfa\xff\x09\x9d\xbc\xe4\xf1\
\xed\xc40\xb6C\x9b\x8c\xf2\xf6\x00\x8d\x1bKE\x08>\
\x1cd.\xd5\xe9y\xf5\xb0\xf7\x81C\xce8.\xaf\x14\
\x16bS\x9c\xba\xaf&W\x22\x99K,\x1cY\x1a\xdc\
\x93\xe9\xbf\xb8\xd0\x1b\xbc9\x0d\x0a'\xd8\xc0\x08p\xcf\
y&\xf3\xcd\xa2\x99\x87Y\xa0(`)\xba\xc0#\xe3\
\xb7\xf6GZ\xba\xdd\x97 %\xef\x15\xd4w\x01\xe5y\
W\xdf\xf9o\x8bQm\x02d8L\xceK\xbd\x9a\x96\
\x9a\xfe\x0e\xe8\xa4\x92R\x1a\xa3\xd6Y\x13\xb8\xc0\xbc9\
\x9b\xda[\xfc\x02*\xf9\x1b2\x18\xac\x06C\xfe\xce\x00\
6L|\xf1\xe5\x86o\xfe\xed\xef\x22?\xfe\x18x|\
@^\x1f\x90\x0f\x8fH\x1d\xf4\xc3\x05v\xca\xc9\x98\x9c\
\xd7\x8d\x8dw\xf9\xe1\xa2\xec\x05\x88\xb4\x82\xa6@\x9f!\
\x01\xec\xe2\xd1\xbd\xd0\x14B\xa0\x1eO\xe4&`\x1f\xea\
s&3\xfc\xb7\xd9\xe0\xee\x9f\x81b\x06\x10\xd4\xa3\x15\
\x06\x901\xe0$P\x0b|\xedv\x1a\x94\xf9\xb1\x81\xb1\
\xfd%D\x12c\xf0\xf3\x11\x88\x91\x04}\xa4<\xfe\xee\
_&\x01\x8eU\x10y\xbf\xf7\x80[\xc6G\x89\xb6\xe6\
m\xe1\x17\x9d\xab2\x001\x02-7kj\xc3\xc5C\
\x19\x04k\xff\x8d\x88\x92c\xfb\x8d-\xd5\x02r\x15\x8e\
!\xf0\xc7\xf2mi\xf5\xae8'\xb9+\x19F\xaf\xae\
b\x0b,\xa4\x1dk\xe1u\x02\xfa\xb5\x9c\xac>\xaa\xef\
\x87w\x0d\x80\xec\xc5\x01\xc7\xfbm\xe68\xc0a)\x0d\
\xd0\x5c\xd90\x8b\xb3\xb2Y\x14\xb043\xb6?\x94\xf1\
?\x90\xb9!s\x947\xcf\xc3\x80\x04\xfc1p\x08\xa8\
\xa7\x01\x1e\x9d\x0b\xd0\x06\xc7\xc0\x8c\x8d\xcf\x8cn\x13\x05\
p\x03r+a\x9b\x09\xbc\x17/\xf1;\xf1\x12\x07\x12\
\xbb\xf6\x9b\x0e]O\xf3\xa8Y\x8d\x90\x10\x97\xf3U\xd8\
\x11\xe06KO~\xdc\xfe\x8b\x01\x0c3E\x9e\xcb\xdb\
\xb1(\xc3\xc2\x7f\x8f\xe5Hk\x1b\x0f\xa9\xc5#\xe5d\
}\xb6\xea[\xe0\x96]\xe2W\xd9\x0cv\x0b\xc8\xa2\x7f\
\x1b\x84Q\xcfD-H\xe7+\x182Q\x8fh\x06x\
\xad\xffP\x8a\xb3\xc6Fz\xb3\x16\xb4\xf5\x92\x10\xc1\xac\
\x8be8\x9b\xee_\xe2\xa3-\x93si\xec\x0d\xe6\xa1\
\xe4\xbd\x847\xbb\xdf\x95c6\x1d\x9a\xb6\xd2\xeef\x01\
\xab\xd1\x82e\x9d\x10\x18k\xbc\xe1$\xc0\x89s^\x11\
[`\xbb\x5cnnZ\x0d\x01\xcd\xdc\xaf\xffyv\xcf\
B\x029}(\xc1\x0a\x90\x1cP/\xe9UQ\x98\x8a\
^\xe3F\xdc\xf7\xec\x82\x05+]\xf1\xb9f\x80\x9eW\
)E\xa2\xe1\x17\x85\x12\x0d\xf6\x99]\xbf\xdeX\xd0\xcc\
\x90\xda\x91\xb7\xa2\x927\xef\xba\x19W\xfe\xee\x81\x0f`\
\xcdH\xb0\xc7Z\x1e\xf2J\x9d\xaa\xef\xc5m\x94 \xb4\
\xa2\x1e\x11}Fw\xf4\xe7\xcc\x02\x8f\xc5\xa2\xec\xc5\xe4\
]\x15U\x89j\xb1\x02\xe1\x90I\xb8\x7f\xfd\x1c\x1f\xf8\
36o%\xca\x1a\x980\x88V?\xec\xc9\xb6\xb1\x91\
\x02\xf6&\x14H\x98\x8eH\xe7\xc8\xd1\xf3\x1f\xc9\x8a\x7f\
\x1b\xab\xfe\xfd\xd6\xef|\x1do}\xf4>\xce_~\x8a\
\xb8\xaa\xec\xef<J%#\xd0U\xf16\x10\xd01\xc1\
\xb4\xf6D\xe6\x81\xc4\xc9\x8c\x7f\x19\x8d\x99\x04\xec\xb8(\
\xcb\x1f \xa30\xc5\x04\xa4\xfe\xab\x93\xfe\xc2\xb9\x01[\
(\xc9\xd0G\x04k^\x9d \x18Y{\xfa\xa3J\xb0\
e\x81\xa7\xf1\x09\xd1\x09b\xe5\x11i\xde\xb2\xde\x0b\x9e\
Y\x10\xd0\xce\x00\xd4g^i\xa1\xbe\xcfS\xe0\xbcG\
\x9f74\x80\xb1%b\xf0(\xe5m\xf4{C:;\
<\xaf\x8b\xf4\xba\xd9\x11\x5c#\x1c\xd6\xf6\xba\x99\xa0\x19\
\xd8\x04\x83S\xcas\x22\xab\xc8\x8dW\xa1\xd7\xe2\x00t\
\xccu\x17:\x5c\xd3\xd9\xec#\xfb\xde\xde>\xca\xf56\
\x22p\x89\xad\x98\x80\x91\x1b\x8b\xdb\xb4\xaf\xaf\xcf\x07*\
\x11\x10\xbdg\xbf6\x80\xa65\xcb(\x03\xa3b\xe9H\
Dn\x18\xd8\xb0ak\xe5]\x1c\xc4\x86\xb1x\x9aM\
\x7f\xfb\x93\xf6\xa8]-t.=\xed]\x03l\xd7\xb1\
\xb6/\xbdK` c\xa7A\x11CF\x01\x0a\xe4;\
'`\xa8\x06\x82?[\xb5i\xc0\xecC(\x89\xedo\
\x8c\xb7q\xaf\xe7l\xba\xa6F\xcf\xc6{\xae\xc6W\x03\
v\xf1\xa5R[i\xef_\xfa\x84\xc9\x87\x0e\x8dZ\x1f\
\xf4\xb6Kdt\xdb\xa4\x7f\x80X\xc67\xea\xfaN\x92\
\xeb\xbe\xd0\xa8\x18K\xdf\x1a\xc0\x9d8w\x83e\x8d_\
\xb8\x8dk?1\x14o$'\xd4\xb7\xb8yO\xf5\x01\
K\x22\xe9:\xe7\xd1\x9f\xddn\xeb\xe3\x97m\x90\xdc\xe2\
W\xdb\x09\xe2(\xfdu\xf6\xf7\xb4y\xa5S\xe1\xd5d\
c\xa6s\x97\xd0\x9f\xa2F\xc3\x86?\xb2\x19\x90\xbcA\
\x8f6\x02V\x5c\xad \x85\x1a4\xa7\x0e\x06\xa23I\
G\xfb\xc6\xa4\xb8\xf9\xf9\x5c\x03\xc04\xef\xb3\x17/0\
\xe5\xfd\xcf9\x8b\xfa\xb7eT\xc3\xeev\x15\xed\x82\x0a\
\x0f`\x1d\x08i\xb1\xb2\xbe4\xf3\x09Q\x83\xd3J\xc5\
\x1d\x9f\xcb\x01A\xb7\x9d\xf0\xfd\xf6\xd0\xf8\x8cz$\x9c\
\x90w+l\x0b\xe8\xa6\x97I[\xd0\xf5\x96\x01Y\x98\
X\x8c\x07\x94\xc5\xd6q;?\x97\x0f #\xa0\xadc\
b\x08\xc2\x0b\xb2~\x97\x90\xc62\xfd\x96\x0c?c\x01\
\x1dz\xdd\xc0\xf2\xa6\xe5\x9d\xeb'z\x9a\xab\xcfYY\
\x0b{\x0c\x88\x04{\x19\x06e1\x81\x80'\xe3bD\
\xa8\xb8O5K\x00)\x8a\x96H\x03f\xff\x0b`\x06\
\x13\x00\xdf\x09\xe0\xbb\x7f\xe7\xfb\xc8\xf3\x91t\xfcy`\
\xa4\x0a\xa4\x0e\xc5\xd0\xedM\xef@\xc4\xc1d:\x10D\
c\xa4\xb6\xf2\xa1A_\xed\xc3\x002E\xf7\xdb\xdb\xaf\
\xb5\x92\xb5\xf8\xaa\xe3\xda^\xc7}[2d.P-\
\x83\xa0\x03\xb6\x07\xb7\x01F\x12\xa8C\xf7JF\xb5}\
\x9d@\xeb\xef\xa1|\x84-\x96\xb9\xc8\x96km\x0b\x8c\
e\xec\x90\xb3O\x18\xcc\xa4\x11\x90\x04\xfb1\xf8\xce\xd9\
\xba\xab\x12^\x87\xb6\xf8\xccda%\xcf\xdbV\xf3\xa7\
\xc7K\xe6\x036T\xc8x\xec\x8b\xbc\x04\xf8NG<\
.U\xe4\xc9\xaf\xed\xd0B\xf5K\xeb\x8f:\xb1\x93\xf0\
\x12\xdcz\xb8c+\x87(\x02\x84\xe2pl\xffVY\
\x97\xa4Jx+\x06\xac]$\xae\x02\xb9n\x7f\xb3\xb1\
5\xe4\xe9\x0c\x0c\x5c\xe0\x5c\xf6\xad\x00p\xc3\xc0\xae\xc2\
Be\xa0\xd5\x0a\xdf0\xb8!R\x9fv\x1f:\x10)\
Jfh\xbbl\x921H\xd3O\xda:h~\xc4\xf9\
\x00]\x9f\xd1\xc6\x81\xf3\x0b\x96$A\xb4\xe1\x00\x19*\
\xf5\xcc\x0c\xd4\xf9\x092\x8efN|'\xdf\xc27\xe2\
\x0e\xd7H\xee\xb0(\x03+\xea\x1e/\xe8\xc0hA[\
\xbe\xb3\x1bEf2\xca Y\x99\x98\x15hCcS\
-\x11%np\xf4\xb5\x95'\x95\x82\xb1\x02G\x1bG\
\xd2u\xd9\xef\xe9\xdf\x0d\x84z\x7f9C\xa3\x9f]m\
\x92z\xca\xdb\x22CND\xef\xb2\xc7\xfe\xbb$\x8c\xf3\
\x1c\x8bazcTH6J\xd05oh\xb9Y\x04\
\xf5\xf6\xc7*\x02\x06\x1a\xb4\xad\x10\xdd\x0e\xff\xeb\xe6\x18\
O\x1a\x1f{]\xa1\xf2\xb0\x02Y\x8e\xb2\xf3|\xc2F\
\xb0\xdb\xe3\x05\xef\x11]B\x16v\xd8\xcf\xf3\x00b\xc3\
\xfd\xb3W\xeeb5e\xedUC\xcb\xe7\xf4u\xdb\x07\
\xf7\xfe/\xf1z[3V\x90\xb5\xf2\x91\xb8\xa9\x7fm\
\x84\xf2@\xad\x03\x9a\x09\xa7!ezh\x1a\x8c\xd6\x09\
[\x8b\x94T\x07L7E+\x96\x94\xe7c\xab\x89q\
\xf16f\xa2g\xa9\xdb(\xa0\xf6\xac\x94\x11\xba\x96\xed\
T\xe1\x1b\x83\x8dcNnT%>I\xb1\xf6bj\
\x8a\x0a\x9a\xbc\xda\xab:\xd0\x82\xb9\x80\xc4Z\xb6\xd2C\
\x90\x81J\x22\xea\xf2\xf1\x1d\x032\xb0\x8f\x88*[_\
\xf10\xc7\xf2\xac\x0a\x86\xcc\x9d:uIg\x0b\xa8\xf4\
\xed\xa8\xe7\x99\xedq\xa8$\xbb,\xa9\xa48`\xcf\x90\
\xbe\xce>\x80x\xbc\xe2\x1b\xdfx\x17\x1f\xfc\xf6G\x98\
\xbf\xfc%\x22\x0f`^\x09\xday\xd2\xc3\xbf\x04*\xbd\
9\x0f\xbe\xbb\x0aK\xc9\xf4\x9bgy\xf6N\xf0\xc3\x16\
\xb5\xf5\x0fJ\x1ad\xbd\x80\xda\x1cFy\x9a'\xa5z\
\x0fz\xfe\x87\xf6\xf3\xdb\xb8\xda\x00\xd7|(VDc\
I\xf1\x90q\x92Y\xae\xaf\xd9\x90\x04\x0d\x02\xec\x83I\
\x85\xd0\xb5\x02\xe6r\x82\x86\xc6\xdcE\x11\x02\xac=\xe0\
\xe7\x83c<\x06\x15\xe3v\xe1\xdf\xdb@\xb5\xcb+\xdf\
\xcf\x9e\x08\x9c3Kf \x99\xf3\x12`$;\x143\
\x8ez\xcd\xba6\xba\x9a\x9c\xcc\xd0\x99\xa8\xc8w82\
]#\x02\x80%i\x19UQ\xdc:\x1d\xa3\x14\x0d+\
#`\xe4P\xfe~'\xe1\x95\x97/\xcbg&\x93\xfb\
Fl\x82oe\xdd\xa73\xfc\xdd\x82`B\xa0\xa0h\
`gh!\xfb\xfb]|\x06\x93\x17\xabw\xd8qA\
\xca;Oy\xd36\xbac\x89\xe1\xf3\xf0\xa4N\x12\x9c\
\xfe\xbb\xb6\x97\x8d\xcf\x01o{\xf5\xaae\x80\xb5n\xc0\
\xe8\x18\xbf@\xea\xac\xeb\x9c\x18\xe8\xad\x83\x04\xe2\x02\x0f\
t\x08\x00\xc9-\x87\xcf\xe2\x82\xdf\x8d\xb70\x15\xae\x8b\
E\xb8b\xd5\x8b\xd9\x80\xd8\xda=d\xc0t\xff=\x9f\
6\xaa\xb2\x9e\xc5\x99\xa8\xf3\x14\xa2\xf5\x07\x9f\xd9\xbf\xaf\
\xb9\x06\x8d\xb5\x8b2t\x1b v\xa6\x80j\x05\xdbQ\
\xd7%\xa8o\x8c,q\xa3\xbf\x8cq\xe1\xee\x94\xb7^\
\xff\x16\xd0j8\xd4\xe7\x05\xc6zqt;\xfd\xdcu\
\xa7D\xc7\xe2}i\xeb\xe0nK\xf7\xb3\xfa\xb7\x82q\
\xae&\xefS@\xbd\xc5\xcar\xaap\xfb\x8c[\xcc[\
\xfa\xb7\xd0\x0d\xb7\x88\x88\xe5m\xcd8;T\x7f\xff\xec\
%>\xf3\xb34\xads\x00\xb2\x87v\xfd9\x95\xa5=\
+\x06\xa2kl\x04 \xc0\xf8\xf3\x9a\xc7\xb8v\xa8A\
\xdd\xe5P\x95J\xa8\x89b\xdc\x22\x9e\x08J+\xb6\x9e\
\x84\xb8\x19\x04yh\x8bU\xe4Z\xe3\x90aQ\xde\x03\
\x04\xa4h\x81\xb0\xb0{\xc6]c\xbc\xee\x0b\xbf;\xf5\
\xf7\xe8\x98\x0b\x1b\x033\x06\xe1\xf7FO\x9e\xcc\xba\xa2\
o\xd3Tq\x0cT|\x18\xc0M\xbc\xde\x14\x94{\xe8\
\xbf\xe5m{\x8b!\xbda\xb31h\xc3 {\xbd:\
y\xd3c5\xe4\xf5W1\x1c-\xa8\x8c\x06\x12\xf7{\
e\x22hd,\xd5\xc8\xf4\xbemd\xfd>@\x06\xeb\
\xee\x9a\xf8\xf6\x1f|\x07q?\x80\xd7\x0f\x0d\xe4*\xfa\
\xc3p\xe5\xa9m\xda\xa98\xbb\xdf\xa9\xb9=Y\xde\xd7\
m\xcc$E\x1f\x9b\xb6\x07\x9a\xea\x0f\xd6\x06\xa8\xf3'\
\xaanAP\xc7p?\x1d\x8d\xd2M\x83\xb3\x87N\xf3\
\x1b\x92|\x82\xb4\x97\x8d\x0bjD\xd0P\xa0\xbe#\x88\
3{\x7f0\x5c\x0b\x1fO\x1d]c`\x0b\xb6\xc1\x12\
\xaa\xb1.\xa5\xec\xfc\x01\xb1\x1ce\xc4\xcaU\x18\x91\xda\
b)\xc54\xa2=\x09\xb1\x04dr\x94\xc8\x9a\x0c\xbb\
X\xf6K.\xa0\x9cG\x19l\xae\xd5P\xae\x06dL\
Zvd\xf8\xd9\x10\xdf\xc0s\xe9]\x88\xc6\x09TC\
@~\xb3\x8b@\xdd\x9ba\xe6\x80\xed\xd9GE\xa9\xb9\
F$H\xe10\x89W\xf6\x10m\x1dZ\xf7\x95? \
\x01\xc6\xc0\x966\x1e\xb4'\x1eC'\xf5qM2\x1b\
\x9f\xd7\xbb \x0f@0>\xc3\xcfa\xb6\xe5\x0a\xfa\x9d\
\x1f\xd0\x09{\x16\xa4\x81\x9d\xa0\xa8\x18}\xea\xfd)\xa3\
c&\xab\xffQg8\x01\xd0\x131\xba\xc0\x91\xb6\xff\
\xcdt\xad\x03&\x03B\xbf\xa7\xab\xf1\x95\x83\xa5\xbe$\
\x9f\xfd;\xf1\x0a/\x13H\xb4q\xe53?\x9a\xbb\xd1\
l\xe8YH\x19U^\xc7\xed)X\xeb.:Jm\
\xa9\xdf6\xe9\x9d\x05l\x03j\xa3\xca\x0a\x97s\xc3\xf9\
\xea\xda\x01(\x06\x18X\xf1Ls5\x16`\x5c\x81\xbc\
\xb2l;tQ\x00\x8cngJ\x0e\x16\xf4\xe8>,\
\xa0\xe1 \x0e?_\xaey\xf2\xf7\x0d\xb0\xa7\xd6~\xb5\
#k-=\xe1\x04`\xa1\xef\x90It\xf9\xf0\x0ao\
\x0b+\xf5/\x96>\xf5\xd3\xb2p\xb2\x8cu5\xaaK\
.\x1b\x7f\x8c!nH\x81S\x1b8KOS\xfd!\
\xeb\x19x\xfa\xb3\xde\xf2\xf9!\x00P\x00\xee\xee\x9e\xe1\
<O\x82e\xf6`\x95a\x96\xb8\x19l\x0f\xd9M\x93\
J@\x96\x98\x97\x81\xaa.i\x0b\xc6\x14\xfb\xd4D\xa7\
\x94\x1d\x90MG\xdf\xbe\xa15\x9cOh3\x08\xe8\xc7\
Q\x92&\x0cd\xff\x1a\xf0j\xf0\xacd\xd0\xe0\xab6\
T\xc2\xc82\x09\xa9\x87\x96Yt\xe3\xf9GM|\xab\
\xc6~O/.\xc7\xb8D\xc1\x07\xe0\x9a\xd2u\x16Z\
)\xcd\xac\xbf\xd7\xd1\xae\xb5:\xcc\x04d=\xcf\x86\x03\
\xe3\xa5\x9e\xf0\x1a\x08>5 \xfa;acC9B\
(\x0f{\x00Cq\xe9\x18}\xe2\x22w\x0f\x009\x13\
\xef\xbc\x1c\xf8\xe8\x0f\xbe\x85\xf9\xcbO\x18\x9f\x7f|\xa8\
\xac|\xb3\x1e\x80\x8c\x10\x07\xae\xd7\x13\xfb\xec\xed\x03*\
\xc2\x13\xc0\x10\xf0\x9f}\xcc\x0dBt\xba\x8b\x00\xc9\xa0\
\x80\xea\x0a\xd8h\xcb9\xe9y\x9b\xc5q]\x00\x81\x7f\
9{\x1a\x0f\x83\x19\xf9q\x01{\xed&\xa0!@\xa3\
\x0128\x96\x15K\xeb\xb2\x8d\x0d\x04\x0d+;M\xb9\
\xea\xba\x85\xc1\xd9\xa2\xb6\x14\xad\xc5\xa9\x22J\x9c\xab\xd6\
\xc0\x8c(\xaaP\xe9\xb6\xd8#j^CM\xf2J\xdb\
\xb4`\x06x\xf2]\xaa\x99Evj!G\xf2H`\
h|\x1d5\x0c\xaf\xa5\x10\xcd8\xb3*\x0e\x12(F\
\xcd\xe96\x86jY\x04\xeb\x85H\xd6\x99\xcdAC}\
\xf3\x93U\xeb\xc3k\xa8\x8b\xd3\xa0\xd7M\xb6\x91N\xe3\
\xa4\x0f\xebIl\xea\x87\x0a\x09)N\x13\x8a\xa3\xbb\xf8\
O\xaeS\xa3\xe7R\xb9\xd2\xcc\xa1~\xf1\xd9\x04\x8c\xdf\
\x9f\xd9\x09|^\xb9\x95\x00\x88%\xd107\xa4\xca\x0f\
\x9b\xd2\xaf*\x810\xe5\x0e%\x06Vu\x0b\xe5\x09\x98\
r\xde\x9e\x18\x1f\x01{\xee'\x12_\x8b\x97\xf8F\xdc\
\xe3\x8a\xc4&\x13\xa0\xbc\xfa\xa9\xf2J\xd1\x9fY\xf2*\
\xa4X\xed\x18+z\xb4g\xbd\xf41\xad\xbf\xa2\x99\x8d\
\x90AQZ\xbehz\x88\xd9\xf0s\x9e\xc4\x0b\x8b\x95\
y\x02\xe2\xd0VU\xf7\x15\x01\x1f U\x1e\x1a\x96\xf4\
\xb9\x88\xe5\xdd\xc0\xba+a\xfdgG\xcer\xe9\x93\xfc\
j\x1db\x05J\xad\xe1\x92v\xea\x86\x5c\xd6\x8d\x9f\xb1\
pe\x92'c\xc0\x92\x10\x08\xe3C\x0f\xf1j:8\
w\xae\xb1\xd3\xbf\xc4\xfa\x9f\xd2A@\x8f\x98u\x93\xf1\
\xc76\xc2\xba%\xf2)\xbe\x0b)1\xc1\x13{\xb7\xfd\
\x19\x9e<\xb5\xfe\x0a\xa0B\x84\xf5p\xf5\x08\xfb\xbe\xe3\
\xf9\xf3\x17x\xf3\xe6\x01\x99g\x81\x92\xe7\xef&\xf8^\
\xdd]\xc1\xd6P\xeb\x81\x15\x80e\x03~.\x96@\xe7\
\x0f\xe4\xf2|M\xc6\x93N\xf6uQ\xe6\x8c\xc1\x96[\
\x86\x8aD\xa20f\x03(sVx\xdf:Q\xe5%\
\xc52Q\xb6\x0a\xed\x16.\xe3\x03\xb4\xf1\xe0\xfbCm\
/\x1a\xb5&\xad\xb7\x8d\xd4[\xb3\x9fo\x03\xc1y\x07\
\xd5\xfdl&bF\x8a M)\xcd\xc1\xd1\xd6\xc5\xde\
\xea\xc7\xfb\xbc\x95\x90\xf3\xb3\x96\xad\x85?V\x9f\xec\xe4\
\xd6\xc2\x90\x80G\xf2\x1a\xf9\x15b\x10L\xfdk\x17\x80\
\xa5z\x04\xce\x87\x13\xdf\xfa\xeb_\xc6\x8b\xaf~\x01\xc7\
\x9f\xfe\x08\xe3d\xbd\x7f\xcc\x03\xa1=\xfc8i\x08\x8c\
\x04\xf2\xa4\x8a\xc5q\xe5\xe7\xa2\xe9\xb1\x01y\xa6\xac\x8f\
I\x03\xc4c5T8\x88i\xd7\x92\x0f\xa2_\xea\xef\
\x18`\xb1\xa3\x08\xda.\x98\xc8\xd3\x86\x83ed\x227\
y\xadS\xe1\x85\x04 \xc3&\xa7\xe6\xdc\x0aI\xe3g\
\x1d7\xa06\x0c\xb6\x83\xd2\xd0\xe1\x12\xbaY\x1ax)\
\xa2\xd8G\xa1Q\xce,\x85\x16`\xd5\xc5\xcc\x84NF\
f\x7f\xce\xecbA3D\x1c\xf1\xf8[\x0b\xc5\x99z\
\xefX\x86c\x00\x91\xa3\xce\xcc\x08\xb0\x8d\xf71t\xd8\
M\xd6w&\xce\x81\x90\xe7LCaU\x9c[\xf0\xd9\
\x87\xd6\xb0\x0b\x11!F\xadu,\xf9>\x00\xe3\xf1^\
\xa3\x17\x96Qd\xd6w\xf2}\x9bk&g`G{\
\xa6[\xd8Ha\xa8 Su\x0b\x96\xe9pU\xc1\x11\
\x1bc\xf0\x95i>J\xb6\xbd\xde7\x1b\x037 \x94\
\xb5f\xca\x83K\xae\xbdC\xe39\x97\xfa\xfbN8\x9c\
Z\xa9GMm\x94V\xdb\xe0|\x00\xa8\x85\xc0\x99\xcc\
)\x080\xe9r\x93\x11s\xa6\xfe\x0e\xc0\xbb%jE\
\xcf\xa2\x9d\x90\x18\xd8\xe3\x0e\x7f=\xde\xc2?\xcd_\xa8\
\xd7\x13[(\x5c\x112\xa2\x0cti\xfd\x11\xd2\x0c\x8b\
:+\x84\x1c\xad\xb0\xfa\xcb\x92\xc5\xd6%\xde\x91\x84\x06\
>\x88\x05\xb1\x90\xd5C\xb2\x0c\xa9\x0c\x95\xeb^\xde\x93\
\xcb{\xe0y+Yi\x85{\x03\x84X<|c@\
\xe9NM\xb0>#{\xe6Z\x12Q\xba\x13\x92g\xaf\
\xa1\xe8\x87\x95\xb1\xe0\x5c\x94\x5c\x1e\xbb\xa6\xdd\xb5\xdb\xd6\
8\xd2\xd0iP\xb6^\xf1=b\xf7\x8c\x95\x08\xe6x\
\x84\xbe\xabq\xbe1O\xb0\xb2\x1fM\xcb\xdf\x1a%\x90\
\xecy^\xfa}\xc2\xdb\x84\x1cf&<\xcf<q\xff\
\xfc-\xfcU?\xfb_\xf5\xe5\xa1\x03\x80\xe6I\xeb\x7f\
Z\xc9j\xc1{\xff<)\xab\xac\x81\x05Pt\x91g\
\x91B\x02\x95[\xed\xe9\xf2\x98V\xe1\x17\xf8\xc2\x95\xe2\
\xef\xbfklb\x91cM\xe4\x94@\xf09\xb1\xc8J\
()j\xf8\x0eR\xbfi\x8ad}\xb6@\xa0\xd4\xba\
i/\xdc\xb0\x00\xa9\x19\xa4w\xd6\x0c\x06\xa4dm8\
\x94\xf0-Vc\x19\x15\xf5\x13\xea\x84\xb7X\xda\xb8\xc8\
\xbe.\x13>\xfc\xc5\xcf\xf3[\x19\xcb\x8f\x02\xb4\x18Q\
\xd8\xe3\xb0F\x04P\x5c/\xcc\x80\xa0\xe7L\x06C\x19\
\x0a\xc3\x1f5\x85\x15\xa0pnC$j\xc8\xe1\xdd\x80\
g'\xf0\xed\xbf\xf9\x1b|\xf6\xe3#\xf2\xbc\x22\xce\x03\
\x98\xf6\x9b\x14\xc2\xd8\xd4F\x01q\xa4v\x00\xc8\xa3\xe7\
\xd8\xa8\x02 @&\xe0\x9c\xa8\x03\x7f0\x90\xe7U\xb2\
4\x11\xb3e\x08\x9b\x9f\x09\x16\x1c\xf2\xc26\xdf-\x90\
\x87\xfe3g*\x07A\xfd\xb5\xd6\x1cY9\x005c\
i\x89\x95\xc7>\x84\xc0\x0ea(\x8b\x1c`\xb2`\x85\
\x9al$\x87\xe5\x1f\x05\x88'\x92EO\x028&3\
\xffO\xc9\xd5\xd8\x80\x98\xa1\xe8\x09\xf3\x05\xe6\x99\xd8\xb7\
\xc0y@\xc5\x93B@\xd7jkX\x89\xc9\xf8\xdc\xcb\
Sc\x1b6\x98NG\xd9\xcft\xbel0\xf4\xff1\
NM0\xdc\x82{\xe9gY(\xc0Z\x5c\xc7^\xb6\
\xc3\x80\x84\xbb\x9d\x89\x8d\xbd\xc8\xe1\xfd\xd6nS\x03t\
j\x8f\xbc\xce!\x08ns\xcd\xe9\xe5\xca\x84\xbf\x99\xb9\
T\xe1\x93!,\x83\x04Z\xa3\xa3\x9eIsa\xed\x9b\
\xcc\x07\xbe\x0f\x93`\x5c\x9e5\x1fu\x82\xa0\xde+\x8c\
w\xce\xf2p-p\x0aOD`\xa45\xc6(c\x81\
\xbbJ\x87\x14y\x00\xb1)\x09\x93\x00:k\xbc\x12\xae\
1`\xc56@f\xe3\xdf\xdb\xde\xc3\x7f>?\xc1k\
\xb0\x9d\x87\xa0b\xc7Fc\xa4$4\xb1\x89\xa5\xb8\xd1\
\xad\xc8\x9a\xe7\x80\x18\x81\x95\x03^\x9c\x8e\xda\xd5!c\
e\xf1\xc5\xf9\x8e\xd0\x96\xe7\x18\xd2+\xcd^z\x8cV\
\xa0v+:\x1c\xd0k\x84\xcb\x22\xa4\xae\x1d\x12\xa3N\
\xb6R\xef\xf7\xfb\x1e\x03\xaf\x13`Ce\xae\x8d\x1b\x1e\
>\xb1w\x06\x9d\xb4\xeeh\x9d\x9e\xa5?\x1bbk*\
\x96\x9f\x84T\xb0\x15o\xba\xed\xa8?\xea\x09\xd9m\xd4\
\xc8\xf3}q\xfb\xc4@\x8f\x9b\x1d\xe220n\x1c\xd3\
e\xe0\xdc\xc4bE\xfa\x1d\x0c\xab\xd38t\x8f\xca\x18\
X\xa9\xf0'\xfd\x02\x80\xbd\xe8\xbd~U)\x13\x96\xff\
e\xf6\xbf\x0f\x01\x9a\xb9.Y7.\x0b\xa0\x90\xcb\xe7\
\x9ehu\xac\x81T_xR\xea\xa2\xbe\xc7\xad\x89\x08\
\xc5\x189\xe93X\x8c\xa4\x94\xfb*Tn\x93\x14-\
c|\xb3\x06!1\xb1\x86\x1bH\xf7\xdb\x92\x0b\x02\xa9\
\x8c\x19?\xb7,R\xc7r$\x087\xe76\xab\xbd\x0d\
\xce\xeed\x8f\x8f\x8d\xa7-z\x84cu\xdd\xdc\xafE\
8\xadkl]\x86\xf2&\x86\x8d\x92\x00\xac!C\x8b\
gS\x9cu\x06\x94\xdaCd\x0b#\xd0\xe8g\xcf9\
y\x82\x9f\xde\xbf\xce\x9c\x196\xd4\xe2\x14\x10-&\xea\
\x06U\x0e<'>|\xe7\x82\x0f\xbf\xff5\xe4/\x7f\
\x858i\x00\xe0<\x08\xe4[ \x8f\xaa\xb8\x01\xe0\xa4\
\xbe\xbb:\x93_\xe3\x91\x9a\xa3\x11\x88m \xafW\xa2\
\xb2\x01|&2Ox\xe83\x06\xe2\x90\xfc8\xfc\x03\
\x1a\x0c\x18b\x00\x022\x8a\x06=\xef\xa1\xe7Dh\x17\
\x02Pt\x9c\x0d\xdcu\xfa\x5c\x1c\xc8{\xd2j\x80,\
\xf6R\xb7\x81f\x00\x00`\xb6\x11\x97\x12\xca\xd8\x03q\
\xd0\xdb\x99'A>5\x85C\xebp\xdb:R1'\
\xaf\x99:\xd7\x9c\xa5\x7f!\xc4]\x8c<v\x17G2\
\xce\x1d\xa0\x9c\x1dfh\x16cz\x04\xcflpI`\
\xb3N{\x96\xde%\x88.r:\xd3\x80(#cY\
\xaf\xdc\x87\x0fy\xfd\xa2\xbde\x0a\xace\xbd\x81\xce,\
\xcfe=y8G\x8eR\x94\xf5\xb9\x0f\x8aI\xae\xfb\
\x1d\x1dr\x88\x09\x8c1\xb4|\x18\x1b\x9fb\x91n}\
q\xe53,\x14\xb9\x9f\xeb\xcfKg\xc8c\xe7q\xd3\
\xe4*\x9aM\xdc\x94/\x822\x82\xea\x992p6\xc5\
\xee\xa9K\x98\x9c7sp\x9e\x94$h\x1dw\x060\
\x98\x91\x8a\xa2\xdd\x8b\xd2\xe7\xfbN\x04>\x8c\x97\xf8f\
<\xc7?\xcb\xab\x82\x00\x0c\x1a\xb8\xfe\x81\x8b<\xe5\xe0\
\xf8\xce\xa4\xbe\xcb\x9cZO\xcc9r(\xc5\xe3\xeb\x1d\
Rm\xf2\x17z\x16\x1d\xdee\x91\xb5\x8e\x0a\xf0\x0cO\
2\x06\xb5~3G3\x91H\x91z\x81t\xbeWa\
\x83gB\xeb\x22llHq\x17\xa0\xae\xe0\xe9V\xb6\
cY\x1a+\x17\xcf\x7f\x91\x8f.j\xd6\xd7\x97~\x16\
pz\x8d\xdaQ\xec\xabV]h\xa3i\xb1\x10V \
\xee\xa1\xeb\xc1\x02\x96\x1a-\xdd\x86\xba]2\x03C\xd9\
\x8a\x17Kk\x0b\xd0{\xb4n\x0c\x99\xf0g\xe1\xd0L\
\x96Q\x85L\x8c\xed\xb3>\xfej\xe7\x8c\x15<{9\
\xf2\xbf\xac\xfe\xe7\x12\xc0\x1a\xee\x89*ciM\xb9\x02\
\xaf\xc1\xbe^\xb1\x82\x22\xd0\x80\xa2KL\x8dpBT\
'`\x91\x94):\xba\x86\xc4\x1e\xcd:\xa9\x1a\xcc\xb6\
+\x5c/}.\xe0\xb5L\xc22\xa0\xa6\xbc\x96n\xf3\
\xbd-]}\xaf'\xcbB\x13\xbd\x10,|\x15\xbbt\
\xdb\xac@bQA\x16@L\xd4)\x7f\xb0a!\xaf\
@\xee\xa8\xab\xa81\x0b\x9f\xdeX.\x0c\x81\xf3\x1d\x8a\
\xcd\x08\x17\x89q\xf7\x94\xc3\xec\xa4=\xe8z\xe7\x1b\x84\
<Q\xc8\xa8\x09\xd4VB\xde\xc7\x87E\xa0\xe2\xd9\xdc\
\x86\x16\xdc\xab\xbe\x0d\x8ck\xe2\xeb\xdf\xfb\x22.\x1f\xbc\
\x8d\xf9\xe9\xa7@\xea\x98\xdey\xc81\x9b\x9dc`\xb4\
\x1a\x89:V\x9a\x88U\x89wd\x93\x0e\xc4E\xca\xa5\
*\xf49\x01P\x93>\x12s\xe3\x7f\x1d\xabHL\xf2\
Z\xdar\x98k\x1f.^\x84\xd1\xc5\x82\xc2\x14f_\
Gq\x1aJ\xea\xd3\xf7\x01\xb2\x17\x08^7\x929\x0a\
\xda\xf7_\xe1R\x03\x9e\xfeN\x94NS\xf1!\x86R\
\xc6.6Gg+8\xef\xc2\xe3?FTA!o\
?\xcc\xa0\x81\xb0ob\x08,9%\xbeY\x8ad\xcd\
\x0b\xd8\x02\xf2\x96\xfdO\x065\x5c\xd0\xc7\x8a\x12\x8b\x80\
\xdb[\x16\x85\x99\x8cCG8l\xd4\x85\xbc\x5c\xb6\xd7\
\xa0\xe2\xdd\xff\x94y&\xf2\x99U\xc8\xbak\xdd\xc8\xc7\
\x0ep\x17\xc3\x861\x96V\xc6\x86Pb\x1e\xc1uS\
;\xec-\xf3i]a\x8f\x9e\xb4w\x14\xf0M\xbd\x85\
\x8f\xe0\x16\xed\x81\x22\x04\x92;\xa6L\xe6\xc8\x1d\xa7b\
\xf5\xa1\xa2A.\x0c\x14\xe9\xdd\x10\xcb\xb6?\x81\xf7\x1c\
\xde!`a`\x18\xa0\x8a\xfe\x84\xaf\xdd\x10\xc9\xba\x01\
\x89\xce\xf0g\x82\x9fg\x8d\xc2\xb3\xe7\x05\xdf\x8fwp\
\xa6u\xa4\xdb\xdb\xbb$h4l\x02\xe0\xa5\xb8O[\
\xca\xbcn\xf0\x1f\xc23?\x16#\xd0m\xb5\x0ea\x81\
\xa2\xb5\x7fYF\x8f\xf3,\x86\x0c\x02\xb5\xb74k\xcb\
\x14\xc7Za\x14\x8d9BLD\x8d\xbf\xee\xa9\x84\x8f\
\x852\xafg\xe9_l\x0b\xc0\xd9\xa8l\xb8,\x96\xa3\
\xd6D\x14\x1c\xad\xc6(\xd0\xb2c\x9d\x8d\x02k\xa0\xef\
\x8e2\xf0\xa8\x16\x9c\xef\x90\x8b\xcf\x14\x0b\xc6u\x98\xf7\
6O\x00%{\xde\x19R\x18\xe1\xbecQ\xdc\xcb\xf7\
=\xb0\xab\x81\x82\xee\xb7\x8d+S\xbdI\xddz\xce\xe3\
\xd72\x00\xfe\xf9\xb5!\x80\xcb\xbec\x1b\x1b\xcb\xffN\
\x17Qi\x8b\xc9\x13`\xf0\x8e\x05\xc8=]\x99\x90E\
j\x0f\xb5\x1b\x08__\xe0\x9euMh \xca\x8e\x08\
)K\xa7K:\xdc\x10\x1e\x97\xa6\x9a\x5c\x14\xc8\x06\x09\
\x22E\xc5\x85\xda-0\xd0\xa3\xda\xebh{\x0a\xb0\xc5\
\xd0\x13o\xdb\x0b\xc3\x02\x91RT\xbc\xc5B4\xa5h\
#\xdc\xee\xb2\x94jR\xa3&z\xf5\xf2\xdd\x90hA\
\x1c\x819g\xd3\xb5\xa6\x89\xe08\xa9\x9a\x1a\xf6@5\
\x925D\x1a\x17\xe70\xd8\x1a\xd7\x8fe\xc3\xfb\xfam\
P\xf0\xbf\xaaZ\x1e\x81\x22x\x17\xc3c\xc8\xa0\xc0\x08\
<\x07\xf0\x8d\xdf\xff\x06\x80\x03x|C\xef\x7f\xb26\
[\xe2,\x86$\xc8?#\xa6\x9f\x07\xa1\xd3)\x8a\xbd\
\xa2|\x8a\x83\xbbd\xb0\xda?\x028'\x81\x17z\xd6\
\xdd@\x1el{*\xc1?#\x80cb8\xee\xee)\
<\xb54/\x9a\xb4uuY\x1eG\xb0\xa0`}\xd6\
\x8b2g\x02\xfb\xe0Z\xf00\x8e\xf5Y\xb1\x04\xf0,\
F\x1c\xf3\xaa\x19\xb0I~\x166a\xdb\x18\xff\x9f\x07\
\xe03\xeb\x07&\xb6\x9d\x02:\x8f\x5c\xb6K\xf1\x9e}\
\x03\xae\xa96!\x96Yew\x9d\x88\xc7u\xe8S\x03\
\x17\x09\x0f\xd4q\xc2\xedUY1\x97JC\xcb(\xff\
\xde1j=\x22I\xd3C\x8a|K\x8d}z\xbd\x96\
\x16\xc6V\x8a\xcfr?\xa4?\x9c3\x13K\xeaD\x13\
\xe3\xe5\xa1\x03\xf0\x16\xbd\x92\x91\x08m%t\xaf{=\
&x0\x10lPW\xf1 S\xef[\xf5\x10\xf5\xbd\
\x0dw\xb6\x7fJ\x10#\x06\xce\x9c\x18\xb3w\x220\x8a\
\xe09\x11\xe8\xe6\xf0\xfe\x10\x99)\xed\xf1\xfb\xccN\x1f\
i\xcc\xf6\x99&W.@%\xce\xb9$1\x8d\x99\xdf\
\x88w\xf0\x0c?\xc6\x89\x0e\xb0$TR<\xc8J\x96\
#\x95\x9b\xe6\xd9VgtL\xbc\x14\xa6\xa81\x84<\
v\xc0\x9e}\xe7dQ\xa9\xddx\xe7\x9c\xac%\x84`\
]%FA;\x9c\x1c\x84\xe8\xc0R\x87!\xd3^\xf1\
\x0d/\xae\xab\xac\xe7\xb9\xf0\xe0\x9d-\xd6e\xa5\xd3\xd5\
\xf6\xd6\xf1r\xe2\xdc.\xfdw\xf6\xa3{\xed\xf4\xd7Z\
\xdf\xa0\x01\xb6\xa8\xdf\x1aa+R\x94\xf6\xef{\xd5\xbf\
\x1bv!\x80\xda\xadPXY6M\xb59\xa4[\xfc\
\x1f\xcf\xa7\x9f\xba\x9a>\xeb\x08\x05\x1ag\xf8\xae\xd6\xc7\
\xa8\xf6e9\xd2s\x9e\xd8\xf6\x0b\x1a\x7f>;\x16m\
\x00\xc4\xd2\xd0\x04\x86\x0e[\x99SQ\xa5\x8a\xff-\xfd\
\x87A\xba{\xe2FOu\xd4\x0341\xb9\x1f\xb8\x14\
S+\x83\xea~h2\x00 F\x0db\x0a\xc8{x\
\x02\x86%'\xe3\x0c\x85!\xa08TU\x0d\x5c\x0d\x07\
+\xe8D\xd13et\x84\x95e{\xbfE\x99\x8dV\
\x80Q\x83o\x8bK\xa1\x894 \xab\x8d\xb9lG)\
\xe3A\xb3\xe71\xa8\xe7f\x03z6\x80#s\xd9\x82\
g\x80\xe6\xef\xa3\xc6\xa7i\xb1b\x1b\xea\xd9\x02\xb1\xa9\
\xb1\xa6nF\xc2[\xbfd\x13o\x13X\x84\xa9\xee\x03\
\x901Q\x95\x05+4\x91\xeaK \xe7\xc4\x07\xef\xee\
\xf8\xf0{_A\xfe\xf2W\xc0q\xf0\xc8_0n\xcf\
E\x9f\xa2\xe1\xb3\xf6\xa7B\x95\x01\xbd# \xcf\xe4\xb6\
\x951H\xf3O \xces\xa9\xe2'\x96\xc5\x8e\x94\x8d\
\x02M+\x86f\xe8\x04\x0f\x02Z\x0cN:B\xc9\x1a\
\x04\x87\xe5\x04\x9d\xa4\xa7 v\xca\xaa\xb7\x01\xc2k\x1c\
6\xd0\xb8\xda\xf0\x0d\x819\x92\xe7\xab\x8fly\x8d\xa8\
]\x01!\xba\xde\xc9HE\xe7\xe9~L\x19\xa8#0\
\x87\xca\xf8\xda\xf0\x10`\x0e\xb9\xf0\x94\x09\x82\xdaq&\
\xeb\x07(\x1f\xe0\x14\xddjY\xea\xd5\xc2\xb8\xf0&\x19\
M\x94\x9f\xccPD&vy\xa2\x9c5\xb4Go\xe9\
]X2\xc6\xc2)\x07S@S\xd7\x18TJZ\x1d\
\xcb&\xf8C\x7f\xdb\xf3r\xdeP.\xf7\xad\xef+e\
W\x0a_k\x93e\x1c\xa9\x032@o\x18pu\xbd\
\xaa\xeeV o\xc620\xeaO\x96\x07\x00\x01\x00\x00\
IDAT\xc6\x8e\x99\x89S\xac\x9a\x05\x88\xa5|\xbd\
\x8e\xdc\x16z\xc8<\xdf\xe0\xb2\xa2\x83T\x9e\xc3\x80>\
\xedOz-\x0c\xf8\xce\xd4\x87\xc2\x0e]\xc3\xb1\xcf\x17\
\xa0\xbcL\x8d\xfa\xa8\xad\x87l\xff\xcc\x0d_\xc6[x\
?\xee\xf1\x03L\xd5P\x80\xe4t6\xa3\x01\xca\xe0L\
\xe56X\x0f\xc0\xe3\x98\xcb\xb5fD:\xd9\xaf\xe0G\
\x00\xdf\x1ej\x9f\x009\x95\xc7T\xfa\xbb\xbc\xa82\x11\
\xe0\x87\xb5Q\xe6\x05\xb6\xe8o}\x5cN_\xdd\x04\xea\
}d\x8fu\xad\x19\x83tA\xa8\x8c&\x94\x1e,\xa3\
`y\xdcX\xee\xb5\xc3Y\xe3\xee^:\x19\x0ad\xa1\
W\xa4\xb1A\x12k\x7f\xea\x91\xc2\x1a)\x8c\xa7\xa1h\
\xe3\x96\x9d\xb3\x1b\xe3a\xc1\xcc\xd2\xdfz?\xfc>\x87\
*\x0b\x9b$\xcb\x85\x80Yk\xa5\x11\xces\xc4\xb0\xf3\
>6\x8cm\xa82\xe0g\x7f\xca\x00(\xe3i\x11\x1c\
\xc6\xfe\xbb\xcd\xe5\xd1Z\x08b\x89Q\x94e\xa6\xb9\x9b\
\xabO\x9d\x15[o\x01\xc9E\x88\x1a\xf0\xd2\x83\x03{\
\xd8\xadJJLo,\xa7\x9e\xa8\x1aL\xb5e\x09\xd3\
\xc3\xe6\x963\xf4\xd7XR[Q\xe8\xb6\xd8\x12*\xd9\
\xe8YH\xdf\x14\x81\x88\xa91J\x1d\x12\x94\x12\x0ey\
7K\xb2_\xb4hT\x01\x1fz\xf8VF\xd9\x0ed\
,\xd7g2\xde\xed5\x00\x83~\x1b \xf5\x5c\xb3!\
\xd1\x02\xa1_\x18\x06pK\x02\xfd\x0f\x80O\x14\xb4\xc0\
2\xf401F\x90Q\xd7\x18\x8d\xe8\xb1\x1f[`\x5c\
O|\xf4\xcd\xf7\xf1\xec\x8b\xafp\xfc\xe5\x8f0\x5c\xc6\
\xf7T\xf1\x9fj\xa7\x8c\x00\xf5\x9d\xb6\x9a\x00@\x00\x0a\
\x98\xba\xa3a!\xabC\x19\xf7\x01\xf8\xb8\xde\x01\x1e\xe8\
3\xc1\xba\x01\xa3p\xd1\xcc\xa9\xe61\xda\xd3\x86\x0d\xa0\
T\x88#\xb9\xc0\x0c\xee\x99\x95\x10h\xe30k\xcf\x9c\
\x8d\x0d\xc9\xfd\x06\xd1\xe2\x1cW\xe2Qh\xaaV\xa5\xd2\
m\xa1xw\xf8\xcb\x86\x9b}1$\xbd\xfay\xa2\x19\
\x9c\x5cBX\xd3^\x94\xda\x18\xcc\x11\xb0\x0c\xec\xda\xc9\
\xe0l\xfe\xd5`\xb6\xddI\xd5o\xc5\x07\x00\xa3\xe7B\
\xcf\xbeHn\x99in\xea\xde\xe4\xef\xc0\x91Y\x1e;\
\x04\xa2\x07P\xf2\xe6;\xceZ>Mw\xba:\xa0\x9f\
\x13A?\xbci`4 \xa4\xda\xa7'r\xb4\x86\xde\
9\x96\xf1\xf4^~^\xdf\xd5\x11\x97:\x04X\x00)\
\x81\x81\x0dM\xb5.\xacB,\xa0\x5c\x8b\xd0y\x06^\
\xa3N\xea\xb3)\xe7\xbd9\x04}\x07\x1e\xa4\xc1\xca0\
\xf0\x16I\x80a\x0e3=6xR\xef*\xca=I\
\x9d\xcf\x19x+\xef\xf1M\xbc\xc4\xbf\xc6\xaf\xb8\xabB\
O\xdfb\xa7\x0ce66\x82c\xe2\xa4U'\xfdY\
\xdf\xd5r@\x9d\xca\x22U\xb7HEx+''1\
\xc4\xb2\x18\x5c\x22\x1d\xca\x8aN\x0c\xf7\xb8\xe5\xb2\xf6d\
0x(S\xef\x09\xcfG\xf2\x17\x83%\xebp\xb4\x1e\
XSSk\x12\xad\x86a#a\xf1\x95\x17\x03\x81K\
\xe0\x06\xca\x1b\xa3J\x95;G\x0c\x85\xeb+\xb2\x94\xdc\
\xdd\xe8]\x94\xa1\xcd\x08T\x1b#\xf6\xca\xcb(\xb0\x81\
\xb9\xb0\xc0\xd1\x8f/\x8c\xa8\x19\xd1Y'^\xab\xf6\x85\
o\x8d\x10\xc0F@w\xda\x88\xb6\x1a\x19\x1a\xeb\xb1\x15\
\xce}\xde\xcf\xcd6@\xffw\x02\xb8\xdc\xdd\xf1\xf7<\
\x99\x84\xe4\x0d\xaf\x05\xf4Y\x0b\xa1\x8d\xb54^\xc1\x09\
w^\xccf\x0a\xdaZYH\x8ft\xe7\xcb\x84\xf0\x18\
-\xefcj\xd1J\xab\xb4\x14\xd5\xb4\xf7\x98kR\xca\
Z20\xd6\xe3\xdb\xf2l1Z\x8b\xa2\xa0v,\xd0\
\x0b\xd0\xf8\x04\xea\xeaz\xcf\xa8\x01\x90`\xf5\x84\xb7x\
\xa6X\x02\x81\x9a\x15\xd5X\xc7\xdeFS\x83\xb1$\x0e\
\x11\x9d\x1d[\xe3\x1fK\xdf\x0b\x95\xa5\xcd\xe5\xa5\xae\xc2\
\xd8\x05\x7fR1a\x89`\x092\x8d\x11WGt~\
\x01\x8b\xc5D\xa9\xca\x08\xb0\xea\xe0\x06\xdc\xbd\x01\xbe\xf6\
\xbd/\x01w@\x1c:\xf0\xe7d\x01 \x02\xa1\x94\xc6\
0\xb0\xab}\xc3\xa0*\xf4\x06\xc1\x98\xd9\xffR\xa7f\
D\xc3x\xe0\x10\x08k\xd8\x8f-}k\xcd\x15\xb6l\
\xdd\x8ed\x81\x9ea[$\x95\xf8\x97\x8dXg+\xa8\
\x92%i\xa8Z6\x16\x88\x95\xf6\x9d\x8b,o\xa8l\
u\xb2\x22(\x06b\xb1/*\x01\xd1\xf2\x070\x96\x8f\
\xe4\xfa\x9aG\xcb\xc3\x94!\xe2u6\xc2,\x83\xe8v\
1\x0aN\x0a\x8ct\xe2\xe7\xc0i9\x83\xab\x07\xba\x8b\
\xec\xdf\x14\x1d!Q`;4\xb6\xb3\x00/\xab\xaf\x8c\
\x18\x93\x06\xdf\x1c\xef\x86\xe8\xff\xa41\xb5\xa7\xd7\x98\xbc\
f$\x22\x5c\xaa\x17\x84\xc5\x88Z\xb7\xbe\xb7\x81\x1fJ\
\xee\x0d1{\xeb\xf7%\xa97c\x87X\xe2\xe7\x062\
\xf5\xdb\xedFh\xd5\x8b\xa18\x05hT\xd8C\x1e0\
i\xfefh4\xd9\xb1\x957\x5cF\x0f6\xea6X\
v\x9b\x89t\x1c\xd7\xc6F\xea\x1d\x5c\x8b\xce\x93P\xed\
E12Q3\x15\x98\xacx\xa5\xb6\xb9F\xe3\x86\x88\
;|/\xbe\x80\xff2\x7f\x85\x88\x0d#'\xb7g\x82\
\xb2,\x02\xab\xe6\xacL*\xeb\xc7B\xb8\x82N\x09-\
\xd7\xd9\x14\xd2\xac%\xd8S\xeb\xdd\xab\xb1U\xbf\xf4\x9e\
\xe2\xf5\x11\xde\x1e\x98\xc5\xe8\x98\xeeJ\xff\xbe\x82\x15\xb3\
\xf3$\x7f\x06j\xb4\x81_!\x87\x06\xf1\x86\x1c?\xd3\
\xderV{\xca\xc5\xce\xd6\x8b\x05\xd4^\xda^\xd7\x0b\
n\xb9f\xc0\x82\x0e\x1a\xb3\xde\x05\xe1G/\xa8\xe4\xde\
\xa0\xe9Z\x83\xef\xd31H\xfd\xaa\xfb|\xbdC\xc0z\
P\x81~Zv\xfcBa\xaatVhLZ\xe1O\
\xf6!\x84\xa9\x1a\x8bL\x86\xdf/w/\xb0m\x17\x9c\
\xc7\x81\xcf\xfb\xf9\xb59\x00\x8eo;\xf3\x7f\xe9\xb1\x94\
\x99\x9a/\xe9\xb0p\xd8\xdb/\xc3D\x02\xd8\x94z,\
tM\xc0E~\x16\xc6\x07\xb5\xb77\xa3&\xc6t\x0a\
\xb4\xa8<9\x94\x1d{\x8cV2\xb3^_\xd4\x0az\
\xc0+\x0f\xa0\x14\x89\xdbj\xaa\xdcW\xa7\x14\x17P\x80\
X\x12\x81\xa6\x98K`Ou\xb9\xd5\x9e\xff\xc31\xe3\
\x98\x1a\xc4\xfc\xa8\x89\xbc10\xd6lr{\xe9\x80\xf5\
\x8d\x88DZ(\x04u\xa9\xa6:\x80)\xb4\xd0\xf4\x80\
\xa6\xa0RT\xb9\x8a\x05\x09\x04\x86\xb6\x0d\x12h\x1c\x02\
\x18\x02~\xf9\x09\xca\x09\x88pY\xe0\x04b\xe2\xd5\x1d\
\xf0\xa5\xef}\x08\x1c\x0f@\x1e\x00N\x84\xfe[\xde\xb6\
\x0e\xb7\xcfT\x99\xde\x99\xfc\xde\x8br\x13E\x9c:\x0d\
P \x99\xa6\xee\xb7lYJ\x90\x16\x9b\x89<f\x1d\
\xcd\x1c\x80\xf2\x06\xb0\xd4\xe8\x8f\x8a\x91\xd7J[\xcb&\
V\xe2\x06\xd6M\xe8Z\x00\xbd\xd0\x1b\xc1\xf9\xb9\x15V\
\xcel\x86\xc1\xe1\x04\x19Z6\xfd\xf4Q\xc9X\xd1\xe3\
\xb5\xab \xaa\xedc\xe7\xe7\x09\xdc\x9c\xff\xc0\xca\x7f\xd6\
oT\x04\x87\x0c\x17\x8b\xaeu\xa8e\xd7\x0a\x80\x06]\
\xd3\xe9\x80\x8d(I\xb7\x80\xc9\xa5\xa7l\xf0\xfa\xd9\xa4\
\xe2i\x89\x8dp\xd9Y+`\x82\xdd\x8eMJ\xac\x01\
}Ko\xb1\xb0\x22&@\x0e\x83\xab\xfa\xed\xff%\x98\
lp\x0e\x90\xb7\xd0UN\x82\xf6u\xf1\x1d\x06\xcd!\
\xa3\xd0\x03\x0cxU\x0f\xb8\xbc\xaf\xd6\xb0\xb8\xb5-\x5c\
&x}\x96c\xee=v\x11\x9b\xb2\xf65\x81J\xbe\
c\xffX\xce\x18 \x85\x1e<L\x02\x19\x13g\xaal\
\xb2\xf06\xd5\x87\x0e\xadl\x0a?\x8c\x0a\x19\xa6\xc7\xb2\
\xda\xa1q\xce\xa0 d\xe0\x1b\xf1\x0e\xde\xc2\x1d\x1e0\
\xc4\xc2il\xcd8a\xf1\xf2k,,_\x9ca\x1b\
B\xb0c\x16\x01B\xc0\xd4XXg\x88'*\x9d$\
\x9d\xea\xed\x9bI\xce\xa5\x8f\xedmfq\xe2\xacu\xd0\
\x12\xbaJ\xe9\xb26C\xc6\x86\xe6\xa3\x13\xd6Dk/\
\x1e\xba\x8d\x80f\xde\xbc\xe8\x0d\x1c\x8bCY\xafsH\
\xc8\xed\xb1\x87\xbd\x1a\x10(\xe7\xd4\xcf3\xd3\xd1/\xce\
2\xe8\x9b\xc5\xf5\xf8e5\xae\xbfi~\xa8\x9aW\xa3\
\xe0g\xb8\xcfQ\xc6\x95\x8b\xfd\xf8\x9ez@\xf4\xa8\xd5\
\x14\xe2\xc95p?P\xe3\xcf&n\xf8\xab\x12\x01\xf7\
\xf5}\xb9~q\xb9\xe8\x0c\x95\xb6\x8b\xbaO~\xe1\x1a\
?2\xa0D)V\x03p\x01q0\xa9\xcd\x96\xdfX\
\x06\xca\xc6\x81G\xc0\x00\xecw\xd71\xa9R\xae\xe5\x0d\
.\xe0\xda\xb1\xfc\x06\xdev\xf6l'\xf7\x90\x95\xf1\x00\
O\xb6\xb7\xab\xb4\xb0\xe6\xb8\x89\xd6q\xeb7\xa2\x14}\
\xa0U\xbd\x05\xcb\x890c\x9d\xa6\xe1b@z\xbf\x8d\
\x09y\xdd\x8cvL}\x02\x1d\x8e\xa2\xedX\xee#\x80\
\xb2\x1c\x17\xaa\x82Y\xbc+\xe0\xeb\xd9^(\x1a\xab\xaa\
\x90\xe8\xb9\x19V\xcel\xef\xb6\x09\xe3\xa2S\x95l@\
X\xbdo\xea\xc76\x98\x9c\xf6\xde{\xf7x\xf9\x91\xb3\
\xff\xaf4\x02\xf2\xe4}[\x22\xaf*\xeb\xeb2\xb9\x11\
@%\x94\x06\x5c\xdf?\x07\x80C9\x00\x17ma\x9a\
.\xe2\xa3\xfa\x08f?\x11\xac\xf1\xef\xf1\xb4\xa10\x00\
o\xcf\x8c\x09\xe6\x15\x18\x97\xf7\xa1\x02C\xfa{j\x9a\
\x1d20\x95i\xe3\xe1\x8c\x8eQ\x87\xc6*MEK\
B#\x8a\x06\xac\x89s;\xac@\x94\xab\xb0\x86(\xaa\
X\xbe<wd0\xe7ap\xd7\x8b5o\xd4\xe3\x16\
e\x9aL\xc0\xdc\xc1\x1a\x01,\xd6\x14\xcca\x00\xdb\xbf\
\xa9N\xc1q\x84\xad\x06X\x11s\xeb\x5c+\x1f\x1b\x02\
\xb4\x0d\x99\xc4\xb6\xbb\xfcn\xe5\x99\x08\xbc\x93\xc6\xc4\x99\
\x80\xcb\xf5R4\xa2\x14N&\xb0\x87\x0c\x02\x83M6\
\x10\x99\x8d\x9b\xa2\xb8+\xdc\x96L\x5c\x0c\x90\x227\xac\
\x85\xf3\x01\x96\xe7\xd8c'\xa3\xa6\xc22jc9%\
\xcc8E\xe4\xca\x1eD\xb5\xc9m\xcd\xf06\xc72\xa3\
\xc5\xdax\x8d\x0f\xb8x\xcb\x88ME\x9c\x08\xca\x8e\x8d\
s\x9b\x22\x14\xbf\x17\x83\x12\x83d\xbd\xcb\x00\x87~W\
\x98!\xeb\x94+\x8e_\xe6P\xc1 e\xf2\xc7@&\
w:\x9c\x01|%^\xe1K\xc7s\xfcwx@T\
\x08\xc3Z\xa9\xb2\x1f\xf8{\xa0\x01L\xab\x1b\xb1c\xea\
\x08\xee\xaa3\xea\xb1\x0fk\xe2Q\xba&\xe5\xccd\x81\
\xaf\xf3\x06\xbc\xa6\x86\xde\xccg\x10\xf8\x03fH\x12\xeb\
\xdcc\x01$\xaf!\xebY\x83\x93\xe3m\xb9\x80\xb9\xf5\
v\xf6\x1aC\xca\xc1\x93\x13h<(/\xc9\xe3y\x96\
\xce\xef\xd54\x0ad\x9d\xacYl\xa1\xc1|\x95#\xdf\
\xa6u\xec\xb6\xf3\x9eq{?z\xcc+\xbf\xccr\x97\
f\x99[\xefSu\xfb{\xdc\xfct\x22<\xdaHX\
\xb1\xa3d\xbc:\xbc\xfc\xaa\x93S\xeb\xb4\xdd(\x03\xe0\
sq\xfes\xde\xbf\x8c\x87@=\xed\xe8p\x81TP\
\xb1^\xba\xf8\xd7\xfe]\xc2\xd5\xb5\xf7\xad\xf1\x96\x89,\
\xc5\x13\xb8\xe9\x93\x87\xa6\xe6\xc4\x0aPSY\x16\xac\x14\
\x91\x9e]\x8c\x97\x16\x82\xad\xccz\x9b\xdbc\xa1\x06)\
\xd5^\x87\xcdN\xd8\x10X\x07\xcdq\x1e\xbeZ\x80\x81\
\xc5\xf2\x8bX\x04\xaa\xfbcCr\x8a\x12\xf6\xb8l\xce\
\xc0\xc5\xfa\xce\xa5\xbd[\x0b\x00\x9f\xc7\xf60I\x9d\xde\
y\x8c(\xb0\xe1\x90g\xf5\xb1k\xfec\x89a\xd8h\
\xf0Zi+\xd9q\xf8\xb6\xf4Z\xa1@9\x02\x11\xf4\
4\xb7\x0d\xc05\xf1\x95\xaf\xbd\x8d\xed\xedg\xb8\xfe\xe5\
O\xb0\xe1\xd0\xc2;\x99XH\xcd\xca5=]\xb5p\
\x22\xe7\x81(\x0b\x9e\x9f\xd9Is(\x08s*\xbb9\
\x85\x8c263i4l\xb2\xe2'\xbf\xcf\xd3s%\
\xa5@K\xa6\xc6\xba\x126\x07T\xc8G\x93\xa4\x85\xcd\
P\x05\xef/\xc6\xc8\xb2tj|\xa5\xd81\x9b\x8a\xf4\
+;\xdc\x95\x8b\xa7\xd0\x93_F\xd9)\xc3e\xe7\xbb\
=\xff\xa1\xf0\xc2H\x0e\xc7,\xf9\x96!\xa3U\xe1\x95\
>4Wgr\xfe\xb7M\xd5\xfcT\x08 \xf6@\x9c\
\xb4\x0a6\xed 8\x95\xe8\xc8\x0b\x08\xf6\x06\xd8\xb1\xc4\
\x1eC\xeb*\x93\xde,k\xd8K4\xa6\x0a\xf4\xd46\
@\xd4:N@iwN\xe4B\x19\x16\x06_\x97\xf4\
]O\x15$}\x1f\xd8\x04\x08\xbd\xd6<\xa6\xd6\x0af\
 <8\xfdyT\xadx\xb6\xc7'\xf55M\x5c\xc4\
\xb8\x00B\x00\x8f\xe5\x9d\x18\xd5\x1f@!\x09\xeb\xbc4\
\xe5\xbe\x95\xeea>\xc2N9\xcdD\xc6\xa8\x9d\x02\xdd\
7P~]\x03\xa0\x92\x01\x13\x91<\xc8\x98c\xe5d\
\xc9\xad\x80\x94[ wL\x04\x9e\xe5\x05_\x8b\xe7\xf8\
\x17x\xc4%\xb7\xa2\xc6gLx\xff\xbd\x01l\x84j\
<,\x8e\x0c\x7f\xb6\xfa\xdb^4\xf5\x92\xc1\xa6\x99\xde\
2P\xc2\xc9\xdf\xe2\x19\x12\xa8\xfd\xf5\x00\xc2\xa1Y\xc1\
\xfe\x84B?2d\xb3\x90+\xf5\xff\xcd\x12\xa5\xe59\
9F^s\x06c\xe6\x1e,\xef.\x09\xbdI\xeej\
\xef\xdc\xea\xd3r\x14k\xdfm\xbaK\x9f\xd4|/\xfa\
\x02\x81\xa80\x04\xe0R\xd86\x14\x87\x05\xccaK\x19\
\x86O\x8d\xec\x5c\xfam\xe6\x9bg!\xa8\x17\x92\xe1\x82\
\xae\xf0{\x17\xb4\xd1\xf3\xec\xa0\xd2\xf9\x98\x0b^\xb5\xde\
\xafq\xa8\xff*\xa4x\xce.\xdc\x05\x14\xa6\xad?\x9f\
a\x00|\x8d\x13mNY\x14\xe5\x15\x1b\xe1\x16@j\
\xca?[i\x95G\xeb\xc9\x1a\xcbd\xb7\xa1@\xeb\xd1\
\x8fmP\xb0\x12]\x0b\x15\x15\x98\xda\xa2\xd2`\x18X\
\x9c\x00d*\xcb\x80\xe8\x15\xcb\xff4\xa8\xc3\x8a\x9e>\
\xb7\x04\x9f\xdety+~\x0e\x00o\xb0w[i\xd9\
7\xa9\xe37o\xcb\xa4d\xe4r\xbf\xc6\x16\x8e\x0b-\
\x18b\xafO\x14{i\xd41\xb4C\xc0 \xcf~\xf6\
\xe4\xa7\x866\xaa\xaf\x19]\xab\xdf\xc0\x1f\xd1c\x11\xc5\
8`\xf9\x0e:\xb1n\xb6 U8\x00\x05\xfc\x11*\
\x05\xbc\x0d\xec\x09|\xf0\x9d\xf7\x81m\x22\xe6\xa3\xe4\x84\
j\xa0\xe2\xf7\x99\xdc~\x97i4\xe38l\xa6\xca\xa7\
\x141\x8d\x00n9\xcd\xea\x17\xddMQ\xfd.\xe4\x93\
\xcb\xf8f\x22bV9\xdf<\x1aL\x13P$\xa4\xc7\
\x82a\x89\x1e^w~\x98\xfc1\x84\x04\xea\x88\x82\xd8\
\x83U\xf9j\xd6!\xa3fa\x9cl@\xa9\x8b@\xe9\
!\x82l\xb1\x03b\x8e\xa4Hi\xb0\xf9yj\xeb\x06\
\x84\xc7\xc0\xca\xd9h\xaa\x97\x87\xe6g\x17\xb0\xcdS>\
\xd1H\x962>\xb3\x80\x7f\xa6d2\x02\xc7$\x0d\x1a\
\xe1R\xb9\x92\xcf\xf2\xe6\x81PQ\x9e\x91\x04\xd6\x19(\
\x0f\xcc\xf1s\xef\xe9\x0e\xb0\xb4-\x0d\xda\x0d\x11\xf4\xe4\
a\xe0/ T\xed}t\x22`+I\xc7\xa3\xed\xe9\
\xdc\x16\x05\xb2\x12f\xc8Ks\x86Mc\xd4F\xbe\xcf\
\xa6\xef\xd5(\xc3\x03\x16\xa7M:\xcdk'\x10\xb3\xf7\
\xbe7'i\x05\x1d\x18\xb9!\x1d\xb76E\x9fY \
qB\xa5\x8f\xb5\x96X;`\xa0+\x1eR\xe1;\xdc\
0\xe1S\x0f\x06\xeah\xe0\xe09\x04Ca\x06>{\
\xd3\xf7N\x1e\xbc\xe0\x1b\xf16\xc6\xfc%F\x5c0|\
`\x16\x07\xa9t\x96c\xc2^W)\x85\x5c\xf8T`\
\x9fb\x1d\xb0\x00\xef\x12\xee\xc4R\xb2\xf7\x06`CI\
\x82U=\xa4\x80\x9d\x97\xde\x9e\x88U\xdb\x0c))\x05\
\xe2NL\x84\xd7N\xdd\x927\xf2\xbe\xd8\x03\xb7\xcf[\
\xb0\xdd\x90&\x9e\xb0\xd6/\xd2\xec\xee\x13c\xc1\x86\xc0\
\xc2\x1e\x98\xf6\xf7\x95\x1e*.Y\xb7\xd9\xef\x93\xc6\x97\
\x18U\x98J\xed\xac\xdf\x97w\xba\xcf\xe5\x18\xd4\xa8,\
\xbf\x15\x1e\xacm\x8cf?\xa4\xbb\xd7{\xa2nj'\
Y\xa7\xe8\xb0x\xdf\x93\x03\x81\xf2\xe6\x9d<\xc2\xbd\xf5\
\xca2\x9a.\x06\x03x\x90\xf8Uy>\xa68\xa4\xbd\
(\x00\xa3\x00\x03h\xa1s\x95\xb3\xa8\x07\xe0f\xa0m\
5\xd8F\x0ap/\x7f[\xfe\xd1\xcf,e\xe0\xe7\xf8\
\x0e}\x96~\x1e\xca\x9bw?J\xc8=\xb8\xd5\x8a&\
Y\xd3\x8a-'\xbc\x05\xc3\x11G\x96\x19\x05-\xe5\xb1\
\x10\xb32@\xfc{[\xaak\x1b\xfd\x9c\x16\xb2!\xab\
0 %-\xaf\xd4\xb4\xb2L\x8c\x1a\xa8\x16<\x8eC\
\x14\xb8\xd3\x10\xa1\x1c\x84\xb6\x8f\xf4\xdf\x010k7C\
\xe1\xd7t\xb7e\xd3$r\xcc\xba\xd6E\x830\xfb\x18\
`\x04\x13\xef.zn\x0e\xe0\xd53\xe0\xfd\xef|\x00\
\x1cW\x028\x94\x03`[O\x00\x88\x04p\x19\xc0\xf5\
\xe0\xbd\xfb\x00\xf2P\xbc\x9e\x06\xcb<\x0d\xdc\xdc3\x1f\
\x05\xfe(\x03\x84S6\xcb\xc0\xb1AP\xdb\x19\x03\x0e\
i\x02H\xe7hQtl\x8b\x8e\xc0\xd46\xc1r\x10\
J\xa9p1\x09#{\xef\xfd\xc9\x10\xc5\x08\x14\x1b\x00\
\x1bX\xa7\xa9\xc4\xa8\x97\xf9\xe8\xdf\xc8\xac\xea\x82%\xf3\
\x81\x0aK\x95b\xd6\x5c\x04\x92F\x87\x9f\x0dEg\x83\
\x1b\xb7\xaa\xac\xae\xeew\xd5\xc0Q\xf2\x17\x95+\xe0\xa3\
\xa1'h\x0c0\xea \xc3\x10\x8eL\x08\xe8\x12\x15 \
\x1b\xf2\x8cg\xf2\xe0\x1f\x1ey\xd0@nP\xf1Q\xbe\
S\xfd6\xd8#E\x85\xaf\xe0\x9fM\xaf\x03\x0c%\xf8\
\x88\xdb\xa2\xcf\xed\xa5(O c-\xe1\xb0\x06\xe1h\
>PV\xd9\xd6\x0d\xda\xe2\x98\x80\xf7\xfbS\xfe,<\
\x0bC\x09S\xfc\xfc{e\x19\xc2:\xcckM\x95\xa9\
\x08zC`\x0c8\xa7\xc0\x1e\x5cF{\xd6\xa3<g\
1F2x\x08\xc4d\x02\xa6\xe7!y\x1f{l\x06\
`\x07+\x02\xeej\x93\x8a\x1e\x8d\x81\x8f\xe6\xdb\xb8\xc3\
\x8e)\xc6\xc4:g\x04\xb7\x11\xd2\xb0\x1bp1c3\
_\x0eT\x1a\x10\xed8q\xbb`3\xa3E\xabC\x06\
\xc4\xeai\x97^C\x87\x5c\x0c\xfea\xb5np\xcab\
\x09J?%\xe4\x91;\x19R4~\xe9l}\x17Y\
\xef)\x91\xf0%\x05\x8b=\xa7\xfd\x92z\x04\xd6PH\
\x03\xae\x1d\xa45\x99\xda\xcf\xcf2pJo\x97\xe1}\
kX\xd4\x13E\x07g.\xaf\xf73\x96\x86\x15\xbb\xea\
\xab\xec0J\xde\xda\xf8Zn3\xb6\x16\xeej\xf5\x0c\
3m\xfd}*\xdf\xac\x12\x9b5\x94)\xe7\x8a\xa2x\
\x9b\x03\xb0\x8e\xdb^/Z\xba\x08@g\x95\xdf\x126\
Z2\x0b\x8d\xc8OH%zr\xb2:\xe7\x06O\xd1\
\xac\xb5]%L\xaf\xadp\xc8\xb7\xaf\x1eq\x0d\xb7\x01\
\x5c\xa82\xf4N\xbf\x9f\xff/\xaaE\xc2i\xca\x9f\xb1\
Q\x0bl\x834\xe7P\x1e|\xf4\xa0\x87\x14t\xcf\xa4\
I.\xe7y\xe9\xbd\xd9q.\xab\xb7\x02\x053\x14j\
\xbf\xb7\xe9%R\xa0\xef\x9e;\xb1&9\x81\xe5\x81G\
5r.t\xfe\x00's&\xc3\x07\x80\x16\xdf\xc8\x02\
i$\x0f\x97\xb9\xe9\xa7\x0c\x0a\x06\x9a\xa33\xfb\xa1\x04\
\xc4!+SB\xed\xad\x84\x06g\xb7\xd8'\xf81N\
\x9ex\xf7\x0b\xf7x\xf5\xd5w1\xaf\x8fZX\x0cI\
\xd0\xd3\x06Btt\x86\x12\x83\x92\xe7\x02 \x12\xd8\xb4\
\xd0\xbd\xfb#\x00\x1c\xa7\xe6E,\xc0\x06Qc\xd0i\
\x7f\xecpL\xca\x14F\xd0\x0bLz\xbd\x15\x0a\x09\xd4\
\xefq\x12Tk\x17\x82\x12\x13\xbd\xa8\x9c\xb1O\xb9\x16\
h\x07\x94\x98\xc8\xc5\x99\xa3U\xa1K\x0a\xc3\xef\x90\xdc\
\x15{\x9a-\xd5\x81,#\x226\xb65'\x8d\x09;\
\x95e\xf1\x8bn\x8c-+D\x913\xb4\xc3 \x05\xea\
Q\xe7\x17\xd4\x8e\x0e.\x16\xec\x1b\x13\xe7r\xb2\xb0\x10\
\x9b\x16%\xd7^\xd9\xc5N%\x0d\xd9\x0d\x9b\x80\xdc\xd6\
Zx\xd5\x91\xed\xd1_\xa7\xfeK\x8f(\x90\x96C\xc7\
\x8d\x81\xce\xdc\xa7[T\x19\xf7(`%\x00\x96\x12\xd7\
\xba\xdf\x16]\xe2\xc4B\x1a%C\xfa\xc5K_\xed\xca\
\xa5\x040:\xbei\x00\xa7\x9f9\xaaF\x08\xb4n\x0c\
\x86\xd2\xc3\xa2\xf4\xb5\x93\xc0\x8c@\x81\x92X\x0a\x909\
\xe87\xb4\xac\xb8_~\xe6\xa9\xb1\x19\xd8\x97r\xc1\xeb\
u \x03\x90\xc1\x90E\x88]\xc1\x00\xa6\xaa\xf4\xe9Z\
T\xdf6\x8cqAn;>\x8aw\xf1\x85\xf3\x19~\
$\xad\xd4\x18\xd6\xe0\xd5\x9f8I/+\x8cVl\x84\
\xd9\xb1XS\x1f9'\xd5/\x09\x00\xef\xb1N]\xd3\
C\xeb-5v\x1d\xfaY\x00\xec\x06?,+\xfa=\
\xad\x93\x03\xdey\xc4P\xf3-\xc5\xcfD\xcb\xd0:\x81\
\x8c\x0421Y\x87\x85\xa9M\xaa\x17\x12\xce\xc2\xaf\x01\
Y\x18\x07K\xe0\x02-\x19\xa3\xf4\xa7\xd9\xc3\xce\x93\xe9\
\xf6\xb4\xb1\xa4\x1b\xd5\x05og\xefl\x7fH\x97\x1a\x15\
Q\x0c\x0a\x80\xc5\xf0\xe9\x19\xf3\xd8J\xcd\x95\xde\xcdE\
\x8an\xf4\xc5\xd2\x9e\x84\xc2\x9bO\x9f\xe9.\xa3\xbf\x93\
\xff\x0e\x00\xd8s\xb9\xc3*\x80\x0f\xe3\x16\x1eWk\xbd\
\xe9\x97VP\x9d2\xe5\x81\x80\xa8M[.)\x95R\
5\x91\xd5\xd0\x0a\xd6\xb7A\xc1\xc1\x19\x02V\x14\xd5[\
,D\xe9\x7f\xb3\x09\x16B\xc3\xb3\x07;\x96!K\xdc\
f}GM\x92!9\xd6\xef\x04\xde\xa5\xbc\xe5%f\
\xa0\x8d\x046T\x13\x94r\xb8%L\xb1\x18RE;\
e\xb70J.\x10\x19b9t\xcf\xb0@\xa3\x8c\x08\
\x00\xac\xf1\x1d2\x88b\xc8\xb3'\x88OP\xf1\x9b\xf4\
\xe1s\x1a\xd45rR2\x14\x90\xaa\x19 \xc0\x0fM\
R/\x95\xacT\x8d\x08\xb4\xc1\xa2=\xf31\x00\xec@\
\x5c'\xde\xff\xf2+\xec\xef>\xc7\xf9\xf3_h\xb7\xc0\
\x04\xe9z\x10\xec\xc0\xcfb\xb0z\xb9K\xfa\xc6\x14\xa8\
;\x0f\xe08\xf8\xdem\x1aAY\xd0g&r\xd7\xba\
\x9cf4\xb2\x061\x00\xa4\x8d\x9dI#\x80\xf9\x87\x1d\
\xbaH\x9d}\x00W\xf7S\x1f\xc7p|X\xd7mD\
\x84\x9c6v\xa2c\xef\x1bT\x09\x13b^,\xdc\xbd\
\xb2B\x96\xfd<z\xecR\xef\xad\x1a\x18\x81N\xc2t\
\xbb\xd2r(\xe5\xa9\xa2An\xab\xd8\xe6j\xfa\xd8C\
l\x09\x9f=\x060gTs\xa6\x5cy\x1f\x83;\xb6\
\xc01}\xc0N\xd3\x90\x9b\xbc\x97\xa9\x97\xb8@\xcfL\
n\x1dd\xdc\x9eJ\x9a\xe7o\xe8\xa8\xdd\xa0\x90\x91\x0d\
S\xd9\xdd\x94\xe0AT\xb7\x14\xb2\xef!\xa3\xb1i\xcf\
x(\xd9\x90+\xa5@\xbf\xfe\x1e\xd5F\x1b\xc2O!\
\xde|A\xefn\x18\xccK\xa0\x98b\xc4\xaevX\xd9\
\xc2\x0b\x96\xc0\x5c\xb1}\xe9{\x04\x02\xbb\xd8\x80\xe2\x01\
\xe0r\xb5fKVc\x81sg\xa0\xf0\x09\x85\x1c\xd3\
\x13\xa1q\xd15a\xbd%\x93F\xacB\xa6\xea\x16\x04\
\x8d0\xb7\x81\x0d\xdb\xe1\x1c\x80L\x9e#\xf0*^\xe0\
\xbdx\x86\xbf\xc0\x83\x8c\x12/\xfaE\xe7\x99V\x83\x81\
\x81\xc6\xdd)V\x00A\xe3\x91\x81:\x1bc\xb3b\xe0\
\x922:\x1a\xd6]a0\xdct\x92d\x87U\x02\xae\
\x05\xb0\xcb\xe00\x01m]\xd94;\x07\xdbz?\x0b\
\x04\x0b\xd4`\xd9\xf7\xb2\xa2n\xeb\xba\x0f\xce\x03B\xbf\
\xbf\xc6\xb6\x0fqKX}\x9aQF\x01\x1b\xdf\x8b\xc2\
F;<\x10\x83T!\x82\x04\x5c\xdf\xc1\xbcO\x86\xfb\
\xa5g'\xcaa\xb8\x05g\xaf\xe9,Y\xe6R\x9f\x80\
w\x96\xc0\x8eJ\x99\x07\xd2\xff\xfd;l\x88\xe9\xf7\xca\
\xed\xaay7.X\x04B\x8eNV\x07cl\xaa\x06\
\x88\xd5\xf6\xa9\x9f.\x04\x84\xdb\x9fQ\x8d^\xda\xac(\
(jq\xf5\xb2\xf5\xcc\xd8rZ\xe7\x1c\x06\xd3\xb2\xc2\
\x17\xda4\xba#Q@\xabAL\xd3S\xb8\x19,\x8e\
\xb3\xe8\x8f1\xe0\x03z\xd61\x0b\x80'\xc5\xad\xdb\xb9\
\x92\xf75\x06>\xdd\xeb\xb9\xdaZ\xba\x85\xe8GE%\
\x04\x8f\xe5\x1de\xac`\x96\x97\xd6\xa2\xd7\x13\xb56\xc2\
\xfa\x92\xd4\xa2\x0d\x0c\x82q\xa0\x0d\x0a\xd6\xed\xcf\xea\x97\
\xd9\x8a\x88d\xac\xd1 \xaav\xfa\x8d\x95T\xa9\x18q\
\xcd]0\xcb|3\x18\x05\xe7\xae\xa9&\x0d\xb2\xbe/\
\x87\x04)\xd6\x004\x0e6`{\x04\xde\xfb\xca\xdb\x88\
\xfb]\xe3\xafD\xbe\x10\x88\x0f\x008\xa9\xc7\x22\x80\xab\
\xd4\xfd!\x8fB1\x7f\x00<\xc5o\x04\xc6\x1c\xc8G\
\xeeW\xe5A9\x96\xd6(\xeb6U\xfe\x17\x87fn\
\x86\x0e\xfd\xe1\xe2\x89Msy\x1a\xa4\xd5f1\xa3U\
.x\xe8Yk\x98\x80\x9a\x9f\xb1\xd8ea\xd38\x89\
:-0\x1d\x22\xd0\xf5\x994\x943\xd5\x17\xc5\xf2;\
W%\xfb\x86\xb0\xe2Xd\xd2\xd7\xa8@Q\x16\xffm\
O\x0a:EQ\xc3f\xe3nP\x16\xb6\x08\x9c\x0a{\
\x0c\x03Z\xd0s\x9e\xe9\x83},\xf3!\xd9\x1a\x181\
p\x9e\x80w$68\xb2Y>Yp\xa8\xfe}\xea\
\xbe\x99\xa40\x09\xe4\x02F@\x89w\xb4r\x0c\x16\xa1\
\xebs\xae\x95\xf7\x94\xfd\xafU\xc4|\x03\xcb\x9f\x82\x01\
\x15\xabnE\x5c\x0bG\x148\x15{\xac\x0a\x0a.\xe6\
\x13`n\x82\xc7wV\xff\xc7\xed\xdc\x00\x08\x9dq0\
\x15\xaa(c\x08(\xe6\x83\xe7\x19\xd4\x82\x00OI\x0c\
\xb8\xbc/\xb2\xf7\xd3G\xba&\x01\xeb\xfd\x97\xa1'#\
\xa0\x98\x0b\x85\x0e&\x8bZ\x80\xea\xd8F\x08\xbd\xff\xce\
\x15\x08\xec\xf1\x1c_\x8dw\xf1O\xe7\x0f\xb1I\xd0;\
3%[\xcfD\xea\x9eS:#P\xc7\xd0\xa2\xbdm\
\xca\xdd\xd4|)_\x22\xcfr4f\xae\x89\xd4]\x87\
\xc5@9}\x8aH9j@V\xa2\xa1\x82,\xc3\xc9\
rQ\xa3I]\xa9\xf50\xcc>q6\xfclH<\
:\x91\x93so^!\xaa\xd7\x92\x83\x08$N+V\
\xf4\xc1oY\xf2|\x83X\xc1\xbe\x971\xe1\xef\xb3u\
b\xe7\x94a\xf1;,\x97\xadw\x0d\x94\x95`\xee\xcf\
\xec=.\x86\xb7=\xfbL\xe7\x95\x00\x9d\xe4\x0e\xb5\xbd\
Y\xd7,\x99\xbe\x0dy\xb0/bk\xd7pxv\xc5\
\xde\x1a\x9f\xbf*\x04p\xfb\xc0\xfem\xbb\xec\x02\xe2\xd3\
\x1aM\xd6\x90\x80(\xbb\x91\x14\xa4\x1eb[#\xf58\
?\xdb\xd6_:V%c\xa2\x8c\x8d\x1b\xa4\xe7\x22\xb4\
w\x8d\xa6m\x015\xa9\x92\xde\x80N\x82\x01z\xdd\xf7\
s\xf8\x85\xae\x87\x14-LFe+dY\xb1\x05\xf1\
\xd1\xa1\x81\xfa:\x82\xd4\xf4b\x04\x95P\xdd,\xc4\xc6\
\xb8\xa6\x93zL\x00z\xd5R}\xf2\xf6\x9b\xb2u\xf2\
\x1fq\xa3\xad\xe6\x8c\x00bj\x8b0\x17s\x86\x13\xfb\
4\xed\x83\x09Y.1\xdc\x14\x7fv\x81\x19=\xb7$\
\x1c\xfc\xde\x87\xd88\xee\xbd\xc7\xa2\x8a6z\xcf\x97\x0d\
x\xf7\xab\xef\x08\xf0\x9b\xd6\xc7H%\x1b'r\xa7\x81\
\x86\xab\x0e\x05:\x0e\xe4\x0e`\xdbx\xc4\xef\xc9\xb0\x81\
\x13\xe3rN\x82\xfb9\xe9\x89G\xf0\x1a+\x86\x89\x0a\
n\x87\xf7\xdd\xcf\xa4^\x99\xd2\xa13T9\x10\xd0y\
\xa9\x1ds\xf7q\xeb*\x0a4\xb6\xc5\x8a?\xf5\xcc3\
\xe9E\x87\xc2\x0b\xe03\xadp\xe0d]\x87\x08\x06\xe0\
\xc3r\xec\xf5x\xe9\xc6I\xba\xde\x94\xb8\x93\x0e\x8a\x01\
A(A\xd0\x0a<\x9b\x15-v\xc8\xd6\x9f\xda.\x0d\
L\xdc\x8b\x0a=\xec{\x82G'\xe8\xed\x89\x92\xa5q\
a\xd8B\xab\x03c\x5c0\xcf\x10\xab\xa2\xbd\xf9\x05\xb4\
\x89]\x99\xee\x81\x81=@)\xb4\xb2\xd2\xba \xab\xa3\
x\xbd\x94\x1c\xcb\x0d\x0f\xe6cN2\x04)%\x1e6\
\x0a4e\xce+ \x0b5j\xc59[\xde0\xa8\xda\
\x91\xc5`\xb0o\x06\xc8f\x0ej\x8c\x16\xef\x97\xebf\
\xc0\x9b>\xa8\x83Bk^\xf7G\x82a\x09\x1dt\x94\
J\x9e\x10}\xcf\x02G6\x1ax\x7f\x1d)\x9c\x00K\
\xf3\x06N\x81vU\x22\x9c\x00b\xd7y\x00\xecQd\
 r\xd3X\x00>\xfdj(,p\x06\xb0aG\xd7\
-\x08d,\x07\x1f\xe5\x8e/\xe2\x15\x80\x1fsU\xaf\
\xba\xad\xb4\x19\xc1\x85\xf2\xe4s\x01\xac'j\x98<\x1a\
\x18\xa3\x8f\x10f\xb8\x91sO\x8fz\xc7\xb4\xd3\x17\xdc\
(9\xd3\x9a)\x10>_a@\xc6@+\xb7\xa1\x1c\
\x84\xa9qd\x88x\xd4|\xa7\x19H\xb7\xa9\x9b\xb7|\
 \xd9\xb7^\x85B\xbf5\xbfd\x8c\xb5Hkn\x01\
(gc\xd5\xe3\x15H\xf2\xea\x5c\x81\x02m|\xa0~\
j[_\xa9H\xe9\xe5\xcc\x92<\x09U\xc3\xf3-\x92\
\xd7\x8f\x8d\x94\x0e\x8d\x00\x8e\xdbw\xa8}\x81\xf9X\xef\
t\xc5P\xdf\xefo\xcc\x8c/8\xec\xf1J\xb1\xbb\x15\
\xb6Y{\xdf?\x9fe\x00\xea\xaa\xa6B\xdcI@q\
\xbd\xd9`V\xde9\xfa\x1a\xe3\x7f\x02e\xf5\x9b\xbeq\
S\xe7\xccN6[ZU\x14H\x986o\xd6`\x1d\
\x13\xbe\xc3\x0aD\x9d\x0e\x0fJ\x08\xfc*\xe5\xa4\xfb\x18\
\x12\xc6\x04|4.\xf0\xd4^i\xa1[\xcd\x8e\xb1\x08\
\x09\xaf7\x1d\xa4\x0f\x97\xbex:o\x1a\x8cl\xeb\xd0\
qh\xdf3|;\x95R@4\xac\x9ff\xaf\xdd\xdf\
\x0b\xfc3\x98\xed]\x96\xf1\x12\xcf\xa7\xc7\xd6\xc6N\xe5\
\x09\xa8\xfd\x8e\xadmN\xb6\x91\x810\x86h\xd7\x98u\
*\xdd\x10\xa0\x8c\x01`K\xdc\xdf\x01o\x7f\xe9\x150\
\xaf\xfcg# &\xe3\xfb\xc7\x04v\x80\x87\x01\x9d\x04\
\xb4-X\xef\xf6\xe49\x00\xaeO\xc0\xa3\x82\x13\xb8\x1f\
\x9d\xf9\x15\x81x\x98\xc8\xad\x15wYS\x01\xc4\xa4\x92\
 \xcb\x1c\xc8k\xd60G\x04\xf2\xe4\xbd\xb4\xe7d}\
\xdb`\xb0\x81\xe2X\xa8b\xea\x08\x94\xe1\x81\xd1\x9e\x06\
\x97A6=\xb9\xea'\x00,\x92\x82b\xabZ&M\
\x1fs\xb1g\xed\x04\xd0*I\xd0\xcb\xda\xe4\xa1\xcd\xec\
0$@\xd6\xe1\x14\x90\x0d\xee~\xb4\x98\xd5\xe2sH\
a*\x19lH\xe6\xa7\xc6p\xa1E7\x17\xaf\x99\x5c\
\xb4\xdc\xfe\xb7\xd5\x90'b9\xc2\xb5\x0b\xca\x0cD\xc5\
\xaaI\xb1kM\x1b\xd4\x10\x14\xe0\x1c\xf5\x9c!o\x97\
1y\x1a\x11\xe8+y\x7f\x00>\x94w\xd3\xb3!o\
\xc8\xb2\xcf\xeb\x1d\xa9\xd6;u\x9f\xd7\x03\xf5\x8b\xbd:\
\x0f\xd0\x06\x97\xa3\x1d\xcaW\x90F\xa99E\x10\xcc\xa7\
\x16D,@_t\x7f\xd1\xf8\xcdnT\xab\xa4\x08\xa8\
\x9c/\xa5\xa09R\xbcnV\xfbi T\x96\xbc\x01\
>\x87\xc0\xd5\xfb\xe7w\x14e\x15\xa1DA\xb3\x05\x1b\
\xbe\x14\xef`\x8b\x0b\x98\xbf}\xc0\xaclm\xc2\x8b\x00\
C\xa9\xeem\xc3r*\xe9\xcf\x0b%\x90\xda\xde)\xc7\
B\x99\xfd\x1d\x92\x92L\x88\x8a7\x83E\xa3\xca\xfbM\
\xc94\x90E\x08 '\x99\x17\xa4\x8c\xb9\xa9\xa4\xc7\x0d\
P\x91 \xeba\xaf\x9d\x89l\xc0^\xf5\xe9\x8aVi\
\x10'\xdb\x12\xd2\xa3\xd6\xecu~\x04\xccB\x0b2\x83\
\xd8\xe3\xdc\x9cX\xfe7\x0d\xbe\xd6\xc9\xd1k\xde\x8eQ\
\xe1\x81u0\xaa2A)\x80\xea\xee\x22\xa5\xfe\xf1U\
^\xb7s\xbd\xa7Z\xb3\xa0g\x19\x09\xeb\xb3\x1a\xe2\xdb\
x(\xc0\xe3w\x15\xfe\xf6\xb8f\xfd[\x0d\x84\xa7\xed\
\xfal%@\xb7]I]\x5c\xa8\xed)9\xf6\xe6\x97\
t\x034Im\xc3hA.\x83\xeaN\x02\x1d\xafI\
j\xd3\xa6G\x16\x0b(\xa7\x16\x08\xca\xbas\x5c\x05\xcb\
$\xf7S\x05\xd0\xf2\x94\x86\xdb\x08[C\x9c\xe4\xcaI\
Pl\x964g5\xac\x8d\x9e\x00L;yYX\xa0\
\xbav\xc1B\xd8h\xa6\x03-\x04\x13K\xfd|Y\x93\
\xc8\x89Y\x82\x04\xd2\xfc\xc5\xad\xc1\x05\x0du\x00NV\
\xa8\x99s\xaeX\x97\x01^\x03k\xb0Gd'\xf69\
\x11(\xa0m\x81\x1a[\x83[\xf4\xfea\x03X\xf5\xc9\
c\x11\xbc~\xd3\xf37y\xd1\xcf\xee\x02\xcf\xdf{\x01\
\x5c\xaf\x88\x98b\x8a\x0e\xc2\xc6\x06e\xcbk\x05]\x06\
\x8b\xfc` \xcf\x83\x9f_\x06\xe3\xeag\x22\xef6\xc4\
\xd4\xa2\x9e2p\xceD\xde\x85\xe2\xf0\x83z\xeeLe\
<\xdb\xdb\xe6\xd2\xc8\x11\x88\x0b\x0a\xe8\xcbi\xd9%\xa7\
W\xcbUt\x91\x0e\x19\x108\xb9\xa4\xd3'\x15n\xda\
\xdd1z\x19S\xe6\x06Y\x8b\x12\xf8l%\x11\xd0!\
lQIH\xb5\x153\xb3\xc8\x15\xd8p\x00J\xf6\xbc\
\xe0\xcbH\x09\x1a(\x22s$\xe7n\x87\x95\xa2\xf3\x05\
\xb2\xe7\xdc[\xf7\xa0\xfe\xed*\x83\x92Ao\xcc\xeaD\
9\x09fP8\xba4\x1cr\xb2f\xc0\xc0\xe8b?\
N\x80\x8b \x13\x12\xa3\xa9~\xec%\xe9#U\x1b \
S;\x09\xd6r\xb7\xb6\xc4\xc8$x\xa7\x01\x87\xc5u\
\xe6;\xe9\xce\x0cb\x86\x8bg\x05\xce\xc5\x80\xe8\xadq\
\x80\xb7\xd8U\x95:_5P\xf5\xf6\xb3tXC\xe2\
\x1a\xb6H\xb04\xb1\x7f\xefm|\x0b{\x03\x8f\x85\x8d\
\x8c!\xd0N\xe9\x1a\x1aC\xc5n\xc4&\xd9\x18~\x22\
\xb6R\xb7!p\xd4aE9\x80\xd8\x99\xff\x14<~\
\xb8\x0cV\xdd\x19\xb1\x03c\xe0]\xbc\xc0e>\xc3U\
\xdec0Y\x86\xda$Iyq\xaah\xc2\xa5\x14\x87\
\x0f\xb9\xa1\xe4N\x19[\xd2\xadr8\xec\xd4xn8\
;\x03'\x18&H\xebS\x81f\x05\x84I\xbd\x15(\
z\x17\x07\xd0\x99\xfe\xa7\xee\xa3\x071\x95\x84I/\xbe\
\x02\xb1\xd1\x80\x9c@\xebD\xaf\x1d\xcf\xff\xcaz\x044\
\xba\x09\x9f\x9d\xc1\xbeX\xbee\xd8\xa7C\x05X,l\
\xad\xbfJ\xc8\x1b\xbav\x0a\xe7\xd0\x89\xeb\xa8\x9b\x0b\x1e\
\xb4\xf4\x1c\xad\x83\xd9\xe2^\xebY\xefkG\xc0l!\
\x0a\xaf\x0b\x1b\xa4+\x8c\x98\xa5kR\xba\x19=\x16V\
\x0a\xec\xed\xecp:\xdc\xb8\xc5\x08Xi\x8d\xea\x05\x7f\
\xf6\xa7_\xac?\xb6B\x0c\xb4\x9e\xa4\xb0 \xc4\xe29\
e\xdf\xd1\xcf\x8b\xfa\xbc\x0c\xba\xcf\xc4N\xf4\xb7\xbd\xd0\
2\xfe\x16\xbb\xa54!l:\xc1{s\x19\xdbrv\
\x7f\x94\x97\xd8\x15\xa84\xa0\x06\xf6\x9bQ\xc8\xfa\xd5\x82\
\x99\xb3\xc1}\xb1\x86\xb8\xb0\x07\xe0}\xf2\xd3\xfe\x91)\
T\xf7\xdd\x93\x15R=\xaaH\x06\x8f\xa5\xdaY\xf1\xa5\
\x0a&\xa7\xda\xde\x02\x16C^g&\x85T`1\xc3\
u\x01\x80\xa9\xda\x04<0n\xdd\x16\x94\x95\x81\xce\xdf\
Q\xbb\x05<\xc6s\xcc\xf6\xad\x06\xb0U\xd5C\x8d\xfd\
H\xb2$CFI&\xc6\x85\x14\xfd[o\xdf\xe3\xd9\
;\xcf\x90\xd7\xd7\x00\x0e^\xb7\x07\xc4\x19wLw\xf2\
\xf3\xccD\xce\x13q\x19l\xe7\xe4\xae\xe8\x1c\x1b\x22'\
\xe2\xd0b\x91\x5c\xa4\xab\x17\xbaV\xff\x99\xa4\xdd\xa7\x15\
|\x96\xd7_Jl\xb4\xa7\xd2F\x1e\x18\x9a\x88`\xfe\
\x81J!\x13\x1d5\x18\xb3\xe7\xce\x1c\x7f\xaaZ_\x94\
\x10\xc9SP\x98@$\x0bL\xdd\xd3\x83LU\xf3c\
\xdb\x9d}Y[\x07\x81\xaaA\x00\x87\x84&tR\xa2\
\xcc\xc1\xa9~\x96\x83\xc5\x1b\xec\xc1\xd4\xde\xf9T[&\
\xfaZ55\xd4G\x13\x045\xe12\xa6b\x90\xbc\x9d\
3\xcaq\xd8\xb6\x0dcra\xcei\xf5\xc3\xbd\x22!\
0\x9b\x03\x8ao\x07\xff+j\xdfL\x00L\xff\xcbx\
\xe8=\xed2\xb2\x10\xed@x\xcf~4k@0\xb0\
\xd1 \x90\x0c{M4 j\x10uOq\xb6\x01 \
\xbb~\x00i\xfd\x84\x0b\xdax\xad\x9a\xf9p\xe1\xa0\x96\
\xf6!C{p\x0c\xd4\xe1.\x7f\x0b=gG\xd7\x16\
\x1c\xdaV\xd9\x9e\x7f\xa8\x1f\xa1\xe70_\xc1\x0d\xdc\xd0\
\x95\x09\x03u\xb6=\x18\x82\x18c\x07T\x110\xb0\xe9\
\xd9[\xbd\x171\xf02^\xe29v\xbc\xc9\x13\x0e\xab\
\x84b`3\x02\x13G\x81\xb7)\xf7J N\xeb\x16\
\x01\x9d\xd4\x8ew\xe7+\x9eU\xe3y\xb3\x85\x10L\xe4\
5\xb0R\x8e\xd0e\xaa}\xcf\x82\x22UQ\xa4\x1c\xbc\
\x0d7\xd5cc\xa1\xc3\xd1\xf7\xf63\xb2\xda\xb1\x82\xaa\
\xb1\xc3#\x8e\xbc\x95\xa9U\xb7\xb7\x9cd\x1b/0\xcb\
j#t\xd1\xdf\xc0\xf2y=\x0c\xfd#\x03\xd2\xed\xb0\
\x1e(\xfc-\xa5q\x8b\xa7\xd1\xcd\xb2,\xaec\x10\xc5\
`y^\x16c\x02\xd2\xe1K\x18\x99\xd7\xb4\xe3I\x86\
w}\xa3p;\xccl-\xedY\xba\xb4\xafFCV\
\xf78(\x95\xcc\xd7\x194,\xd4\x82e\x80W/\xc8\
\xde\xfej\x8d\x84\x06\x0b\xa8\xc54]\x0aV\xa0[\x00\
\xe8!\x5c:j\xe3\xa1:\x15\x168S%\xfc\xcdD\
X,sU@\xe6\x010\xb8x\x92nf(?\xf3\
\xdb\xd0\xe8\x1a\xb4={\xfe\xbb\xc4d\x09W\xb4\xfb\xe9\
\x96\xb5u\xcbkl\x00\x89h\xabl}\xc0\x89b\x95\
\xa4c\xfd\x16\xba?lg\xa7\x19D>g\xd0\x08\xaa\
\xf8s\xa4u\x9d~\xe7\xf7Y\xd7kt\x02\xc0\xd0\x8e\
\x01m\x11\xc4\xcc2\xc6L\xff\xc7\xc6x\xf9>\xf4\xbc\
\x09\xbc\xfb\xe1\x0b\x8c\xb7\xeep\xfc\xe4c\x92\xbc[2\
\x8b\xff>\x80\xe3\xec\x05v$\xcb\x01oj\xa7\x07\xfd\
\x9c\x02\xf9\xe4\xef\xcf\xc8\x02\xb0\x1c0\x08V3\x91{\
\x80\x9b\xddQ\xd9j#@\xca[1|\x95\x1f\x80\x13\
\xe9\x9c\xbdO\xf4\x90\xf1\xa71+\xab\xfaL\xe5\x0d\x0c\
&\x14\x9a2\xb7\x108\xfe\x9f\xd1LS\x00\xc8\xc9\x22\
F\x92S&\x122tQ\x11\xc7T{\xb6,\x03\x99\
\xef\xb4Q\xc4\xb9\xc9L1\xbd\xb7;\x12BF\x00\x10\
\xb5\xfb!\x01U\xf7Cy:.\x0c\xe0>\xd9\xb0\xb0\
b\xa0\xb1\xc1\xf7\xc5\xae}\xe6v\xdb0\xb0m\xe0\xce\
\x09\xd5\xd9G\x0czs\xc11\xe5\xder\xeb\x81N\x14\
\xb3\x87k\xe5\x03\x98\xae\x06\xc6\xdc\x90\xc3\xde\xf8P\x97\
F%\xe4\x0d\x01s\x87\x12Fy\xbaMi\x9aNf\
\xfb,\xd7\x1c_\x9f;\x00\x8cTVz\xc5~e\xb4\
\xa4\x7f\xcf\xa2\xc49\xfd\x04]{\xeadL\xb4K!\
\x03N`\x0b\x0c\x9eU\xe5\xf0\x00X\x9e\x98\xc0\xc1p\
\x85\x95s`\xab\x1d\x15e\x0cA\x06\xc5\xf0u\x8e\xe7\
\x0f\x0c\x9f\x17\x18\xd1\xfd\xb4q\xa0\xbeq\x10F\x19P\
\x14\xfe;\x9c\xd8\xf0\x16\x9e\xe1m\xbc\xc4O\xc7k1\
\xb2\xdcJ\x8c<\xd0%\x84\x1d\xf7\xb5^\x9a\x08\x9c\xe8\
\xbc+;1\xa9\xf1c\xae\xc0\xcc\xb3\x8c\x06\xa4w\x09\
$r\xf9/\x9f\xba\xec:\x0a\x97\x14\xde4\xde\xda\xd6\
,\x1d\xe9\xd0Ky\xf5\xb9\xac1\xcd\x92\xcb\x08\xdbA\
\xb21\xed\x1e\x18\x0b\x9c,h\x8d\xb9\xbe\x0b\xf6t\xa3\
Q\xcc\xff[\xc0.\x16\xc8\xdb<\xfb\xa7\xaf+c\xa6\
\xe0(a\xe5s\xe3\x99\x13u\xeb2\xef\x00!\xaeE\
\x19*^\x9b\x91Y\xf9l\xbe\xa7\xb7\xce\x7f\x16'\xaa\
!bo\xc2`\xb0\xb0\x22\xf5\xac\xa8\x11\x81\x81?U\
et\x8c\xad\xc2i\x9e\xb3\xd5\x9c\xd9\xd3\xf2\x965L\
\xb09pcm\x00\xedU\x8b\x16a\x9c_`\x95n\
\xc4\xd3\xc11\x8d\xb6Z$\xbe&Kq\xf0z\x1b\x03\
\xca^\xaeI\xf3`B\x0b\x15\x00\x96\xd3\x06=\xa0\xe8\
\x9a\x04\xf6\x9c\xe8\x9d\xb4\xb5\xe6\x1bb\xf9#\x97\xbe6\
\xedRiIe\x9f\xac\x13j\x80\xb7\xa5\x16\xad\x0d\xcb\
(\xf1\xd6\xb0b\x08\x027\x09x6\x1e\x90q\xbb\xf5\
KJ`\x08\xa0\xe1ER\xcc\x82\x9cW\xc5\xff\x0b\xd4\
\x15\xcb[\x8b\x08\xe5\xf0\xd6\xc1\xec\xf0\xa5\xc6\x0f\xaa{\
\x9f#\x8b\xf2\x8e!\xe6_F\x03\x06\x80\x0b)\xbd\xb1\
\x05\xc6\x18\x18\xe7\x81w>|\x0e\x5c6 O\xe4\x98\
\xcc\xf6\x1d\x89\xb8c\xff\x98\xa0\x96e\xc1\x10\xecY\x84\
\x07\xbb\xa8vo\xad\xdb\x9c\xcc\x93\xc0E@6\x04\xfc\
\x96\xcf\x81\x8e\x91;\x99x\xb3L\xeay\x06\xe4\x1d\xda\
~' \x8d\x04\xcf\xa7\xd5\xb3\xce~\xc7\x9c\x1c'o\
Me\x15\xbf`\xad\x03\x1b\x1c\xbb\xfa\xa2\xe4\xbc\xd0\xbc\
\xa7\x0a\x11\x05\xf4\x1e%\x86\x06\x82\xe0?\x93\x09OK\
\xed\x7f\x1b\x22\xdcI\xd0k\x8d$\xd1@U=\xf41\
lJ6l\xb9\x83\xc2\x17\x02\xfdaO(\x99\xbf\xc0\
G@5f\xc4f\x8d\x0a\x8de\xb0\xba\xdf)6`\
\x1b\x9b\xce\x06\x88\x85%\xe3<G\x0e\x9c\xfan\x94g\
\xdc\xde\xee\xc0\xc6\xe4\xb7\x05\xc484! \xeak\xcb\
(\x09Q\xee\xfa\xbcjn\xca\x18hk\xc9^\xb2\x01\
\xc8\x00.@\xce(/h,lBz\x9c\xa0\xad\x86\
\xd9\x7f\xdb@\xf0\xe9\xd2-X\xf6\xe1\xc5j\xa4\xdf#\
\x007\x8d\xaf\xecXA\x05\x98\xbe\xd7\x85\x87\xc2}\xac\
:\xff\x81\x11{\xf5{8O@\xe0\xef\xe73Og\
\x13[1\xaa\xefC\x95\x00\xc9\x22\xee\xc8\xdc\xf1\x22^\
\xe0\x83x\x1b\xff2\xae<\x110\x8f\x02\x0a\xe0\xd0x\
$S\xf2\xb46\x1cF\xf0\x01\x181T\x02\xc8\xdf\x07\
C\xa7P%\xc7\x99\x13\xcb\xd2U\x8e\x84`+P\xb9\
;g\xc5[\xa9\xb7\xbcc\x82t<\xe0\x9c\x22\x9f]\
Pu3\x02p\xe1!\x1b mTx\xce\x0d\xdfb\
\x9fk\x0d\xb8O\xd2\x95\x06\xf4j\xa3\xdf\x1b\x0d\xe46\
-\x22\xb8\xbeRk6\xac\xbf]\xfb\xa1\x19\x90\xc6$\
\xff\xc8\x03\xa91\x8b\xfa\x0f\xba5\x85\x09E\xff\xa3\x9d\
\xd2.Ylf|\x01\xef\xf5\xb1\x0b{m\xa60\xea\
o\xfd\xb7\xfa\xbb6\xa2\x8d\xab\x10V\xe5\x5cX\x96h\
\xb2\xd3?\x1d\x02(\xdcnk\xa9\xbb\x145(\x19\xed\
\xfd\x00Q\xb1uMm\x09IY5\xeepX\xe1\xa1\
\x1a\xebeT\xbb\x0a\xca\x033\x95\xbbPX\xc5\xb7\xf8\
>\xd38+\x80'\x5c\xd3\x1c\xb2\xae\xbc\xd0\xa3,\x12\
\x02nY\x8e\x06;\x88\xb6.}\xe1\xbd\xceR\xec\xf2\
\x1eg-*+4\xcd\x85Y\x00x\xdcl,\xf4\x08\
\x96\x05\xe6\xae\xd4L\xa5\xc6U\x02h\xbd\xa4\xff\x0b\xbf\
;\xdc?\x97\xfa\x0d\x82n\xc8\x0b\x0d\x81\x8b\xfb\x1f\xa1\
\xbf\xf5\x8c\xc1\x01\xc9\xb9\xec 0\x93\xa0\x84\xcc1\xa8\
.\x86b\xd8\xc3\xd5O\x07\x80\x9d\x07\x06\x8d\x03x\xf5\
\xfe3`S\xe5\xbf\x0d\x15.H$\xcbK\xcd`\xbc\
\xdf\xf5\x83\xcf \x13\x90'\xa5\xce9&\x0a\xe3\xe0\x9a\
\xa5\xd0\x19\x8b\x07bnl\xa3N\x13\x8c\x09\x96\xfa\xb5\
Q\x98\xd4i\xb8\xd3b\x98\x9a\xd03i\xdazWP\
\xf68\x87\x05\x99\x1c8\xdf\xbd\x07\xf2\x90\xcc\xefZt\
\x19\xda\xda\xd7\xca\x87\x8e\x91\x0c\x83\x135\xfe\x5c\xf4\x92\
o\xd7\x1bH\xcb\x15w4T\xfe\xd2i\xc6e\xb9'\
\xc1\xf6\x9c-\x8bbi\xcb\x9bmJ3\xb4e\xf2F\
_Q\xc6\x06\x19\x17K\xbc\xc9\xa8Ugxum\xa3\
\xbd\xdb:\x0fA\xe34b \xc7@$\xbd\xde\xd3\x80\
\xac\x83qB\x9e\xe9\x04\xb4eR\x00\xe6x~\x12T\
\x076\x96\x09\xd6:\x87\x80\x95y\x0al\x09\x0f\x18j\
\xa0\xcdZ \x80\xf7\xb3\xdbz\xa9\x1a\x01!F\x01<\
\xfe\xd8\x87\x18\xd9\x08\xe0\xb3\xb6\x1a3\x8eQ\x1b'{\
1\x1b\x86\xab\x00)wf\xdb\xc7\x10\xa3\x98@T\x1b\
\xda\x80a\x98\x82\xf7\xf4w\xfd=\xf5\xe2B\xe1\xb3\xa7\
\xe8\x1d\x00\xaa\x91\xb0\x9c_\x10q\xc1P\x05\xafP\xf2\
d\xc2c\xbd!*\xf1\xef\x0e\xef\xc4\x0b$~~C\
\xc2z\x07C(\x19\x90s\xcd\xd0@\x02\x98\xce\x82\x8f\
\xd48\x1f\xd4.\x99p\x1eT\xed\x81\x07\x81\x92I\xc2\
\x1b\x86\xbd|9l\xb3\xc0\xadD\xb2\x00;\xb5\x1f\x82\
@\x1f\x80N\xf4\xf3O\xe1O\xf4\x16\xec\xb4\x81\xe6\xfd\
\xb5u%P\x0e\xa5\xf4{\xd6\xbab{F\xad\x91Z\
Ru\x7ff?\x01\x929;k\xfct\x1a\xa5\xea\xc6\
\x1b\x1d\xedw\xa9\xbf\xce\xda\xe2~~`\xd5\xea\xa5#\
\x02\xc5\xd0=5\x0a\xec\xc0\xd9\xe9\xcd\xfa\xb6\x9dd\x03\
~\xed\x0c0\xb8\xdb\x89^\xd7GI\x9d\xd16\xe48\
/\x08\xbf\xfc,Q\x91rjy\x16\xc0\xfa\xc52 \
\xbd\xb5Ow\x07\x00\xed\x9d\xd4\x90\xd6\x04\x85\x1a\xe6\xc1\
\xad\x83\x14\x0c\xee7\x0d\xf1\xb3\x00\x1f\xda\xe3\x01\xb3\x22\
\xf2\xd6$[\xf4\xa6\xdc\xe0\x10\x80\x07D\xc2ca\xa2\
\x05\x8c\x1a\xb8\xf5\x1c\xe5z>\x1b\xdf\xfd\xb0\xe5\x15\xd5\
\xace1\x97?\xcf~\x16}\xde\xb4M\xe06LQ\
bd\xefW\x03<d(\x8c*\xc4\xdftQDZ\
?\x96A\xe1\xf5:1U\xc4G\xc2#\xdd\xbeEb\
\x86\x8f|\x9d\xfc]7m*\xe5\xec\xbc\x80\xdc\xc8\x1a\
\x8cHl\x17\xb9\x89H\x1a\x0468\x82\x8d\x94\xddP\
%yi8\x881\xd8\x13\x97\x1dx\xf1\xfe\x0b N\
\xc4\x9eL\xdc\xdb\x12q\x09\xe0\x00\xb7\x88\x9d\x93\xb5j\
O\x87P4:2f\xe2\x94W\x9a\x09\xd7A\x8e\x13\
\x80CL\xd6\x19'\x0d\x0a{\xe3\xb1\x09\x04<\xdd\xe7\
\x02\xbc)Y\xde5\x88\x8e\xf9grg\xc2\x94\xec\x9d\
\x8b,dp\x1b\x9e\xb6\x12\x96\x18\xcd\x04r\xd4w\x12\
}\xb6\xc1\xd6\xe2\x04-\xa6\xd3Fj\x96\x9c\xde\xea1\
+\x10\xc9\x03\x80\xd8(\x97n\x0f\x80\xcaq\xf0\xbc\xf0\
]\x12\xce\xe9\xf5\xe0q\xd4\x1f6\x04\x82\xa1\x8f\xd8B\
y\x0aj\x9b\x8d\x8c\xd9\x84\xa8\x81u\xd41\xbf\x06\xf1\
\xa1:\x09T\xdc\xa7\x0c\x1d\x7f\x9fXi{{\xee\xda\
\x22(\xe1My\xe4Y\xd7\x10\xe46'\xee\xf9:\x10\
\xac\xa9gT\xfb\xbe\x06Mq\xf2\x94\x91\x124\x12Y\
8\x87 \x1e\xf5\x9e@L\x95\xc5\x09\x82\xac\x01\x89k\
\xae\xab\xf1\xb1\xff\xa2\xf2k}:\xac\xb1\x03E\xc1\x03\
\x89M\xc0\xa8\xfe\x15\xcbA\xe5\xbd\x87\x0c\x22\x0a\x03j\
7D\x0a\xecc\x13\xe8k\xcd\xca(\xf1\xd1\xca\x5ca\
\xde\x97\x0a\xcc\x1c\x18\xd8\x11\x8b\x11\x94\xc1k\x02\x1b2\
.\xba\xfe\x0e\xaf\xf0\x02\x99\x1b\x98tyJ_\xcb\x8b\
\xc5\x04\xe2\xa4\x17\x1f\x16\xad\x81\x18\xac\x0dOmrb\
\x82g\x1c0\x1c\xb3\xc2&\x13\x11\xe9p,2\xe3\xbc\
\x81\x8a\xe1\xaf\x1a\xdd!V\x19\x17\x96\xf9\xcc2\xfe:\
\xf1m B\xbb\x112\xa0S\xc9\xa9\xd7m\x14(\x04\
\x11\x80B8z'\x1fP\x8bt=\xd6=\x17}\xde\
`\x0d\x0ap\xf6=(p\x15\x86\x94\x81\xe1g\xa3\xa8\
yNgj\xfeP\x9f\x15\xf4\x9b\x8a/\xf3'\x1a\xc0\
\xf5\x1c\xb7\xa7\xd8\x86X\xde\x97\xbd\xa6\x8d!\xfd\x0ew\
\xc4\x86\x81\xbb\xd1\xd7U-\x1e\x8f\x83\xfa\x1d2v\xd2\
a\xcc\xe5\xc7\xfdp\xd3nN\x03\x8c\xf5\x0aHA\xb6\
\xb1\xb1\x5c\xb7\xc4kd\xca\xd4\x80\xd9\xea^\xe5\xa3:\
\x93Xd\xad\xbdm\xb8E7\x1f\xb4\x91\x10\x06X\x81\
\xbe/\xf2\x7f\xa2'\xac\x167\xdaP\xb2\xa1b\x1a\xb9\
\xc4w5\x14nd\x80m\xe9\x0a~\x82z\xcfG\xd9\
v\xe8\xc9\xf0\xeff2\x8a\xaa\xea>U\xa2c\xb8\x0d\
\xb6\xbc=\xd6\xb3\xae\x09\xbd+\x9c\xe6\x1f\xac\x81O\xa0\
\x96aR\xc6\x04i\xe3\xe1\xf0\x02\xa0-pm\xd5\xa7\
\x01>\x00\xec:PH}\x89\x88\x0e\x15llK1\
\x10\x83\xcf\xca\x08R\xee[\xe2r\x07\xdc\xbf\xf3\x8cF\
\xc18\x11\xdb\x84\xce.)\xe5\x8e3D\xbb\x1f\x9c\xb3\
\x91*\x87\xbb\x01\xe7\x15\xd8\x12c\x9a\xd9\x19<\xaan\
\x9f\xda\x86\xc6\xbfI\xb6\xc8K\x9b\x89<Of\xa2\xcf\
\xa4a lD\xa6<z\x82&t\x1f\xab\x04\xca\xf5\
\xde\x93^\xfed\x1fj\x9ag\x87\x87\x1c:M@\xf6\
\x91\x92KS\xdeC\x82`/`\xc4\xc9\x9b\x9cQ\x1f\
\xde8\xe3\xa9\x17#1v\x1b\x0f\x9a\xe79K8+\
\x1c9\x97\xa5'\x0b\xaf\x19\x11\xc9xx,\xd0\xdb\xf5\
t/f,,\x02\x9a\xa9X\xe4\x8fwod$\xf4\
\x1c\x8e!\xbd\xeb\x89PH\x83a\x013\x01$j\xec\
\xe5\xeb\xe0\xa1\x08\x00\x1b\x5c\x08(S\x06\x1d\x5cd\xda\
\xe6\x8e<\x13]\x87\x1c\xea\xb3\xa9nh\x8b\x98\xcb\xfb\
\xaa_\xb2J\xc3`Y\xbf\xf3s\x93\xe7\x8e\xf9\x0e\x19\
\x1b\x89\xc4\xa9\xd0\x91w\xe8\xb3\xefb(\xa0\xdc\xf4T\
\xcc\x1d\x03\xe1\xadw\x08L\x81M{V\x92\x091\x0f\
\xe1\xbe$\x03\x00!\x8a>\xc5\xc8\xc5t\xbb\xd1\x0bN\
2\xce\x15\xbf\xc9\xb9\xe1\xfe~2\x0a\xec\x0fs\x15\xbc\
\xed\x8f\xe3KOy\xe3\xe7\xe3\x02\x8c\xe7x\x15o\x01\
y\xa7\x05w\x08\xec=\x16\x09\xc4\x89\xc0\xa1\xb5\xa8-\
\x90\xb5\xc3\xc0J\xe0\x14\x18ND\xd0o\xafC\x8f\x12\
bX\xc4\xb4i\xb7\xd0\xe9\xc2?\x15\x13_\xc0\xa2\xfe\
\xab0V\xae\xee\x91\xea\xf2\xdb\xe0\x83w\x0a8\x7f@\
:1y\x7f\xfa4-\xafm\xa0\x18R\x1a-\xfa\xda\
\xbaM\x22>\xb5\x9e\xac\xbb\x99\xb0\xcd\xb6\xae\x1eyy\
\xf5\xd3\xba\xd8s\xbc\xeawKo\xe1\xaf\x170\xec\x89\
\xdb\xef\xb6QQ\xcfVk\x12f\x04Rz\xbc\xc7i\
\xd6\xe27\x04u(\xa5\xa3\x07\x8b\x01\xb1:=\x89v\
d\x81\xc6b)\xa9.\xb6G\x03\x8f\xb9v\xb7\xb3\xe4\
\x9f\x9b]\x00\x9e\xae\xf5\xc2ZtI\x8b\xa6&6Z\
aq\x10\xc6\xcd\x93|]{\xd1\x06\xd3\xd4\xd6$\x03\
\xeeJ;\xddN\xf8\xcdO\xd6\xb0\xd5=C\x0a\xf0f\
ba\xc0/\xddP\xb1\xd7\x95\xd0(\x8f\xb4\xde\x9d\x05\
^\xa6\xee\xa3\x84x\xa1\xc7<;~x\xf0ZE\xaa\
\xca\xbb\xaf\x81v\xb7\xf4|RV\xb3c\xc9\xf5\xde,\
'#\xc2\xb1[\x0a\xfb\x16m\x04U\x11 \xd0\xa0\xc8\
\xd1\x8b)\xc3\x1e{\xcf\x11\xc2\xecB\x96\xa7\xcf\xf0c\
\xa2\x8e\xe4\x0d\xc0u\xfe\xa1g\xe6H\x5c<n\xca3\
\xc0\x1e\x18\x17\xee\xea\xdb_]\xe8\x05+\xde\xce\xff\x0a\
\xcd*\x80\xa8\xba\xb8C\x00\x8f\x00N\x85\x000\x08\xc8\
 0c\x17\xd5y\x9e\xdc\x02\xb8N\xbfN\xfb\x8bm\
#\xdd\x7f\xbf\x03\xcf\x06p\xe7\xbf7\xe0\x12|\xc6\xa6\
\xf9\x1b\x9a\xe4)\xd9\xcc\x04\xce\x93\x9e\xfe\x99L\x1c\xbc\
\xb2\x89\xf9\xe6\x04\x1e\x01|z\x02o\x00||\x02\xbf\
8\x90o\x12\xf1\xfa\x04\x1e\x12\xb8\xb6\x81\x80-\xd8\x1e\
\xcbjr\x0cR\x05\x86`\xb0w\x5c\xdd\xec\xc2\xc9\xb1\
\xb57\x0f\xdd\x17\xce\xc5H\x8d\xa3\xce\x00\xa0\x0eK-\
\xbf\xa8\x02F\xa1\x10B\xca\xc8\x88\xe1L{\x0a\x5c)\
\xac\x81\xce\x17\xd0\xe4f\x0e*\x84\x04X\xad\xaf\x8d\x09\
\x9e\xca\x17\x95\x109D;\xcdI\xc0\xaa:\xed\xa2\xa8\
\x91b\xeaT\xf0\x87\x07\xdd\x98\xaawk\xb4\x93@\xc6\
\xc7\x94q\xd2`\xbe\xd5\xf5>W\xa0\x8cH\xec\xba\xae\
\x13\xe7\xb8\x8e\x0fy\xad\xa2?p\x87-\x9e\x01x\x0e\
\xec/q\x19oa\x8c\xb7\xb1\x8dw\xb1]^!\xb6\
\xe7\x18\xf1\x0c\x11w\x08<C\xe6\x05\x11;\xc3\x1cc\
\x01\xc9\x18\xc0<\x91\x93\xc7Zg> \xf3\x11g>\
\x22\xe7\x03\xe6\xf9\x80\xf3|\x8dy|\x829\x1f\x90\xe7\
k\x00\x8f\x02\x9a,\x1bX\x99\xb3\xaa\xb1 cHc\
5\xc0\x1d\x15\x9b\xf6\xf5\xbb\x22#\x8f\x06\x96\x97\x8d\xc1\
\xa4C\x8d\xb3\x0f\x03\xa2\x01p\xc1\xcb\xf1\x02\xe3\xbc\xa0\
\xb7W\x9e\xe5\xcdW\xe1\xf1\x18@\x1c\xe0\xe1Y\x0a\x0b\
H\x0b\x93\x95\xe5\xfbc\x9c:\xd9\x8f\xb0\x5c\xc0$@\
r\xc1\xa7\xe9\x035\xac\xdd\xaa`\x92\x83\x0c\xfa\xbd\xf4\
\xb7\x14T\xb8\x14\x19\x0a\x90\x96\xc0m\xe9\x9ft\xbdr\
\xdd\xbc\xeat,\xb2\xed\xb5\xdc\xc7\x9e\x8b!\x90\xfa\xca\
1\xb8\x10mLT8\xc4\xd7\xf9\xdd\x90\xb1\xdb8\x0b\
\xcc2bW0\xae\x9f\xc28\x8dM]\xd5\x9f\x19O\
\x1a\xd3-\xb3\xcdT4\x13\x00\xb8@Q\x03\xb8\xdb\xb4\
\xf4;\xd7\xf7h\x06\xcaXY?\xee\x0f\x02\xa1\xf0\xe2\
gn\xbe\xf9\xd9k\x5c?\xe7%\x1ev\x83I\xde\xf4\
\xd8\x08\xeaXO\x1b\x0e7{\x16\xebS\xffg\xb5\xad\
\xb3\x1b\x187#\x8d2/\xa2[\x81\xb2\xf8e\xe9\xf8\
}Rp|\xb7\x9f!\x8f\xd6#\xa5\xf6TL\x18\xab\
\x87\xdf\xfd\xa9\xb6\xdb\x08\xa8\xef\xd5>\x97\xfd\x0dO@\
\xc7~\x80`a\x17{\xde\x0a\x13\x84\x14x\x00u\xb4\
\xea\x16z\x7f\x90\x96\xa7~\x0e\xb8h\xcfTV\xfe\x08\
f\xea\xd2K\x97\xe0K\x90F\x00\xb1%\xce\x9c\xd8\xc6\
\xe8D@\xc5\xf3\xd7mq\x8c\xf7\x87\x12\xfed<D\
T)\xe2\xd0\x16\xc1\xb9\xe9L\xa2my\x87\xff\x89\x85\
\xdc/\xc0\xfd[w\xf2\xfe\xb3*\x00\xe6\x1d)s\xcc\
\x81\x98'\x17\xe3\x94\x94\x1d\x83\x9e\xef\x1e\xc0\xd8\xf9\xe0\
\xe3`\x11\xa0K\x02\xf3\x04\xf6\x09\xdc\x05\xf2\xd9\x06\xbc\
\xb8G<\x1f\xc8\xe7\x81|y\x07<\xdf\x09\xf0\x97\x8d\
\xdb\x0a1\x11S\x8a\xcd2D\xde\xab\x81\xf2\x9c\xce\x96\
\xa4\xdc\xc9\x93w\xee\x813\x1e#[0\x226z\xf6\
o\x0e\xc4\x11\xc8\xd7\x07\xf0\xab+\xf0\xcb\x03\xf8\xe9\x01\
\xfc|\x22~~ \x7f>\x81O\x12y\x05\x5c\x5c(\
\xcc\x80\x98!\x00\xbfK\xc9\x0dOd\x941$#\xc1\
k\x88\xe2\xc6\x05\x9cNF\xb1\xf5w2\xff\x01\x0ek\
\xdb\x1b\xa8\x98\x95\xb5\x9f\x0c\xbf3\x94\xc4\xa8\xf0\x8eB\
\x15!\xa3+S\xa1\x82\x90\x81\xb053\x00\x10\xf8\x13\
C\xdb\x01\x87\x8cZy\xb7\xb9!\x86\x8f\xa9\x05\x8a\x05\
\xc8\x81\x11;\x0e\x18\xe0\x87N\xf9\xdb\xb5\x16e|h\
\x8d\xf90\x1c\x82\x0b\x81\xd1L\xc4Z\xe9o\xe2@\xc7\
g\xee\x81x\x81qy\x0f1\xbe\x82\xb1\x7f\x11\xfb\xfd\
\x97\xb1m\xefc\xbf\xbcBl/\x11x\x811\xee\x10\
.\xabk]\xbe\xb23\xb3\xc9\x11\x0c\xe0\x90\xcd\xb6\xd9\
\xfe\x00\x8a1+\x83\xd9\xd7')\xf4\xcc+\xe6\xf1\x06\
\xf3|\x83\xf3x\x8d\xf9\xf81\xe2\xf1c\xe0\xf8\x15\xf2\
\xf1W\x18\xe7\x03\x86\xb6\xa70\xc9/\xb4\xde\x5c\xc0\xc8\
\xb5\x066\xd8\x1cr\xf1\xa2-\x16\x83'\x06\x10<\x17\
 c\x93\x01\xf0\x0a\xfby\x0f3-)Z\x9d\x9e\xb6\
\x80>\xa6X\x96\x13\x00C\x02\x88\xc4\x8c\x935#\xc6\
\x14+\xa00CL]c\x9d\xb1\xea\xc9\xd9\xef\x82\xeb\
\x93\x82\xec\x01\xc0yd,\x0e6\xea\xe0\x5c\x04k\xef\
\xa2\xba\xfc\x9d\xf5}*\xac\xc0\xb66\xcd/\x95\xedv\
T\x9c\xd6\xc0l\x05<\xc5L5}g][N\x10\
P\xc6\x82Q\xb3l\x8dl \xf7..\xb7!\x90\x15\
\x8a\xfb\x0c\x12\xdf\xa2\x7fch\x9a\xfd\xf5\x1b\x9aQ\x22\
5\xbf\x185a\xa0_\xb0S\xbf\x17KqC\x93\xfb\
\xb1\x0b\xb8\xa3\x8d\x86\xbaN\xaa\xc3\xb9\x1d\x7f\xd5\xcf~\
k\x01-\x9dZ\xe2\xf6U\xf0$\x03u2\xd3\x02\xda\
\xcef.o\xda\xb1\xd0\x8aIEQ\x9d\x9d\x1d\xb9L\
B\xf4\x00\x15\xe8;\x0e\xa3\x05\xec\xb8\x92\x01\xf2\xa6\x1e\
S\xf46\x89\x84\x05\x80\xefv\xd2\x22V\x8b)\x16\xdd\
\x1b\xd0\xf6\x8c\xa6k\x10N\x886\xc5\xc3\xdeu}\x00\
\x00\xe1\xf8\x1f\x1fNG\x93\xcf\x08= E\x0f\xa7\x94\
;\x0f\xb6P\x0c?fy\xfc'&\xb6\xe1\x13\x0e\xd5\
\x16\x98\xee\xe75\x15j\x08:\x03\x13\x04\x7fg\xfd#\
\xfa\xfa\x18:\xecF\xc6\x06#~\x013\x89t\xf44\
\xce\x03<\xf9QB\x99\x83\xdb\xdc\xb0\xd1\xb0+\xe7q\
\x0b\xc4\x058#qy\x16\xb8\xbc\xe0\x82\x8d\x1d\xc83\
uv\xc9Ne}N\xe4\x1cb\xff\x13\x98\x9b\xf2\x03\
\xae\xc0\x91\x88\x98\xdc2\xf8\x22\x80\x17w\xc0\xab\x81x\
k\x00\xaf6\xe4\xcb\x1d\xb8\x1bd\x17p\xd0\x90\xc8 \
h^O\xe0\xfa\x88|=\x11\xe7)\xa0_\xac\xff)\
-?\xe5\x1d\xa4\x06\xca\x94\xbbd\xda\xc0\xc6,~\xd7\
.\xb7\xda`8\x04\x10\x88\xbe\x0d\xe4\x17H\xb7\x8e\xb8\
Gb\x03\x1eO\xe0S\x00?\xbf\x02?~D\xfe\xe5\
\x89\xf8\xcb\x03\xf9\xe3\x04>\xd1\xba\xd9\xe1\xd0\x1c\xe2\xc2\
v\xe4\x15\xc8C!\x83\x09&\xec\xed\xa1\x04\xc7\x94'\
.\xe6)s\xd9\xe6\x87^[\xcaM\xa8\xf5\xe0\xdf\xc3\
\x87\x04\x09\xad\xd6$Ay\x93\xa9\xfa\x05\xb6\xfa\xd2\xf3\
\xaa\x04\xbd\x91*\xbd+c\xc2;\x01\xcc\x1c\xb8(\xce\
6\x029\xbd\xb5\xcf\xc0 \xcf\x16\x1b|\xc8\xcc&\x9a\
\x9b\xab\x95\xec\x80\xab\xe7\xb9\xc0\xd0\x89\x81\x1d\x972\xbc\
#OD\x1e\x08\x5c\x80x\x85\xd8?\xc4\xb8\xfb:p\
\xf9\x0a.w_\xc7\xd8\xbf\x88m\xfb\x00\xb9='+\
\x9e(\x86%\xaf\xc0yL\xccy\x22A\x96\xc0\xdb\xa1\
2\x99 \xe5\x08\xd1\x84\x19\xb3\x81\xc7L\x9c\x81\xf2\x08\
\xb9\x0e\xa4\x8c\xc5$\x85tB\x0cp7\xcc\xf6\x0c\xdb\
\xe59.\xcf\x03\xf7;\x9d\xf3\x10\x0b\x96\xc7#\xe6\xc3\
\xa7\xc8O?A~\xfa3\x8c\xd7\x1f\x03o>A\x9c\
o\x90\xb8\xf2\xb9\xac\xac%\xad\xc71$\x13\xa0P\x89\
(o\x1a\xcb\x03\x11\xbb^~\xc1\xfdx\x8e\x1d/p\
\x95'\x08\xb3\x8e\xc1\xa2@6\x04\xec\xd1\xb3>\x80>\
O`\xda\x89\x18\x04n\xdb\xce\x8d\x22\xcd vv\xbc\
\xbcw\x87f\x0a\x94\xb2\xf4!\xdf\xdb`\xc6D\xeaY\
\xcf\xb4~+\xa3@\xcb\x17b.3\xb7\xd2\xef\x86\x97\
\x06\xb0\x10\xb4D\xebq\x9f\x14*\xa0\xac-\xd2QK\
\x07\xea\x04\x1c*\xac\x90+\x027\xf9\x0ced\x8c\x02\
\xe1\x04\x95\x85Wa\x0dO\x85\xab\x97\x9c\x1f3\xb0}\
Q]\xd7\x9ezvH\xa0\xc2\x06\xd5;\xacg\xcd,\
\xe6\x11|\x8eCx\xcd#\x0a\xf3Jb\x17C\x81\xaa\
=o\xdb\xfc\xe4\xc7\x1f\xed\xbf\xce>pR\xd3\xd3\xbb\
\x0a\xa6c\x19\x94\x05\xfc=\xee\x9f=XG\xc3h\xd4\
\xb3\xf0\xae\xc0[\x97\xb7\x95\xb4n\xb5\xcate\xa9\xd5\
\x10s\xaf\xfd\xccX\x0d\xbdz\x9el\xa5J\xca\xa98\
\x94-({\xc9V\xc0\xb6X\xd4\xdc\xe1\xbd\xda\x15O\
\xea\xf113T\x9e\x7f\x19\x9b^L\x13\x10U\xbf\xc4\
>\x04\xec\x06p\xfd>\xfa\xde51\xb0c\xf5\x89\xda\
e\xe4r\xc2\xf2RfLz\xef#p \xb1\x8fT\
e;.`z\xa1\xc0\x1cL\x12\xac$fQ\xfd\xd8\
8\x0e3\xc8\x040\xe7@\xcaj#XE&\xf6\xe7\
\x1b\xb6g\xaa\xd1\xbb\x83.\xd4\xfd&\xf0\xe5\xcd1\x87\
<{\x81[\x1e4\x10\x9eo\xc0\xbb\x03x{G\xbc\
\xbd\x03\xcfv\xe0rr1\x9e\x07+\x0b\x9e'pL\
\x86\x0b\xce\x93\xdb\x05W\x1a}\xcak\xd0Q\xc0\x5ck\
b\x02\xa6\xe5$\xe8\xd1N\x19\x0a\xad\xda\x8b1\x0a@\
\xc9q\x9a\x7f\xcb\xf9$E\x92\x11\xc0\xe1\xd8\xb2d\xc5\
\x06\xd2;\x03\xf9\xde=\xf0\xbdg\xccd\x7f\x98\xc0\xcf\
&\xf0\x17\x07\xf0\xc3+\xf2\xdf^\x11?\xba\x22?N\
\xc4\xe3\xa4\x92\xbe\x0fns<@\xaf~\x07\xfb0\xd1\
\xe1\x83\x08\xe5\x03\x84\xfa\xab\x5c\x86\xd0u\xd5n-\xc2\
um\xda\xb0\x90w?0*\xf7\xa0\x12(G(2\
\x13\x16\x22=+\x81!:\xde\xef\x97*t\x5cu\x84\
\xc6\x04\xdco\xce\xedr\x1b\xb6\x1cR\xf6]\xe8\x86\x1e\
\xf6N6\x08\xdc\x86\xc6\xea\x9f\xda:\x17;\x12\x89=\
9\xf7\x91w\x00\xde\xc1v\xf7\x15l\xcf\xbf\x89\xed\xf9\
\xb7\x11w_C\xec\x1f\x00\xf1\x92\xb2v\x02\xe3\x90\xe1\
\xf4\xc0\x98LB\x84\xcaIp?'\x0at\x94&\x82\
\x04\xc3\x8egr{\x5c\xa6\xdb\x07 N\x1c\x08\x8eK\
\x80}\x1b\xe81(\xf5\xd2\x1e!\x8f\xa3\x98\x88\x9dy\
\xae\xdb\xbe\xfe\x0b\x8c\xfb;\x8c\x17\xf7\x88\x0f\xbf\x80\xd8\
\xbe\xc6\x84\xe8\xc7+\xe2\xd3\xd7\x98\xbf\xfc\x04\xf9\xcbO\
\x80_\xbdF<\xbcF\xe0\x011N\xe46Qe\xbc\
s\x94\xfe\xb3\x01\x90U\xa3\xe1\x19.\xe3\x05\x06\x9ea\
\x0e\xb3\x8fWe\xf9oHU\x06d\xa3\x0f\x02v\x9e\
H\x5ci\xf4\x8c\x8b\x05B\xa1\x80@\x86b\xfb:;\
 \xe7\x14\x8aLd\x1ep\x22\xf7,J\xc4\xc9#4\
>SY\xb2\x04R{\xa4\xf6\xca[\xdf\x1b\x94|\x10\
9\x960'\xd2\xb2\x1d\x90\xa0\xeb9\xaafj\x0d\x1e\
\xcb\xfd`\xae\x88\xcf\xbd7\xd9\xd3Nfc\xd5\xca\x92\
\xb5Y\xe1\xb7e??=\xef\xd9\x00\x12\x8de\xa5\x87\
\xcb\x93_\x0c\x14\xc9c\xd5\xb0h-S\x05\xd8\xfaz\
\x1b\x02\xb7\x08i[\xa4\xee^\xc1;\xfa>,\xbd(\
\x19-4^\xb19\xd6W\xf6\xbb\xf5\xdf_{\x1a\xa0\
\xed4\x0fWZ\x19\xa8\xf3<e\x0cm\x81!j\xe0\
\x0d\xb2\x1c\x05\x01\xa0\x1aU\x82\x10\xa5^\xaa\x0f\x1c\x9f\
\xb4\x0eD{\xdfj\x8b@\xba:Z\x1d\x1f\xa5\xf4\xcb\
 \x89\xe5\x82\x1a\xa4\x1b{\xf2\xe6k\xc7\x91\x00\x011\
\x00\x05\xee\xfa{u\xb8@\xd9\x13j\x03\xc2=\x0cO\
\xdeb\xf4\x18h\xc5l\x8c\xa1s\x15\x82\xa7\xb9e4\
[\xc0\xe4>Mi\x19\x0c\xad\xafkx\x83G\xfd\x0e\
\xd1\xfa\x18\x03gLl2\x1c\xe6\x06\xb0\x9a\xa0\x84\x7f\
\x98%\x18J\xee\xcb\xca#\x80\xde{\x9aI\x18\xa8|\
\xa4\xb1\x83\x87\xdap\xcf\x08\xf6\x97\x03q7\x90\xd7\x03\
\xb9\xcb0\xd8\x0c&\xc10@&\x8b\xf8\xdc\x07\xf0|\
G\xbc\xda\x81\x97\x89\xb8\x9f\xc0~\x028\x98\xd4w\xbc\
\x01\xde\x5c\x09\xf2\x93\x0ag\x9e\x07\x81{&\x13\x06\xe7\
dF\x7fj\xa7@&-\xf3\x94\xa1Z1w\x9d\xc8\
(y \x02\x0c\xac\x9b_\xa9\xd8\x1d\xfc\xd1u\x1e\xd0\
\xc8*\xbc\x13\xdb^\x07\xebp\xec\xe5\x81\xa5\x99\x87\x0d\
\xb8nRHTJ\xf1\xde\x8e\xfc\xe2\x1d\xb0m\x88\x03\
\xc0/\xdf\x00\x7fyE\xfe\xabG\xe0_=\x02?:\
\x11\x9ff%\x80;_\x22'XEQ\xba\xbb\x982\
D\x85\x17\xbc\x18o<\xaf\x8c\xaa\xb5\xb0.\xfeZ\x13\
>Pi\xd8K\x0f\xc4\x194\x10\xb2\xe2@\xf4\x5cv\
\x82\xb5s\x0ab2i.\xaa\x14\xb7\xbc\xd4\xb1!s\
Gl\x03#yLm\xa6K\xd7neLm<\xf5\
I\xbb0\x06\x80\x1d#\xb8\x0f\x1ey\x00\xf3\xc0\x8c;\
\xc4\xe5\xeb\x18\xcf\xbf\x8f\xf1\xe2\xfb\x18\xcf\xbe\x85x\xfe\
E\xe4\xd8\x11W \x1e\x81|L\xe4q\x85\xb7\x81\xf2\
\xe8cy\xf2\xd2CG&\xceyb&k\xdb\xa7B\
=>\x9d/1q\xc2T\x7fk\xb6\xd4\x9a\x9d\x00\xce\
\xd1\xeb\x15f\xd2\xa0\xed~1\xb8\xfdVs0FV\
r\xee\x9e4\x8ac\x06\xb63\xb1\x1f\x81xd\x18p\
l\xc0~\x17\xd8.\x81\xed\xee\x0e\xdb\xfbw\x88/\xbf\
\x83\xb1\x01qM\xc4'\x8f\xc0\xcf>E\xfe\xf4S\xc4\
\xcf?\x06\xde\xbc\x01\xc6\xe4\xce\x9amhM\xab\xad#\
da\xbc\xc0e^\x11\xf1\x82\xf57rG\x8eG\x00\
W\xf6$Nd\x9e\x981\xc5\xe6\x08\x86\xa5\xf0&&\
f\x0e\xe5b\x9c\xe8d\xcc\xb3\xe3\xfc\x83F\x14\x8b\x02\
\xb1~\xc0\x9cr\x99\x94\xe0g\xfa=e\x08L\xef6\
\xaa\x98\x8b\xf4\xa33\xfb\xf5;e\xc9\xa7u\x89\x91\x82\
wq\xd9\x91\xec\xad\x83\xac[!\xbd]\x8e\x994x\
\xd0\xe0\x09x\xe7\xc4Yz\xf7\x96\xd1\x10\xc4ghk\
\xa6\xdf\xe6\xca\x05\x0b\x16\x08\xc3*\x14\xe1]Z\x0a\x8f\
|\xae\x11\xe0\xf5*PX\x1dg!c\xe9o\xe7=\
\x94\x7f\x9eB\xa5\xb0\xe1Q\x03\x87\x0e\x8b\xaf\xab{\xf5\
\xedu]z\xec|\xbb\xc6\xdf\xe3\xf0W\xfc|\xf6,\
\x80\xc5\xd82h\xae\x0a\x94G\x86f\x11\xf0\xa1=\x8f\
\xae\xd9R\x00\xa9[\xedI\xb7\xcd\xa5G\xf7\x88\x97a\
Qg\xd3\x9b\xb2\xd1\xc5&\xf6\x1d\x90^\xe3(\xa4F\
\x16{g1xj\x1bbM\xac\x0d\x10\xd4\xbd.\xcc\
\xe9x\xbd\xdb\xdfVU\x0ff,\x13\xb7NZ\xe1G\
\xb87m\xc3U\xec\xcas\x1b6\x10\xb2\xfaX\xfb\xf1\
\x07\xb0\xeeh\xe0\xbe\x7f\x1f\xf0\xc2\xbf1\xc0\xe3_\xb9\
?\x0b1\xa8\xb7Y\xd1O\xfdrn\xd0\xe6\x98\xbf\x0d\
\x00\xc5\xf0\xc4\x12\xe4\x00\xe6.\x86e\x08L\x07\x90\xbb\
\x0c\x91\x91\x98;\x80\x0b06`\x5c\x08H\xe3\xc5P\
-\xff\x83\x14\xf6\xbd5f2)\xef\xd9\x06\xbc\xb8 \
\x9e\x07p\x97t\xdbp\x02\xb8\x22\xcf+\x8f\xfc\xd5!\
B\x91L\xba\x9a\xe7\x04&\x93\x96\xe6d\x18!\xce\x93\
\xe1\x05\x9eUK I\x82\xa4\xb7\xe3\xa5\xbc?\xc8\xfc\
\x8b\x04\xa6\x8d\x03y\xb6\xb5\x8e\x96m1\x5c\x18\xb3\xd6\
\x9b\x17Ne\xda\x1e\x87\x85\xc87\xb7\xec\xed\x1at\x95\
n\xb5r\xc2\x83\x00\xf3\xb2#\xf6\x0dx\xf7\x0e\xf8\xe0\
\x1e\xf9\xbb\x81x} \x7f4\x81\x7fyE\xfe\x8bO\
\x90?x@|\x9c*\xc0(\xa1\xf5\xc1\x9b\xaa\x1bP\
\x05\x08g\x7fo\xe7\x8b\xc5\x82$W6\x04\xb6\xa1\x03\
\x84d\xdc\x98\xa2\x9f\xf6\xe7-\xcd\xc3\x82X\xc0\xee5\
\xc8\xf8\x12\x15_L1\x0690T0\x08\xe9\xeav\
\xce\xa0w6\xfdFCc\x06\xb6\xd8\x81\xdc\x90\xaa\x0a\
8b\xd3\xce\x8d+\x80;\xe4\xdd\xb7\x11o\xff>.\
\xef\xfe\x0e\xe2\xad\xef \xf7\xb7\xc8J<\x00x8\x11\
\xc7\xc1\xfe\x1c\xe0\xb1\xce2\x92\xe6) J\xd6\x96?\
'\x89\xeds\xf2\xe8\xda\x89d\xc9\x08\xb1\x84NH#\
q4E\xff\x97:F\x06C\x1e\xbe\x8f\x9e\xf6\x84\xcb\
\x1d\xa7\xce\x22i\xb6\x8d\xebl\xd3y\x15\x98\xe0F\x18\
\xc9\xdd\xc8@\x9c4\xeec\xe3\xe7\xfb#0N`\x7f\
L\xc4\xeb\xc4eO\x8c\x0b\xb0?\x1b\xd8\xdf\xbb\xc7\xf6\
\x95{D|\x01\xf8\xf8D\xfe\xf0\x01\xf9\xc3\x07\xcc\x9f\
=b<\xa8\xe6\xc7\xe5`n\x8c\xe6\x16\xdbs\xec\xdb\
\x15{\xbc\x04\xbd\xfa\x1dT\xe3W0\xecq`\xc6\x95\
P\x9a\x07\x9c4\x9cy%\x98\xe3\x10\xd39\xf9\xf7<\
1-\xdb6\x8cX\xfd\x9f\xba9\x04\x9f*\xf8\xc3m\
\x99\x02\xf9\x90\x01]\xc5\x80\x1a\xee\x1a\x8e\xb8\xc0\xec+\
\xd5\xd8\xeb\x0f\x1aY\xb3\x80\xb4\xb0\xc2\xc9Z\xd9\xcf\xaa\
3\xf1\x82\xc6\xc8z\x9e\x0b\x1fk\xeaf1B*\x84\
\xd13_m\x13\xab[\xea>\xd6\xb6\xdf(\x0atR\
\xfa\xe2D\x86a\xa5\x8d\x86\x0e\x22\xf9\xfb6^\xc29\
i\xcb\x18\x84\xdb\x0d;\xad\xd9\xa9\x147\xb0_\x0dj\
vH\x98V\x8e\xb5\x1dp=\xbd\xec\x9f\xbe\xf93?\
\x9f5\x00\xaa\xdf\xd9VP\xf7\xbd\x98\x91\x02U\x7f\xae\
\xb7uf&\x16\x00\xd7\x1f%\x00YVP5W\x9e\
??\xa9\xf4<@\xf1\xaa[c`\xb5O<A5\
\xecu\xad=\xf1\xf2\xa6\xfc\x0e\xb5\xd5\x15\x023\x80\x91\
++\xe1G\xb5\xe1\x82`!\x1e>2\xebU\xdd5\
{\xff\x8bBw\xe2\x1d\xccz8\x96HK|\xd3Z\
\xf2\xfe\xfc2z\xca\xb3\x07\xd6\xad~\x0e50A\x10\
\xdaZ\x07x/\xff\x1c|N\x9a\xa6\xac\x22>\x02\xf8\
\xc5\x8b!\x95=x\xcfH\x9c\x9b\x0a\x03\xca;\xb5\x91\
\x80\x1d\xc0\x1d\xb1n\xbb\x0f\x8c\x99\xd8_\x0e`\xdf\x19\
\xcf\xbe\x1f\x88\xe7w\xc8\xbb\x1d\xf1|\x00\xcfvz0\
\xb8\x22\xf3\x01\xc8+\xf2\xb8\x82\xe4\xab(\xc5\xbc\x22\xcf\
\x07\x1a\x01I\xe0\xcfs\x22\xcf\x93\xe3o.\xf7\xb4;\
\xcc\xf1w\xfd\xd69\x13\xde\xd0T\xb9\x17\xa9\xd8\xbe\xe5\
\xcd\xd3\xa8\x05\xa5\xa8\xbeu\x0a:\x06\x18e\x18th\
\x07\x8b\xac\xd8`\xb4\xd4\x0f\xe6\x22\x8c\x00\xe2\x10=\xa2\
\xad`\xe0X\xe6\x9c\xc8c\x07\xce\x01<\x82t\xf9\xb6\
\x01_\xbd\x00\xdfz\x0e\xfc\xc9\xdb\x88\x1f\xd2\x10\xc0\x7f\
\xfb\x09\xf0gW\xc4\xa7P\xd5?p\x17\xc4\x19\xa6\xc1\
\x9a\xc6\xa7\xfe\x96\xf1\xe3\x90\x84\x04H2\xcf\xed\x80\xde\
\x150z\xe7\x82\x12DB\x13\x9c\x0e!\xa4=\xdf\xad\
\x16Q(\xc6\xcf\xd0\xdb\x00\xad@ \xe6\xa0\xc79\x07\
\xfb<7 .h\xbah\xc3\xb6\xb1j]\xed\xa9\xd7\
\xd6\xcd\xb9\x7f\x19\xf1\xce\xef \xde\xff\x9b\xc8w\xbe\x8b\
\xbc{\x01\x5c\x81x\x0d\xc4\xa7\x07\xa6\xb7h\x9e\xa9\x03\
\x9a\x80<'\xe61\xf9\xdf\xc9}\xec3\x09\x18\xe7L\
~\x06\xe88[\x01|\x06N\x9d\x03=\xc1\xec\xf5s\
\x01&\xea\x03\xad\x17\x1d\xca\x95\x08y\xc4\x04\x7f\x87\x02\
!C\x029\x91\xe7\xa8u~\xcaxh\xfd3\xb0\xa9\
rdh=\x856\xe1\xef\x17\xa6\xbb\xf03\xe0\x92A\
<?\x13wo\x12\xdb\x96\xd8\xee\x81q\x1f\xd8\xbe\xf3\
\x1c\xe3\xb7\x9e\x01\x0f\x89\xfc\xc5D\xfe\xe5\x09\xfc\xe8\x8a\
\xfc\xf8@\xcc\xc4|\x06`\xbf\xc7\x96\xcf\xb0\xe39\x98\
@x\x80\x098:\x1d0\x0f\x84\xb7\xe6(6X\xc6\
Q\x15f\xe2y\x01J'![\x02\x81\x9c\x93\xab#\
\x00L\xe5Ml\xa5\x97\x0c\xa6\xe9,V\xb3b\xe1=\
\x10\xb4R\x9b\x11u\x1e\x16\x9f\x972\xc2\x08xZ\x89\
\x8a\xbb\xfb;\x03\xab1\xc4\x8c\x83\xc7\xbbaIF\x88\
f\x91+\xd4@\xa1w,\xd8T\xf7.\xf9ce\xe0\
\x97\xa1\x81\xc5P.M\x81>\xac-n@\xdch\xad\
\xb7\x15&\xb8\xea\xe1\x1aZl\x13\xa9_\x0bIjU\
'L\x94\x03\xddm\xc0\xd2\x0f76\xaa\x8f\xd0\x98\x0d\
\xd3\xd5f%\xcdF,\x90\xf6\xf4\xe7\xe6,\x80\x92g\
uF\xce~\x03>\xb2\x06\xc9\x17{\xdf:l\xe2\x85\
[\x8b\x9b\x17\xaft\xbb?\xbfYD\x81\x9bAv\xf2\
%\xefs\xb1 \xb5'\x16Y\xb4ya\xcb$<\x00\
\x12\x90\xf4b\xf6\x8b\x97\xeb\x97\x1fg\xda\x03Xh\xf6\
D,\x02V\x02#\xe1\xcb\x02\xfe\xd0v\x99\xf9\xc4\xf8\
\xe0;\x87'*\xacs\xc5\x22\x0c\xb6\xadh$\xa3\x97\
h\x7f\xc6\xe0\xc5b,\xf9\x00\xa3\x80\x9a\xa1\x03&T\
\xcb2^\xe2\xfagL\xec\x03,e\xeb\xa3\x97\xd57\
\xe6\x12L\xb6a\x0f\x81~\x8a5\x00\xc6\xae\xdc\x82-\
\x90\x17\x00\xcf\x80\xf1\x0c\xd8\x1e\x13\xdbK \xee\x06\x10\
\xcf\x10\xaf\xee\x80\xedD\xec'\x22\xae@\x12\xd8g^\
\x91\xa2%g\x1c\x988\xe8\xe9\xe7\x81\x9c\x8f\xc8yE\
L\xd6\xe4\xcd\xf3\xe8E\xa5\xf2\xc0\x91\x09\xd7\xd8\x07 \
:\x9e\xf3IC?j\xbcV\x9a+\x0c\x98\x12Z\x86\
v\x0d\xfcZ,\x89\xf2\x1e\xbcfx<5\x055\x86\
b\xa37y)\xfa\xc5\xef\x9b\xc9$\xcc\xbcR\x09\x0d\
\xc9\x8a\xe3\xa4\x99\x04`)\xc8<\x03\xc8\x0b\xf0x \
\xf6\x81\xf8\xe8\x82\xfc\xf6{\xc0\xdf\xfd\x02\xf2\x07\x0f\xc8\
\x7f\xf6\x09\xf0O?F\xfc\x05\xe3\xb1<@I\xba\xf5\
\x08\xee\xe8:\x05\xf8L\xec\xa6\xdc\x98M\x9d6\x04\x16\
\x83)\xb5>\xdc.e\xf9Cc\x9b:\xdd\xaf\x0a\xf9\
l\x0a\x0b\xcc\x00\x0f\x00\x1a]^\x18\xde\xae7\xc0\xd8\
>\xb7\xa6\x05vtf\xe9\x1dt\x14$\x93\xe1\xb6\xaf\
 _}\x1f\xf1\xce\xefc{\xfb\xaf!\xef\xde!{\
\xf38\x11\x9f\x1e\xaa\x16\x09z\xcdG\xaa\xd6\x83r;\
\xce\xc4<O\x9cgb\x9e\xdc\xe92\xa5(\xe9\xe5\xeb\
\x00\x5c)u\x95\xc3)\x8f>0\x18\x16\x90\xee)\xc3\
n\xf9\xfbL\xb1j*\xbe\x93\x13\xf4\x86\xadW\x82\x0c\
\x80\x8d\xf9L\xc0't\x02\xac\x87\xc0*\x8f\x13\xc3I\
}\x9b\xd6\xe2\xa0\xa7\x7f\x1c\xac\xda\x18\x9b\xc2\x04\x994\
\x00\x92\xc6\xc0\x05\x81\xfd\x01\xd8\x0f`{=\xb1_\x12\
\xfbs`|i \xbe\xbe!\x1f.\x88\x9f&\xf0o\
\xaf\x88\x9f\x028vl\xf1\x02w\xe3m\x04>\x05\x86\
\xf6\xb2b\xafu6\xb1\xe3\xc4\x89\x19;\x12W \x0f\
\x86\xfd\xf2*pW%@\xd5\xfe\xef\x18\xfb\xd4y\x00\
\xd6\xbbB\xa2P\x22n%\xf9-( #\x8a\xfa8\
k\x8bi\xa6C\x0f\xb20\xb4\xddM\xda\xb7\xa1\xd5\xde\
<h\xec{\x9e\xacw{\xcd\xb5\x03\xd5\x8b\x9d\x8eQ\
)V\x17\xc1\x80t\xe1\x02\x9a\x06\xfe\xd5\xc13{\x5c\
\xdf\xaf\x08\xbdx\xd3\xf5\x1d\xe2\x16\xd3\x0c\xd8P\x08\xb7\
\xae\x97\xcb\xa0q\xe8m\xf8\x8d\x1d\x8b\xadP\xec\x82C\
\xca6@n\x12\xe6Co\xb4\xc1\xae\xf91\x03\xd1\xfc\
\xf5\xd2\x8f\x7f\x17\xff\x8f%\x090\x9e|A\xeab.\
1\x97n _\x1a^\x17e\x1ct\xa2\xc32\x90\xfd\
@\x8dN\x14@7`\xfb\x1a\xbb+*\xedi\xca\xc7\
\x03j\x8bK\xdez\x0d\xb7\xdd\xfa\xb2\xdcE\xb7X\x08\
4\x82e\x84\xb4\xe1T\xba\x92\xf7h\x18o@\xc5\xb1\
(\x7f\x97r\xb8xAT\xfc\x7f\x0a\xcc\xad`Pa\
\x812.\x04X\xed\xe9C\xde\xbb\xda=jx\x16f\
@\xa1\x80-\xb4s \xf4\x5c\xc7\xef\xc18\xfdH&\
\x05m6\x18\x18:\x98\x038\xd4\xae}\x8b\xca\x03\x98\
b\x04\xb0\x01\x87\x8c\x80}\xa7\xb3\xb7]\x82\xf9\x01\x1b\
\x80\x8b\x92\xd5\xee\x80\xed\xd5\xc4[\xef\xefx\xf9\xddw\
\x81\xbb\x97\x88\xbb\x09\xc4'\xc0|$\xe8\xe3@\x06\xff\
\x0b\x5c1\xe3\x8a3\x0e\xccIz\x92\x81q \xc1\xf3\
\x03\xaa\xa2M\xc9\xc8\xac\x0c\xf8:&t\xb6\xfc\xd9\xeb\
\xdd`\xbb\x80\xf3<,\x1d\x03T\xca\xc9R\xb7\x01`\
j\x8f\xd7\xb0\x9c\xd4\xbb,\xcb\x01\x1f^\x95:\x17\x00\
*\x94\x03\xc7\x0b\x17\x0a\xb3\x14JM\xb4h\x07\x07\xf0\
\x87\xa9\xcb)\xe3\x82\xb1t\xc0q\xc4\x01\xcc\x0d\xf9\x90\
\x88\xc7\x81\xdc\x06\xc6w^\x00\xdf}\x1b\xf9w\x1f\x90\
\xff\xcd\xaf\x80\xff\xea\x13\xe4\xbfy\x03|\x02\xc4\xbe1\
\xf7\xe2\x0a\xe0\x08\x15W\x22\xcb\x13\xa7\xe4\xda\x86LB\
\xa0\xea8\xa8\xe2\xffJ&\xb4\xf0s\xe7\x00\x050%\
\xa8\x05\xf4J\xec\xa3!\xa0,\xfe\x19\x00vdl\xf4\
\xfa\xed\xf1\xc7\x8e\x98w@\x5c(\xcb\xe7\x89\x9c\x17\xc4\
\xfdo!\xdf\xffcz\xfb/\xdf#\xbd\xff\x09\x80O\
\x0e\xee\x02I\xf5#\x138N\xcc#\x11\xe7,\xf0/\
o\xffT\xec~\xce\xf2\xd8S\xc5\xa32\x98\xd4g(\
\xa21\x00\x19\x04\x03\x99\x87\xa2%\xec\xe3\x0a\xf4\xde\x84\
\xe6\x027\x87\xb7\xa1I\xb1\xba\xac0$\x87\xd6u*\
\x8e[\xba$\xb5\xc0g2\x84\x90\xce\x07\xd8\x18\xa6\x9b\
\xaal\x19\xbb\x00rc\xbe\x0fGS<I\x02w2\
\x0a\xf6M\x84\xdb\x04.\x0f\xc0\xbeO\xc4\xb3\xc0\xf8h\
\x00\xdf\xbc\x07>\x05\xf2g\x89\xf8\xc13\x5c\x7f\xfee\
\x1c\xc7/1.W\xc4\xf6\x1a3_#\xe3\x01\x89+\
D\xa2\xb4\x91\xe4\xf6\x07\xc7c\xc6\x01\xae\x88\x13\xa4\xfb\
\xf9\xbbu\xd2\xad\xa1D\xb9\xcap\x9e\xd5!|\xd9\xe0\
\x98\xb5\xbd{n7\xb4wB\xef_\x0b\x17\x1d\xe7\xb7\
\x93\xd4\x8c\x8cO\x11\xb0RnHv89\xea\x93Z\
\xbc\x85/\xa1?\xb9\xb6|\xe8\x8e\xcc\x8b\xba\xa70\x00\
P\xd8\x1a\xfd\xfeD\xbfq\xc8P\xbc1\x1c\xd46\x19\
\x06f\xabo\x95I`\xbd\xe3v\x8by\x7f?\xb0b\
R\xc3b1\xe8\xeb\xab\xa2\x9fj@YK\x13W\xf3\
}O1\xd32R\xed\xc1?\xf9)\xa3\x06\x9fS\x08\
\xc8\xd1\x93\xf38[9\xeaA\xb9L\x8dx\xd2\x1e\xe8\
D\x0f\xfcP\x02N\xce\xdb\xb7\x19\xa4\x01@\x0a~>\
\xf1\xf8\xc7J\xc3\x16\xe8Z*cQ\xc0z\xb3\x1f\x17\
n\x9b^\xe8\xf8\x91\x85\xbaG\xb9G\xd8\xf7\xf8Y\x98\
5\x98\xa3\xe80\xbe\x9f\x82a\xd0\x07J,WZ\xdd\
 \xbf\x8c\xd3\xa98>\x9ce\xbcx\xf2\x11\xb3\xb2\xfe\
\xe1u#\x81!m/\x1a-\xe4\xbc9\xe6\x8f\x93\x82\
\xb01N87n\xb3\x1f\xca\x038#\x90\x83;\x02\
\xae\x11\xaa\xb1C@\xdfC\x8ah\xe7\x982\xe6\x0f\xe0\
\x0e\x88K .\xac\x5c\xb7\xdd\x05\xf2.\x81{`\xbc\
\x0d\xbc\xfa\xe89>\xfc\xcdw\xf1\xe2\xcb\xcf\xb1]\xde\
A\xe6\x8e\xc8_\x00\xf9 \xc5xb\x82\x9e?\xe2\x11\
\x19'&\x1e\x91\xfa.\xed\xb6rT\xb8P=\xb7#\
\xb9k`\x80\x89H\xc9\xaa\x86\xc7A\x03p\x8c\xa0G\
\x98\xca\xffM\xaa\x89\xda\xc0\x17\xa9\xc4?*\x02F\x0b\
:\x06f\xc6\xa0sj8O\xa5X2\xebTF\x84\
=>)\xf8*U\xc6\xef\xb2N&\x94llb\xa6\
\xe6\xbc\xa9\xcdOPM \x0e\xc4\xb8\xd33\x0eh/\
\x08\xe7\xd8\x8a\xf0\x93\x03\x18'\xe2\xe5\x05\xf8\x93\x0f\x81\
\xbf\x99\xc8?}\x03\xfc\xdf\x7f\x06\xfc\xbf\x7f\x85\xf8\xd9\
d\xd1\xa3=h\x04l\x12h\xb3\x02\x8e\xcd+\x7f\x80\
\x8bi\x90\x86\x9ek{h4p\xfd\x9a\x9d\xd0>\xf4\
p\xd2 A>\xe7\xc6\xc4\x8f9\x80\xb1!\xf3\x82(\
\x83`\x00qA\xe0Bc\xe2\xb8\x22\xf3\x15\xf0\xf2\xf7\
\x90_\xfc\xbb\xc8\xf7~\x0f\xb8\x7f\x86x\x03\x8c_\x9e\
<\xe7\xe1\x90\x10O(\xbc\x93\x0c!\x1d\xf2\xfc\xe6\xc4\
\xbcN\xcc9q\xe6\xd4n\xce\xa9\x8a\xf54\xce\x8e<\
9\xcf\x01\x9c\x93t\xf2)\x03\xf2\x0c\x15\x15\xb7\xfe\x90\
\x1e\xf0^\xf7\xda=\x94\x8e\xf3.!=8\x1b\x04p\
V\xd0\xd4}unA\x003\x86\xe0\xd2\xe1\x85\xd6\x1f\
\xad\x80)+s\x09E\x8f#\x15a\x09\x1c\x8a\x1e\x1d\
\xc1\xdc\x80\x81\xc4c\xf2\x5c\xad-U\xed?\x81K&\
\xff;\x81\xbb\xc7D<\x0b\xe0-\x00\xbf\x95\xb8|{\
\xc3\x17\xbe\xf8\x1d\xfc\xfc\xcf>\xc5\xc7\x7f\xfe\x80\xc7\x87\
\x9f#\xb7\x9f!\xc6/\x90\xf9+\x9c\xce\xdc\xd7\xea\x9b\
\x19\x22\x7ft\xe0\x10\x06\x99\x02\xd5{\xc88\xe1J\x8e\
\x06!^7U I\x00\x0b Y\xa9\x0aPU@\
\x1f3Ll\xb4\xfeS=\x02\xe7\x08\x80'\x05\x16k\
\xea\xe4\xc1B\xd9\x0e\x19\xf3\x13;T\x00\x0b\x19Y\x0f\
Z\xb7G-\xc9>$\x88\xda\x80[\xad\xb3\xe6\xda\x09\
\x81\xa9\x13-\xf8\xba\x90q'\xbc\x10\xb0\x87\x94\xb01\
'\x17\x8c\xbb\xc11\x83\xb8\xf1$d\xb6d?\xdb7\
\xf4\x8e\x00\xfe\xee\x1ai6\xac\x0a\xae\xd47'\x01\x1b\
\x0e\xccbx\xc7\x06q#n\xc6\xcfN\xab\xdbi\x06\
\xa2\xaa-,\xc6\xca\xf2+\x80\xcf9\x0ch\xfda\x96\
\xedRz\x91M\xbc\xcd\x88\x5c\x95\xaa:\xeaxF\xde\
\xbc\x99\xa0\x1c\xeb -x\x9cz\xc6\xed\xbb4\x89~\
~\xf4\xe4\xc72\x89\xb71\x9b\xc5\x9a\x22\x92/M\x10\
U\x03[h\xf4 9h\xd9/\xae\xe1\x15X\xbbO\
6\x0a4A3\x1adJ\x08\x00\xc0\x859$$.\
\xd0\xc3\xea{mX\xc4\xd6\xcfs\xa5\xbf1\xa4\x8c\x8b\
\x15H`\x0c\xf8<\x00{\xfcQ\xcf\x14f\xd91S\
_\xc8\x18\xd0\x1b9G\x8a\xddM\x9c;\x93\xd8\xe6\xe0\
5\xb1\x03q\x01\xc6\x1d0\xee\x02\xe3\x12\x88}\x22\xef\
\x13\xf7_\x19\xf8\xf2\xb7\xdf\xc6\x87\xdf|\x1b/\xde\xb9\
\xc7\x16\x81O\xe7\x81O\xce\x07`\xbb\x02I\xff\xe1\xc8\
\x83\xd4)f\xd1\xb2\xf6A&\xb4E)\x13\x99'0\
I3v\x1a\x85\xad\xb4)\x99\x10\x8a\xceY\x0b\xd4^\
\x1c\xb3\xf4\xbd\xe8\xb3\xa7k\x92\xf6m{\x93\xe0;J\
Fm807\x22]c\x1f\xa2\xeau\xf8\x0b\xf4z\
&\x03\x86\xc6^\x8b\xec\xa4?\x99;\xc3\x12d5\xd7\
0\x85\xad8\x02AS\xce\x01\xed\xf7@\xd7\x8b\x17\x0a\
\xcb\xeb\xe6m\xdcU\x81s\x00\x97;\x8c\xef\xbd@\xfe\
\xf6{\xc0_< \xff\xc9O\x90\xff\xb7\x9f ~p\
\x00\x9b\x12\x0c\x0fuv\xdft\xf2!\xb8ePY\xfc\
}\xb6AT\x9e@L\xa9\x15\xd3\xfc.\x0e\xa4\xb0E\
\xc4\x8e\x04\xcf\xa8gM\x87\xa1D\xc7\x9d\xe0?v`\
^\x10\xdb\x1d'\xef\xf1\x04\xe2\x03\xe0\xfd\xbf\x8d\xf8\xf0\
\xef`\xbe\xfa\x0ddl\x18o&\xf0\xcb+p\xdd\x98\
\x90x\x86v|$\xff\x9d\xc9$\xcbsV\xa2\xa6\x13\
\xfc\xaalmvm\x8dT(`(\xccuf\xadN\
\xb1]4\xda\x0c\xcc\x1c{\xee\xed\xa7\xa2\x95\xe7^^\
h\xeb\x042\x09\xe8p\x8f\xe7-\x98\xffp\x8a\xfd\x19\
\x11b\xfe\x86O\x92\x96\xbe\xca\x06\xbe\x84\x98nJ\xe7\
\xb0c\xbb\x90B\x19\x13c\x06\xf6!\x03q\x80\xd0\x94\
\x89\xf3\x84\x92s\x13\xc7\x0c\xdaI\xc14\x8a\xed\x9a\xd8\
^\x07.[`\xee\xc0\x8b\x8fv|\xfb\x1bo\xe3\x93\
_L\xfc\xe5\x7f\xff.~\xf2\xa7_\xc4\xf5\x93\x1fc\
\x1b?\xc6\xbe\xfd\x14\x89O1\xf1\x06\xac\xeex\x02q\
\x01Y\xb8\x0d\xcc\xcfav\x7f\xe6\x81\x94\xa1\x9e\x01\x9c\
y,\x003\xc9\x9cH\xb3\x9a\x09!\xf5=@#`\
\x94\xbe\xf4\x91\xe4\x1aX\xcc<\xe0z-\xae\x1fC\xb6\
jc\xcd\x09c\x8b\xc3U\xcb|\xad.\xb6\xd7\xd1\x02\
6=\xde\xabS\xb7|_\x98\x91\xe6\x81\xac\x19d\xa8\
x\xbd\x17\x145_\x90\xebw\xbe\xcfj*\xc1\x1a+\
\x8bg\xed\xfbn\xc15\xab\xede\xb7d_w\x03\xdf\
\xc2F\xef\xaa\xf33\xe3\xa6]r4\xaa/\xe8\xa7\xd4\
\x7f\xd6\xef4\x0a\xeb6\xb2jU\xff\xf46\xc0\xa7\xdf\
\x04\xbd1z1\x1e\x98\xb4$,\x83\x1eOz\x14\xf5\
\xb1\xdf\xbb\xd2\x1b\x8b\xd1SB\x05\xe8zw\xd5\xe0\xfe\
\xe4\x9e\xd5\x92JY=\xbd\x173Q\x94m\xfd\xbe0\
\x04\x83\x0fh\xa3-j\xd0\xfc\xb7\x8b\xeaT\x0c&\xa2\
O\x17\x5c\x8c\x0b\x83Q\xc7b\xb2\xf4\x7f\xd6\xdf\x9a\xf9\
\x00\x1c\x9a\xa8\xf3\xaa\xd7P\x81O\xe13\xad8T\xcc\
S\xc0N\xba\xbes\x010\x1a\xdc\x0d\xea3\xc0\x18d\
\x04\x8b\xa3Db\x8aY\x18#\x91[`\x0eR\x91\xd8\
\x81\xb9'\xdf{\x09\xe43 \xef\x13\xb8\x1f\xc8\xcb\xc4\
q\x01^~i\xc7G\x7f\xed]|\xf8\xcdw\xf1\xd6\
\xcb;d\x9ex}>`\xcf\x893\xaexD\x82%\
RO\x5c\xe3\xca\x1d\x09\xc1\xfd\xdcd\x02\x94\xce\x1eN\
\x22\xe2\xb6\xa8\x09(\xbe\xaa\xd2\xab\x07K\x1a\xd7\xf6\xbb\
l\x01>2\xb5y\x81\xfd+9\x0d\xd4\x0e\x92)\x96\
\xc7\xb6P\x82\x0a8\x10\x0c\x85\xc8X\xc8\x04\xc6\xd6\xb1\
\xc9\x08\xc0\xa7=\xa2@\x5c\x0aj\x9a\x0e^\xc59y\
X\x91\xb6\xa2a\x04\x93\xfa\xce\x039\xc5\xe2(\xf6\x89\
SA\xf9\xd1\xc5R\xd6\xedB\x81\xa9}\xd6C\x0bA\
\xa1\xaa\xe9\xea\x92W\x02\xe6\xa7\x13\xd8\xee\x80/\xbd\x05\
\xfcg_D\xfc\xbdO\x81\xff\xeb\x9f\x22\xffO?\x07\
\xfeT\x8a\xfcn0\x91\xee\x0c\x86\x81\xb7\xce\x0f \x0d\
\xc2\xc3q\x92q$\xba\x9d>x\xe7T\xa9\xd9\x8a#\
m\x166`\xd7\x16\xbe\xdc0\xf2\x02\xd3\xfd\x00\x81?\
\x1f\x1f\x81\xf9%\xe0\x83\xff!\xf2\xa3\xff\x10\xe7[_\
\xc3x\x00\xe2\xcd\x89\xb8\x1e\xa4\xa3\xae\x83\x1e\xfe\x99\xaa\
d8Y\xf5\xf1L&|N\x22bh~\xec\xd1C\
\x06\x9a\x1cP\x9c\xf3\xe0N\xc8m\x14\xcd\x1f\xf0\x99w\
\xaa\x0bR\xea\x87\x8b\xb3\xb6\xfa\xd9\xa0\x94\x82\xa3\xc7\xca\
\x85\xcag-\xe1E\x01>\xbdQU\xec+\x1d5\xe4\
\xf1K\x11\x0d\xaec\xdbW\xd6\xb3Sza@\xa9,\
\x17\xeb\xd1,\xcfoh7\xc1\x81db\xdf\xa4Sb\
\xe2&\xc1\xdd\xab\x03\x81\xebL<\x04Kl\xec\x93l\
\xc08\x03\x8f\x09|\xfa\xab\xc4\xc3%q\xf72\xf1\x8d\
?\xdc\xf0\xfe_\x7f\x85\x1f\xfe\x9b\xb7\xf0\xc3\xff\xef\x87\
x\xfc\xf9\x0f1\xf0\x13l\x97\x9f\xe0\x88_ \xd3\xd5\
\x14\xed\x87o`8N\xa1\x80\x04\xd7o0<D\x16\
O\xb1u\xfb\x919\x0a\xb0\xbb\x96\xcbh\xe0\xd0\x01S\
\xae\x14\x18q\x16\xf8s\x19\x8d\xd6\x7f)]\xe0\xe4?\
\xc6\x9e8\x8fy\x96\x03I=\xca\xca\x81v\xc2<\xfb\
\xfd\xc3g\xf6\x9ez\x07\xdc\x9f\xb0\x0c\xba6\x91\xdc\x1a\
m] \xe3\xad\xa0yAl\xa9\x17\x18\xb1\x0ai\xb2\
9\xa6\xc28\xf7t\xc1Q\x8aC\x7f`\xfa\xde\xd5\xff\
\xdc\xba\x056o\x9eE\xbb'KvQ\xd8g\x13'\
[\xf1A\x8b\xa7\x9e\x19\xc2\xc0\xcf\xff\xf1;~\xed.\
\x00@\x14\x88\x94$ \x0b\xdb\xb1\x05?\xa6\x8d\xa9\xa5\
\xd7\xfa\xd6\x0d_\xe4\x04@-t?\xc2\x15\xd0\x9c\xbc\
C\x9aU1\xf9\xaa\x85\x8e\x9b\x09`13\x8a\x82s\
\x9e\x99\xd5\xbf\x0cH\xd8jZz\xed\xbfn\xe8\x9bn\
\xf3\x8d\x11\x12\xc0t\x18\xc2m5\xf8\xfb\xe0\x9d@\x03\
\xfdj\x08\xf8\xd9Cc\xe9\x99V<\xbf\x8a\x0e)4\
PgX\x8b\x12G\xa4\x0a\xba\xd8h@\xebh\x1b\x10\
\x1b\x81?d8T\xf8ME|\x86~grR\x00\
\x17\x00{`n\x00\xb6\xc0\xfe<\x10\xcf\x13q\x0f\xe0\
\xc5\xc4\xf3\x8fv|\xf4\xdd\xf7\xf1\xa5\xaf\xbf\x8f\xfb\x17\
;\xe6\xf9\x80_\x1e\xaf\xb1!\xb1\xe1\xc0\x19W\x1c\xf9\
\x88\xc7\x988\xf3\x0a\xe8x\x90\x19\x13\x99\xa7\xfc\x7f\x8e\
\xbf}.\xb2\xd2\x8c\x07zK\xd9d\xe9\x15`\x0b\x1c\
\xc7I\x00\xdf\x98\xf43UBwl\x1b\xe6qb\xd3\
\xe9\x7fi\xba6\xcc\xde\xd0#\xcc\x99\xf4\x0e\xed\xcd\x9b\
\xf2\x93\x0c\xb0\x5cr\xc7u\x19\xa1\xc92\x1a\x8ag\xf3\
\x1cY!\x18\xb0\x95\x1ch6\x90\xb9F\x13c\x03\xe7\
g2\xdb\x9a\xfd6\x7f\xc7D\xc6\x992.b\x00\xf3\
@\x8c\xbd\x12~\xe2\xbc\x12\xf4\xb7\x9d\x0f\xd7^}\x9c\
\xacb\xc7\xa2K\x07\xf0\x1a,$\xf4\xd6\x1d\xf2\x7f\xfa\
\x9b\x18\x7f\xe7\x11\xf9O\xfe\x12\xf8\xc7?D\xfc\xe9d\
\xe72X\x1cg*Ypt\xec?u*`\xda\xfb\
\x1f;p\xb0\xa8L\xaa\xb4o\xfd\x8b\x0d1\x94\xd5\xaf\
\xe4\xbe\xcc\x1d\xc8\x0b\xe5\xe7|\x83<>\x00\xde\xfd\xfb\
\x88/\xfdG\x98\xef|\x158\x80\xf1\xf1AWu\x0e\
\x8e\xc1\x99*\xe24\x91\xd7)!\x98\x88\x9c*\xce\xe4\
\x12\xb2\x0bS\xa2\xd0Y1\x00\x08\xd2\xfb\x89>\xb8J\
a\x973\x03\xe7L\x8cM\xd5\x04O&\x7fMdy\
\xe9\xa4p\x09\x14\x04\xeaMT2\xffU\x1e\x00x\xfd\
\x88\x81\xc3\xb5D\xc29H*\x00%\x10O\x81\xbf3\
\xe6SJvJ\xa9E\x15\xda\xa2\xcc;Oe\xa8B\
(\xa3\x1f\x94\xdb1\xad\x03\xc9\x5cM%P\x9d'\xb0\
\x0d\xe5\xf1kH\x0f\x04\xee\x82I\x8b\x97\x09\xbcI\xe0\
\xe3k\xe2H0\xb9\xf4\x11\x18\xcf\x13_\xfe\xfe\x86/\
|\xe7\x15~\xf8g/\xf0\x83\xff\xf6C|\xfc\xd3\x9f\
\x22\xc6\xbfAl?\xc5\xc4\x1b\xcd%\x93s\x81\x1d3\
\x1f\x91*M<\x9d \x083\x1d4\xe4Y\xdb!\xd1\
\xbb\x0av\x1a\xf8\xa5/\x1d\xe7\x87\x8c'\xee\x04H\x17\
\x09RH\x0e\x95T\xbb\xfa\xb4@S\xed\xd1\xcc\xe0\x8d\
\xf7\x9f5Gm\x94\x8c\x92\x112\x88\x9d\x04g\xa3e\
\x81\xe4zG\xd43\xad\x9c\x9bq\xf6\xf5)\x1c1v\
@`\xdf\xca\x9f\xd7\x86e6\x94\xdf!\xbc\x81\x8c\x0a\
'\x8a\x1aO\x88\xa7\xee\xf4\xc2\xf3\xc3\xe1\x84\x1e\x99\xb4\
\xa2\x89n\x7f\xf8\x19\xecA\xb5\x1f\xa0\xae\xa7\xdcv_\
\xca\xb0\xf8w\xfc\x94\x01pcu\x00\x98s\x96\xa5\xe3\
\xcfLKx(\x17LG\xc7@\x96\x8ex\x00\x95\xbc\
U\x93\xeb\xa3L\x8d\xbc\xeah\x0f\xaa\x9eQq\x1a\xcd\
\x9aM\xe4\x00\xb2\xe6#\xb5\x18\xb1\x80z>\x9d\xaf\xb6\
\xd8\x84\xf8d\x12z\xd2l0L\x98\x05@g\x8b\x8f\
\x06\xe1f P\xec\x03\x7f\xcf\xea\xb3\x13\x03W\xaf\xbf\
\x8c\xe6%g\x80\xd9\xfb\xbe&\xea{\xc8\xa3\x9c\x83\xc5\
\x81F\x842l\xe1\xe4k\x04\xe8\xd5\xc3z}\x03\xeb\
\xf2G0\xef`\x03\xe6\x16\x0a\xe3&w\x02\x5c\x12\xc7\
\x8e\x8a\xf1\xcf\xe7\x13\xe7[\xc0;_\x7f\x86\xaf\xfe\xb5\
/\xe0\x83o\xbc\x8b\xcb\xfd\x1d\x1e\xe7\x15\x0f\xd7\xd7\x18\
80pE\xe0\xc0\xc8\x03\xbb\xf6\x18_\x13\xc8\xb8\x22\
C[\xacR:\x1e\x09'\x8e\xa6\xe5E\xff;\xa5\x0c\
\xec\xf5\x9dy2Qo\xdb\x18\xff=\x1b\xe0\xd3\x8bz\
\x00\xe7\xc9=\xfdC;\x1e\xe6\x04\x86\x8f\x07\x06x\xe0\
\xca\xa4\x07m\xaf\xc2\x16\xc0\x08\x9d\x8f-\x5cJ\xb3\x0a\
#\x8a^\x1e\x09\xd6\x11H\xe97\x1d\xc4cy\xa6\xcc\
M\xeb\xb7\xaa\xa1\x9f\xfa\x1b\xae\x8e\xb7\x05\xbc\x15\xb0b\
x\xb1\xf5\x18\xcce~\xd3\xfb\xeb\x05\x8a0\xddwR\
\x81\xa6J\x1d{\x9d\x05\x80\xd7\x89x\x18\xc0\xb3;\xc4\
\xff\xf8\x9b\xc0\xdf\xfa\x00\xf8/\x7f\x04\xfc\xe3\x9f\x00\x7f\
>\x11\xfb\x85\x88\xb1\x03qn\xc8k\x22NU\x8f;\
y\x00PFp;\x1bTW~2\x01$rCN\
\xd6\x9b\x0fl\x14\xb2\xbc\x03\x13C\x06\xf0xE\xcew\
\x81W\x7f\x02|\xf1\x1fb\xbe\xf3-\x8cG >\xbe\
\x02\xe7@\x9e\xca?8'C\x13G\x02\xd7\x13qL\
&\xf7\xc9\x00X\x9d\x09\xafi\x8eW\xcaI\x08\xcc\x83\
[\xfcl\x0cW\xb1\xc7$\x00\xd2P\x1b\x15\xb6\xa1\x91\
\xb5)\xc4##\xc2\xcc\x80\xef7\xa8\xe7b\x98\xd7q\
\xbf\x5c@d\xee78G\xc0$\x8aU\x0f\xdb\x19\x92\
\xf5\xc4\xac\x02IL\xb2\x1b\x9b\x8c\xc0\x11&\x80j\x17\
S,\x06\xbe\x19YFf\x98\xc8\xc8\x13\x84\x9c\xf0K\
\xd9;\xc0T\x0f\xfb\xbb\x016\xea8\x03\x0fH|\xa2\
\xca\x87\xd35\x22f \xdfLlw\xc0\x07\xbf\x11x\
\xfb\x9b/\xf1\xa3\x1f\xbc\xc0\xbf\xfd\xe7\x1f\xe0W?\xfe\
\x0b\x1a\x02\xfb\xcfq\xe6\xa7\xb5\x169Z\x07j\x0b%\
x\x040\x0d\x02\x01s\xecZ\xc9\x09\x9f\xf2G\xf3\xc4\
\xf3\x18\xa8\x90Ve\xe5\x9b\x95\x110\xd7\x1c\xd0(K\
'G\x88\x19)\x7f\xbe\xf6\xef\xcfj\x83\x8f\x95\x9f\x90\
\xb7.}\xff\x14\x5c\x9fh\xf8~\xb7>\xf5VC\xcb\
\x1c\xaf3\x8eu\x81\xa3\xdaM\xe6g\xafl\xb7@\xa5\
m\x14\x83S\xc1GeJ\xb4\x87\xae\xf7DV\xa8\xa1\
~\x16\x1cw\x18)k\xc1\x9b\x9dX\xe4\xb0\x12\x08<\
\xf6\xee\xdb\x13O?\x8c\xd1OQ\xfd\xf6\xd5\xc0\xb2\x0d\
\xd0\x03\xe7\x9fy\x9eR\x8aQ_\xe4\x8du\xb5\xf4\x00\
7\xe3PWf\xdfx\x1b\xfb\xae{\xd8\xb8N\xdcY\
\x9f\xac\xeb\xa2\xdf\xb3\xd2\xf5\xd0dyAs\xdc&J\
\x93s\xb4\xeb\xdfz*a\xbf\xc8\x06C+\xe7*H\
\x14\xfd>\x83}\x17\x9ch\x00p\x0e\xc1\x14`\xb9\x5c\
/\x04\x0e\xe5\xbd\x83`?}\x8fh\xfd)\xe3\x82{\
\xfeu\xcc\xeaH\x81?\x18#\x14(\x8e\x10\xbd\x1f\xa8\
\xd0A\x0eT\x82\x1fs\x00\x12\x9bv\x03\x8c=\xb1\x09\
\xf0\xb1'\xb6;`\xdc\x03y\x9f\xc8\x97\x89\x17\x1f\xed\
\xf8\xda\xef\xbc\x87/}\xf3\x03\xdc\xdf_\xf0x\x1ex\
}}\x0d\xc4A\xd0\x8fGD\x1e`\x15\xf7\x03\x97 \
\xd5\xff\x80+\x0e\x9c\x88\x0c\x9c!OA\xee&\x93U\
\xb4\x801\xdbH\xd38\xf3\xef)\x10\x96\x9ch\xeb\x1f\
\x95\x02\xef\xadX\x7f\xb0\xf6\xc09u\x02\xa2\xe5?\x80\
3\xe9\xcb\x0d\x1d\xc2\xc3\xd4\x81\xa9uG\xa51\x86\x14\
\xb4\xc0=\xc1\x85\xc4\xa4\xc1\xacy+9u\x9eF\xf2\
\xba\xd8P\xde\x83\xc1\xdf=Jo\x1d\xb4\xa4+I\x87\
\xf4\x80\xbf\xb3\x00J\xce\xc6\x0eT\x7fQ\xdeO\xaf0\
!\xdey\xb4\xfc\x1e\xc9\xcd\xe4\xfb\x8e<\xae\x88\x8f'\
\xf0\xe2\x05\xf0\x8f\xbe\x0b\xfc\xcd\xaf!\xff\xf1\xbfF\xfc\
\x9f\x7f\x09\xfc|\xb06\xed\x15\xc0\xe3\x86\xbc\x0e\x1eh\
t(\xff`(\xb1\x0f\x9b\xda\xe1\xea\x7f\x03\xcc\xe4'\
\xed\x1fq\x01\xe2\x8e^\xfc\xf5\x19\xf0\xf6\xdfG~\xe9\
?\x01^\xfc&\xc6#0>\xb9\x92E87\xed\xdb\
O\x9d\xd5@\xe0g\xfa\x87b\xfc\x892\xc8\xf2\xa4S\
\x11\x93\x07\x0dM\x19~\x19\xfc\xfd\x10\xf83Yj\xf2\
\x00I\xa0\xea\x90\x11\xe7\x92\xa1\xc9d\x95>\x1a\xe4\x9a\
\x81\xa2\xf1\xa1\xb2\xbf\xc0\x10\x80\x9d\x994p\xa2\x99\x05\
\x87\x04\xec\xf5\x9f\x02sV\xfe\x1b4n\x1d2P\x92\
!`\xf6Os3F\xed\xd4\xf1\xe1Z\xa1\xb5\xec\x0a\
\x9c\x0e\xd1\x15\xcd\x1ff\xaa\xb2\x98P;\x16\xa7\xfa\xbb\
\xab\xf8\xd1\x19<}3'p\xee\xc0\xab\x00>=\x80\
7\x0au\xb1b\xb6\x0c\xab\x9d\xe79\xe0\x9a\xc8\xbb\xc4\
{\xbf\x09\xbc\xfd\xed\x17\xf8\x8b\x7f\xf5m\xfc\xe0\x9f}\
\x80\xd7?\xfds`\xff\x01r\xfc\x14G\xbe\x01\x8f\xe3\
\x9dH\x5c\x80-\x15\xaa\xe0\x1aL\x9d 2J\x0f\x06\
\xa0\xfa\x0a\x1c\x89M\xd2\xeax\xbd\x13|-\xcbm\x10\
\xc3a\xb7\xd2\xf5\x00\xc3\x10+8\xb5\xc9\x008\xb1\xd0\
5\x04V0\x17\xb4\x9aI\x83\xa8z\xe9w/\x1f\xef\
\x96b(+\xe1c\xa1\xa9\x86\x86\x8c\x0f9\x81^\xc1\
~\x84\x0b\x0a\xc1a\x85\xb8Y\xab\xf5\xaal\xfcr\xfb\
\xa9\xf6\x9bq(\xc6\x18\xcdV4\xd0\x0aH\x1c\x22\xb6\
\x0e\xb2\x91c\xdd\xb9@\xd9\x8a\x9f-\x84\x1e\xf9\xe5\xf3\
\x9b\xb1\xfd\xf5?\x9f9\x0b\xa0\xa6\xcf`\xe4\xc5\xb7\x5c\
\xb8F/:\xbe\xb9\x10\x18KR\x8c\xad%S4c\
\xf1\xb25\xda\xb5 JQ\x94\xd5\x04eW\x8f\xe5>\
/\x16\xff\x97\x96\xb7\xa9\xff\x9b\xd8H\xd10n7\x1b\
\xb3\x1a\x0e\xfe\xaf\xc5\xc9|Lo?I\xf0d\xad\xd5\
0 \x88\x97 V8C\xe0?\x9c\xa30\xbb\x5c\xb2\
\x80\x9f\x87\xf4\xa4\x99[\x9eM\x1f\xd4\xc1@b\x8e(\
@\xcbA\x00K\x19'S\xde\x85\x0d\x86\x18\x09W\xa8\
\x0d\xe5\x03@\xec\xed\xb8$p\x17\xcc\xec\xdf\x81yI\
\x8c\xe7\x89x\x09\xbc\xf8h\xe0\xa3\xdf\xfa\x22\xbe\xf6\x9d\
\x0fq\xf7|\xc3\xe3\xf1\x887\xd7\x07\xb0b\x9f(\xc2\
x\xc4\xc0\x15\x03\x89-\x12\x9b\xe2\xfa\x81\x89_\xe5\x15\
o\xf0\x06\xcf\xe3\x99!K\xfd\x15\x0b\x10-#S\xc0\
\xd7\xd9\xd7L\xa2\xc1\xe4>o\x9c:[\xccF\xce\x88\
\xda\x8f\xbdI\xbe\x0e\xdaK\x94\xb7\xd9\xf4} D&\
\xf1\xf9>\xcb}\x1b4\xc8\xb8\xd1!\x80\xb9\xe6\xe9\x85\
2\xbbS\xb6l\x83\xfd0\xa56\xad\xb0$B\x05\xe0\
\xfc\xc09\x8b>\xfc\x89b\xa3\xb1\x1f\x1b\xcb\x1a\x0f%\
a\x00\x88\xd8\xe4\xe9\x83y\x03\x02\x19{\x06>a\xb2\
5\xd0I\xa0\x9e\xcc\x81\x8f\xed\xc2\x81;\xa5@\x03\x88\
+\x80\xe3D~\xe9\x0e\xf1\xbf\xfa.\xf0\xc7\xbf\x02\xfe\
\x8b\x9f\x00\xff\xcf_\x00\x9f\xee\xc0e\x07\xde\x10\xfcq\
\xddD\xd1l\xc05\x10\xb13\xcb\x7f\xee\x88\x93\x86@\
L\x19\x04`u8<\x1e\xc0\xfd\xef#\xbe\xf9\xbf\xc4\
\xfc\xf0\xf7\x91\x0f\xa4\xfaSy\x04\xb4\xf7H\xf7\xc71\
\xdb\x08P\xa2'\xceY\xea\x1c\xc86zN\x1a\x88\xe7\
\x99\xb5\x0b4E\xfb\x07\xa4s\x22*'\xa3k\x81d\
\xe93\x96\xfcM\x8d\xa1\xe7\x960!S\x14\xa9g%\
\x18AF\xb8\xd8\x8f\xe7\xb3c\x90\xae\x04\x98\xc3\xe7f\
p\xb3[1s`(\xd0a\xa1\xcae\xd1!Zs\
a\x07\x09\xe0\x04\xfft\xdb,\xbfa\x19\xd6\xab\x87r\
\xcegb\xdfC'):g^9\xa8Z3\x1b8\
\xefW$~u\x00o\xce\xc0\x8e\xc4#\x02\xa7\xd7\x96\
\xea)\xc4N\xb9\x7f\x98\x0c\x0d|\xe9\xfb\xc0;\xdfz\
\x07\xff\xf6\xff\xf36\xfe\xec\x9f\x7f\x19\xd7_\xfc\x00y\
\xf7\x03\x1c\xdbO\x81\xf3\x0dx\x166\xea\xa8\xe6*%\
\x9b\x07\xce\xca\xa1P\xdb\x83[\x01\xa7Ll\x1b\xfd\xad\
\xe1\x9b\x0bt\xb4\x1a\x82\xbf\xa9}\xfa}\x02\x9f\xc67\
\x9d0=\xe0s\x07\x9c\x8bU\x00\xa2g\x19\xae\x91\xa1\
\x0d;\x03\xdcUd\xf8\x95\x5c\xc8\xe3\xf6`wv\xfe\
\xd3\x04\xbe\x05\xe0\xdd\xdeL\x14\x9b\x91\x02\xe7%\x84p\
\x03\x1a\x95|\xb44u}\xb6\xe7\x5c\xef\xbcM\xe0\xeb\
\xd7\xa1\xbax\xf3\xc7\x82^QT?\xa4cc\x1d\x9b\
X\x9e\xe9\xc7\xc02w\xfb\xb3\xb6\xe0\xd7\xe7\x00\x94\xec\
\xbb\xe1\xdd\xac\x85\x97\xaf\x13\xf2*V\xf3\xa4\x7f\x95\xdc\
\xa6\xbf\xbbR\xe0\x13pN/\x22[J\xb3\x04\xc4\xb9\
\xbbk\xe3\x9a\x87\x98\xd5\xbe\x84\x81V\xc2$::\xaa\
\xd7Q\x16_h\xf2\xd6d\xc0\x9a,\xddS\xac\xad\xa9\
)Ox\xc4R\xf8\xc7\x06\x10P{Q\xd5\x8e\xa1\x0a\
}\xb6$M\xcf\xdb3`\xa5>M\xa6s\x01\xc6$\
u/\x03f*\xc6O\xcf\xb2+\x04\xaa\x18[\xfd\xc3\
\x96\xcc\xe0\x1f\xd4\xe3q\x07\xe4}0\x11\xe9.\x90\xcf\
&\xee\xbe\x14\xf8\xea\xef\xbc\x87\xaf~\xef#\xbcx\xf9\
\x16\x8e\xf3\x01\xbf\xbc>\xe0\xcc\x03L\xe2\xbb\x22\xf1\x08\
\xe4#\x22\xae\x188\xb1#\xb1e\xe2\x92<c`\x04\
\xf0\x90\x89\x07\x9cx\x9e\x13\xa7c\xb7\xb0%N\xad^\
\xb5\xc1\xd1\xd4,\xe4\x85\xce3\x91\xe7\xa1\x0d\x0e\xca\xf9\
\xd0\xfc\x13C8/gX\x89\x80\xd9\xd1Vtb\x12\
\xa2\xf6Z\xa9X\x93hXW\xc5\xf5\xa2\x1b\xaa\xd2\x86\
\x14\xdd/\xb9l\x0b\x15\xdeE\xa4p<W\x17C\x8e\
\xd2\xc2\xde\xee\x14\x90\xc1'\x19\x1e\x16-\xcb2\xbd\xd3\
\x11\x8b\xac+O\xc0\xc6#\xefp\xad\xf5\x81\xae\xa4V\
R\xdcZ!\x13\xa9\xfc\x01\x06\x91\x95\xa5=\xc0\xc4\xc4\
\x07\x95x\xfd\xd6\xfb\x88\xff\xed\x97\x91\xff\xf5\x8f\x81\xff\
\xc3\x9f!\xfe\xc5\x81\x1cwL\xc8{\x1c\xaa!\xc0\x8a\
\x85<\xf2\xf8\x02\xcc\x0b\xb7(\xce\x0d9\xef(\xb4\x8f\
W \xbe\x0e|\xf5?\xc5\xfc\xca\x7f\x88\x81g\x88O\
N\xe0!\xc1\xad\x85,\xcc\x839Y\x87\xe0He\xf8\
\xf3\xef`\xcd\xde2\x92\xcd\xe1\x97\xc1\x05\xa8t\x02c\
\xbe\x06\xc8mS(G\x06\x82\xe7\xdasT;c2\
\xb1\xc7\xe0V\xc1$H\xd7.\xf2\x04L#s\xf4D\
E'\xbdQ\xcbX\xaaV\xb6\x99\xaa\x84\xf2\x03\x8a\xa1\
Z\xc3\x9e\xa8\x10#\xedE\x1a\xe1\x87\xa7\x09\xd2\x07\xd2\
\x0f>L\x0b\xa95\xbdq}\x9f\xba\xf7l\x15\x82\x00\
\xe5\x1d\xbb\xec\xa7\x5c\xf28\x93);\xce#\xb0\xadx\
\xcc\xc0\xcf\xaf\xc0\xc3\xc96^\x83\x09\x85sJ'\x9c\
\xda}0Q\xbbC\x1e\x0e`{1\xf1\x8d?\x0c\xbc\
\xfb\x9dw\xf1\xdf\xfd?^\xe1G\xff\xf2K\xc0\xf5\xbf\
G\xec?\xc0\x89_\xc1\xb43\xb0\xe4\xc2\x0c\x00\xda\xcd\
\xc4>\xba\xba\x00\x00\x9d\xb6\xc8\x0a\x84d\x012\xc4\xf0\
\xc8\x0b\xc9\xa4\xd7}S\xbf?\x03>v\x17\xb0q'\
\xa6\xb4t\xb9\xd7\x07;\xddf\x84W\x87){\xcf\xd3\
(\x87\x0cIS#\xbc\xce\xe4\xcdW\xe6\x7f\xfd<a\
\xa9\xeb'\x0a\xdbW\x13\xa6\x96\xed\x8d\xd7\xbftK\xe1\
\x0a^\xd7y\x0e\x90\xe3\xe88\x7f\xed*Ck\x81\x08\
\xb7[:\xf4\x09\xdae\xc9\x8b\x19\xaf\x96\xb7F\xfa\xee\
\x97+\x00\xf6\xbf\xa7W\xf4\xcfM\x08`\xfd\xe2i\xfe\
\xa0#F@`\xb5bR\x8a\xfdv\x0c\x0b\xc6{!\
U'=\x88\x1e\x0c\xbfM\xf4\x1bl\x04\xa0:kE\
@\xabnT*@-\xe2\x81\xb2\x84\xa2\x14\x80\xebK\
\x8b\xa6\xb2\x15\x16\xee\xdfb\xb0\xb8\xf9V\xdaI\x9a\xaf\
\x8c\x83X&\xdd\xd6~8.\xa6\x093\xe5k\xc0\x90\
\x95V\xdb\x10\x83,\x85\x13\x85x\x80ZO\xe2\x19\x0b\
\x98Gbn\xf2\x86\x95#0\x5c\xa7|(\xc3_\x94\
?6\xd1\xfd[\xe0\x14\xc3;.\xc0\xbc\x03\x93\xfb\xee\
'\xe2m\xe0\xc3\xef\xbd\xc2o\xfe\x8d\xaf\xe3\xd5{\xef\
\xe0\x9a\x13\xbf\xb8\xbe\xc6\xccGV\x0f\x8b+2\x1fA\
\xcf\xff\x8a\x88\x03\x03'6\x9c\x98H\x9f\xe8\xce\x9c\xe1\
L<\xc4\x89\xd7\xb8\xe2]\xbc\xac}\xd8%\x1d\x19L\
^\x12\x1d\x9ep\xc6\xaf\xe69'\xcey`\x8b\x00F\
\xe0\xe4\xf1m\x04\xdd\xc9lp\x0f\x1b\x0f\x19\x93\x84\xc4\
\x12\xe3M.\xb816\x15\x86iky\x88~;+\
=\xa2\xb3\xb7G\x0c`N\x1c\x93\xa9JC\x82Tg\
\x00\x14\x1d(\xcf\xab\xe4\xaa\xe9@Z\xdeY\x0b9\xec\
\x19\xd6\x1e\x1e\xce\x87\xe3\xc1\xdc\xc6f@\xb7\x16\xd0\x1b\
jQ\x8b L%\xf5\x01\xfa=\xea\x1a\xa5\xbf\xb3q\
\xe7\xec\xe7\xcc$\xc8<\x1c\xfc\xec\xf7\xbe\x0c\xfc\xe6\x87\
\xc0\xff\xf1/\x81\xff\xe2/\x81\x1f\x01\xf1r\x17\x13\xa0\
\x9c\x00\xec\xb5\xa5/\xcf\x0b2\xee\x11\xc7\x01<\xbc@\
\xbe\xfb\x9f\x02\x1f\xfd#\xe4\xf3/!\xdeL\xe0\xe1\x8a\
87g\xb0\xc9\xe3O\xe0:E\xf5O%\xf5\x89\xb2\
=\x0f\xd46\xaeeLo\x0c\x9a$\xe5\x1f\x00\xb6}\
#\x1b\x90\xbc\xad\x01\xdbI\xc7\x031O\x9c\x93F\x92\
\xea\xcea\x1b\xf4|\x09\xca\x9d\xac'\x14\x06\xd2\xf1\x7f\
\x06\xddgj7I\x0e\xb5\x14\x92\x0ee\xf8\xeb\xef*\
\x1f.\x95pJW\xcd`2\xde&\x01q\xe8\xbdj\
u\xe8\x1dT\x0fbAm\xbc\x0cP&t\xdf\x18\x0e\
\x05p~\x9d\x22Q\xe5s\x93\xad>\xa4Jjw\x80\
\x88\x96_>&\x1e\xc5\xb8_\x83\xb6\xdd\x11$nb\
c\xec8g\x00Gb\x9c@\x9c\x81\x98\x89\xf1\x08l\
/\x13\xbf\xf5w7|\xf0\x1b_\xc4\xbf\xfc\x7f\xbd\xc2\
\xaf\xfe\xed{\xd8\xb7\x7f\x89\xb9\xff\x10\xd3\x85\xaa4\xae\
3\x02#}R\xe0\x10X\xae\x85\x95;L\xdasl\
\xc7\xc8\x9e>\xd7Ez\x83\xbb$%53+\xadn\
\x90\xee\xdf\x0d\x93Yq\xffB\x1em\x0f\xabS-\xf3\
\x96u\xa0\xe1&l2{+\x83\xc2\xac\xdeM0\xda\
\xcf\xea\xce\xa8-\xcdr\x9b\xd1\xf2\xffR\xfdKV\x0a\
L\xdc\xa7\xbe\x17\x88\x9b\xa84\xfa\xd2e\xdc\x96\x91\x8c\
\xeeiG\x08sy\x0f\x80\x92\x95\x1a\xa2\xe5^\xfe\xe9\
]ROM\x9c\xf5\xe7\xd7\x1e\x07<\x17\x0b\x02\xebD\
Z\xd5\x0b\xd0\x9f\x0eX\xde\xb4F\xbf9L\xb0t2\
\x97\x86\xd2\xed2\xa5\xd4\xb4*\xca\x22\xd7\x94J(\x08\
\xe7\x1a\x80\xd1\xf4\x8a\x8d\x80R\x04\x1e1S\xb1\xa3\xe7\
\xc9\x8b\xaf\xdb\xab\xa9\x1d\xfclj\xd0\xc7\xcd\xb7\xd5\x18\
\xb5\xb9\xe4\xab\xb6\xe9\x85\xe2\xf0(<\x98\xaa\xce\x17]\
\xc2w\x04\xbdyO\x98\xa9\xfd\xfa\x97\x80\xb6\xfa\x89\x91\
\xa4\xa7\xad\xf2\xbc9\x9c3\xc0gm;\x99\x82q\x01\
\x8f\xe0\xbd\x0b\x8cg\xc0|>\xf1\xfck;~\xf3o\
~\x84/\x7f\xebC 6\xfc\xf2|\x83\x13W\x1cq\
\xc5\x89\xab\xbc~f\xf4G\x9c\xc8<\xb0a\x12\xfcE\
\x7f\x01\x04\xcc=\x13#\x06\x1e2\xf1+<\xe0\xa3\xc1\
*w\xdc\x01\x80\x924\xef\x93\xb6\x9dkx\x9e\xf3\x8a\
\x9c\x07\x06\xe8\xc1\x9dsr\x97\x87(\xff\xe6K\xa3h\
]:\xdb)\xa5M\xa3n\xd4\x82r\xacl0\xa7\xc2\
\x1e\xfadLv\x18 tV\xc09}\x9e\xc2\xd01\
\x03\xdaJ)\xe5\x1b\xd01\xc96\x0a\xb4\xd3\xc3\x168\
\x0b\xf0\x80Ih\x92\xc72\x12\xc2Q\xbe\xe0\xd6\xc0\x8d\
\x09\x80\x99\xc9-\x83\xb9\x0c\x90i|/\x92\x9b\x13\xd6\
 \xb9\xde\x9a\xb6\xdc\x94U\x86^\x8fp\x98b@[\
\x11'2\x0e\x9e(w\x7f\x0f\xfcO\xbe\x8b\xf8\xf7\xbe\
\x84\xfc\xdf\xff\x1b\xe0\xbf\xfa\x14q\xb9c1\xa11\x90\
\xb1\x03\xd7\x0b\x82\xc5\xe5\x11\xd7\x13\xd8\x7f\x17\xf8\xd6\xff\
\x06\xf3\xc3\xdfC|\x9a\x88O\x98\xe0\x87\xb9\x15\xd5\xcf\
\xfd\xfb\xfa\xef<1tH\x93\xd1;UaM\xd6Z\
\xb7u1\x06S\xebp\xa8\x1a!u\x1fc\xfe\x1c\x9a\
R\xc9<\xecG|{(^\x0d\x98\x80\xde\xc9\x14h\
\xf9\xce\xc5@L4\xc8\xa7Vq\x96\x16\xb1\xe2\xe1x\
\xd7a@\xe1\xc4\xb5(p\x87\x80hZ\xc9;\x8c\x80\
\xaeB\xb8\xe4\x8c\x95\xd3l\xfdf\xdda\xdb\x0f\xe8\x10\
\xce\x94\x0d8\x94;\x90 HM\xb0\x5cpJ\xee\x5c\
\x88hL\xa7w$~|e\x84\x06;\xf0\x98\xa9\xb2\
\xdf\x8c\xd03<#\xa7h\xaa!3Y\x81\xf1\x11\x88\
\x87\xc0v\x0f\xbc\xfb\xb5\x89\xdf\xfd\xf2=\xfe\xd5\x7f\xf3\
\x1d\xfc\xf9\x7f\xfd\x1e\xf2\xcd?\x07.\x7f\x863?\xc1\
\x89\xd7%\x9b.\x9f\x93y\x80\xb1\x05\xa9\xd4\xca\xfe\x9f\
@\xb6\x96\x5cp\x16YG\x02\xcfZ\x1b\x882\xe9\x15\
\xc6\x91\x9e(`p\xe8\x85\x1d\xb8\xd9;_\x06\x82\xf5\
\xb0k\x19\xcc6\x06\xc0u\xdd\x8e\xf1-\xd7\x5c@_\
\x8b\xda`}\xfbQ\x81ua\x89\x99d)\x8c\x5c\x00\
\xde\xf8\x96\x8b\x8c/\xf8\xb3z\xe0\xc5\x22\x16c\xde\x8c\
\xb3\x85.\x9e\x5c\xdb\x08e\xcc\xa2\x91\xd7\x06\xa3\xf3\x1d\
\xb0\xe0\xa5\xfb\xfc\x94O\xe8\xef\x93\x22tc\xd3\xd4\xcf\
\x9c'\x13\xaa\xfc\xadZX\x0eL\x00kfc\x0f\x9e\
\x9e2\xdc\x01~\xb7\xc6]V+\xc5\x83\xef\x89/\xbb\
b\xd9\x06\x11\x9f\xd3\x09>\xdb\xab.\xfayQ\x0f,\
\x93dU\xbc\xc5\x07D\x0f\x10\x1b4\x0bhJ\x0a,\
\x9c\xd1c\xd0\xc6I\xffs\xa9_{\x03\x08Q\xccC\
\x93%Em\xba\xa7\x12\x0a\x97\xd8}\xc8(\xc8\x80\xb6\
\xee%\x9f;\x02Cy\x02\xd8\x03\xa72\xff]0$\
\xf6T\xac\x1f\xf4\xf8\xef\x06p7\x11\xef\x03_\xfd\xbd\
/\xe0\xbb\xbf\xfb\x1bx\xf6\xf2\x1e\x9f\x9cop\xccO\
Y\x9a7\xaf\xfaw`\xe6#\xb8W\xec\xc4\x16\x13\xc8\
CG\x89&\xb6\x9c\xa5\xd0.\x03\xf0\xce\xde\x13\xc0/\
\xf25=0\xd1\x16\xc6\x02\xcb\x0b\x95&\x17\xb1\xc35\
\xf6\xd6\x18sM)7VV\xb3\xe7\x14#\xaa2\xa8\
-\xf8\x08\xd6\x05\x88d\xc8\xe0zN\xc6T3;\xb6\
:\xdb\x0b\xa3\x0da5\xd3\xde\x16\x19dz'\xa1\xb9\
\x99\x08\xb1=l\xfc\x84w\x12g\xc9i\xc9S\x02\x18\
\xca\xa8?\x0f\xc4\xa6\xbd\xfe.%+5\xd7'\xc7q\
\x0f\xe6Zd&b\xf0s\xcb\x14R\x88\xb8s\x0d\xe9\
\x00\x1e\xd3\xdd\xf4\xd8\xc5`aT\xdc\xcf\xa0\xc3\xc5\xa5\
\xbd\xdc3Qu\x92\xcfO\x91\x1f\xbdB\xfc\xef\xfe\x06\
\xf2\xff\xf2C\xc4\x7f\xfe\xe7\xc0_\x04\xb0?\xe7X\xec\
\xcf\xe8\xc5_\xdf\x06>\xfc\xcf0\xbf\xf2\x1f\x03\xf1\x1c\
\xe3\x93\x03\xf9\x18@n\x8a\xe5\xfb\x1dY\x8a/\xbd{\
\xa1\x90\xcd\xd4o5\xaa\xce\xe9XY\xb7L\xd3\xc9\x8c\
\xb7\xcc\x9c\x9d\x1a0\xc9\x00\xd6uZ\x5c\x8b\x8a\xae\xff\
\x9d\x09\xc5\xddI\xed\xfb\xa4?`T\x85a\xea\xa9!\
#\x80\xcc\x8a\x0f\x01\xca\xec\xc2O\x89D\x86\xaf\xe3\xfa\
w:\x9b\x8d\x84\x94\xcc\xd3`Py]\xc9\xb9\xb48\
LY\x9fh\xe6\xf0\x94Ao\xcf\x91\xce\xca\xadap\
\x11p8\xd4>'+{Rrl\xb8&\xf6\x8d\xb2\
\xf5\x98\x81\x1f=\xa0\xce\xcar\xfe\x9f\xea-a\xf64\
Q\xbb'\xb8S\xe0Hn\x17\xbcK\x8c\x03x\xb8\x02\
\x97\xe7\x89o\xfe~\xe0\xd5\xd7\xdf\xc7\xbf\xfe'\x7f\x03\
\xbf\xfc\xb3w\x11\xe3\xdf \xc7\x8f0\xcf\x8fQ\xdbZ\
k!\x9c\xd2gdb\xab\xf2ad\xc9\xb9\xb3\xe8\x9d\
\xb7\xd4\xa7M\x9ebj\x80\xac\x9a\xfd\xbd\x06\xac\xe3\xa7\
\xd6i\xe9_\x1b\x0c\xab\x1c\xf9\x1ecQ\xb6\xac\x85p\
\xca\xffW\x0b\xa5\xc0~\x85\xd3\x06\xe7\xca\xc7\xd1O\x03\
j\xbf\xd7\xd6f\xf3\x067\x176^\xdd\xbc&\x1a\xec\
\xb1\xfeD\x8dU,\xba\xca\x98\xca\xfe\xad8f,\x0a\
\xd4I\xbau\xaf\x04H:tf\xd6]O\xe9\x7f\xbf\
\xc7\x1f\xef\xfe5\x9f~-\xd06\xf0\xe52\xf0\xf5\x93\
\x0b\xd1ok\xc4\xb4|\xb98\xadHKEd\x03!\
`/\xae\x05'\x10\x9dX\x22P\xe6\xa2\xd6\xb3\x948\
He\xc2\xeb\x0c\xfeR?\x04\x93\x12\xb8e\xc2\xf5\xde\
\xb5\xdd\xde\xa6\x97m\xbfw\x9bm\xa1\xd9\xab\xf7\x10\x19\
\xa0\xaar\xdf,\xe3\xc3,\x80\xb7\x19\x96s\x17\x02y\
\xc7\xfd\xc3\xd7\xa1+\xfcm\xa9\x03EH%c\xcc:\
\xba7\xc7\xacC{b\x00\xb9'\xc6}\x00w\x89\xf1\
<\xb0=\x0b\xe0n\xe2\xc57\xee\xf0\xdd?\xfe\x16\xbe\
\xf4\xd1\x97q\xcc\x03??>\xc5\x8c\x83\x9e\x7f^\x91\
y\x22\xe7\x15s>\x00\xa9\x13\xf8\xf2`\xdeo\xb0\xb0\
\xaf\xa3qWy\xddG\x9a\x03\x0a\x1c\x11\xf88\xafT\
\x82\xb5\xc0M\x02\xe3\xc9\x5c(\x09\xabhA\xf0\xe8\xdf\
\x00=Wya\xff?\xc2\xfe\xb4\xd9\xda\xed\xba\x0e\xc3\
\xc6\x5c\xcf\xb3\xcfy\x9b\xdb\xa3\xb9\x17}C\x12=\x08\
\xf6\x04EQ\x92%\x92\xb2)Y\x94\x1c\x95\xad$\x95\
\xf2\x97\xfc\xa9|IU>\xa4RRURN\xac\xc4\
\x92\xdc\xc46iK$\xc3\x9e\x14\x09\xb6\x00\xd1\x10\xc0\
\x05H\xdc\xe6\xed\xf6~\xd6\x9a\xf90\xc6\x98k\xed\xf7\
^@\x87|q\xcf\xd9\xfbiW3\xe7\x98cv\x90\
\xf5h\x8b\xdf\x17\xa2U\xa9-\xd7\xe6\xdcLC8\xd1\
\xb2cS\xdeq[\x81Z\x82u\x02\xb4\x9e7\xa37\
;aG\xc8\xef*P\xa8`\x95\x8a\xd6\xce\x19\x0f\xe0\
b%\x04\xb6\x8a7H\xc8=\xb3\xd1\x0f\x1e\x83A\x80\
\x90\xc5;\xc6\xcc\xa2\x09\xb9\x0aj}m\x88\x9c\xbd\xcc\
\x1d?\xa2\x07\x9dt\xa4\xf7\xfa\x18\xaa)\x80\xa2V\xa9\
\xf4\xa1u\xad\xb5\x96\xce$i\xc8\x0b\x90\xad\x01?\xf5\
\x09\xe0\x07>\x02\xfc\xcb?\x00~\xf5\x01\xe2\xce}\x96\
\xfbm?\x8a\xfc\xc0\x7f\x09\xbc\xf8q\xc4\xc3\x0e<<\
\x10G\xabj}\x0cqI\xc5BI\x98\xa6\x83\xbcz\
\x81&\xcf]\xed\xc3\x06\x05\xfbY@\x0f0\x03\x83`\
\xcb\xda/\x22\xb0o\x1b-\xfd`c(\x13\x0a\xb5/\
a*\x1f@k\x18\x83\x8a\x84\xd4\xbdX\x81\xb05D\
\x99d\xc0\xe0~\x0d6\x82K\xd9'J\xe3\xcaUn\
\xd5\x06\xa7\x9c\xf1|\xb1\x0ae\xf9\xf3\xe1\x06\x80\xd1\xd6\
}=\x81ce\xb6\x80]+#\x02\xd88\xcbc\x00\
\xb9\x89\x09,\x9f/\xe3\xa8\xccQ\xf8\xbf\xa9\xb5{\xd2\
{\xb8\xf0\xd7%\x13\xaf]8\xecC\xa4Y\x07\xfd\xff\
.\xb8\x8d\xa6\xe7U\xa9\xe8\xdcy_tZ\x8b8\x06\
\xf6\xde\xf0\xf8Hlg\xe0\xde\xf3\x1d\x1f\xff\xbb\xf7\xf0\
\x97_\xf8\x18\xbe\xfa\xfb\xcfa<\xfc2b\xfb\x1aF\
\xff6\x22\x1e\x835\xa7\x83\xff5\xc0j\xa9\xee\x9b]\
\x8c\x98\xf7<\x8f\x9b\xfaO\x05\x88&\x97=e9\x9c\
2l%\xe9u\xbf\xb8P\xe6\x8e)e\x0a\xfd^r\
\xdd%\x87k\x0d\x86\x97\x0f\x1cC`P\x18Z\x07\xd3\
\x90\xb52\xd7\x9c\xafL\x94\x8f\xad\x8dh\x83w\xfe]\
\x9b\xb4\x00\x86\xe5\xd3\xf5\x7f-O\xac\x12\xb1\xca\x82\xba\
\xff\x0a\x12\xa6\x1e\xf6\xf3\xa4\xe4$\xc2\xee\x15\xc0,\xbc\
\xddP\x93\xab\xf7\xff\xbd\xf5g\xc5\x04o\x13\x04x\x0d\
\x08\xe6sza^?\x18\x8f\x8deP\x16T\x829\
\xc8\xdc\x18+\x18\x80\x84\x80\x15-\xea\x97aW\xc0|\
\xbf\x12\xa2|g+l\x5c)j\x17`\x09MHJ\
\xe1W\x7f\x81\xf5\x1d-X\xbd\x89\x01 \xb8\xb9\xed\xce\
\x1d9f\x11\x92\x98\x00\x04\xb6\xe07E\x80\xd9\xb7\xaf\
\xc0\xbd\x90\x05H+(\xabD/\x15\x08}\xf8\x88\x94\
\x81\x18j\xe2\xa3\x85\xd2\xc0\xcc\x80-\x08\x02\x14\x0a\x9c\
k\xa3\x9f\x1d\xd8v\x00'\xb0\x90\xcf\xdd@\xbb\x93\xc0\
\xf3\x89\x97\x7f\xf0%|\xdf\xe7>\x82\xdb;w\xf1\xfa\
\xf1\x08\xdd\x0dz\xf2\x82\x9e\xee\xcaw\x01;\xf2\x0d\xb4\
L0\x8f\xb7cwj\xdeH\xec\x11\xd8bZ\x16\x97\
\x1c\xd8\xa2\xe1\x00\x1d\x06\xaf\xc7c\xa6>\x95\x80v\x94\
\xb5\xc0@\xa6\xbeG\x018\xfa\x11{\x81\x83\x9el\x8e\
\xc2\x08\xf0\xd9\xe4\x87\x94\xbdf\xab5\xb6j\x96\xc28\
\x86\xb2\x03\x046\xa9_\xd5x\xc5T\x1c\x14N$\xd6\
\xc0\xe4\xbc)\xc7M4\x06\xdd\x03(\x81\xef\xbaKH\
(\xf3\xa4a\xf4\xbe\xa4v\xa1vq\xd5\x13\x876\xaf\
c=r\xb6a%\xab\x14\xa8H\xc1\xbaP\xf2\x016\
\x07\xfeYe\x98\x05\x9b\xef\xee\x1e\x12\x0c>\xe3\xf9\xae\
X\xc7u\x16\xcb5x_\x0a\x8a \xc8@\x03.\x07\
\xf0\x8e\xe7\x90\xff\xe5\x8f\x01\x9f\xfe3\xc4?\xbf \xb7\
\xff-\xf0\x81_\x00\xc6}\xe0\xd1\x05\xd1\x1br\xb4Y\
&9\xe9\xca\xa0ac\xfbx \xc2\xa4ybf\xda\
\xe4\xb5tS\xbc@\xaaU(\x89\x1c\x02\x98\x08\xe6\xfa\
G\xa3+g\xf4N6H\x00);3n\xe8\x82D\
Aw\x0b\xdf\xd6v\xb1<\x86\xf0<\xc8E\xc1,F\
\xbb\xbfUz\x1f?f\xed{\xf7\xe7(\xfa\x1ff\xac\
\xb8N\x97\xbeI\xa4\xd5\xb5^\x87\xe9\xe9\xda\x8fb\x0e\
\x92\xd4\xfc&\x0d3\xcc4xf\xc5TY\xb2\xf6\xa4\
a\xd3\x0c\x1e\x04t\xe6\xdf\xbcf\xdb\xa4\xb4\xc0\xfd\x88\
H\xbc9\x80\xd7\xba\x98\x8a>\x09v6\x00r\xba\xa2\
\xdeALG\xa6\x94\xb5\xc1\xd7\x06\x5c:\xbb\x15F\x07\
\x1e\x1f\xc0~g\xe0\xdd\x9f<\xe1\xde+\xef\xc3\x17\x7f\
\xfb\x1e\x1e~\xe59D\xfb3\x00\xdf\x04\xf2\xb1\xd6\xb4\
\x03\x8f,C\xb3\xd8\xdaT\x7f\x12*]\xb5#\xce\x09\
\x08\xb0\x16\xcb\x12P p\x10?\xb8\xe6\xe9K\xf67\
\xcf\x89\xdd\x0dz\xd7\xa9\xc8\x8d\x09f\xf0\xe0U\x07\xcf\
B%\xb2\xb6\x81\x19\x17P\x07Yq\xa2\xaea\xc5M\
Q_|\x8d\xd5;\x8f\xbb\x8a\x15Y\x80\x81\x19\x1d\xcb\
\x8a\xd2\x8d\xd3Mp\xb5_b>\xc3\xb2b4\xc4\x8b\
\x1e]\xfe\x97\x0f\x12\x0bZ\x88\xfax\x85\x15\x96\xbd\xdf\
\xeb\xe7\x0a\x00\xc4S\xbfg.>\x98B\xd9\x0b\x0f0\
g\x00\xb3\xa5\xa4&\xa2\x06\x1cSP\x86QY\xc0\x85\
\x17\x1cTU\xf9\xb0\xda\x0c\xc5(\xd4k\xa9\xf2S\xcc\
\xb8\x00Gc;Z\x9f\xda\xde\x83\x1b5\xe838\xc8\
BkR\xf5\x9c\x13\x0bj1\x0e\x1e\x88\xe64\xb6\xc1\
\x00\xb2\x88\xd9V\xd7\xc8\xa5\x0a\xf9\x0c\x81\x00e\x0f\xe8\
\xd9\xe0\x8a\x81\x0a\xf8\xcbJ\xe5\x03FKY\xf8P\xa0\
P\xa27)@Q\xfd6Z\xd9\xa67Y\xfd\xef\x14\
H\xe5\xf4\xb7\xfb\x01\xdcI\xdc\xbe\xef\x84\x8f|\xfe\x83\
x\xd7\x87^F\xcf\x8e\xd7\x8f\x07\xc8\xe8\x8c\xb4\xc6\x19\
\x03\x07z\x1e\xe8\xe3\x82<.\xd80\xa8\xac\xc6\x01\xc8\
\x0aa\xb5\xb6\xc4\xdeh]\x1d\xa2l\x19\xb6\x108J\
\x116\xfc5\x1e\xe3\x9c\x17\xa4\x82\x83:\x94\x97]c\
+F`\x01t\x8cY\x10Z\xcf\x86\xc8\x86\x83\x9a\x1b\
\x8a\x00\xc1\x16(:\xdf\x14Y\x1f\xf4\xe7\xb7\xe0\x86\x1c\
\x8d\xee\x03\xd2\xc7\x89&\x89\xe9T\xd1-P\x0ads\
{RhN\xfa\xc0\xd1\x19Df\x101r\x22t\x96\
\x9d%d\x18\xa3\x97\xe2\xaf\x96\x9b4\x7f\xe6\xda\x0f\xc8\
\x1d\xb0s]\x17@\xa0\x04\x97\xa3\xe3\xcaJ\xf2N+\
y\xa0\xfd\x05\xffk\x81\x99F\xa8\xc0\xc00\xd8\x04\x5c\
%\x93.\x09\x82\x15D\x13S\xa2\xda\xfe\xfa,\xd1T\
M\xf5@dC\xfe\xf8O!_\xfe\x1b\xc0\xbf\xfc!\
\xc4WN\xc0\xcd\x05p\xbc\x82\xb8\x9a\xf2\xdd\x07PA\
\xad\x0b\x185S\x95U\xd1o,\xf2h\xd9\x7fb\x06\
b\xd3\xde\xeaA\x80!\xf9`\xaa:\xc2\xae\x1bY\xc4\
\xea\xa8h\x06\xafK1\x0f\x8fSFY\xe6-6\xb5\
\x0a6(\xd0\x1a\xcc\xc0\x90\xb2\xe7\xfe\xdcJQ&\xda\
\xf4\xf9'\xb3MX3`f\x91T\xe1\x99\xc6\xb2\xd5\
t\xa7\x87\xf5\x09\xd7\xfa0 \xe0\xfb\xd9\xfa\xee*\xf0\
\xd36\x03_O\xbb\x94I\xb23g=[\xc18z\
\xcd\xd9\xc51\xb1\xb7\xc0\x05U'\x08h\x81\xbf>\x12\
\xdf\xb9\x00\xb9\xd1\xce\xa6\xe2O\x1cb\x09\x0e)\xdd\x8e\
\xe4\xfeG\xabge\xd5\xab\x98-\x1e\x06HZ\x1d\xc0\
q\x00O.\x03\xb7\xcf\x06\xbe\xffo\xbd\x84\xaf~\xe1\
\x1e\xbe\xfd\xdb\xf7\x80\xc7_@\xec\xdf@\xe6#D^\
4\xf9,aL\xb0}A\xdag\x17\xce\xb5\x9fR\x9b\
\xee\xa1M{y \xc3I\x8e\xd2\x0f)\xa0\x0c\xb0Y\
\x95Eul\x054\xc3\xee\x05\xc8\x85\xb6\xf4\xa7\xb1a\
!\x88\xe6\x91\xd2\xf7\x8e\xbc\x93\xb2.=d\x1db\xd3\
`9/f\xb4\x9b\xd7\xf0\xd4\xe8\xbep\xa2\xe2\x1er\
n[?\x13\x9f_\xf2\xc5\x86\xec\xfc\xb6\x16\x84\xe1;\
\x97\xb2A\xe3\xea.X\xeek]\x961\xd5\xdbD\x1a\
\x053p\xf5\xd7\x0a\x12\xae\x7f\xac\xad\xdfR\x09p\x05\
\x15\xa5\xe4k\xb0\x17\xc1p\x05V\xe2\xea\xc0\x5c^\xca\
\x11\xd3\xa6\x80\xd2\x0f\xae\xf3\xaf\xa9!\x0a<[\xd0\xcb\
a5\x10\xa6\x84k`\xfc\xc0\x15m\x1c\xd3\xea78\
\x01\xa4\xd8W$\xb8\x8cm]+\x8b]\xb0pw\xdd\
\xeb\x8c\x85j,\xc1\xa8\x01\xde\xb2\x8eO\x09\xff\x06T\
\xc4\xbf\x9f1\xaf\x04i\xd6\xdf\x0e$\x93\x9cb\x0eq\
)\x11\x16\xf4\x19\x8d\xb3\x15;\xd8v\xfd\x16hw\x03\
\xfd~\xe2\x95O\xbf\x88\x1f\xf8\xc9\x8f\xe2\xe6\xd9;x\
t<\xc6\x81\x8e\x8c\x8e\x9e\x9d~\xfeqA\xc7\x81\xde\
\x9f0\xfdn\x00C\xf9\xda\x01*|d\xe2\x18\xea\x16\
8\xd4\xe6#H'\xf7\xc1\x96\xc1\x0d\x89\x10\x9d\xf1Z\
\x9e\xf1(:\xb6\xdcqDc.\xb2|\x9c\x99\x81\xae\
h`\xbb\x06\xaatj-\xd0\xd9\xec\x87\xd6mbC\
\xc3\xd1\xc5\xbaH\x10o\xb0\x22\xb0\xc0W\xaa\xa0\x00\x5c\
\x93%\xd8\x9a\xa2\x9e\xaa1\x90\xce\x13\xc3`G\x85\x15\
N\x97rJ\xcduJ\xe8\xef[\xa0RZ\x8d\x0a\x0a\
x\xcfE\xefb0\xd9,\xac\xa4\xd4\x00\xb8\x0f@\x1a\
\xc4\xa0!\x98\x97\xa8\xf5\xbb\xa1\xfaH\xe4\xb2v\xda\xca\
\xa4\x19\x10\x88%\x08\xa0\x22B\xc3\xf4\xb3$y\x18,\
D);\xe0D\xc1\x19;\x12\xbb\xc0\xcf\xc7\x81\xcb\xdf\
\x07>\xf8\x0e\xe0\xbf\xb8\xa0\xff\xebD\xfb\x03\x85\x01\xcd\
KO\x5c\xaf\xcfg\xac\x0a\xe02\xd5\x14H\x96\x13\xb2\
n\x18FC\x90\x0b=_r.\xe6\xe8{\xdbz-\
$\x99\x81\xc1\xcc\x80&0\xd2\xb6\x0d\x0e\xc0c8\x84\
\x80\x95\x14\x9co>\x16\x8bQ\x95\x04\x8a\x0d8\xfcY\
\x84\x80\x04\x14g\xc0\x97b\xf0\x1f\xc1\x19@U\xc6\xba\
\x03T\xea#\x03\x87\xd6\x05\x8f\xd1;$]\x00\x8e\xb1\
#\xc6\x0c\x1c\x99W\xac\x19\x19\xc5\x95\x88\x1d\xb3\xa1\x91\
\xa6\x1e\x12#\x0dY\xe2\xe4\xc0l\x1b\xdcb\x1a1\xad\
\x05\xbesI<8(+\x98.\x98\xe8\x02\xb1ve\
0F\x82\x938\xbc_\x92.\x03\x22z\x8d\xe9H\xd5\
\x0e\x08\xec\x9d\x19\x03\xc7\x91\xd8\xef\x06\xde\xfb\xa9;\xb8\
\xf7\xee\x0f\xe1/\x7f\xedY\x1c\xdf\xf8}\xc4\xf6e\x00\
\x8f\xf8\xc081\xce\xa5X\xf7\x86\xc0!y]\xaay\
\x1a\x7f\xe1N\x83\x94\xa1#\x15Hg9\x8a\x80Su\
RJ\xd7\x00\xce\xe7\xb0W\x01\x14\xfc\xfaV\xe5D\xb5\
\xa2\x01\x5c\x02\xf5\xac K\xff\xe8\x9c\x10\xd2X\xe3\xd4\
`\x10i#\xf4J7\xcd\xf3\xea\xbb%\xd8\xb0b\x8c\
0}\xf8\xdc\xb7f\x07\xb4g\xb5\x9e'\xc0\xd6\xca\x10\
;Y\xefR\xb1\x00\xcb~\xb9:O\xcf\xbc\x18\xd7u\
\xee\xd3\xcf\x80\xf5:W*\xfd{w\x03\x04<A(\
\x9a\x05z\x06\xd4\xf5S\x1bt\xfa\xd8aQ_\x94\xac\
\x91\xee\xf2\x80a\xb4\xa7I\x10=\xc0.Q\xab0\x9a\
/\x10\x1a\xe8\x12\x82\x0c\x1f'D\xce\xb8j\xae\xe6\x89\
\xe0\xa1\x1c\x88\xba\x9e6U\xe5\x98.\xcfXk\xabn\
;\xca\xe2\xb2\x82\xafH~\xffnAh\xb9-&\x80\
\xca!\xe79R\xe8\xdd]\xe6\x8a\xd6\x87\x84,\x81F\
\x06\x94\x0e\xd8X\xa1\xab\x01cK\xc4\x1eh\xb7@\xdc\
\x0d\x8c\x9b\x01\xbc\x0b\xf8\xe8O\x7f\x00\x1f\xfe\xe4\x07\x90\
\x11xx<F\x0fZ\xfact\x1c80\xf2\xc01\
\xce\x18\x9d\x11\xf81:\xda\x00\xff\x9b\xb2\xec\xc7P2\
\x14\xdf}D\xe2\x14\x81#\x12-\xdc\xe7\x8feB/\
\xa0\xa5\xf4\x1a.x\x1d\x8f\xf1\x0e<\x8f\x01\xb6\x96\x1d\
\x081\x02\x14\xe2G\xcd\xef\x5c.\xd0g\xa4\xffi\x9d\
\x8e\x0e\xb8A\x90\x15k\xef\xfc}x\x0a4|C\x1b\
`\xd3\xb3w-\x81]7\xd8\xb6P\xae\xbf\xc1\x82\xad\
Zn\xe2\xa6H~\xb6\x9b\x88\xa2\x87\xcdp\xd1\xffO\
\xff\xed\xcc\x08`pV\x9c6\xcb\x13\x98\xf9Bb\x02\
V\x04\xfd\xf4\xba_l@\xa21\xe5\xceAkr\x07\
\xe4b\xd1\x13(\xa8\xef\xfc\xb2\x06\xcd\x84\xcd\x7fb\x12\
BZ\xa7)\xa0\xb0\x9d\xe0\x80\xc3\xc0\x8e\x8c\x1bD\xdc\
 \xe3FWI`\xfcM`\xfbY\x02\xf2'o\x02\
\xcf\x9d\xd0\xfe\xd9\x8e\xfc\xe5\x01\xfc\xeb@\x1b\x0d\xd8\x13\
\xe9\x1a\xb4\x0e(L\xff\x9b\x8a\xcc\xfd\x05\xb0\x0f\xe0\x22\
j\xdf\x16\xe6R\xa69\xa4!m9{O\x11\xcb\x04\
\xb6\xb0k\x90\x82y\xdb\xc8&\x1d\xca\x069\xac\xccJ\
\x907\xd8\x7f\xcb\xb9\x93\xdcib\x09\xc0\xf9\xec\xc5D\
\x05f \xa0\xb1VSW\xe2\xd4z\xe5\xf8W\x01\xa1\
 H\xe0+\xbb\xa3\xa0\xe64*4\xa5\xe4\xc5\xd0\x1a\
\xca \x90\xf7u\xa2\x85\x8a\xec\xfa}\xe9\xf2\xeb\x98\x82\
\xdel\xea\x16\xfcg\x802\x0c\xba\x02\x88\x8d\x7f;6\
\xe6[g\xe0<\x12\xbb\x03\x005\x0e\x15\x95\x11\x5c\xab\
]kf\x84\xe2\x1b\x9a\xdf+\x1d\xc6!\x06\x80/\xd5\
5\xdd[\xf2\x1d\xcf}\xe0\xd9w\x04\xee\xfc\xec\xbb\xf0\
\x95\xff\xdf\x0f\xe1\xd1\x1f\xddC\x8b\xbf\xc0\x88W\xc1E\
2\x10\xed\x84\x1a\x98D)|\xc4\x8co\xe0\xce\xec4\
\xa0\xd0\xe0\x82X3\xbd\xce\xe0n\x01z\x8b2\xaa\x88\
\x0a\xd7\x0e\x10\xa8\xe4\xa7f\x0fr\xcauX?M\xe5\
\xcb}\xa1\xc0\xc3\xb41\x91\x130\x98\xaa\x8f\xe2\x99\x0b\
lz\xbf\x17\xef- c\x85_X}\xda\x09\xa8\xa0\
>\xbd\x9b\x83?cy_k\xc3\xf2X\x14P\x98\xfb\
\xe4\x8au\xb0q\xa1\xf3\x1ck\xe2\xbd\x13\xb0\x0e\xadC\
\xaet\xe7\xfa\xb3\xaa\xfa\xabn\x80O\x1fN\xca3\x9e\
\xd2\xf8+\xaa\xf0\xd3\xfb\x1a\xeb\xc4-\x8a8\x80\x10]\
\xb6\x8c\xd9[\x07L\xffC\x018\x04tbQ\xe6Q\
\x80d\xde\xdb\x94\xa2\xcf+\xd1\x89\x89G\xd7\xbb=\x85\
\x8at\xce\xea\x12\xf0\xb9\x15,\x06\x90M\xaa\xe7\x0b.\
<\x03\x01\xaa\xcd\xe9\x07nS\xa9W\x07\xac\x8d'S\
P\x84X\x80\xa8\xc6>\xf6\xa7\x19D\xa4\xfc\x8cm\x0b\
\xe4\x9e\xc8S\xb04\xfb\xbd\xc0\xb8;\xf0\xcc\x07o\xf0\
\xc9\xbf\xf3Q\xbc\xf3\xbd/\xe2\xe1q\x16\xd5?p\x19\
\x17\x8c\xec\xe88p\x8c\x8b\x94\xff\xc1`\x9dA\xeb\xdf\
euw\x00\xa3\xcf\xa4\xa9\x16\x81]\xc2\x15\x12\xbeN\
\x97k\xd1(T\xa4\x0c\x1e\xa1\xe3\xaf\xf21\xde\xd9^\
\xa4\xcf1=\x0a&\xf8\xa2,1H\x18\x0f\xa5\x09\x84\
(\xee\x8b\xfc\xcd\x91Q~\xd2\x0d\xb2\xce\x15H\x86\xe1\
\x18\x8e)(\xecO\xdd\xb41v\xdfS~\xeb\x16!\
\x00\x15\xd5y\x8fkH\xd5$A\xfdE6\x93\xe7\x8e\
\x04\xcb\xb5v\x036+\xa5\xa8\xb5;\xd9$\xfa\xdf\x1d\
\xe4U\xa0\xd4Vj\xdbJ8<\x1d\xb8\xc7\xb5\xb1k\
\x92G\xc5\x01\xb0tl\x93\xa0\xc3\x95\xe2\xcf`+\xde\
\x04\xaf\x97:n\xe8\xda\xbc\x07[6a\xbbA\xe0\x06\
\x89;\xdc\x07y\x17\x99\xff\x09\x10?\x85\x18O@\x08\
wb\x02\xf98\x10\x7fkC\xbe\x08\xe4\xbf\x00\xe2\xdb\
\x1b\xbb\xcd\xd4{\xa2\x00P\xb9\xfa\x03\x88=\xa6\xa0\xde\
<.\x13\x0c]\xb9\xf4z\xc2\x85\xf1\xe9\x0ap\xb6H\
\x08\xb05\xd6\x82h\xa4\xf3\x8f\xa1 '\x8eJ\xb9\x09\
\x8d\x8aR{\xdd\x14l\xb1\x01\x8b\xdf}HnqU\
[\x10*c\x05R\x98\xda\xdb\x03.o3\xddWn\
\x01\xec\xfa\x00\xb5\x1e\x82\xe0\x02@1F\xc3\xef\x13P\
<\x09\x05\x08\xf7D\x94\x11\x10\x90\x8f\xbe\xc62\x99\xfc\
\x11\xa5?+s\x88ra`4V\x07\xdc\xad\x9c2\
\xf1\xb5G\xa4\xfe#g\xf1\xa0\x01\x01\x87\xe5yR\x8a\
\x1f\xadaDV\x93\xca1\xf4\xee\xcd\xb2]\xcb0\x19\
\x88\xb8%\xd3\x10\x1b\x02x3p\xba3\xf0\xc1\x9fz\
\x01_\x7f\xfesx\xed\xb7^D\x5c~\x1f\xd9\xbe\x01\
\xe4Cd^\xb0\xc0\xc2)s3\x91J\xdd\xa4\x12\xb6\
D\xe0\xa6\xa3\xb2<\xea\xac\x085\x10Z\x10b\x89y\
\x8blL\xc9\xcdl\xaa,}\x1c\xa5\xecCkvQ\
\x95\xa5C\xed\x9e[\xc8\xf2b!\xe4\x80\x14\xc8\x8dX\
n\x5c\x8a}\xd5u1-\x7f}d5Y)\x86\xf3\
\x8c\xa7_\xe3\xea\x19S\xfb\xa0\x8cR]\xa8\xe2\x12*\
\xdeM\x9f\xc4\xf5\x95W\x0d\x87\xf5w\xad\xb1\xd5p\x7f\
\xbbg\xda\x9f\xfer\xaaF\xd3%\xf2\xcf\x14R\x91\xff\
MS\xbf\xfa#\xaei\x08\xa0\x02\x9a,P\x96\xc7\xa5\
\xc2u@T\x16\xe2B)`-\xce\x98J\x83\xe3\xe4\
s5Q\xa6\x87}O\x0d\xa6v\x94Gb\xbe\xdbj\
\x8dX\xc2-\xb0\xcb\x83^\x0bC\x94]\x02\x85\xca\xab\
O\xbc\x95{\xe8K\xa4\x94\xbe\xdeC\xa9z~>\x97\
\xea\x0d\xf9U\x1d\x0ch\x9a\xd5\x9b?wP\xbb\xb1\x11\
[U\xf6\xdb\xee\x02\xfd\x99\x81w\xff\xe0\xf3\xf8\xcc\xdf\
\xfc~\xdc\xde\xbf\x837/\x8f0\xa2c\xe4@\xcf\x8e\
\x9e\x17)\xfe\x039\x0e\xf4\xc1\xa0?7\xec0\x83\xeb\
:\x0f[\xcc)\xd8\x9b\x15\xf5\xc0\x19\xb4\xe3\x01\xe0\xb4\
m8\x12j\x85\xcb\xff^\x22\xf1\x8d|\x13\x1fK\xd6\
(\xa8\x14\xa4\xb4Pn\x95N\xe5\x1c\xf7DS<\x00\
\x85\x81[\x04\xb7-\x91\x9d\xf4hU\x02\x0c`;\xb1\
\xef\xfd\xe8\x0cb\xda\x84\xba\x07\x80=\x04\x14\xc4\xfc\x8c\
\xc1\xe6B\xa3\x03#\x066\xb7\xfbm\xb3)i+j\
\x9ak\x88\xbd\x02\xb8\xceX\xe8Eu\x06\x82\xbd\x032\
\xc9Dl{SC!\xc5J$\xdb\x1c\xc7\xb6Q!\
'\xe8fh\xa7\xe9\xe2jT\xdcs;\xd1\x8fo*\
\x99K\xdfV\xff\xc2\xbfG\x12 \xb84a\x04\xad{\
\x83\xd1M  T\xd4\xa7\xce\xdd\xb8Hp\x07\x88\xfb\
\x12\x02\xaf\x00\xf8E$>\x8c\x18\xdf\x11\x98\xb0\x0f5\
\x10\xbd\x01\x0f\x0e\xc4g\x13x!1\xfe9\x10\x7f\xd2\
XKbnD\x0a\xbb\x91\xc8-\x18G\x90\xa9\xfa\x0d\
\x04\xb3\xd8\xa1V\xc3`\xf4\x7f`6\xc7\xd9l\xd9\x05\
 \xbfq\x0b\x06\x02\x1aL\x07\x1a}\xd3\x092!\x9b\
,7\xd1\xb1\x99\xcd\xb8s\x06\x9cJ\xf1\xdb\xe5\xe4@\
\xbe\x11^\x83\xde\xf9!v\x92\xc0\xa9\xa7=\xbe\x0d\x19\
\xc0\xe1\xf4\xc3\xa0\xe5<,\x83\xf5\xee\xbd\xb6\xb6\x82\x05\
\xcd\xe8\x15\xc3\xe0}-\xd7S\x98\x0d\xe2xU\x95B\
\xcc\xe9\xa4\xb4Y}\xc3\x04/\xdbj\xe5\xc5\xa4\xf3\x9d\
\x05s\x01\xf0\xea\x93@\x8e\xc4\xe8*\xee\xa8\xfd\xd0[\
\x96\xe2Op=\x0f\xa2\x06\xb9\xe6(\x87F\x84\xfa-\
$F\xb7K#\xa4~i\x0c\x9c\x06+\xfd#yL\
\xbb\x19x\xf7'N8=\xffQ|\xfbW\xee\x02o\
\xfc\x1e]\x02\xf9p*\x9a0\xd3\xd6KH\xcc\xb6\xbe\
\x96\xf3\xae\xee\xb7\xb4\xa9V\xfd\x08\x14\x90C\xb9\x8d\xa9\
hG\x0d\x9a\xf5M\xd5\x08@\xd6(Jp\xeb?\x0d\
p[\xe10Ll@[\xc0m\xe9\x07L\x8a\xde3\
\xb7N\x82\xc0\x81)u\xba3z}\x8d\xf4SL\x00\
d\xdd\xa5\xa8\x15\xc5\xbd\xa4\xd6\x8c\xf4\x99\xe2\x16B\xf3\
\x12\x8e)0\x9a\xa8\x8d'\x0b_\x8av\xa6:\xea\xc7\
FG\x01\x97\x9cz4\xa4{\x9f\xd6\xfa\xcb\xcfw/\
\x05\x5c'\xd6\xf2\xd58\x9b\x0c1\xf1 \x944\xe5\x85\
^\x10e\xb1\x01\xb6\xa046Ew,\x13\x1f\x85y\
\xa6B\x0f)|?B\x05\xf4\x04\xaa:\x1f\x1d\xfe\xf5\
\x5c\xcb:\xe2\xe0\xb4y\xee\xbc\xe85r\xf3\xc7\xb4t\
\xf5.\x11%\xccg*\xe0\xea\xc7\xcc\x1ap\x03\x8a\xb5\
\xd2\x1f\xa4\xfc+\xe8\xb0\x82\x04\xc7L\xf93C\xe0\x92\
\xc0\x1bH\xa1\x9e@\x10\xb0\x03yJ\xe0\x16\x88;@\
\xbe\x98\xf8\xd0O\xbd\x1b?\xf0#\xdf\x0f\x04\xf0\xe0L\
\xe5\xdf\xc7\x81\x9e\x1dG\x1e8\xfa\x85\x81~\x83\x16\xff\
\x18$GG\xaaQ\xa7\xac\x7f\xd7\xd6o\xa9F;A\
\xeb\xe4\x82d\xdeq\xa0\xa8\xdb6r*\x7f\xbd}\xdf\
\x81\xaf\xc7\x1b\xe8\x18@n\xb2@f\x18\xce@\xaaR\
\xdb\xa4\xb4\xe9\x06j\x88\x0c\x9c\xb3\xcb\xb2\x198jq\
\xcbplAw~\xba\x9a\x80Z\x1b7\x17\x0f)~\
\x8842\x14\x09=\x06N[\x83\x1b\x9a\xd0u\xc0\xa0\
%c4\xa6.y\x9d\x05\x5c\x87\xa0i.\xed\x82`\
\x17An\xb8\xa2\x05[CQ\x87X\xd0u`\xf6x\
\xb0eU\xc1\x7fS\x08\x19\xacFP\xdc\xb2\x9c4\x04\
f\xbd\xc6vY\xf4T\xd6\xb1m\xb5\x06c\x13\xd5o\
\xc5o\xcb?6\x9e\x17\xb7\xc8\xb8\xcf\x07\x1a\x1f\x07\xda\
?F\xe6\x0bhx\x13\xb6\xaa\xab\x00\xff\x00\x18\xb4\xd5\
\x80\x07@\xbcrF\xfc\x1f\x13\xe3\xbf\xde\x11\xff.\xd0\
n\x18\x1f\x1a\xa0\x12\x09\x0bs\x03\xc1\x1e\x5c\xafEk\
NJ4F\xc8\xf2\x87\x19`\x06\xb1z\xe3e*\xd8\
D\xdb'\xf7\x09\xf44\xaf\xa9\xb5\xd4\x94Qq\x0c\xcd\
B\xa3\xd2;z\x22\xda\x86\xc8\xc4\x91K\x0d\x01\xd0\xc2\
w\xd5\xadLY\xc7\xe9\xaa~\xb2\xf2\xc1h\xfd^{\
?p4L%.9Rn\x01\xcb\x8d\xfaGI\xd0\
\xe1}\x0fU\xf9\xcb\xaa\x19\xd03\x154?\x03T\x8b\
,\x9a\x92\x12\x88,\xd0\xd9\xe5R\xf40m\x11\xb8 \
qj\x817\x0e\xe0\xeb\x8f\x08d\x1d\xa0\x9bR\xe8\x96\
\xc5nhDw\xbf\x5c\x02\xbc\xd0,\xee&k\x99\xc1\
\x8e\x0b\x9b\x03\xca\xdb1\xc8\x04\x8c\x01\x9c\x94:\xd8F\
\xe2\xc5\xf7\x04N?\xfb>|\xe3\xdf\xde`\xfc\xe5\x0d\
b\xff\x12\x12\xafi\x7f%2/(\x7f]e\x8e\x00\
P\x86\x00;]r\xd4\xb8\x16D\x13Y\xb0\xa4gg\
\x94\x02\xb5\xde0\x1b\xc4\xa1\x9d\xbf[\x88\x17.\xd0;\
\xda\xc0ptH)\xa9U\x9f\xc1\x10\xb1\xf0\xc3\xfc>\
=\x22V\xd8\xfa8\xe7\xdf\x09,\x0c5e\xd8\x95\x7f\
\xbf\xae\xbch\xc6\x02*\xd6W\x0b[\x9d\x8a\x99\xc3\xf5\
)\xd3U1\xd7\xcc\x15\xd8\x80\x01\xccd0V\xa3\x18\
W\xbf_\xff|w\x00\xb0<\xac}\xf2\xf5nq=\
8V\xb6\xeb\x83\xfb\xe5xNL%\xe9\xc7,\x07\xca\
DF\x13%\x01\xa6\xf6g\x03 \xbf\xd8\xd0\xebF!\
\x22\x14\xfe\xe2\x84\xa6\x04R!\xc3\x98U\xf8&\xe2^\
<$^\x17\xa5\xf4\xb9\xa9\xeb3\x18\xc8@\x11\xfbS\
\x188J|\xd2\x84|\xb7\xd1\xe6\xe2rpaE\x0c\
7]\xcf\xdd\xc2(\xc7\xb9I\xd5\xb9\x0f\xa7\x81\xdc\x03\
\xdb\x1d\x00w\x13xw\xe0c\x7f\xe7#\xf8\xf0\xc7?\
\x80\xc7\xfd\x8c\xa3\x9fe\xf9\x1f8\x8f\x0b.y\xa0\xf7\
\x0b\xfa\xc1R\xacT\xfeT\x8d\xdcf+\x0d\x8e\x1a\xdb\
K&6U\xec\xea\xc9\x02=\xbb-dY\xd7\x87\x9a\
!aX\xcc\x04\xa2\x07\xbe\x85\x87x\xb8\xb1C\x18\xb7\
\xd8t\x13X\xb8\xac=\xc2x\x8d\xa8\x92\xa3G\x9a\x0d\
X\x04\xb3\x94\x0d\xc1\x9d\x00\xd9\x16\x0cL\x1c\x8c\x10\x8f\
\x1c*$D:\xb3k\x8e\xe9J\x18N\x0e\xa1\xd2\xe9\
\x8ca\xd8E\xd9#\xa0\x92\xc6\x14$U\x0e\xd8B\xc5\
\xd4,\xc4t9S\xaf\x9e\xd0x\xb5\x15\xa6\x0c\xe7\x8d\
b \x07\x153\x91z\x9b\xc2>\x02\x08\xd540k\
%\x05\x1e\x00\xdd\x06\xad\xd5\x9a\x83\xeeQ\xb1\x03\x8b\xcf\
?7\xb6\xed\x95\x07\x19\xd3\xfa\x7f\x16\x81\x0d\xe8?\x82\
l\xff\x10\xc8\x1bD>\x80)p\x18\x18!k\xbf\x86\
z\xac\x8f\xc7\x89\xb89c\xffg\xc0xg \xff?\
\x81\xd8Yi\xcd\xf5\x11\x90@\x19x;\xaf\x19\xb1\xb1\
\xca\xdcF+Pa\xe8b\xe7\x02vm\xa1\xc9\x95\xa3\
\xce\xb1h\x04\x09c\xd0\xe7?Z\xe3^:\x5c\x14H\
\xb2\x07\xce$a\xa6I\xf9p\x9b\x14X\x01,\xd4\xda\
N\x05\xa5\xd6\x9aL\xd1\xef\x92\x19\xae\xb5\x8f\x00\xc6\x16\
\xc5^\xf5&:] \x00@1\x02\x03R\xa2Z\x09\
n\x004\xb6\x00\xf6@bL\x10\xd2\x14\x04\xe8\x1a\x12\
m2\x09\x06\x0akY\xf1\xa1\xdd\xc9L\x04~\xbe\x95\
<\x115\xbc\x03\xdf>\x03\xdf9t\xfd\x11r3\x88\
\x99\x183S\xc1\x0d\x89\x08\xba)_R\xa9.\x8e\x03\
\xccn\xb6\x83\x80\xd5q3!7\xd9\xe6\xfd\xdb\x13{\
&\xf6$x\xbew?\xf1\xae\x9fy\x17\xbe\xfd\xab\x9f\
\xc3\xf1E\x10\x04\xb4\xd7)\x87\xd5\xd3\x82\xfbd*u\
\xcb\xe42M\xcd\xc8T\x84\x04\x17\x08\xc9)\x7f\xe6c\
\xf3)\x85\x0a\xb5\xd6~J\xa9\xd5\xf5\x17\x85+\x90V\
\xec\xf5T\x07z\xac0~ \x1bW\xb0s9\xce\x18\
?\x16\xc6\xc6_$f\x06\xda\xb5\xe2\xf3\x8b\xcf\xa7Q\
\xf6\x93]\x04Q\xc0Kk\xc1r\xa4@\x10j\x1f\xcd\
b?zX\xd4\xe5\xeb\xf7\xa9{\x17\x13U/\xbfb\
\x89\xa7\x7f\xde\x92\x05p\xfd\xb3X9\xeb\x1c\xc8\x0a\x1a\
W\xe7N\x94\x12\x91*\x8e\x96em\xf9\xc0\x95j\x09\
-\x0c\xd7i\x9e)1\xa2\xd6 \x8b,\xac$\x8c}\
\xe6\xe0qOOe\xb0Fh\xda\xff\xee@\xbc\x15\xb1\
y\xb0\xa0MPOU\x1bS\x00#\x06\xaa\xe1Q\xbd\
\xe2\xa4\x9f\xbc\xc9\xdc\x02\x98\xb5\xfa%\x04m\x15\xe8\xf5\
\x87,\x85\xca#VA\x9fJ\xaf=\x01\xb8AQ\xff\
\xed6\x90w\x07n?x\xc2\xa7~\xfe\x07\xf0\xee\xf7\
\xbc\x8cG\x97G\xe8q\xc1\x05\x1d=\x0f\x5c\xc6\x19\xe7\
N\xca\x7f\xf4\x03\xe8\x07\xf3\xb7\xc7\xc0\xf4\x93\xb1\xfdm\
OfG\xef\x98\x96AQ[\x1a\xcf&\xe5}\x09\xe0\
\x04z\xeaF\x04NrW\x98^\xdd\x00|;\x1e\xe2\
\xaf\xb77\xf1\x22\xeeK\xc0*\x16 S\xf9\xc8\x0b\x18\
\xd3\xaeKE_gvZ\xdemSq\x17\xa0\xfc\x0b\
n/\x0e\xd6\x00\x08\xfd\xdb\x96`\xac\xad\xe66\xd46\
6\xcb\xe3\xe3(h\xa7\xe4m\xda\x02[\x93_\xb2\xa7\
|\xb3\x5c\x0fC\x05\x89\xb6\xb0_\x1f\xb5F\xea\x1cP\
\x00n\x1a\x0f\xbb\x18\x9c\xea\x153\xd1\x1b\x00}\xfb\x06\
\x01N\xd1s\x17@\xa2\xfe&\xbf\xbf,}\x9b\x86\xa5\
8&\x08u\xcc\x04tl\xed\x958!\xe3\x84\xc0-\
\x80[Q\xf3?\x8dl?\xaf\xe5\xfdH\x8bmH\x91\
{k\xe4\x94\x8a\x19\xa5\x980\x028\x1fh?\xbf\xa3\
\xdf\x02\xf8\x97\x89v\xd9\xd8\xcc\xa8\x8b\x05\xda\x82\x16\xbe\
\xd5VrPB\xf3\x95\xb2\xc2\x90S\xe9D\x04\xf20\
}\x1bd\x0f\x06\x01WU\xe7\x8b@\x0e)<\xb9\x1a\
\x0cH/\x09\xa4Z\xcb\xf6\xcc\x02\x04\xf6\xb9\xf7A\x8b\
\x8f\xfeo\xee\xc9\xf3 \xc0\xe2\xbe\x17\x80\x08\xe5\xc9'\
*\x1d\xd7\xec\xd1\xd1\xac@\x13\xc7\x95\xc1\x22\xdf\xba\xa6\
\xc7e\x82\x87\x01\xbc\xf6xw\x0a\x9b\xf6\xc1%\xbc&\
\x05o\xb7\x19\x5c8\x8d\x11\xb9G@\x03\xa5d\x85d\
\xc7\xd1\x18b\x112\x10\xbe\xfc\x10x\xd0\x81&\x06\xec\
\xc8T\x1c@\xbaAc\x154\xea\x96m\xd2\x89cp\
,\xa1\xf8\xa3\x9a\xfe!\xb9\xb7\x81\x1d\xa8\x9b\xcav%\
\xe5\x83\xdb@$\x18{3\x1e\x06b\x1bx\xe9\xf3/\
\xe1;\xb7?\x8c\xf3\x17\xee!\xb6?A\xc6\xab@0\
80\xbd\x07\xf2@m\x0a\x1bd\xe1\xd8\x8d\xc4ZB\
\x18\xa0\x12\xd6\xc1\x98\xca\x84cZ\x0a\xae\xd8\x0a\xefK\
\xb3\x04v=F]c6\x00\x12\x90\x86\x0d\x98,]\
d\xf9\xe8\xb9\xa3\x81\xeb\x98\x0b(\xa6\xa5_Y\xf8\xa9\
93\xe3\xc0\x18\xb4\x14&\xb1&1\xec\x9e`eF\
\x1fL]3\xd9H\xd0\xad\xa6\xf75\xe5\xef\xef\xa4(\
a\x16\xae\xde\xd3\xc3a\xf1\x11\xbe\xab\x01\x895\xe7\xf5\
\x8f\xf5\xfd\xf7v\x01`)\xf7Y\x03K\x81\xbeL\x11\
\xac\xfbye~\xe3\xa8F+\xc8\xaa\xac\x14(Z\xdf\
\xfe}=\xe7\xa4K\x85Z\x0a\xec\xe8&\xb1(\xf5\xeb\
W\xe1}[\x088,\x03\xe2\x81\xaf{\xd5C\x0b|\
\x18\x92\xc42\xa8!\xa1\x98\x93\x0e,D\x17\xa8\xc9\x83\
\x14EJH\xe7\x95\x7fp\xa1\xfb\x02\xf2\xdd\xf29\xd3\
\x16\xd4\x96\xac\xee\xb7\xcbmpJ\xe0\x06,\x04t\xdb\
0\xee\x0c<\xf3\xfdw\xf1\x83\xff\xf1'\xf1\xcc\x8b\xcf\
\xe1\xe1\xe51+\xfae\xc7e\x1c8\xe7\x05\xe7~A\
\xef]\xbd\xd5;;\xe4\xb9V5P~\xeb\xa1\x8e{\
-\xec[\x1cJ=\x9a\x0b\xc9\x8a\xbd\x8f\xc4.\x00\xaf\
\xa0yV\x14\x8b9\xdc\x99\x81\xef\xe0\xc0\xd7\xf77\xf0\
\xce\xf6<\x0660\x97\x80\xffzv\x0a`\x8c\x1a3\
\xb32\x04L(p\x8f\xa0\x8f\xfd8:\xe6\xd0\xf2\xff\
F\x91\xc2\x98\x8b\x1f\xa1\xb8\xb2\xd4;9(\x0fUX\
\xc8\xc5e\x9a\xd6\x93\x83\x14\x9b\xfc\xfc\xdb&F \x19\
\xe8\x97\xc31\x01\x14Bc$\xda\xd6J\x9c\xed\xea\xca\
8\xba\xe3&T\xdat\xf1\xc1\xa1ms\xdc\x91e\xb1\
\xd3\xdfl\x17\x12\x15\x22}\x1aZ\xcb\xf5\x82\x09R\xfa\
@\xb4]\xe0\x97\xe7\xa3m\xc0\xc6N~\x19;\x22\x1c\
\xedo\xff\xd0\x86\xc8\x9fC\xb6\xbf\x0b\xa8\xb7\x03\xfc\x1c\
1\xc7\xcd\xc6\x04r\xf0\x9a\x8e\x1asV\x0b\x80|t\
 \xfe\xf6\x86|f\xc3\xf8\x17@\xbb4\xe4I\xc6\x80\
\xca\xf2\x85\x14v\xec\x16\xe2\xa2^7\xff\xe5m\x19\xc5\
\x1a,Z\x15\x8e\xcc\x084\x02<y%\x0c\x18\xc6A\
\xd8\xea\x0a\x873P8U\xefK\xcc@J\xd1\xa3a\
\x0c\xba\x93\x08\x0e\x9e\xee\x07\xc0\x7f\xddW\x89\x22+\x98\
e\x03\xf9\xcd\x11\x95\xba\x1b\xc1u\xd0\xbd\xef%\x0f\x5c\
\xa2{\xc88\xe9\x09\xb1\x03\x14\xd0d\x188\x9eC\x0b\
\xa2\x85\x8a\x0a-c\xb3\xca\xa8\xc92\xf2\xda]\xf3\xd6\
6\x01\x9d\x0d\xf8\x8b7Y\xbd\xf9f\x84\x80\x90\x8b\x18\
Q\xd6\xf6\x04\x86\xce\x9d\xea\x8e\xfb\xc4\xb1\x13)\x7fv\
\x8a\x0d5\x08\x1b\xc3\xb1]\xd4\xe3\x96\xbf\x03\x81q\xa6\
\xcb\xe44HN\x8e-\x10\xa7\xc4\x8b?\xf6\x22^{\
\xe6\x87\xf0\xf8w\x9eA\xe4\xef \xdb_z\x12a\xd3\
\x99\xc0\xf6\x90\x0c\xdf\xc0\xc5\xe0\x05o\x85\xc0 @H\
\x16H\xc0`\xd6\xdb\xb0\x22\xb1\x0c\xb7b\xb4\xab`*\
V\xfe\xed\x9a1T\xfc\xf9\xd4y\x0e\xfc\xb5,\x9a\x0a\
u\x5c_K\xcfQ\xc1\x85\xf5i.\x93(\xa0\xa09\
,\xa6@\x0a\x1bc5\x15Qd\xc6\x84=\x8b[y\
\xd1w\xf1\xd4c\x84\xc1\x9c\xf6\x02kPLY\x99\x98\
\x17-\x157\xb5\xf2\xd5\xcf\xfa\xe9w\x05\x00\x1e\xef\xba\
\xf0|\xcc\xe5\x22\x1e\xa4\xd57~\xad\xa0i]\x07\x1c\
qY\xb6\xf6\xf2\x14\x05\xd4\xb2\xbc\xad<\xb6M\xf7\xc3\
\xbc\xbf\xa25cQ\xb8\xcb\xe0N\xc4\xc8\xe5\xee\xf4=\
\x0f6\xde\xee\xde\xb6\xf8\xdb\xbcK\x00\x12\xd2c\x1eS\
\xef\xc7\xff\x98\xdat\x0f\x00\x17\xf4)\xff\xa1\xce\xabr\
\xb0j\xf2\xc3\x0e~\xf4\xf9g4~\xbe'-\xff\x0d\
\xd8n\x1b\xc6m\xc7\xb3\x9f\xbe\x87\xcf\xfe\xfdO\xe3\xde\
3\xf7\xf0\xe0P\xb0\xdf\xe8\xb8\xe4\x81\xcb\xe0\xbfc\xf0\
\xb3\xd1{\xa1-\xfbkG7{\x93\x05\x006Pp\
4\x90\x19\xd9\x90z}\x09\x94P\xb3\x9d\xc1\x8dsj\
3+\xacb\xdaz0\x10\x10\xc0W.o\xe2\x93w\
\x849\xa4\xe0z4 w\xb0\xdb`\xab\x8dZ\xe9U\
\xc3\x9c\xc4 s\x92\x984~$\xd0\xec\x83T\xfe\xbe\
\x80!\x89'*\x80Cq\x0b|=n\xde\x06\x96J\
\xb5\xae\x19C5\x0e@\xb7\xc6\xf0z\x00T\xa8\xa5\x95\
\x8f\xdf\x96Z7\xa0\xd8(\xb5\x87\xca\xf92\x9d\xd0\x16\
\xbb\x9e\xa79Lr\xa1\xd9\x9a|\x9d\xce\x08\x89&\x00\
\xca\xcfB{\x82\xc2\xbf\xe9\x90\xf0\x82W\x86HCU\
\x0d\xdc\x04 \x9a\xba\x04\x063\x0026*\xfe\xb8\x87\
\xc8\x13\x80\xff\x0c\xb9\xfd\x14\x80\x07\xb2*\x14oP\x1b\
C\x8a\x9a\x8d\xef\xb9g{\x17@\xe1\x9a\xa9\x97\x08 \
\x1ev\xc4\x8f\x00\xd9N\x18\xff\xd7@<\xd8\xd8s\xa2\
z\xdd\xdaU\xa3&@\xb6Z,\x1c%\xccS\xe9\x9c\
\x19b\x0e\x12\xc0V\xb9\x18U]/#\x18\xac\xd6\xf5\
\x88\x05\xb0\xfd\x5c1\xd7\x98\xdc5\x87\xf7h\x04\x8e\xa1\
\xbd\xa4\x17\xb0\x8b\x8b\xc0\x0c\xf2\x95\x93!\x80\x94\xe4\x08\
+\xcb\x14\x1b\xc3}\x10\x88*\x1f\xdd#*\xc0\xaf[\
a8\xcdW\xaf9&\xae\x99\xe9\x7f\x0dh;\xcf\xb3\
k\xd0J\xfe\x80\x80+\xa6\xfb\xa2Y\xa2\x86ZY\x87\
,\xfa`j\xeb\xc3\x03\xf8\xf2\x03\xb1\x0b#\x15\xbc\x88\
*R4B\xc5\x80\xd2\xb5\xe0\xe5\xcaP\xdcK\x22\x18\
\x90<\x18\xb4\xcb\x9b\x8a\x11QQ\x82r\x8f\x22\x10\x17\
\xb6\xab\xee\xa9\xca\xd0 H\xe8#\xb1\xddP\x1bE\x0e\
<\xff\xa9\x1b\xc4\xddO\xe0\xd1\xafm\x88KG\xc6\xd7\
\x81<\xc3U0\xafK\xfa\xeaM\xad\x94-W\x0d\x08\
\xaf\xce\x11\xb4\x09\xf5\xc2`k\xd0\xb9\x8e\xb9\x90\x80p\
\xe3\x10\x03\xddy/^&Jy^k0\x1f6c\
[,\xf9\xcbM-`5\xcb\x02/\xa0\x06(\xf7\xb3\
\x19C\x15\x83F\xb9\xb2\x17En\x10`\xd39\xf4\x0e\
\x15\xe3\xe0\xf5\x83\xf5\x1c,\xae\x87\x05\x14 '\xa9\x01\
,\xcf\x8b\xba\x08\xb7Lj\x9e\xde\xfa\xde\xfe\xa4\x9a\x01\
\xc17_\xbe\xf4\x91Y/\x0bT\xee&b\xd2HO\
\x9d\xbc\xbexQ.R43j\xde*YC\xe2\x88\
G\xbf|A\x9e\xf9\x92>~\xa55\xae\x90\xd9*\xc0\
`\xb1\x9c\xda\x9cn?\x89\xc5\x1a\xe1\xf3\x14\xe8(_\
\x93\xbf\xcf+DUE}\xde\x02\xac&\x1a\x93\x1c\xc7\
t%\xe8~\x0d\x8c\xa2\xde\x07\xda\x1e\x84^Rvp\
$\xf5\x09\xd8\xee\x04\xfa\xde\xf1\xe2\x0f>\x87O\xfc'\
\x9f\xc0v\xe7\x847\x8f\x87H\x0c\x1c\xd9q\xe0\x82K\
?\x98\xee7\xd8\xb1o\xf4Q\x0c\x80\x9bv\x8a\x8b'\
M\x0d\x07\xd4\xe9\xcd\x96\x00\xbb\x11\x8d\xe9?AE\xea\
\x91\xed\x15\xa8\x99f\x89\x11\xdd\xe0\x86Jq\x1c\xc0\x17\
\xe35<\xbca\x1c\xc0\x91,\xf2A\xe5\x94b\x05\x12\
\xa3<\x9c\x81J:\x0cZI\x1c\x1a\x09\x14\xc8\xd2\x93\
\x80h\xb1a\xa03\x16@+i\x03{\x81#\xda\xa4\
\x98]\x1c\xa4\xcdyo\xda\xb0=\xd2e\x22h\xd5\xb7\
\xad\xc6\x83\xba\xc1y\xdck`\x8d\x85p\xa2\xedM\xc0\
\x81\xad\x87\xb7\x8d4|v\x06W\xb2\xdc3\xab\xad\x91\
\xda\x9d\x8b$\x94\xeb_\xac\x15Q\x83\x04\x04'\xa2*\
\xa3\x05\x80\xb6\x11x\x98!\xa8<\x7f\x15\x1a\xc2^\xca\
?\xda-\x80{@\xde\x03\xf0O\x90\xed'\x80|M\
{\xd4\x82\xc8\xd4i\x00)\x17\x80-nSS\x83\xc2\
\x84\xfeI\x05%\xda\xfaz\xd0\x11?\x08 O\xc8\x7f\
\xde\x10on\xc8;\xd0\xb5\x97M\x91\xbc>\xb6\xb9\xe7\
\x02\x92\x19\x0e\x901\xc8a\xda\x07,\xb4\xa9\xa0y\xdf\
\xd1\xa1\x22B!\xcb\x09\xc0\xa0\xf2\xb42$}o\x9a\
\x81\xebw\xa4\x03\xefx>+\xca\x19\x8c\xda\xfa\xa5\x8f\
\xbfK\x96XifP\xc9\xb7F&`\xa5\xff\x8f1\
k\x05\xd8\xba6#\xc1\xf6\xdd\x5c\x7f\x87\xa6]Y\xae\
\xb8\x04\xc12)yL\xb6\xaaq\xec`\x19\x16\xdc\x11\
[\xe3s;\xdei\xe8\x9f\xeb`\xec\x1b\xf0\xeds\xe0\
\xd5\xc7\x94\x93GF5\x01r\xcc\xc2\x01\xa7\x01\xe6\x8c\
o\x00\xcb1\x0f\xed\x05\xd9\x07\xc8\x1c\xb3h\x97\x8dh\
\x01\x15\x94\x0b\x0c\xc8c\xcc \x08\x10<\x8c\x04n2\
\xb1)\xe27\x06\xf0\xdcG6\xc4\xfe1<\xfc\xb7\x81\
x\xf2+\xc8\xf6-\x89\xc5E\xb3\xf9\x1e\xb1s\xce\x0d\
\x16\xa5\xc9J\xb9\xfaP\xcf1\xd4eAk\xb4.f\
*k\xd8\xa4\x8c\xe5~\xcb=\x17Ym\xbdU\xef\x03\
\xedK\xc7\x95X\x81\xcbz\xaf\xef\xeb\xaeQX\xa3\xb4\
\xb6\xbeu\xd0a\xdaW\x94\xeb\x03x\xbf\xe9B\xae|\
h\xbd\xe3\xe7\xd2\x9e1p\x8f\xab\xebOE\xef\xe7\x0f\
,5\x0d\xde\xfa\xbaz\xe8\xb7\x85=\xf5\xf36\xcd\x80\
\xae\xce\xd5\xc0EYa\xf6\x89YY\xd6\xd9\x05S\xae\
\x1f\xb9b\xfdJ\xbc\xe6\x9c<\xc9\x07h\xb3b\x1e1\
\xd3#D\xc9Z1\xb8\x00\xc2\x95\x22\x0eS4Y\x00\
\x02\xda\x5c\x00\xe3\x05\xaa8O`\xf1\xaf\xe4\xc2\x1a\x88\
\xa2\xf5\xfc\x95\x90&r.$\x10\x1ap+\xf9\xb2\xf8\
\xb3\xde%\xea8\xc8\x89\x07\xa6\xf5m!\x9f\xa12\x02\
\x1c`vJ6\xf6\xb9i8\xf6\x8e\x97~\xecE|\
\xea?\xfe$\xe2\x14x\xd2\xcfH$.\xb2\xfc\x8f\xce\
\xd4\xbe\xcbe`\x0c\x96\x1d\xc9\x91\xb5\x91\xd9\x1c\x07X\
+f\x1d\xa3\xa3\xaa\x13\x022\x09\xec\x1a(bP\xa5\
\x0aBc\xaf0\x9d\x0el-\xb07\x8d{c\xfa\x91\
\xe36\xbe1\x1e\xe0[\xf9\x00\xcf\xc7\x1d\xb6\x17\x16\x0b\
p\x98.\xb5\xd2\x9727\x8d\xea\xc0P\xda\x19\xa4\xed\
\x9b\x86\x0b\x00Z\xa3\xc5\x11\xad\x11\xb8\xf5\xac\x80\xc2+\
\xcf\xa1@\xca\x16\xa4\x8b{\x86\xe8\xd0\x81M\xd6\x8f\xad\
\xa4\x16\xc0e\x90\xd1aE6*\x81\xe6\xc5\x94\xda\xc8\
\x1a\x8f\x08\xc8\xa2\xd7\xfa\x8c\xb9\xae\xed\x1eh\xe1\x12\xc0\
\xa0rWA\xa4\xab\xd2\xbe\x0e\xe6\xab\xf2\xbe(\xb4\xe8\
4B\xc7\xba\xd8\xb54\x01\x01\x83D\xd2\x8e\xfa\xd6@\
\x9f\xff]*f\xfcSd\xfbq\x04^[v\xef\xa4\
2g\xe70\xfa\xec\x0d\xb4\x07\xb4'D\xbf\xbb\x92_\
\xc96\xed\x87\xf1\xb0#>\x07\xc4v\x8b\xf1\xcf\x03\xf1\
\xfa6\x0fB\x0aXX\xd1;\x90J\x82\xe3\x18\xac\x19\
p`2\x22R\xc6<\xbc)\x80nn/\x80\x0a|\
\x00\xa4\xa5-7\x8dB\x15\xec\xe6\x068\xf6\xe1\x8f\x8d\
\xae+\x07\xba1\xd7_1\x02~\x22\xc9\xe5\x1e\xb8\xfa\
\x8cmt\xb9\x87\x8e\x88rA\xf6h\xb8\xa4\xc6N \
\xe4<\xe6^\xdf\x9a\x94\xaf^\xcd\xcfj\xe5\xcfuB\
+\xfb\x80e\x18\x14\x07\xc4\xb9vjj\x82\x85\xa7,\
\xa3j\xad\x07}\xfe_y\x03x\xf3\xa2L\x01`R\
\xfe\x061\x99\xb3\xba%\xa8HF\x03F?\x18s\xdf\
\x9a\x18\x14\xc7(%\xc6P<\x89\xc1\x8037:\x94\
\xf2\x19,\x04\x12\x81\x1e[\x01\x8eD\xe2\x94\xaeO\x10\
\xc0\x1b\x89g\xde\xdf\x80\x9f\xf9\x18\x1e\xfe/\x1dx\xf4\
k@|\x13@G\xe4A\xc0\x1a\x02\x84\xe8\x5c3m\
C5\x98\x8a\x89D<'V\xb0\x0e\xec\xb5,.\x81\
m\x91\xdc\x16\xc5Z \xa0.\x02\xc7\xab\x95\xf2\xc7\x98\
\xd7-\x05\xe7\xdbq\x0dO\x9f=\xcfq\x07\xd1I\x89\
\xc3\xaa\x9b\xa3\x91\x8b\x82\xaf\xf7\x9c\xe0!r\xc6\x19\xd5\
c\xe9\xd7:\x17\x8e%\xd0\xb5\xed\x1f\xa5\x10\x82\x9f~\
\xf5\xe8\xdb\xcd\x9c\x98x\x83\x97\xcaz\xb71\x0f_\xce\
\x9b\xea\xfa\xbb\xba\x00\xbc,c\xf9\xe4\x0a\xd3hB*\
\x88A\x0f\x1b\x1e\xfc\xb4\x12u:\x94\xc5\x92\xae\x9c\xb6\
\xe9\x16\x85\xbb\x0c\xc6@\xc0\xb5\xb9K\x11C`\xc4F\
\x07b\xb9\x86\x04j\x98\xd2\x9b\xeb\xa0\xa8\xd0e\xf4\xaf\
\xfd.9\xc1A\xa0@\x04\xe5\xdc\xb8rG\xd5BT\
@\x9fS\xfa\x1c\xc0\x98\x13\xf1\xa8o@\xd02\xdab\
\xba\x00tN\xec<?O@\xbb\xdb\xd0o;\xde\xf9\
\x93\xef\xc0\xa7\x7f\xfe3\x18\xfb\xc0\x93\xe3\x09\x05L\x1e\
8\x8f\x03\x97~\xe0\x18\x03\xfd\xe8\xe8\x07s\xff\x91\x9d\
\x01\x7f\xa2\xfe\xae\xa2L\x07\xd4\x1a\x81\x0e\xf7Qt-\
\xdfeKY\xdf\xc3\x15\xd7\xa6\x0b \x0d\x082pr\
:\xa3\x98\x93\xd6T\xd7h\x04^\x1f\x07\xbev\xbc\x8e\
\x17n\xeeMK\x0b\xa9X\x801\xfb\x89\xebon\x8c\
\x98\xe9S\xd9\x10\xde\x1c\x103\x11&F\xb2\xd6Qf\
b\xdf\x1a\xd9\x8e$8q\xcf\x82\xda\x18RL\x1d\x8a\
\xa2\xce,\xbd\x83\xa4\x10\x0cg`h=\x22\x81\xd6\x9c\
:\x988m!\x97x\x00\xb1\xcd\x14I\xa4\x82\xce\x80\
\xad1k\x22\xda6]\x5c\x02\xc9\x5c#m\xae\xad\x08\
D\x0c\xd2\xd3\xe1MNe\xceu\xab\xc5\xb5d\x96`\
\xdb\x10\xed\x04\xb4\x1b\xceB4n\xd5\xb8A\xe0>2\
\xee!\xf2.2\xfes\x84-\xff\xb98K\x08he\
K\x0e5\x94\xb4\xa0\xa1\xb3\xec\x88\x90\x02\xecp\x0f\x01\
 &0y\xd8\x11\x9f9\x107;\xf0\x7f\x19\x88\xef\
4\xe4-\x19\x86r\xb2\x0bT\xa6,\xdd\xc8`\x16\x81\
\x81\xe8\x81Iwr\x15)(\xad!w\xa0\x1f\xfa}\
\x88r\x0e\xc8e\xc2\xf5\x99Z\xc7C\x05\xb8z\x9aM\
R,y\x10\xed\xf5\x9e\xe8*2\xd5C\xb4\x7f\xf0\xde\
CJ\xd1\x0a\xd66\xe7!\xc3\x02\x08u\xd5\xb3\xbcO\
*G\xd0%\xd0S\xfe\xef\xc6\xba\x17G\xa22\x03\x86\
%\xca\xc6!\xecA\x99t@\xcf\xee`\xe6r\x13\xce\
f[#\xa0\xde\x14\xfc}\x17p\xd9\x1a\x10-qn\
\x0d\x7f\xf6:\xdd\x1c\xbb\xd8\x04\x03\x9cCq\x10\x1dC\
\xd1\xfeC\xf2/\xe5\xd7?\xb4ne$lY\xf5:\
\x10j\xa3\x9cd\x9e\x12n\xe0\xc4\x09\x18\x03\x0c\xc8<\
(\x07rkj\x14IW\xc0\xcd\x00\xb61\xb0\xdd\x06\
\xc6\x9b\x89\xbb\xaf\x04\xf2o}\x02\x8f~\xa9\x03\x0f\x7f\
\x0dh\xdfP\x19h\xed9\x97 \x94R\xe6\xf0?\x05\
\xeb\x1d\xac'\x01\x9e\x88\xb9n%\xb3\xa7%\x9f\x85\x05\
JI\xdar\x07\xdf\x0f\x92eU\xa0\xc7\xd7\xad\xf8\x82\
\x81\xc9Fx\xc7\x084\xcc\xb3Kf\xaeN\xfc\x84\xe4\
K\x056\xea\xb6\xce,r\x1c@\xe95\xef\xb9\xb6\xdc\
\xd3\xc0\xe1:'b\xf9\xb6\x9e-W\x84d\xbd5}\
\xe4X\xdf\x22<\xc7\xff\x81\x9f\xdd7\x8b\xa7\xbeH/\
\xdc\x98\x9fL\xcc\x83e\x10\xac\x0f\xe3\xea*\xa9\x992\
JYN\x99\xac\xc0*\x9c\x0dt$S\x08D]\x0d\
p\x01\x02\xf5$\xe9!\x81\x03\x0e\x0b9.\xc0\x00H\
-n\x09[\x18\xbc\xf8A \xdf\xfd2\x89\xcb;\xfb\
9\x8b\xfeo\xf39S\x82\x85\x16A\xd6\xf5\xa9,U\
Lf\xe3\xbf\x90\xdf\x1fM\xa3\xbe\x0fU\xf8\x03\xda\xdd\
@\xde\xe9x\xd7\x8f\xbf\x1b\x9f\xf8\xf9O#\xdb\xc0\xa5\
\x1f\x189p\xc9\x03\xe7~\xe02:\x8e\xa3\xb3\xc8O\
\xa7\xa34\xad\xf4\x07\xe6\xe2\x96\x02lH*v\xf9\xf2\
\x01#K\x836*\xe4\x1d\xc1z\xfa\xce%V\xb7=\
H\xb0\xee\x11\xac\x22&\xdcrH\xa1\x84\x0a\xec\xf4\x03\
\xf8\x8b\xe3;\xf8\xd4\xcd+\xa8Hl@\xb9\xc8r\x09\
 \xc5\xa2\xb8\xd9)\xc1\xd1X,\xc6(x\xa0.q\
\x91\xd8\x92\xe5a\xfbHD\x1b\xe85\x1d\xdcPG&\
\x9a\xf2\xf8mA5\xc7?(\xf8\xcc\x9fC\x0a\xc0\xf4\
\xad\x02\xda\x11\xc1h\xf3@b\xdb\xb7r\x0dl\xa2\xef\
\xf9\x0e\x04C\xac\xd4\xa6'\x0e6\x14\x9a\x9b8\x81\xab\
\x1a\xff(\xab7\xad\x94\x97\xb5\x97R\xfc\x191\xcfi\
M\xa0bCn\xa2\xfb\x95\xe6\x17q\x8bp\x91\x9f\xbc\
\x03\xc4?\x01\xdaO!\xf2\xf5\xb7\xdd\xe8s\xce\x05\x02\
\x94A\x11z\x9e&\xaa\xdd\xe9\x9d\xb5k4\x16\xa9\x8d\
\x10r]\xe1aG\xfbdC\xfe\x17@\xff?wf\
\x07\xdcJSg\x90_\xb7\x04t<\x97\x19\x0d\x90>\
\x0f\x04}\xd2\xa9H\xfeM\xc1g\x08`\xa7\x0b\xa0G\
\x92\x19\xe3,ct\x15z\xf2\xd8\xb5\x0dh@\xcb\xc4\
E~\xffD\x16]?6*'\xa7\x9c\xf7f\xa6\x83\
\xef\x9dA\xb7\x80\xe7\xc3\xe5z\x1d\xcf\xd3\xc1\xba\x02[\
\x0bdk\xba\xeeu\x81\xa0\x9eQeu\xa5+\xe4\xd9\
\xe0\xfb\x91\x8e\xb7\x8c\x91\x8chY \xc0\xb5F(G\
x/\xd3\xfe\xa7\xe6>\x02\x5c3[\x03^\x1b\xc0\x97\
\xdf\xc0\xac\x810\xa6{\xa1\xe7\xa86\xc0\xa5\xfcA\xd9\
\xe9\xb5\x9cH\xa6\xd7)\x15-3\x81m\xeeE@@\
\xc0\x8a\xd72,\x852Z\x00\xc3E\x8e7d\x02\xe7\
$\xb8\xba\x19\x81\x13\x18\xd1\x837\x13\xf7_nh?\
\xf3I<\xf8\x9f/\x88\xf3o\xd1\x1d\x90\x8f\x91q\xc8\
\xea?i\x9d\x1c(\xcb\x9f\xdc\x9f6\x8d\xfe\x8e\x92\xc6\
Z\xb7\xdd\xea\x1f\xb3'\xcd\xb5+\xd8\xcc\xbf\xd7|\xed\
K\x18H,:\xa8\xf6\xc5\x0a\xda\xa7\xa3\xb9d\xbf\xdc\
WN\xe1[wZi!\xcb \x81>[\xe0VG\
\xde[\xfe#\x97X\x05\x1a\x04\x94\x8df\xbd\xf98Q\
\x1a\xdd\xfdiVP\xe48\x8a\x05W\xc8\xee(\x87;\
?\xcc\xe5\x80e\xac\xfc\x22\xfbw\xc5\x08\xdf\x13<,\
/Y\xf7\xf1\xe8\xce\xc9\xa9\x17,~\x02\xd7\x08\xcd\x87\
\xc5\x9c\x0e\x88~\xcbf\x9f0\x07\xd8\xc2\xd4U\xf9J\
\xe1k\x83-W]\x14\xf1\x9c%\xd3\xf3~\xb1r)\
\xd4\xfb\x8eb\x16\xea\xdc\xa2e5\xb0\x05Z\xa8\xe0\xab\
U\xaf\xdd\x02\x81\x85)\xc8\xe9\x0ah@nI\xbas\
K\xc46\xaa\xc2\xdfv\x0b\xf4\x9b\x8ew\xfc\xf8\xbb\xf0\
\xc9\xbf\xff\x83\xe8\xe8\xb8\xf43\x06:.\xa3\xe3\xc98\
p9d\xfdw\xd2\xfdc\x0cZkz\xd8#\x07\xb2\
ga\x93\xa2\x80\xac\xfc\x1d\xc0\x16`P\xd6 \x18a\
-}F\xcc\xc7\x02\x1f\x13\x0c\x96\xdaj\xbc)D/\
A\xc1mA\xdf\x92\x02\xf5K\x97\xd7\xf1x\x5c\xd0\xa2\
\xe1\xa2\xa7\xc8\x18\xaaR\x16%\xa4\x99\x11\x10\x92+T\
\xca1\xdcI\xae)\x0d\x8f\x85\x926=\x83c\x18\x1c\
q\xbf\x05\x03\xf4XB %\xd4\xfc\xecQ.\x90\x16\
Pt\xbf\x98'\xb1\x0e-T\xf7\xbc\xd1\xa2\xb2\x95U\
\x0a?i\xe1\xdbu\xb0mMBJ\x9b_\x96z\x8b\
]\xee\x0b~S\x15\xe0\xd6\x94>\xc5\x03\xd4\x16\x14\x80\
\xa0pou\xac\xd3\x00\x93\x0f\x8d\x8a\xfc\x07\x0b\xfcd\
\xec\xc8\xb8\x83\x88\xfb\x5c4\xf8G\xc8\xf8i _\x87\
\xab\xa8YVM\xe4\xef\xf6\xaa\xd7;w\xedhW\xe5\
\x89\x89V\xf8\x88\x1e\xccZ\xf61Y\xac\x07\x1d\xf1\xc3\
;\xe2\x7f\xbf\x01\xff7 .\xc1\x12\xd5v\x92#\x8a\
\xc1+!\x94\xb2z5\x174\xd4\x1a}\xa5\x9b\x00\x88\
E@\x04\xa2g\xed\x9d\xd1]O?J\x08\x02YA\
i\x06\x13\xe5!\x95\x22\x1e\x8d\xf3]\xbd\x08`\xaa^\
1\x01\x98\xbe\xf3\x04TXG\xfa\xce\xf7K\xbe\xc5\xe1\
\x810@\xc8\xacb=\xeb\xe7\xec\x84)\xb7\x09\xa6\x13\
\xc6Y7\x14\x0f3\xa3\xc01\x07\xa1\xff\x9a\xb1\xb4=\
\xbc52\x18\xfb\x0d\xf0\xd5\x07\xc0\xb7\x1f\x01\xad\x11\xf4\
T\xed\xfft*6\xf7\xd6\x18t\xca\x9b\xe2\xafy\xe8\
\x04\xe0\xa5`\x02\xc8T1\x9e\x10\xc5=4\x09\xa3\xcb\
\xdf\xde&\x9d<\x12L\xcf\x95\x95\x9e\xacAq\xe8\xfe\
\xa3\x01\xb7M\x0b\xed\xcd\x81{\xef9!\x7f\xe6\xb3x\
\xf8\xcb\x00\xce\xbf\x0d\xe47\xb5\xa4d\xa1\xfb\xde\x1e<\
\xcbT\xc8\xbd\x14\xd3x3[\x90\xce5\x15\xba,\xbd\
b\x1d\xe0\x95l\xbd\xe0]WZz\xf9H2\xa8\xee\
[\xeaH\x0a\xe9ip\xe1\xbfS\xe7\xd6\xea^\x8f]\
X\xe6z\xae\xfaD\x97\xd5\x1a\xd1C\x07\xa6\xc2/\x11\
\x013x\xf5\x81_\xb0\xe6\x93\xefY\x11\x04|\x96h\
u\xff\xe9j\x90\x1cZQ\x82\xc7H?\xb3\x17\xc0z\
?\x8e\xd2[\x1e-a\xf4b\xda3\x17\x84s\xfd*\
\x85\x05\xae.\x0a\x09\x94\x15iy\x12$\x84VE-\
\xe5^\xf7_\x14;;I\xdb7s5\xca\x12\xd4@\
\xa5\x15F\xd6\xf3U\x96\x89qYL%\xef\xe2\x1eu\
Ik\xc5\x98\xe3\xe35\xcb\x7f>W,\x83\x82;\xd0\
(T\xaa{\x9a\x9c\xdb\xb9\x0d\xe0\x14\x8a\xf8\x0f\x06\xfc\
m\x1d\xcf\x7f\xf6E|\xfcg?\x8d#\x0e<\xe9O\
0\xb2\xe32\xce\x0c\xf6;.8\x1fG)\xea\x1c\x83\
\x85R\xa4\xd8\x87\x069\x07-\x97\x1d\xdc\xe8\x91\x14\x8e\
,\xa6\xd3T\xe8c0\xd7\x14\x89\xe6\xb4\xbe\xc1\xcd\xef\
W\xeaR\xbaV\xb8\x17\xb8\x04\xaf\x84\xcd\x16J\xdb\x22\
\x85\xb9\x8d\xc0\xab\xc7C|s\xbc\x81\x97\xf7\xe7\xf1(\
\x0f\x1c\x91\xc8\x1c\x18\xd9\xe4\x17\xe5\x9aq\x88b\xca:\
!\x00\xe9\xc8\x04v4Z\xf4j\xef\x9aH\xec\x8d\x9d\
\x82\x08\x02\x98{?\xa0H\xa4\x06)\xff@\x1c\xdcH\
[\xda\xcb\xc7z\xe6\x88\xa0\xaf\xbe\xcbS\x1c\xf4\xf7\xee\
\xadM\xd0X\xe9~\x5c\xb0\x8d\x93GW\x84\x94\x87\xb3\
<Z\xec\xb4\x9c\x12\xb3\xe6\x84\xca\xfb\x16\xb5/!b\
k!\xc2k\xd7\xca\xd1\xe0@\x02\xcbm{\xb7\x0d\x19\
'Tw?\x90\xe2\x0e\xec\x08\xa8\xc2\xdf\xd8\x01\xfc\x02\
r\xfb\xbb\xa5\xfc\xe7\xde\xf6fs\x8cL\x96/\xdb*\
\x99n\xa1\xb9\xd3\xcbU \xe1aWk\x01\x1d\xefO\
\x81\x8ah\xc0x\xf3@\xfb\xfc\x86\xf1(\x80\x7f\x0e\xc4\
I\xf1\x1c\xa3\xcdM\x92\x80\x8b9Q\x0f\xe9\x0b\xc7\xc3\
D\xb0`R\x028\xdcG\x22\xca\xad\x88\x83\xe3=F\
V+a\xf7h\xe8)\xda\x5c\xe38\x92\xc5\xa3R]\
\x1c\xc7\xa0\xab\xa7\x8f\xacv\xbb\x16\xf6)wD3P\
\x00\x01\x86KR\x9f\xd3\xe5~\x1d\xe74\x0a0u+\
\x9a\xb0\xae\xcc\x8a7 \xb5\xae\xd4\xbf\xcc\xabx\xa3.\
\xaa\xc9FB\xec\xfcn\xa8\xe3\xa7\x0b\xffD\x04\xe3\xde\
6\xba\x19\xb6=\x11;\x10'\xe0\x8b\xdf\x09\x9c\x8f\xc4\
\xcd\x9e\x05\x8a\xb9\x9b\xb9\x8f\xb2y\xbf\x09\xd6\x0c\x80M\
\xc5\xa4\xaa\x1a\xe0\xf4\xbf\x92\xaf\xdd\xe0Y`\xaf2\x15\
\xac\x9e\xe4\x93\x0f\xa0|&[7J\x02il\x16\x5c\
z\xa2\xf1\xd8\xb5\xe0\xe3\xf5\x81\xbb\xef\xb9\xc1\xf8\xa9\xcf\
\xe0\xf1\xff:\x80\xf3o\x01\xf8\x16\x102\x5c\x10@E\
\xf7[m)\xe5So\x06e\x05D*\x8b\xc8\xb4q\
R\xf2\xa7\x83i\x0d\x812\xa7\xebv\xc9\xa7\xe7\xbd\x06\
`\xd7gH\xc9\xd69\xb1`\x80\xb8\xd6\x8e\xb5sP\
\xca\xb6\xd2\xe2\x91pz\xe0\x95K\xc2\xa7\x95:\xe6=\
\x86\xe4\xf2\x04!\xde\xaf\xd7:\x17u\xc7\xe5\x9e\x058\
\x16\xbd^\x96\xeaD6\x06(oU\xe6Ok\xf2y\
\xd6\xf7\xae\x04\xe8AZ\xa9\x09+b\x8fC)HQ\
|e\xfd\xe7\x1c\xf0\x98`\xa00\x91\x9f3\xe6\x83\xfb\
\xd9\xfdn\xf6\xbd\x02\xda,uU\xc0\xc1\x1cs\xb8\xe6\
 \x1a(\xa4*\xce]\xbf2J\xe1sCK\xeaI\
\xe0\x190\xc0\x8a\xcb\xa3\xbe\xc8\xc3\xe9\xd3\xd0 \x98\x05\
(?_\xcc\xba\xff*\xf23\xe3\x05\x06r\x07\xe2\x16\
\x18\xad\xe3\xd9O?\x83O\xfc\x83Ob\xec\x1d\xe7~\
\xc6\x91\x03\xe7~\xc6\xd9V\xffq`t*\xc1\xde;\
z\xef\x02\x01bEL\xd3%\xe9\xfbK\x0e\x16\xc9\x19\
\x9d\xd4v&\x9a\x16m\x8c\xac\x98\x8d\x19\x93\x0f4\xd1\
\xe0\xc2\x14h\xf2\xadv\x01-\xf6h\x073q\x824\
aK\xb2\xb19\x80\xc79\xf0\xa5\xe35\xbc\xb2\xbd\x13\
\xec\x22\xb0\x93\x82\xb4\x00BJ\x18\xd1W\x99\xb9\xf1o\
\xcf\x8f|\xf09\x0e\xa1\x90\x90\xeb\xa2\x17\x80\xd9\x93`\
a\x0b\xfa\xec\xdbHF{\x8b\x15\xb0tn\xa2\x15\x87\
\x94\xac\xadx\x8a\x14\x0ax\xd7\x04\x08Y\xa0#8v\
\x1d\xc0\xcd\xb6\xcb%\xa0\xfa\xff\xd5\xccG@$\xc0g\
\x0e \xc4\x020\xbe\x8f\x01\x80\xd5\x02\xb7\x05\x22\xd8\x15\
1T\xc9\xc5E|\xaa8\x0e6\x09^w\xf4\xdbu\
\xce\x09\xd5\xfb9n\x91\xf1\x1cX+\xfc?Bn\xbf\
\x00\xe4\x03\xce\xa7M\x85\xda\x9f\xa1Y\x9d\xe06\x1d\xfc\
\xe7\x08\xefF\x10\xe0\xa6=\x092\x0f1\x14\xd3\x92\x5c\
\xd7\xac\xc1\xbe\x15\x1av\xf76D\x00o\x0cl?\xb3\
a\xbc\x1a\xc8\x7f\x05\xe0\xa6\x01}L\xd7^\x82 M\
\x9b63f\xa0YpL\xe9n\x02p\xa2\x9b\xa1w\
\x9erh\xeez\x00]Ji\x0c(\x02\xdf\x12\x80\xfb\
o\x9d\xc7\xde\x95\xd7\x1fQV\xba\x8b\x0bu\xad\xebK\
x5\x86\xba\xfcq/\x9f\x93} \x0e)\xfb\xc3R\
'f-\x7f3\x85\xe5\x0a\x00T}/P\x85\xe9b\
J\x19\x17\xfc\xea\x1a\x10g\x88\xac\xe5\x80\x11ruE\
\xa0)>\xa8\x87b\x08\xf6\xc0\xbe\x03\x0f\x13\xf8\xb3\xbf\
\xe2\x8c\x1e\x83\xe3\xd35\xdf\x19\x8c\xeb\x19\x0a\xf2\xad\xda\
\x0f9\x8a\xddHL\xf9\x9dF\xa49ks\x94\x7f\xda\
>\x8b\xa9\xd1(\x1d\xfa\xc2\xbe*\xa7\x90\xd7j G\
\xc8\x1a\x0cg\x01\xdeS\x12\xa1\xb51p\xef\xfd7\x18\
?\xfe\x838\xff\xdb\x04\xf27\x81\xf1*\xd8\x8b\xfc\x10\
j\x12\x0bV\x1a\xd8\x06]\xac\xd8\x13\xd3j\x13\x0d_\
T84\x19S\xb1\xae\xca\xf7J\x13\xba\xb7\x06\x16z\
\xde\xfb\xa7\xae\xb5\x9c\x9b\x81Y\xc2\x18\xb8\xd6g\xd3\xdd\
\xe5v\xcf.\xe1{\xddp\x88\xf1\x160\xe8h\xben\
\xae$\xf9<\x0f^Hs\x1b\xcd\xd7p-\x11\xedw\
\x1fn\xe5Z\xef\x995\xaf5<\xcbe\xae\x86\x09\xff\
A\x000Uk\xe8\xa2\xde4F\x5cQ/\xabA\xd2\
\x04\xf0\xb8\xbc\xba\xca\x0a\x08\xea\xef\xf4q\x1eh\x95\x08\
Y6\x93S\xb4\x06\x86,\xff@Q2\x1eXM\xec\
$b\xe6\x08\xaf\xed\x80W\xc0\xe0E\xe0\x08\xec\x14Z\
sJY!}\x0f\xb4\x15=\x96\xeb\x90\x9f\xae\x81/\
E\x1f\xf3\xf7\x08\x90\xd3>\x01y#\x9f\xffi\xe0\xfe\
\x0f\xdc\xc7'~\xf1\xd3\xc0\x9d\x1dO\x8e'\xe89\xf0\
\xf88\xe3|(\xd5\xef\xc2`\xbf@\xa2+\xdf?G\
\xb2{\x1a\x80\xe8\x0a\xe8Q\xf1\x1f6\x9d\x80\x82\x03\xb3\
6\xf2\x18\xca\x0c\xc8\xd4\x1e\x13\xe5o\x00\xa0\x91\xdb@\
\x1f\xba\x0b\x8b\xec\xcbj\xb9\x8c\xc4\x16\x89\xe8Qy\xca\
\x87\x14\xc9\x16\x81?\xbf|\x07?r\x03\xb48\xe1\x82\
\x03\x19{)\xa6\x11.Z\xe2\xa0@Y\xbd)q\xec\
\xc6!mSU7\xa1\x8b\x01\x00\xcc\x0e\xc8\x1c\xd8b\
S\xees\xc7\xdevd\xa8B]C\x09\xaa>\x06c\
\x01\x82\x0a\x81u\xfe\x1bs\xb8s\xb2X$e$\x9c\
[\x94\xe2\xa6aJ\xe5\xaf\xc5\x83\xad\x01[\xbb\x05\xc6\
\xc0\x01\x863R\xf8\x81\x8a\x14\xb2\x9cB\xacO6\xc4\
\xb6\xeb\xddT\xb2\xd7r\xd5\x02\xca\x19\x01n\xe7\x1b;\
\xaf\x19j\x04\x11'*\xff\xf6\x0c\xe7j\xfc(r\xfb\
'`Ov7:\xb1PJ\xd0\x878,\xcf\xa4l\
\xe5\xfb/ `\x8b\xc5\x0c\x83\xf6l\x05\xba\x0a\x04\x83\
J;\x00Y\x8aZ\xcc\xea\xd4\x87\x00\xf2\xd1@\xfb\x07\
;\x8e\xd7\x13\xf1\xef\x1ak\x11I\xc0b\x04b\xc8u\
\x22\x1frl\xb6\x5c\x9b\x8f\x02\xc0\x80\xcb\x1e\xa8Jv\
\x88\xc6\x22@\xcaP\xe8R\xeam\x0b\x5cF\xddA\xc1\
}f\x05\x14\xc8\xe7A\x96\xe4\x18P\xea\xdf`\x8f\x8b\
!&\xe7\x00pI1~P.\xbcA\x85\x83\xb1B\
\x96\xba\xea\x1e\x84\x18?v\xd2S\xb1\x9f\xd5`\xd0w\
\xadM\xd0\x00NK\x95\x02v\xcf\xf7\xd6$gZ\xd4\
\xf7\x8eSJ\xc9\x8a\x0c`?\x01_\x7f\x00|\xfd\xb5\
\xe9\xba\xf2\x9e\xe9V\xe8\x84\x22\xf3\x7fs\xe8\xbd\x12f\
0x\x9c \xb0\xdd0%|G\x01\xbb\x84\x14\xdb0\
Hlr+I\x10\xf4,\xc6*\xc6B\x17\x05\xd0/\
\x95\x80\x8c\x93\xf7\xc5\xeb\x89g>z\x8b7.\x9f\xc3\
\xe5W\x9f\x00\xf1k\x00\xba\xd6x\xc2\x0dF$\x9dk\
\xdd\xb9\xa2\xe0\xe2s\xc5d\x87\xfd\xec\x9a1\xc7\x87\xf9\
AJi\xachT\x8a5\xedR^\xbe\x82]|\xa5\
\xa9\xf5\xd5\xc0\xfc\xc3\xfa\xe9\xad*4\x04\xb0$*\x96\
\xe7[\x9fi\xbe+\xe7e\x01\x1d\x9a\xc2\xd2\x80\xcb)\
\xa5w\x80\x02\x18\xebs\xf8\xf8\xa9\xcf\xac\xe7\xa6F\xbe\
~\xd6k]\x0c|O\x00\xe0\x05\xf6\xd4u\xe6\x93)\
\x988\x8bvHY\xe5\xb5\xf8\xb1<\xbc)Wm\xe8\
\x15\x025S\xf7\x8b\x22\x05f\xe0\x850\x13\xac\xaa\xae\
|\xfc\x0d%`]\xb8'\x90\xca'\x06\x10\xa3@K\
\xf9\xe5\xcbY\x8e\xf2\xe9\x04\xfc\xd9D\xce\xd1\x0c\x0e&\
@ r\xd7\xb3Z\xda\x1a$\xc8u\x1b\xbb\xe8(\x95\
\x07\xcej\xf6\x93hw\x02\xb8M\xdc|\xe0.>\xf6\
\x8b\x9f\xc5v\xff\x16\x8f\x8f'82q\xeeg<\xee\
\x07\x8e\xae\x80?E\xfb#Y\xb9\xcf\xc1/nC\xeb\
\xcf\x92\x0ek\xa4du:_'\x06\xdcnw\x8c>\
Q\xe1\xd0\x04\x89\xfe\xbd\x02h9\xb0a\x09\xacj\xac\
N,;\x12\xfd\x00\x8e\x8d@\x8c\xf49\xb0\xf7\x0d_\
=\x1e\xe0\xd5\xf1&\x9e\xdf\xef#\xd9T\x1e\x19]\xd5\
\xda\xec\x17u\xfdo*\xd9\x0c\x17~\x0a \xdd\x94\x87\
c\xdd\xb4N\x5cb\xf3\xd0:K\x81\xc0\x03]^\x00\
5Ci!\xb7\x82\xa6D\x01f\xac-\xae\x8c\x86\x06\
\xf4>\xb0G\xab\x1c\xeb\xd6X\xab \x03\xd8\xb7\x8d\x0d\
c2\xb1\xc7\xc6\xec\x00t\xd8\xe2\xdf7[\x1f\x5c<\
\x1dt\x13\x84\x83\xf7\xbc\xcc\xdc\x18\xc8\xeb2\x04\x12\xac\
\xfck=\xaa\xc0Oc\xf7?\xfa\xfbOpM\xe8\xc0\
\xb3B\xc2\x1fAn\xff\x0c\x0c\xa5\xbf\x80\x9b\x5csY\
\xfbl\x94_\xd0\xf7M\xb4\x09P\xed\xb6\xe3\x86\x9b\x02\
\xbe+\xd0VAG3\x9d)\xca/LYf\xeb\x8c\
\x12\x87\x86\xc8\x05\xdb?\xddq<\x00\xb6\xdfk\xc0\x0d\
\xe9g\xb2\xbb!\xe5o\x8b\x04\x0c&\x84R5\xa5\xe0\
\xddo\xa2\xb7E^\xec@\x1e\x09l\x02\xa4\x02\xb1\xca\
Z\xa3\x85/\xba\xba\xcb}\x8d]L\x01L\x8f\xd3b\
\xee\x01\xc4.#\xa1SV\xb0\x08\x10\xdfmx:\x00\
\xcc\xa8\x7f\xfe>\xa0\xe7otE\x5c\xa4P\xc7\x88\xf2\
\xdf\xcf\xd8\x04[\xfbR\xc4\x8c\x97\x83 \x18\x81\xa12\
\x81\x86\xd6\xa2ZA\x00\x1b*\xef?\xb7\xac\xec\xa0\xed\
\x14\xf8\x93/'\x1e_\x80\xd3MV\xaa\xdf\x90\x1c\xb6\
\x0b\xa0\x97\x8c\xcb\x02{*\xc4=Y\x17MZ\x229\
\xf7V4\xe1\xb5\x18 \xb5\x8e\x22WK\xfc\xb3\xcb\x91\
\x8c\xd7a\xe9\xc8\x93\xab\x84#0\xa2\xe1\x89v7\x97\
Y`{c\xe0\xd9O\xdc\xe2\x8d\xc7\x9f\xc3\xe57_\
\x05\xf6?\xe1s\xb6!\xe0i\xe8\x22\xa5o\xab)\x1d\
Ea\x81m\x15\x19\x04\xd8\x01T\xff\x01\x1dc&\x81\
cae\x8b:\xf7\xea\xbf\xf5y\xd6\xfe\x00\xd6cc\
\xde\x03Q\xff\xa5r\xb6,\xe51\xad\xf6\xa1\x86d\xb5\
\xc8\xe1\xe0\xc16\xef\xd7B\xdes\xcfC\xe8\xce\x93\xdf\
.\xdc\x80\xc9<\x5c\xfd\xc4\xfa\xb4S\x7f\x9a\x857\xfc\
\x98\xbf\xbc\xcd\xf9\xf9\x1f`\x00\xea5\x8cB\xb0\xc4\x05\
hp\xae\x9fk\x865,!\x14WsP>}Y\
\x12\x06\x1a\x150Tw\xb6\xc0\xf7\xb3P1\x8c\xe4\x00\
;\xd0\xaa\x9a\xf6$\x95\x08\xda\xa4W\xae\xdf{Eq\
\x98\x80c]\x04F\x8a\xf2\xe1\x1b\x10\xcf\x80>\xc8x\
\xe5\xc2/\x90\x81\xb9\x86BiB\xb5n\xb7T\xb7?\
\x1azyJ\xb4w\x9f\xf0\xf1_\xfc,\xee=\xff\x1c\
\x1e\x5c\x1e\xe0\x08\xe0I\x1ex,\xa5\x7f\x9c;\x8ec\
\xe0\x10\xddO\xa5\xaf\xa8\xff\xa10\xa1.\xd4\x9a\xd01\
\x1a\xce\xee2\xbf\x81T\xd0`M\x12%\x1bLC\x01\
\x01G\x80\x17;\xa5\xe0\xba\x11\xac\x12\x98\x19\xb84\x05\
2\x05\xb8x;Grk\xc0q\x00\xa7-\xf0\x06\x0e\
\xfc\xc9\xf9\x9b\xf8\xf1\xd3\xf7) \x8a\x8b^\xb5\x07\xe1\
4@\xfazE\x07\xa3\x09\xb1\xb0PP\xf6\x8e\xaa\x0b\
\x00\x0a\xbb-\x829\xc9\x90e\x95\xbcN\x1b\x15\x93\xac\
@+^\xaam\x9b\xc6*\x14o\xc7\x893\xa3\xd4\xb6\
M\xb1\x06\xd3\x02\x1e`\xcbc\xf1*L/\xcc\xc4\x81\
\x81\xbd\x99\xa6\x17\xf4\xc8ps;\x00\x0e\xde\xa3\x95=\
\xe4\xae\x88\xcd\x8d\x82\xe4\xfbo\xfb\x5c$Z\x18,\xe6\
\xb3!\x9b,\x7f0\xfa\x9f\xd9\xd5\x8c\xf6G\xdc \xc7\
K\x88\xf6\x7f\x00p\x0bZ\xff%\x190W\xb8\xfe\xeb\
\x80\xc8\x12b\xcb\x1e\xb60\xbd\xb2V\x04\x00C\x14f\
\x12\xbcD\xa6\xa2\xd1\xa4\xcd\xbd\xdf,]-?;\x80\
\x9b\x81\xed?o\xc8o\x0f\xc4W\x82\x12E\xc0+\x86\
\x81\x07*xt\x80\xb4\xfc\xc8\xc1,\x00]r\x0c\x94\
r\x1c\x89j\xc24\x86\xfe\x85\x95\xb7\x8e\x85s\xdf\xf9\
2C\x8f\xc3\x1cy\xb9y\x94\x09p`T\xcc\x85S\
U\x1b\x1f\x13G&cV\x82\xa0\x84\x0c\x13\xd0\x14{\
@\x06K}\x09\x9c\xaa\xd7\x04\x0c\x82\xae>\xba\x1d\x06\
\x86c\x02\xc4\x08\x84\xeb|\xa8\xcb\xe7h\x85\x07%\x0b\
\xa9\x94C\xf7\xdd\x1a]m\x03\x89\x9b=\xf0\xe0H\xfc\
\xf17\x80l\x04\xe3\xb4\xfa\xc5\xaaA\x01\x90\xe5\xeb'\
\x8bC0k64%\x16\x1dh\xcb\x9a\xcc%\xa5K\
\xfeQ\xe1\xb2\x19\x96:U\x86\x06_TX:\xd0\xc1\
K\xab5R\xf9\x94\x12%\xbbG\x06\x9e\x88=\xb9\xb9\
PVn\x0f\x06\x9e\xfd\xc1\xe7\xf0\xda\x83\x9f@\xff\xa3\
\xd7\x81\xd3\xd7\x80\xc3Y\x05\x09\xb4\xae5&yvU\
q\xcd\xff\xea\xc6pz\x1f\xc5\xbe\x95\xf7\xea\x04{J\
\xf6\xc7\xf2\x89\xb7N}\xf440\x8896blj\
\xbd\xaf\xda\x19\x13\x0f\xfb\xa7~\x97>\x0b\xc9\x9fk=\
\xb4\x1a\xb43X\xf4i\xfd>/\xb4\x1a\x0ey\xe5\xed\
\x80\xf6-\x7f]\xae\xb2\xca\xbd\xe5\xcaS\x9f\xcf?\xbe\
\x07\x000e>\xcf*\x94\xb9\xea\x5c\xa1\x94\x94@\x89\
\x1a\x1c\x0f\xa4\xcf\x17\x92)\xd94}R+uR]\
\xfa\xae\xa0\xd5\x12\xe5\x0c((k*yZ\xeb\x1a/\
\xd3<#E\xbf\xc7\x1c\xe1\xe5\xdf\xf5\xe7\x8b\x86\x8cu\
\xb0r\x1e\xd7dE\xc4\xbay\x96\x01\xf5\xa6\xf6\xda\xad\
\xe0?LFw\x0f\xe0\xd9\xc0G\xfe\xe1'\xf1\xec\xbb\
^\xc2\xe3\xe3\x01F$.\xbd\xe3I\xef8\x1f\x07\x8e\
K\xc7\xe5\xd2\x15\xe9\x9f\xc5N\x91\xd5\x1f\xb4\xd8\x82\xfe\
S*\x19Qec\xccb\x13C\x94\xaf\x02\xbe\xd2\x0e\
L4e\x0f\xe42\x98\x1cc6\x22I`\xd0\xdaV\
\xa7W\xec\xe1\x1a~lK\x9a\x90p\x93\xfb!\x82}\
\xcc#\x03\x7f\xf4\xe8[\xf8\xdc\xbd\x0f\x81\xc5p\x98S\
\x9c\x08Y\xfe\x10\x10Pp\xa0-J\x8ds\x8b@n\
\x9b\x00\xc9P\x88\xf4`\xde7\x02\x19\x03\xce\xa2\xb4\x85\
\xce\xfa\x01\x0d\x88D\xdb\xb9\xa5.\xee\x01\x90\xa9x\x86\
U\x11\x86\xd07-\xc8\xadE\x95\x04fG5\xb1\x10\
\xcd\xb1\x0f@\xb6@G\xc7\x86\x0d.i\xef\xe3) \
h\x19u\x81\x0f\xb2\x16\xa4\xcb\xbd\x8eSk\x96{\xaa\
!\xdb\x89\xef\xd4v\x04XH\x88\x15\x01o\x90y\x03\
\xe0\x1e\x02\xcf\x80\xfe\xa2\xff\x1d\x12\xefE\xe0\x0d\xcf\x0a\
\xd6\x94\x8d\x09tcj\xb7\x05\xdc\xcc\xffL\x85V\x9f\
i\x1d\x94{\xa0m\x5cG0\x10\x90\x22o\x02:\xc5\
,Y\xd0\x04pN\xc4K\x89\xf8\xa7\x0d\xfd\xff\x94\x88\
\xc7\x8ds\xd8\xe52\x80\xd7\x99b-\xfa|\xde\xd1Y\
w\xc2\xf1\x80\x8cG@Uf\xcc\x06f\x02\x04Y\x83\
\x0e\xa0\x0f\xfa\xc9\x0fd\x95\x96>\xa0\xec\x14\xcdu\x1f\
\x93\xee7\x93q\x91+\xc3)\x88\xac\x03\xa0\xe3B\xc1\
\x80\x1b\xad\xf8\x9e\x04\xed#'u?@\x8b\xb6\x92\xd1\
Z\xe0\x22\x05Ap\xe0\xce\x8f\xbc\xcf\x9a6L?\xbf\
\xde/\xa0\xd8\x92Ef$\xab\xfd\xb9)\xd8h\xc0i\
\x07\xfe\xe2u\xe0\xd57\x02-\x86\x9e\xc12\xb4\xf3\xdd\
#\xc1\xe2Z\x83\xfbMq5\x09 \xc3E\xc2\x5c\x12\
\xda\xf6e\x15H\x86\xbb_\x92\xa9\xb4B\xe7|\xcfn\
\xaa\x09\xb4\xa6\x8c\xbd>\x85\xdd8\x80\xd8\x01\xbbH6\
]o\x04\xc6\xa5\xe1l\x05\xa84\xcc\xadu<\xfb\xe3\
\xef\xc7k\x0f~\x14\xf9\xb57\xa8\xf4\xd9\x9b\xbb\x8c\xa7\
\x99\xde'\xc1y\xa5\x16i\x02$l\xc0\x04L\xebO\
\xeb\x0b\xc5\xbc\x9b-\xf4\xf2\xb3\x9e\xb8\xb6\x0e\x1dS\x82\
\xb7\xc8t\x83c\xfe\xd7\xe5\x86\xb9\x83\xca\xed`\x83\xb5\
t\x1f\xc7\xc0\xbapZ\xf4\xd4\x8b\xc5\xa4M|\xae\xfe\
5\xd6\x9f\xf3]\xb9\xbdb\xde\xa7\x94Lj\x1f\xcf\xed\
=\xf5jV\x16P&fj~\xacW\xb5\xce\xe6\xcf\
\x7f\x80\x01X\x94\xdc[~\xcb\xab\x17\xa9\x01\x8a\xb7\x19\
\xcc\x95\xe2\x08\xa3\xacyn\x01\x0bp\x9a\xa7\xff?\xea\
sGo\x9aRtn\xad-\x0c\x03\x87\xba\xad\xb9`\
XX\xc6\xd5\x0dY\xc5M\x03W\x9b\xf1\x1a\x9dE\xd6\
\xff\xa0\xc0\xc1\x15\x88\x00\x1ci\xcb\xf9\xb1\xff:D\x1b\
\x02\xb9'b\x0f\xb4\x9b@\xbf\xe9\xf8\xc0\xcf\x7f?^\
\xfe\xd0+xt<D\x8f\xc4\xb9w<\xe9\x07\xce\x97\
\x8e\xcbe\xa0\x97\xf2\x1f\x95\xea6\x0e2\x01\xa6\x9e\x9c\
\xda7s\xb6G-\xfc\x94\x84\x0d\x87+c\x026D\
2\x90\xcf\xec\x87\x91\xed\x84Q\x08\xb0\xc8N\x93\x15\x15\
\xc1k]\xe4o\xe5#p\xd3nI\xe1{\x8e\x81S\
4|\xf5\xfc\x00_;^\xc3\xcb\xfb\xf38dIT\
\xf5\xb0 \x10\xe8\xdat\x89\xa5\x0e?d\xcd\xe4\xecU\
0\xa71T4M-vEs\xfb\x9d\xbc\x11v)\
n\xea\xc1\xc4\xee(\xfbAk&$\x80;\xf8]\xd7\
\xc9M\x95\xfbXhH\x1d\xe7\xc08\x88\xbdY\xd6l\
\x0c*\x5cdO\xd3j\xcd\x0d\xc8\xd6\xd0\xdc\xc4G\x9b\
\x96,\xc0&\xe5N\x16\x80y\xfd\xe4~\xfd;\x99/\
1\x008!\xe2\x1e\x80g\x91\xb9#\xe2\x17\x80\xf6Y\
`\xbc\x86)\xac\xa6uW\xc2g\x0d\x84\x8aE8\x84\
\xf7\xe4\x22<\x22P\x0ewJ\x09\x05}\xda\xe5\xa6\xde\
\x89V\xf4\x02.\xa3\xb3$k\x15>Z\xc5\xc1C \
>\xd1\x80\x7f<0\xfeEb\xdb!&)\x0a\x97\xf4\
\xab\x7f\xdc3N#\xf3~\xb6\x92\xce\x9d\xe0\xe0\x18Z\
w\xcd\x94\xbe@\x81|\xf6SA\xcf\xbc\xfc\x84@\x9b\
\x02\xf4\x0e\x80\x99+-q\xee. \xe4\x1czT\xbf\
\x0eGj\xdbz'\xc0@\xb5\xf1M\xb0\x02fY\xf8\
 \x13\xd0\xcc\x1e\x84\xed\xd9\x85\xb2\x95\x8c\xb2<\xb3A\
4$\xab6\xad\xd7l(&\x01\xec\xf9\x84\xb6\x03\x7f\
\xf2\x0d\x02\x97\xfdD\x06\x90\xaa[t?\x06\x86\xc2\x15\
3\x86\x14\xbf\xc1\xe1\x0c\x01\xd4D\xc8U\xd1Jf\xc8\
J\x92\xe0\x12wR\x9a\xa1\x97\xc2\x8a\xc1\x1a\xa1\x8e\x1b\
!\x88\x8d\x02\x0fa?\xfe0\xb2c\x0b\xe9\xd1\x03O\
.\x00v\xe0f\xe3\x9e\xdd\xef\x0f\xdc\xff\xe9O\xe1\xcd\
\x7f\xf5m\xe0\xcd_Glr]\xd6\xb3*3\xc0\x01\
{^\xc8\xf5\x5c\x0e\xcc\xe9W\x0a\x10\xe5\x96\x1b\xb5&\
gY\x1d\x01\x0b1\xc6\xda\xb5VW\xf3\x1a\x8b\xae\xac\
\xdbZ\x0f \x96s\xea\x88)\xf7\xad\xdc\x03\xd7\xdfA\
\x80\xc0X\x02\xde\x8bWG\xe8\xea\xd7\xfatV\x08\x14\
\x90\xf2\xf3L\xc4Q\xe7\x02Y\xfaq\x02\xa4\xa9\xf9\xae\
~\xe2\xfa\xc3\xabB@\xf9\xd4\x81\x0e\x803\x9a\xf1A\
\xebq\x8e\x0e\x8e\x14\xbd\xeb\x97\x9cZ\x91\x0b\x10F.\
I\xc4Y3e*\xde\x015\xcb8\xe8\x1a\xae\x09\xc0\
w\xb3\xd6&=\x9d\x90\x8c\xd2{[\xd0[X\xd6\xc4\
G.9\xfa\xb8\xbe\x97\x17\x88\xb7\xaf'ae\x090\
\x9b\xcc\xb8\xfa\x9f}nQT\x9e>o\x83\xffU{\
\xdf\xb8\x0b\x1c\xb8\xe0\xa5\xcf\xbf\x82\xf7\xfc\xf0\x07\xf1\xe6\
\xf1\x10\xbdu\x1c\xbd\xe3\xd1q\xc1\xc3\xf3\x19\x97\xcb\x05\
\xfd|p\xa3\x0f)\xfd\x04\xf2P{_\xa1\xe3\x080\
\xaf\xd7\x16\xa6\x01\x01\xd4^\xc7uB\x81\xda\x0f\xe9\x05\
\x95\xfe\xbb\x95o<\x0b\xb8\xc9'\x0e\xd2\xb4\x97L\xd8\
\x95{\x06\x0b\x025\xc5HD\x02\x97\xc6\xc5\x1d\xa0u\
\xb3E\xe2\xcd6\xf0G\x8f^\xc5+\xcf\xbe\xa4H\x8c\
\xc0h\x0dclP}>-\xca\x03\xae\xff\x0e\x11\x15\
\xa9x\x85#\x9d\x99 k\x19\xa4\xe27\x15\x1eb\xe6\
\xc0\x98kO\xd33R\xd9\x95-\x00\xb5\x8ee\x9d\x00\
\xc5\x15h\xfd\xee\xa2\xeb\xbd9\xbb\x10\xb9\x99\x82\xdd5\
\xf8\xb3\x93\xda\x85\x82\xedZ\xa0\xa5{\x1cpQ\xb4\x16\
J\xdf\x9b\x81_i7@\x95\xed\x0d\xa0)\x10\xd0\xc1\
t!\x9f\x7f\x06\x80\x1d\x8c\xfa\xbf\x05\xe2.\x12\xf7A\
\xd7\xc2O \xdb\x7f\x84\xc0\x9bp\x1d\x05\x8e\xfe\xd0\x0c\
J\xe1\xad\x02\xcc\x8bU\x0a\x96\x81R\xb2\xde-\xd0\xbd\
 \x9a\x9eG\xb5\x22B~\x94J\x0b\xcbD\xc66\xd7\
M\x16\xe4AQ\xc4\xfa$\xb6\x00\x1e\x0dl?\xd3p\
|-\x81\xff\x19\x88[\xc9\x83\x0b\x94\x92\xea\xfcu\xee\
L\xe7\xf7\xb3\xc1\x0e\xfd\xea\x10\xcb0\x14\x04\xc7\x0e\x94\
\xda\xf7\xaaQ?\x12\xe5\xf7\x1f\xa0\x12\x1eC\xd4\xbf)\
\xff\x91\x05\x08zF\xd5\xe1\x1f\x92\x19\x87\xde!\x93u\
\x01`\xc5\x0e+\xeed\x9d\x814\xf8\x10\x90\xb5\x8f=\
\x08\x02\xec.p<@\x01\xb0\x8d\xccB\x89A1\x02\
\x8e%@\xb3\xac\xe2\xdaj\xfa\xdbM\x85b\x03^;\
\x80/\xbe\x9ah-q\x0c\xa5\xfb\xa9\xe8\x0f\xe3\x9a\x06\
\x94S\xc3\xbd\xb5\x00\x80\xe1\xdf\xb5\xfe\xdd\x9e=\xc7\x81\
\x8c\x01\xa8\xb1\x94\x8d\x07\x07%D\xd0\xc2O\x0d\x84k\
\xb6p\xfe\xd5+\xa2\x05r4\xb2\x04\xe3\x90T\xdc\xf4\
\x1d\x01zv\x01\xdfK\xc3\x936;:\xb6\x87\x03w\
\x9ek8\xfe\xc6\x8f\xe3\xf1\xff\xf0\xd7\xc8\xf1\xc7\xd2l\
].\xa8%Pn\xe6k\x8b\x85\xed\xd3\xbd%\x10\xeb\
\xac\x95\x08\xb2\xa0U\x17\x00\x12\xeev\xea\xd9H\xb3\xfe\
\xa9\x0d\x13\x880X\x0a\xa5\xfd\x8eR\x12\xd6\x08)\x85\
\x11\x5c\x88\xeb\x86\xab]i\xbdc\x99l\x1dh\xd1S\
\x1b\xb5\x94\x9b\xaf\xbe\xdck\x01\x10\xeb\xf9S'e\x8d\
\x81\xb7\x9f/Wv\xaa\x7f\x0c\x18V\x1f\x85\x1ec\x85\
 U\x08\xe8-H\xc1\x8b\xc0\x1a\xb3>\xb3\xbf\xd8\x96\
\x86^\xfe\xa9(\x05\xa6GM\xc1\xeb\x014*\xa9\x00\
\xa9\xe5\xdaWcc\x0b\x0e\x1a\x19#(@\x0dX\x80\
\x19\x91?\x956\x16a_'\x98E\x80\x07t\x82\x19\
nFM\x5c\xcc\xfbT\xaa \xe6wU\x1f>0\x83\
\xabZV\x9a\x1f\x04\x04\xd04\xb2'*\xff\xb1w\xdc\
\xfd\xc4s\xf8\xc0\xcf}\x0c\x8f\xc7\x19\x07\x0e\x5c\xfa\xc0\
\x93~\xc1\xa3\xcb\x19\xe7\xf3\xc1\xd2\xbe=)\x00{\xa2\
_\x92V\xbeh\xfd\x90;`@\x12P\x0b!\xb5 \
+\xa8\xa4h\x7f\x22\xa2\x00D\xc5\xa6\xe6H\x8b\x1cS\
\x81\xcf9\xe3\x85\x9a\x04^B\xe9\xbf\x913%3\xc8\
\x0c\xb4A\xdfi\x83(\xd9\x96h=\xf0\x85\x87\xdf\xc2\
\x0f\xdf\xfb \xf6\xb6\xe1\x0cF\xcb\xa7\xb2\x00\xb8DF\
)#\xa7\x98\xb6Z?Q\xee\x03\x80 \x80!\x0c[\
Q\x9c\xa5\xcc@\xab\x9f\xb4<A\x08\x1b\x0c1\xad\xea\
\x90{\x80\x19\x00t\xdf\x8c\x1c\xf2\x11'\xd8c\x80\x13\
9\x82\x99\x0c\xb4.\x03\x1d\xa3j\x05\xd8\xcdq@>\
Z\x04\xb6mWUA\xc04\xe1\xd6,t\x82\x0d\x96\
\xa4(L\x13\xa6\x02\x05),Y\xdb?\xc2Q\xff\xb7\
\x08\xdcE\xe6=]\xef\x15\xa0\xfd\x03\xaa\xc9\xda\xc0\xa3\
\x98\x17!\x8d\xb9\xd9\xd2\xfb\x0b\xe5\x06b\xf5;\xcd\xb7\
\x9e\xd5\xb3]u\xff3\xf9<[(\xa6\xc4\xd6\x9d\x82\
\xb1\x82\xb10y\x80\xc7$\x84\xd6\xd6}\xb70\x0e\x07\
\xb0\xfdBC~e \xbe\x18\xc0\x1d+\x19\x02\xac\x88\
@^\xb2\x94]\x8af\x1fZ\xbb\xacmE\x81\xdb\xc3\
\xe5\x80\xb3h\xffR\xfabU\x1c\xb3\x91-\xab\xd3_\
\x17@\xe3\xa3\xf2\x8dG\xba:`\xe0\xe8\xc0\x05\x9c\x9b\
!\xf0q\xa4\x95\xaf\xd6\xbd],\xba\xc7\x08\xa8re\
P\xc1Jy\xbbn\x88\x03\xf8\xca=\x90\x16\xda\x93\xa9\
\x09d\x05\x18r\xd9\xc4\x94#\x0d\xea\x02\xc95x{\
'\xf1\x85\xaf&\xbe\xf5 \xb1o\x1dC)\xa8C.\
\xb4\xccC\xde\x1b\x0d\xba M\xa6\xea|\xb8\xd9\x8cu\
\xe0\x16s\xfd4\x80Y$\x12!\xf6\xf5\xf5\xcb\xac\xff\
\x9fZ\xd7\xf6\xc9\x0f\xcb\xdd\xa4\xf0\xf5^6\x22C\x97\
Q\xb7K^\xe5t\xf5D\xe0\x0c\xa69\xde\xb4@\xbe\
9p\xf7\x95\xfb8>\xfby\x1c\xbf\xf9\x1a\xb0\xff%\
p\xb80\xb3\xa3\x22\x13\xf4\x9b\xf6\x9a\x87\xb9\xc8<h\
UnR\xe0t\x5c\x1d7\xdd\xd2\xa8\xefS\xf2e\x95\
\x9b\x06\x02\xd6?u\xed\xda+\x92M\x1e\x04g\x0d\xc4\
<\x9b\xabe\xe1\x06\xae\xac\xfc\xf9XW\x01\xe7\xf1\xd6\
m<A\xc5<\xa6\x9eA\x00x\x8d\xf0\xcfU\x9bc\
\xfd5\xaf\x8ey\x0a\x03\x5c\xe9\xfa\x86\xef\xf93\x071\
\x8d(0\xd1\xf2\xb4\xdeK\xc7\xc3(\xe5\x8a&\x5c\x9f\
p\x19\x1c\x07\xabH\x8e\xf8\x00\xe9p.\xf8\xd5\xdf\xc9\
\xc50\x91B\x18\xe9-\xb7Z\xcb\xa2\x9a\xd6\xac\x9bK\
\xe1\xd4\x11Q\xd3\xaf?\xcd\x1a\xf09M\x1e\x18Y\xcf\
x\x80\xe5|\x07\xfa]\xc5\xadd\xa5\xfda\x07\xb6W\
n\xf0\xe1\x7f\xf4I\xc4\x9d\x0d\xe7\xbc\xe0\x9c\x1dO\x8e\
3\x1e_.8+\xd5o\x1c\x89~\x0c\xf4\xcb\x81q\
\xe9\x14\xd0\x83and\x04\x06\x0b\xda8\x17h\xcc\x7f\
\xe5.\x18I\xab\xe9\x00\x83c;+\x04\x22\x03\xd9\xe3\
:\xa6 \x19G\x90\xda{\xfe/\x86|\xb3\x0a\xbe\xb2\
\xc1\x9d\x83\x94l\xd75\xfa\xfa/\x03}\x04\xa2ox\
\xf5\xf1c\xfc\xd9\xe3o\xe1\x14'YQ\x94p#L\
\xf7617\xa2\xc0c#\xe5\x1e\x8d\xff\x10@lp\
\x91\x16~'\xffo\xf2\xb8\xd8v\x8ch\xb8\x00\xb4R\
u\xfc\x00k\x95_z\xa7\xa2o\x0d\xb1m\xf2\xd1'\
r\xdb\x91*\xb5{ H\xe9\xaa\x90\xcfh\xf4\x81\x93\
\xe2m\xc0\xb6\xabN{0\xc8\xaf\xe9\x1dB\x91\xe3\xdb\
\x8el;\x95\xc0\xb6\xa3G\xe3\xf56\xa5*JI\xf1\
~d\x1d2\xb6\x0a\x18\xe4\xbf\x13H\xfb\xdf\x80\xad}\
o\x10\xb8\x87h\xff\x04\x89g\x00\xc5TOK\xc6\xcb\
.dTh%\xc7\xdcmmi8\x14u\xdf\xa8-\
dj7K\xc8\xa3(n^S\x82\xb4\x05RE\x98\
X\xc69\xbd\x85\x0ac\xd7\xfd\x0d\xe6.\x03\xf1l\x22\
\xfeq\x00\xcf\x89\x19P\xe7\xcbP_{\xc5;\xa2\x9d\
H\x9b\xc3\x81\x80\x0d\x0c\x94\xdb\x95\x96\xd7x\xee\xec\x8c\
\x07\x8c\xc6\xfc\xfeP\xad$\x02\x89\xacwpq\x1d\xb4\
\xc4h\x89\xa3\xe9:a\xff\xbe\x8c\x87\x8dV;\xdc\xde\
\xba\xcd}^\xbd= \x05\xba1\xd3\xa5\xf2\xfa\x83\xca\
\xba\x0b\x08\xa4\xae\xe3\x9a\x04\xf0;\xcb0h\x95\x96\x12\
(K\xae\xb1\xe8\x8f}\xfe\xd1\x14t\xb8\x01\xb1'.\
\x08\xfc\xe1\x97PJ\x9fq\x0b\xb4\xf8Y\x8fB\xb4~\
\x1e\x80:ox\x03\x8ft\x8e=\xffe$\xe7\x11\x87\
,|*\xecH6\xe5!}r\x91L\xe9\xac\xc5\x91\
\x0a\xb7,!\xe0{\xea\x9f\xd7\xe48\xb4j\xe4\x9e\x1c\
\x07\xaf\x91\x03\x18\x9d\xbf\x1f\x89qI<y\x128.\
@\xf6\x00\xde\xec\xb8\xfd\xc4{\x10\x1f\xfe\x09\xe0x\x0e\
L\x83=1X6\x08\x90\xc3)\x12m/\xc9<\xd1\
/\x17DJ\xfe3\xb6B\xca\xbd\xaakJ7\xd8\xdd\
\x9cV\xf2\xde{V\xb6\x16\xe4\x8b\xa2\xb3n\xa9\x7f2\
\xaa\xbcP\xc4ND\xe9\xb3\xe5\xfc\xfa\x99\xc0\xa5\x22\x01\
\xec\xbe\xf4n5e\x1d\x80\x83\x06\xeb\xf3+\xa5\xc6g\
\xb4\x91m\xa3m\xb2\x00\x96\x07o}\x84\xef\xd6\x0f\xc0\
W\xff\xde1\x00\x92\x14ET\xe4\x1c\x0a\xc0\x16\x0e\xb4\
\xb8\xfd\x9a\x0b\xfa\x91\x15\xb4\xb6\x1fuN\xbe\xf7\xc2\xfc\
\x1f\xc6\x07\x94;\xd3A\x83%\xdc\xa6\x9f\xc3\xb5\xffy\
\xeb,\xffK\xc9\xb9\xe2]\xd67\xbeV\xec\x08?\xe3\
2\x22\x01T\xebV\xcc\xebW|B\xf9\xf3d\x89\xb5\
\xb0\xfbV1+<\xb6\xca\xfe\xee@\xdcK|\xe8\x17\
>\x86{/=\x8bG\x97G8\x22\xf1dt<\x19\
\x03\xe7s\xc7qa\xa1\x9f\xd1\x19\xe07\x0eZ\xf7\xa4\
\xfd\xc1\xdc\xeec\xccqr\x10\x09P\xca<4\xfbN\
\xef\x89\x00\x19\x83D\xd5\x06(Zx\x1do\xbf\xbe\x11\
>\xb2\xe2\x84\x0d\xbc2\x02\x17F@\x11\xe4\xb7\xa8\xaa\
\xdd\xa7\xc6\x00\xae\x8b\xc0\xf8\x06`\x8c\xc0\xef\xbe\xf6\x97\
\xf8\xf8\xbd\xf7b\xc3\x8eKt5Z!\xf8\xea\xa6\x19\
\x11\xa2\xb6k9\xc3\x946\x99\xf2M\xed\x87;S\xfc\
\xb5`\xb6\x04\xdd\x05[ s\xc3e\x0cl\xad\xe14\
X\xc7\x7f\xdb6\x8c\xa1\x92?M\xacE\xe3\xf526\
\x1cy`\x8fF\x0b_e\x87\x01*\x9d\x0b\x06\xb6\x8d\
\xc0\x00\x014\xa5\xd1Q\xc4\xf1\x196\x15\xf5q%\xc3\
-X\xed0\x10ps @\xa0\x22d\xe5\xa3\xa1\x81\
}\x02\xdc/!\xec\xf3\xc7-2\xee\x00xV\x93\xf9\
\xf7\x80\xf88\x22\xdf\x5cm\x8a\xb9\xa70\x99\x9c\x8a\xf4\
],\x01R\xb6\xab_UJ\x7f\x01\x09\xee@X\xec\
\xdd\x18*\x14\xa4\xb8\xac\xe6\xfd\xb8]K\x15\xb9\x0a\xe8\
\xd3\xe4\xbb\x98Ip\x90#\x1e'\xe2\x07\x80\xf13\x00\
\xfe\x9bD\x9c\x80\xd1\xe3\x9a\xba\x0c(\x1d<\xae\xda\xb9\
\xf7\x83e~I\xeb\x93\xc6\xef\x9b|\xfe\xd2\xc8\x01\xe3\
_[\xf6\x0a\xc2\x0b\xd6\x0792qH\xe9\xe6`\xf7\
>\x96\x0c\x06\xce\x1e\xa3\xc6s\x22\xb4G!+_{\
\xe7H`\xa8z_4*\xf7\x8b\x0dT\xaf\x87 \xc8\
\xc3&CEQ\xff\xbd%\xb6-\xd5.\x98\xb2\xbcm\
\x04'f\x0a\x9a\x14\xbf\xc1\x80\xdd\x0e\xb1\x05no\x03\
_\xfcV\xe2+\x7f\x95\xd8\xb61\xe9\x7f\x88\x09\xd0>\
Mu\x00\x18\xfa\xbf\x04\x95\xbb\xdd\x819\x06\xb0\xa9,\
u\xf6\x0a\x8a\xa6\x8f\x90k\x00\x10\x82\xb7|\xcc\x04r\
C\xe0\x00\x06\xf7\xe7T\x82\xc0\xac\x031\xcb\x9035\
u\xae\x93\xd8$\x87$;\x98&\xb8\x11\x044\xc6=\
44\xdc\x8e\x81\xfc\xb1O\xe2\xe1_\x7f\x13x\xe3W\
\x91m\xa8\xadwN\xa5%\xddQ\xfe}\xb7\xb96\x98\
\x925\xee\xb81\x058\xe9Q\xdeN\x07H\xcaMA\
\xb8\xec+\x7f\xe4\xfd\xeb\xa0\xbe\x5c\x8e\xcd\xe5\x92V\xea\
\xea\xc0\xe8\xaf\x22&\x03T\xdar\xea?\xc0\x0e\x87e\
\x08\x01\x04\xc6T\xf0\xd6M\xeb\xde\x9ej\x89\xe0\xc7\xe3\
\xedg\xf3\xed\x12\xcb\xce\x97+\x15\xdf\xfd\xe7{\xd6\x01\
\x00\xe2z\xff\x97\xc2\xf7\xeb{@'\xda\xa93\xdb[\
\x83\x91\x8ct\xea\x0f\xbfU\xcc\xc1p\xfe\xb4\x9b\xec\x84\
.r\x95q\xd04\xa8V\x1eR\xda\x81\xac\xc9 H\
\xac\xa1^\xde\x08W\x9f\xf9\xa7\x18\x88\xd4f\xd6#\x17\
\x18\x0b\x93H\x02\x05MA\x88\xfe\x17\xc9\xd1T\x1aw\
\xdc\x00\x03\x1d\xef\xfc\xfc\xfb\xf0\xe2\xc7\xde\x8dG\x97G\
\xe8m0\xe8\xef8\xf0\xe4|\xe0\xb8\x5c\xd0\x8f.\xc5\
\xaf@\xbf`A\x97\x19\x8e'_\x7fq\xa5sL\x5c\
mmtF\xaf\x9b\x9a\x19\xd9\xeb=\xa3\xa8^\xbb2\
\x96q(\x0b.j\x91\xe6p\x9c\x06\xd0\x15\x1e\xb65\
Vjc@\x15\xe9\xff-h{l\xdd\xa9O\x0a\xe2\
\xca\x86/=|\x13_\x7f\xfc:^\xb9\xf7\x12\x1e\x8d\
G\x14\xce\xe9\xccd\xf3,\xb3,p)6\xb4*\xca\
4R\xf3\x97,\xca\xd3\x93\xee\x8d\x8c\xc4\x06\xd2\x90\xec\
\x06\x18Z\xf4\xaa\x80\xe8\xe5\x80\xa6 \xae@k\x0d\x07\
\xb8Ywl\x18-\xf0$;\xe3\x05Z\xe0\x92\x1d{\
\xa8\x1cpk\x95w\xbeo\x8d\x81Z\x085H\x92@\
\x94\xb5\x11m'\xb3\x80\x90\xd1\xcc\xfd\xb2E\x88Y\xa0\
\xe9\x18\xb9c\xc4\x86H\x01\x01l@\xdcA\xc4\x1d$\
\xee\x22\xe29d\x9e\x10\xf8$\x80\xbf\x0b\xe4\xc3e\xc5\
\xcer\xbfSp\x99\x82\xd2V\xaf\x1d.\xa1\xe4\x08~\
h\xbf\xd8\x8f\x11\x01\x96Vm\x0a\xf6\x98\xc1\xa3\x06`\
U\x15\xce.\x0c\x04\x01\xc3\x85\x92%\xb6V&\xb9\x83\
I\xab\xbb\x99\x05\xd7\xa3@\xfc\xed@\xff\x13`\xfb\x03\
\x00\xb7\x8c\xed0\xc9t@\x01u\x9dAz\x1d\x89\xde\
\xa1x\x00 \xb7%xT\xd5\xf1z2:\xff\x18<\
\x7f\x04T\xee7\x8aZ\xef\x03H\xb5\x17\xee\x09\x5cZ\
V\xb1\xa0#\xa9\x8b\xfa\xe0\xdf[1R\xa0E/\x19\
\xc6 E\xd2\xf1\x87\x0b\x0f\xc9M\x88\x98%\x819>\
z^\xa5\x89\xc66\x1b\x17!\x1a\x0b\xfe\x88\x99`E\
\xd0\xa8Z!\x8e\xf6\xafJ\xa1\xae\x02\xbd\x07\xfe\xfd_\
$\x9e\xf4\x81\xbd\xa9\xe3\xe7l\xf7\x03\x04\xadmB\x80\
\x8b\xc0\x81\x98\xd2\x94%^\x22Nu\x19\x965B\xc5\
#\x80\xe8(\xfc\xc6\x9a\x1c\xbe\x06\x92k\xa8\x82\x04{\
\xaf`P\xb6\x07n\x94+.\xd6\xa5,\x02\x1b\x22F\
i\xc4\x14\xad\x06\xed@\xe0q\x03\xee\xb4\xc4\xe9\x02<\
\xfb\x0c\x90?\xf9\xe3x\xf4\xff\xfd\x06\x22\xff|\xb2\x0c\
R\x0b\x89\xe4sU\xd0\xd5\xc0\xcc\xad\xe4Z#\xc0\xa6\
\x05\x92\xb6\xa81u\xc8\x22\xf4\x05.$\xfb\xad\x97<\
*\xf9\xf41\x96\x9b\x06\x1d\xde&Y\xca\xaa\x02\xd3\xd7\
\x9b\xcc\x0b\xd5X\x84\x10\xee\x8c\xea_\x0f\xb3\x0c\x8c\x09\
d\x96c\x1c'R{\x1bYw\xf2\xdf|,\x01\xa5\
x:H\xb7-\xc7\xe2-\xbf\x7fW\x00`Y\x93\x90\
\xff\x16\xb9\x14/X\x82)B/a\xbf\xd0\x8a\x05\xea\
\xf7\xa9v\x9b\xfe\x1e\x91\xcbq\xa3&#\x96c\xaf-\
\xf9@,\xfec\xd7\xf0O\xbf<\xa6;\xa2\xcc\xe0\x1a\
\x04-\x0a\xaf\x8f\x9a\xef\x89fJ\xb6\x1a%\x06f\xb0\
b\x98\x1a\xcc\xa5\xca\xdf\xf5g!\xe5\x9f\xa7`!\x8f\
1p\xe7#\xf7\xf1\xca\xcf|\x04O\xc6YM~\x06\
\xce\xc7\x81'\x97\x0b\x8b\xfc(O\xdfA}\x03@t\
\xd1{\xbd#\xa2\x91\xc2\x17\x15\xe7\xe8\x7f.\x0e\x1e\x07\
\xa3mI\xc0\x5c\x16s\xa6b\x08\xd0\x9ef\xb8\xf8\xee\
\x8e\x11\x88\x94,\xe0B\xb5\xef\xba\xc9r\xb2\xccC\x00\
\xbd\x07\x8e\xc6\xf7\xb7\x05&\xc6\x18HF0?\x8c\xc4\
\xef\xbc\xfeU\xbcr\xf7\x1db\xe1\x5c\x0c\xa8\xd1\x8a\x89\
MO\xc0\x8b\x9b!\xa0#\xbf\xaa\x05\xb0\xd0\x8eR\xb7\
b\x90\xde\x0e\xf09\xa3u5\x14r\xc5@\xc2\xc1C\
1\x00[\x9b~b\x9f\x97\x09Zk\xdeO\x0d\xc0\x16\
\xd8\xe3$\x80I\x85\xd2\xb4x\xc7F\xc1c\x96iS\
\x9a\xc1\x18\x03\xa7\x8d\xca\xbf\x85,\x7f=\x83\x83\x1b\xc9\
b\x04\x90,(DH\xd2\xc0\xae\x07\xbb\x04\xd7\x09\x81\
\xbbH\xdcA\xc4\x0b\x00~\x11\x0c\x08\xbch\xe1\xda_\
\xe3)]R\xbaJ\x86\xcd\x8e\x8af\xa6\x8a\x12un\
wDY \xa9E\xc0\x18\x1c[nc\x82\x8bp\xf0\
\xa5\xc64Q\xa9\x80r\x9c\x97\x85\x92\x15\xda\xac\x87Y\
\x02&\xe2N\x22\xfe\x01p|5\x81\x07@\xde$\xdd\
P\xae\xa9 \x9f9\xd3\xeeD\xa1\x9f\x02\xe3\x90\x22\x17\
\x08\xb0\x7f~$]\xc5\xbd\x19gHN\xb4\xc4\xd1i\
\xf9\xbb\x09\x90k\xbco\x92\x15.\x9d\x1bf\xe9$I\
\x18\x84\x18S\xbdJ\xa6\xd8c\x9c\xb2\xce\x13\x94\xa3\xc4\
E\x8e\x1f\x00f\x1d\x000\xad\xd4\xf2\xa3\x05\xd3\x08\x9b\
\xe2\xed\x1a\xe04\xe2\xac\x1a\x02Y\x85\x81\xe2\x14\xc8=\
ps'\xf0\xea\xeb\x89?\xfb\xda@\xec\x03]io\
\xb3\xc2\x9f\x5c2\xc9\xe0? \x19pl\x8a^\x86H\
\xb1?98\xe7*g]\xe5\x9c\x91\x88\xec\x8b\x05*\
+z(\xca\xa2)\x1a\xdfkD`\xa2\x84\xc8\xd0\xf0\
\xcf\xdck\xb0\x9agR\xd9o@\xa2\x91\xdd\xc1Y\xf7\
\xd8\x91\x01\x5c.\x0d\xdbF\xd9\xb2?\x1ax\xf6\xfd\xf7\
q\xfe\xf4\xe7\xd1\x7f\xeb\xaf\x80S\x22.\xbc\x0d\xf7\xa9\
\xc0\x06h\x1cPP{m3F!UR\xb8\x9a\xcc\
-\xcfd\xd9\xae\xa5\xbc\xec)\xe9\x8f\xd4<X\x1e\xa4\
uU.'\x19F\xd7\xaf\x0a>\x9c \xe2\xedX\xf6\
\xf0z\x12(r\x03\x22\xa7-\x97+\x0d\xca\xae\x91,\
\x8c\x15\x98\x88\x85e\xd5\xf7\xc9\x1c\xcc\xfd\xeb\xbbe1\
z\x05\xc2\xad\xe1\x96g[\xdf\xcc?\xdf3\x06\xe0\xca\
r\xcc\xeb\x93\xad\x10|_\x8d*\x04v\x0a\xbd\xf8)\
\xe6\xaf~QS\xbf\x89\xc2,\xeb;\xc5\xbc\x87\xff6\
\x0a/\x85\x07OM\x96;e>\xe0\x04(\xf5lS\
\x95\xe9\xedM\xbfa\x0e\xdc\xc2z]\x9dR\x0f\x18u\
l\x15\xfc\x90\xd5\x9f\xa7D\xdc\xf0w<\x0f\xbc\xef\x1f\
~\x1f\xe2\xee\x86'\xe3\x8cs&\x1e\xf7\x0b\x1e_.\
\xb8\xc8\x9fo\xea\x9f\xb5\xfe\xf5\xc8\xbd\x8b\xca\x0f9\xd8\
\x8dn9\x01\xe5\x86\x19\xf3\x9f\xfd\xfd\x18\xfa\xaf+\xa2\
t^'\x10\xca\xbf\x02\xbb\xadu\xb0\x98\x8f\xf3\x9cz\
\xa8s\x9a\xe6e\x80L\x80\x5c\x86\xa3\xf31 \xb7\xe1\
\xd1\xb1\xd0\xaf\xec\xaawt\xe6h\x1f\x1d\x88\xd1\xf0\xfb\
o|\x1b\x7fu~\x80[\x9c\x14<Ez|\xc8\xd2\
\xb6\xbf\xbf\x8f\x10 l:fSX\x13\xa9\xe0\xees\
\xa2\xcd\xd4\xac\x06d\xdbU;,\x90[\xc3\xd8\x1ak\
\xb9o\x1b\xcb\xbf\xea\xbc\x03,\xf6BK\x91\xc7\x8c\x8d\
\xc7\x8d\xd6\xd0\xc1\xf6\xad\x97\xa4B#\x98c;^+\
\x07\xf6\x15p,\x01\xab\xf7eku\xcd\x11M\xff\xe5\
\xe7\xa3m\xc8\xb8Ab+eQ\x0ep\x07\xfe\xe1\x06\
,\xfesG\x8b\xfb\xe7\x90x\x1f\x10\x0f\x97\xf5\xfb\xd6\
M\x0c\x98\x13b\x80\xa3V\xad\x84~S\xc1\x9dV\xc2\
\xcc\xa5\x88\x8dO&}\xee\xaa\x0cVf\x80\xcb\x13\xa7\
\x91;\xa0\x94\xcc&\x056\x81\x04\x1f1\x0b\x84f\xc2\
\xd5\x91\xf8\xaa\x8f\x80\xedC\x81\xf89R\xf8\xdb\x1d \
n\x01\x9c\x92\x0c\xd9\x0eF\xfb\xabP\x16\xfd\xed\xa0\xff\
\x5c\xfe\xf0\x5c@\xf6h\x83\xf14;\xff\xeeA\x85\xef\
\xbe\x01X\xa8\xf5\xe1sb\xf0\x18\xad\xa3#\x00\xecM\
}\x06x\xff!\xe3\xb2\xd9\xb0T\xfc@\x0f\xbb\x9f\xed\
\xeb\xcf*\xe8U\xc6\x81*\xf8e\x036\xc5.\xf0\xb8\
\x9c\x11\xff\x96\x17R\xfed\xd5\xf9\xac\xd5\xf7I\xc0d\
;\x01\xbf\xfb\xe7\x89\x07O\xe8\x83\xa7\xfc\x15\xd5_\xfc\
/\x0bj{\x93\x93\x0d\xa8Y\xd4\xed\xa4\x94\x8b\xdeI\
E\xe7\x0f`\x5c\x80<\xae\x84G\xf6\x0b\xfd\xf7yh\
\xbd\xd9\xdfo\x10\xd1\xeb\xfa\x8c\xee\xeb\x13\x14\x8c\x83\xc6\
\xc9P\xe0\x91\x8d\x14\xe4u,@\xb2lw^\x12\xe7\
3p~\x02\x5c\x8e\x86\xf6x\xe0\xdeg?\x04\xbc\xfc\
9D\xbf\x0f\xecw\xc1\xb8\x98\x1dE\x8f\x94P\xd6\xfe\
Q\xfc\x10\xc4\xb0\xc1`\xa4\x04\xb6\xceY\xad=c\x02\
kp1G\xf5\xb7\xb5P\xc9w\x01\xb9\xf5'|m\
}\xbf\x5c;\x0c\xfe`\x101\xafg\x97\x85\xddd\xd6\
\xf1\xda-W\x8a\xbd\x80\x06\xe6\xf3\xd6\xf9\xba\xae\xdd\xd0\
\xf5N>\x0e\xc0l\x12d\xfd\xeag}\xfb\x9f\xbd(\
\xf3\xb7\xfd\x99B(\xf4\x22ln\xe0\x11\x9dc`\xc5\
<\xefg\x9fs\x5c]\x0dX\xfa\x1eW\x10\x04\xa1O\
\x092\x0dN.#\xb5\xbe\x02iG\x0a<\x8e\xb1P\
Zf\xf9l\xaf\xc1\x83.\x10\xf4\xd79\x98\xcf\x82.\
u\x8d\x8a\xd2\x8c\x9c`\xa3\x81~\xfe\x00\x106w\xa1\
\xe0\x9d\xd0zH`O\xc4M \xee\x00\xa3u\xbc\xf2\
s\x1f\xc2s\x1fy\x17\x1e\x5c\x1e\xe0\x82\x81'\xbd\xe3\
\xf1\xe5`g\xbf\xa3#/\x03\xe3B\xea\xdf~\xb8p\
G\x14h\xb3\xca\xf2\xad\xc5\x90\x1a\xb3\xbe\xa4\x05&\x1f\
\x8b\xfbY\xa8}\xac\xe3\xab\xe7S\xc1\x0e\x8c\x5c\x16T\
\xd6\x18\x14el\x80V\x14\xb0#\x87U4\xa7\x01\x89\
\x86\xa3O\x02\xdf\xc0\xc4U\xbd[\x0f\xfc\xf5\xf9\xc0o\
\xbd\xfe5\xfc\xcdw\xff\x00\xb2\x9f\xe1\xaa\x803\xbe\x22\
EE\xce\x0d\xd5\xb3s\xbc\x07i=[,#\x87\xac\
\xab\xadh\xdbh\xecp\xb8i\xce\xb6\xb6ao\x8d\xd1\
\xff\xc94\xa5#\x02;\x18d\x98\x01\xf4\x1c\xd8c\x83\
\xfb\xb2[\xbc\xc2\x16o\x00\xcc-\xd0X\xb9\xb0\x80\x14\
\xed\xa8\xf7\x0fd2\xf6\xc0Au\x01\x971&\xc9\xef\
\x86\xa7\xcd\xb5^Kx\xf9\xf7\x1d\x91w8q\xe3\xe3\
\xc8\xf8ID\xbc!\xcb~\xc0\xb5\xbfS\xee x\xb6\
R\xee\xa9\x00Rq\xe7\xc1\xe8\x041'\xaa\xcc\xa6\xe7\
\xa9|\xe8\x94\x9d\xb7(vwY\x5c6-\xf7C)\
\x0f*\xe3\x8a\x02\x8fyL\xad\xc9U\x809\x8dP\xc2\
3\x1e\x05\xf6\xbf\xd1\xd0\xff\xb8#\xfe \xd0nh\xb0\
\xba/El|\x1fW\xfe\x1b\x03\xc8\x1d\xc8\xa0K`\
,\xee\x88\xd1\x99-r\x0c\x83B \x87\xca\x0a\xc3s\
I\xda\xbe\xa8\xfdp6K\xa2\x9d\x08X/=\xd17\
\xb0\xb4\xefR\xcc\xca\x99*\xf6\xf1\xf3\xd5\xe8\x0e\x84b\
`2\x98b\x98\xb2\xf2\xa9\xf0e\xd1\xc9\x18@\x88\xdd\
\x14\xd3\x01\xc9\x89\x5c\x14=\xeaw\xa0\xa9L\xf1\xe9&\
\xf0\xea\x03\xe0\x0f\xbf\x9c\xd8n\xa8\xe4\x87\x95\x7f\x92\xfe\
\xcf +`\xe3\xc3E\x80\x98\x16\xd8\xe9n\x8f\x94\xeb\
L\xf5\x02\xb6\x8dL\x90\xcb'6Y\x9cR\xf0U\xea\
<\xbb\xd8#\x99\xf7\xa6\xf6\xcb\xef\x1fS\xf7\xd9PH\
\xed\x91\xecp\xd9g\xd8\x05\xd1\x9a\x058\x10\x07\xec\xc1\
\xc83\xd0[\xc3\xa5\x05\xb6\x8dm\xb9o\xef%\x9e\xfc\
\xc4\x0f\xe3\xfco\xfe\x12\xd1\xbf\x84\x8c\x8b@\x06\xe1\xf9\
\x95\xe2F\xd2\x8dUzG\xbb\xd8\xc7\xe8\x9ee//\
\x8a\xa0\x18\x90\x1c\xc5r\xa2\xf4\x99\x14\xf7\xd3\xcc\xc1\xb2\
7\xcad\x1d\xab\x8e\x92,I\xcb\xd3)[|\x89\xf4\
52K\xa7Y\x81W`y\xe9\xe0\x9c\xff\xbbl7\
\x07\xaf\xfbI\x10\xdek\x90\xfc\xd6y\xb1\x5cJ:q\
\x06\xc2\xaf\xd7\xe3\xef\xfb\xd3\x14\xc1\xfac$\xb3>\x18\
\x7f\xcd\xe5`G/&\xadFQh\x0e:\xaayY\
\xae\x9aR\xd8+4 \xdb\xb3h\xfeX[(\x06\xe6\
\xa4\xd8\xcf\x1f\x05\xd0\x96h\x00\xe4\xf2<\xeb\x9b\xf8\x9a\
\xe1\x93\xc2\x97\xf5\xf5Ql\x00\x15\xdfX\x18\x07\x01\xd1\
\xad\xc1\xf5\xfd\xa3b\x00P\x81\x80q\x03\xe4\xd6q\xff\
\xd3\xcf\xe1\x95\x9f\xfe(\x1e\xf7'8\xc0\xa0\xbf\xc7\xc7\
\x05O.\x07\x1b\x9d\x1c\x03\xb8t\xe4\xc5U\xf9\x00\x0c\
\xa6\x01\xb2\x80\x0fQ\xb5\xcb\xb3B\x81|\x8c\xe2\xe7\x02\
6\x80\xd7\xa3j\x9e\x9a\xc0\xfa\x98\xca\xbcf\x1c\x93e\
h\x9e\xc6(i\x97V\xfa^e\x81\x09\x9c:)\xd1\
\x16\xf4\xd96Q\xdf\xa3+a&\xa8P.=\xb09\
\x7f\x10\x0d\xbf\xf5\xda\xd7\xf1\xd9\x17\xde\x8f\xd3\xb6\xe3\x89\
\x15\xad6/i\xe7!*S\xfe/\x04\xac\xeeF=\
FH\xf1S8\x0fEk\x8d\xd1\xb1o,M\xda\x1d\
\xd8$\x90\xba\xed\xb4\xbc/\x83\xd4\xee\x0d\x1d\xf9h\xb1\
\x8bV\xb6'-U\x17\x00H\x15\xc0\xe9\x02\x03M\xb5\
\xfd\xf7 \xe5\xe8\x16\xc9\xfc2*\xd7\x9f\xbd\xea\x9b\x80\
\x88\x9f_\xf9\xff\xb1#\x15\xfc\x87tk_F<W\
\xa0H>\x0b\xc4\xdf\xe7\xfa\xb5\xf0\x94\x10\xa1\x8c\xe0B\
\x0dj`\xb8\xb5\xf5\xc8\xe9\xf2\xe2\xcc\xeb\xbe\xc12\xbb\
\x11\xa1\xae\x86`\x5c\x09$0\xa2\xc1\xa5d\xae*\xbe\
\xd5\x95 \x10\x10W\x1f\xd7\x0ek!\x8e\xbe\xd5\x121\
.\xad\xf5\x96\x12\x96Zk\xfb\xcfmx\xf2\xf5\x81\xf6\
\x00h\xb7:a(\xf8\xbb\xb6\xbcr\xef1\xe9u\x97\
\x07F2\xbe\xe2\xd0z\x1b\xb2\xca\xb1)\x04\xa71\xd8\
o\xa4\xacn\x81\x006\x0c\xe23W\xf3\xb2\x9dJ\xe7\
\xdc\x09\x88F\xcb\x92;\x1b\xc8\x1c\x1d\xc39\xf5\xde\x0f\
v\x17`\xba\x05\x02\xc0.\xffl@y\xffYt\x7f\
\xb9\x06\xb7 \xd0\xb1\xbcid16\xf7'\x10\xabp\
\xba\x01~\xfb\x8f\x06\xdex\x9c\xb8\xb9\xd3q\x11\x1d_\
\xe5\x85\x14\xd1O+q-\xfc\xc3\x18\x01\xca/\xc7\x0b\
l\xa5\xf7\xb2\x9f\x81p\xe1)[\xf5\x87\x17\x0d\x5c\xc3\
\x85\x86\x90\xfc\xfe\x00f\xf7<M2\x12\x91\xc7T\x92\
\xa5Sv\xa2:\xa7\xc7\xa1\x114t\x03\x0b\x82\x8b\x99\
&\x11\xc0\xd1\xd0\xb7\xc4\xf9\x1c\xd8O\x81\xfd\xd1\xc0\xed\
;\xef\xe2\xf8\xe4\x8f`\xfc\xc67\x80\x9b'd\x0e\xb2\
\x83I\x9b*\x9dm\x85\xe68\xb1Bj\x8dc\x90\x02\
\x09\xe9\x8a\x85\xa8{R%,\x0b:\xb1\x1c\x93\xf5\xf1\
\xd4\xa0\x03\xcb\x87\xb5\x16\xca\xf0\xc4\xb5\x0e\xac\xbf\x9fV\
\x93\x92\xabe\xdd\xeb\x99J\xde\xc2\xfb|\xd5\x90\xebU\
\x17m\xed\xef\xca\x88\xf3\x07\xd3\xc9\x1eO\xdd\x7f\xbd\xee\
\xd5s\xe9\xd4\xab\x18\x80\x15\xb5\xf8\xc8z\x81:\xc5\x82\
'0\xcdS?\xf1\xe2AY\x06\xd81\x0c5W\xa5\
\xa4-X1\x11\x91\x06\x92\xa7+\xf0\xc37Hn\xc0\
\x90zHi\xb4\x19\xe5\x9c:?\xae\x10T\xb1\x0a\x95\
Y\x80)y\xcaU \xb53\xf1\x01\x9f\xa3\x81t\x9e\
6~\xc8\xfaws\x1f\xa2\xf9\xa1\xdf\x03x6\xf0\x81\
\x9f\xfd\x18p\xdap\x1c\x8fq\xc9\x81\xf3\xd1q9\x0f\
\xf4C\xc1~\x97A_?\xb4gT\xc9\xa4\x82h\xd2\
f\x88\x16u\xe5^+\xfeb\x04K\x02\xa7\x84\xba\xea\
\x02\x04\xc0\xeb@\xe7\x18u\xdaoj\xa0`4\x8e\xa1\
\x18LY+\x9e\xc6bB<\x06Ti\x1d\x03M\xdd\
\xdd\xbaJ\xee\x16\x970RM\x8f\x02\xd9\xa9X\xff\xfa\
\xc9\x13\xfc\xf6k_\xc5O\xbd\xeb#x<.\x8c\x01\
\xb0\xff?\x81\xc4\x0e\x065\x1d\x02\x12\x1b\x17g\xa3)\
\x98\xaaw,\xdc\x0fd\xb2\x15\xb0\x86\xec\xc2(\x01V\
\xf6Sz\xe2\x1e\xb4|\x99\xaeE\x86\xe4\x92\xbc\xc6\x1e\
@l\x0a>\x0c\x16\x16\xea\x92Q\x81`]5Y\xf0\
\x94\x03M\xeb\x97u\x01v\x03\x11\x04r\x0b\x1cr\xaf\
l\xc1\x9a\x01-\x1b\xb6$\xb5\xd8rCs\xceY\xee\
\xfc\x17;\x066\xec\xb9\x03q\x1f\x99\x1b\x02\x7f\x1b\x19\
\x1f\x06\xf0\x866\xab\xea\xbd\xe5\x98k\x10vy)\x0e\
GEW\xf8\xd3J\x1eW\x8d\x84p\xb6\x81c\x00\x1c\
\xa0\xc8\xf8\x85TLH\x13 \xcen\xc0\x12\xe5\xea\xb5\
\xc5a\x86\xa0\x97\xa02P\x14{\xa0u\x16\x83lN\
\xf33\x9b}z\x92\xd8\xde\x13\xd8\xfeF\xe0\xf8\xef\xe5\
\x22;\x80\x1c*\xc7\xebgo\x01\x5c\x02GO\xbah\
dE\x1d\xc9\xcf:\x188\x98\x06\x04\xa0\xdf\xdf \xcf\
mzG\xd2w\x7f\x0c\xa6\x01&\x18C\xc2tRT\
\x06@\x0f*a\xbbG\x08.U\x12\xfb\xd4pH\xe8\
*\x8b\x96\xee\x08\xb3\x15j\xdd\xeb\xaa\xa4!j\xbf\xba\
A*. \x94\xc1\x90\xa0\xed /\x17\xa5\xee\x96J\
\xfd\x0b\x9c\xee&\xbe\xfd0\xf1\x87_Ll\xa7\x8e^\
\x85|D\xf7G\x22\xdb\xc0H\xb1\x02\xd9U\xdcJ\xdf\
\xc9_^\xee\xd0\xbc\xc0}Z(\x0f\x139\x9ep6\
\x83\xec\x15\xb6\x98L\xac\x95\x9b\xc0\x05\xd7\xec\x01\xa1}\
\xc9\x87\xcd\xb0QrG\x92\xbe\x8b\xb6\xd9\x80B96\
b\xb6\x1d!\xf0\xc2etp\x0d]\x80\xd16\x1c[\
\xe0\xc9\x13\xce\xd1\x9dG\x1d\xe33\x1f\xc1\x83/\xfd\x00\
\xf0\x9d\xdf\x04\xb6\x1b^C5\x0e\xac@C\xc5\xa9\xa6\
{:\x0a$\x97\x06+ c\x8d\x16\x9887'\xa0\
-\x86T\xfd/\x0a\xfc,\xefW\x1a1\x0d#p\x95\
\xc9\x96\xa3\xe4\xc7\x04\x01\x0e\x16\xb7\x9c\x9bJ\x85\xe3\xe1\
\x9d\x92\xa5\xff\xfc\x80\xd4\x85T\x80\x06\x9f>\x99\xf2@\
\xef\xeds*@01\xad;?'\xbc\x02\xf4\x06\xf3\
\xc7\xbf\x7f\xf7,\x00+\x14S\xcd\xfe<|;\xc1\x9b\
D\x05R\x5c\x01 \x09\x11\xac\xca\xc4_ \x8b2\xb2\
Q\xe5oV\x0d\x1c\x91*\xe6\xa1\x09XQ\x8fF8\
\xc3\xaf\x18e\xb1\x17H\xab\xeb\x98\x12\xd2\xbd\xd6\xf8\x80\
@\xa5\xf7\xd5\xad%(B\x96n\x9a\xeaw\xc4\xff\x06\
\xa4\x19\xdd\x9d\x9f\xc5\xce\x00\xb7w}\xfe\xfdx\xe6}\
\xef\xc2\x9b\xc7\x03\x8c\x0c\x1c}\xe0rQz\xdf1\x90\
\x07s\xf3\xabQ\xcf\xac\x84B\x97\x9c\x8by\xa8\x17\x00\
\xe4\xf1\xcd\x91L\x93\x01\x8f\x8f\xc4\xf4\xbd\x0e\xcf\x13\x80\
1\xa9b\xce\x1b\x15rx\xe3\x16\x98\x9a\x0cL\xd1X\
\xb2\x94\x88\x8b\xe4\xf2\xd1k\x17hj@\x8a:\x1d[\
R\xf1\xa6|\xa8RT{\x03;\x05\x8e\x86\xdf\xf9\xce\
\xd7\xf1\xe9\x17\xde\x8bm\xbf\xc19\xcfX\x1c=\xf5\xdb\
\x087\xb1A\xb1>\xdeP\xd1v\x0c\xd1\x97dcS\
\x91\xd1\x89MM{z\x06\xb6\xb6\xc1\x15\xbf\xd88f\
\xc8J\xd7.\x0c*1\xb6/n8\x92\xe0gD\xc3\
\xa9\x85\xfa\x1f\xecZ/\xfbT\xba\x91\xd8\xb01\x9e \
\x92i\x7f`D3i\xff\xa6\x803\xfb%\x89\x107\
\xec\x18\x08l\xb9!\xe3\x84\x0cZ\xfc\x91'l\xb8\xa3\
\x81\xff 2\xfe\x0e\x02\x8f\xe1\xb0\xc796\xd3M\xb3\
\x12xf\xd8\x1c\x1082+\xc5\xd0\xd5\x17{2 \
\x8d\xa5\x97\xd9Y\x91E\x9c\xe8\xc0NQ\xba\xac\xe3\x16\
\xc0\xd6\x90#U\xd6Vs\xaf4?\xca\xc5\xb9\xa1X\
\x00g\xd2\xee\xceH\xd9\x82\xd7( \xe29\x0c\x00\xe7\
\xc4\xcd\x8f5\x5c\xbe0\x90_N\xe4M\xce\xea}\xe9\
\x14L\xc6\x92t\x81I\x07\x09\x1e=q\xc8\xa8t3\
\x9e>\x92\xf1 \x83`\xe1\x90BJ\xb0c\xde\xb1\x08\
\xdd\x01\xd5\x8f\xd0\xc8^\x92\xcf\xbf\x9d\xac\x0fh\xd0t\
\xa8'A\x02\xd9fUSh=\xc1\xe0\xc2\x80@\x96\
\x7f\x86,|@,a\xcah\x882l6\xa5\x0b\xc7\
\x9e\xf2\xfbS\xf6a\x0f\xc4\x06\xec\xb7\x81\xdf\xfc\x83\x81\
\x07\x8f;\xf6\x9bCU\xffT\xdc'\x96\xfd\xe2\x0c\x80\
\x18Z\xe3b\x8c\xd2\xfe\xfc\x9cAm\x5c\x1dT8\xc3\
\xf2S\xc8\xdf\x95.\x8b\xc9\x95DO\xe7\xd0W\x15\x1f\
\xca\xd5\xf4\x9c\x82\xac\x11\x12\x18r\x19X\xd9fS\x96\
N\x07]\xa5;&5/&W\xfe\x96\x1c\x81\xbc\xd0\
\x95s\x0e\xb0\xeb\xe39p\xef.p\xf9\xb1\x1f\xc5\xf9\
\xbf\xfb\x12\x10\xdf\x02\xe2\x84Y32\xb5'\x9dZ+\
\xe3\xa8IX[\xa0\xe7\xb0P\x07\x95f\x15\x1b\xd71\
\xad$\xcf\x15\x17.\x80\x5c:L\xd1\xfe\xabq*\xbd\
\xac\xcf\xf9Y\xd6\x87c\xc1\x0b\x0d\x06\xf2\xa8k\xe5\xbc\
\xd7\xd4\xa6\xf5{e{\xe9zW67P\xf7\x9bs\
\x05T\xb9\xe0\xd5\x05\xbe^z\x99\xc3\xf5g\xd5\xd3\x15\
\x04\xf8\xd6\x1e\xc25L\xc5\x8a$\xacgr\x19\x80\x89\
\x86\xae1\xc6\xf2\xb1\xceCz\xc0\x15\x11\x0b#\xb9\xc5\
\xda\xf4\xc6\x1a\xae\xdc\x84\xa2\xd9\xae\x91\xe0\x02\x17b\xbe\
\xe6\x95\x82_\xc7\xba\xae\xef7O;#\xe7\x00\x87\xce\
\x15\x95\x97R$\xa8\xef\x00\xf76\xaf\xa8\xff\x06\xa6\x1e\
\x8d\x81\xd3\x07\xef\xe0\xdd?\xfdQ<\x1ag\xf4\xec\xb8\
\xf4\x8e\xcbA\xcb\xbf\x1f\xf4\xf9\xe3\x10\x10\xa1C\x11n\
\xd7\x8b\xcet@t\xf9\xeb\x92~\xfe\xec\x04\x0d\xa1\xf1\
s\xb5\xc0*\xea\xd3\x05\x0c\x14\xb7c\x09Uq\x01\xa9\
\xef\xfa\xfc\x87\x11\x8a\x1d\x88\xc5t\x0a\x12 \x03\xdc\xa0\
^`I\xda\x9d\x8c\xa4\xac\xc8T\xeb\xd5\xc1\x1a\x01\x07\
\xe5\x01\x8e\xce\xee\x80}\x00\x87\x22\xad\xbe\xf5\xe4\x09~\
\xfb\xaf\xbe\x86\x93\x8a\xf5\xb0+ \x83t(d\x85\xa6\
0\x0b\x05u\xb0z\x9f\xe9u\x16Go\xc8M\xc1v\
\xad\xa1\xed'\x05\xad\xb9@\x8f\xe8\xfb\xfa\x9beKG\
\x04\x83\x04#\x80\xb6\xd5\xb1\xa3\xa9\xac\xa9R\x04{\xb0\
l\xf1\x01\xb3\x07\xbc_o\x0dc\xdfp\xb4\xc0\xf0;\
DT\x00 -L5<j\xad\x8a\x1f1\xe6\x81e\
~\xb3\xf2Co\x10q\x8b\xc0\x1d\x90\x11\xf8Y\x00\xf7\
\x918\xe4\xd3Uy\xd9\x05 \x8d\xfao\xaa\xe4K\xe8\
\x1f\xe0\x00)\xa7W\x8e\xa4\xd1\x16\x0e\x8e\x02H\xfdf\
\xe0<\xec\x12\xa1\xf2t\xbd\x82\xe2\xd7\x9c\x06)P\xed\
{\x0c\x80\x00\x01\x8e+ui]\x07\x0cr\xc9u\xfb\
\x98W\x14-\x91\x90\x03\x88\xdb\xc4\xed\xdf\x04\xf2&\xd0\
N\xc1\x12\xd9' O\xdc?\xd8\x13\xa9\xc0\xc0\xa3\x81\
\x1d\xfalY+\xaa\x1e\x0a\xce\xeb\x91\x0a\xe2# U\
\xfd\x18\x16nj^\x0b\xc9\xf8\x85\xc0RtG\x96`\
\xa3\x9c9\x82>\xf8\xdct|cp\xe0\x05\xa0\xc5\xbf\
%zs\xd1]\x01\x01U\xf8\xac\xe0\xce6\xdd\x0c\x15\
\xe5\xbfE\x05#\xb6S(n\x8d\xd7oz\x17\xa7\x03\
\xde\xb9\x0d|\xf3\x0d\xe0\x0b_\x1c\xd8N\x07z\x1e\x18\
\xe3\xa8\xd9\x06\xc8\xbc\xf5<\x94\x8d\x05T\xc4\xbb\x98\xc0\
R\x22.\xee\x03\xa5\x8e\x86\xc1\x9e\xe2\x02b2\x0b\xa5\
$\xab\x98\x88esV\x1c\xd2\x22D\x80<\x10\x06\x1c\
\x150(\xa7Wv`\x5c\xc0~\x00\x92\x97c \x9c\
U0\xc6\xfcn(\xe0\xb0\x1f\xc8#\xd1/\xc0\xe5\x0c\
\x5c\x8e\x00\xde\xe8\xb8\xf3\xbe\x97\x10\x1f\xfd!\xe0\xd8\x81\
M\x05\x82BQ\xa3Z\xd73\x9eHV<(\x1b\x1d\
+\x03\xb9\x02\xeb\xfd\xb5\xbekM\x163\x1dp\x8f\x03\
\xbb>\x85W\xe0\xf8\xa9i\xdd\xf3\x8f\xa8\xa1\x9a\xc0\xc1\
\x8a\xb6\x8a\x0fI)\xf9\x9aQ\x8ax\xfe\xd8\xc0\x98\xca\
x\xf9~\xd1_\xf37__\x9f[\xf9/\xdf\xbb\xe7\
I=\xaf\x9f\xef\xad\xaa\xbd~\x0a\x00\xbcm\xc5\xa0\x05\
\xc0`\xbdY\xa1\x8f\x89_\x0a\xfe\xc4r\xae\x956\xe6\
qO\x01\x1b)\xd6\xb7\xc6\x0b\x98^\x86{]\xeb;\
/\xecz0r\x99s\xf2\x9e\xba.\x17rV\x1a\xab\
\xe7\xa8^/\xa2\x00\x0eV\x1a/P\x9b\x16\x12\x1a\xa1\
\xc8dl\x14\x0e\xb9'p\x13\xec\xf2w\x93x\xf9\xef\
}\x14\xed\xde\x1d<9\xce\xa4\xfe{\xc7\xe5\xe8\x95\xeb\
\x9f\xaa\xcc7\x0e\xb6\xbe\xadT\x92\xea\xd0\x97\xa8\xf2{\
\xdaG\xb5\xff\xaa/\xaa\x16\xae\x8a\xa2\x97\xe2\x1f\x80\xeb\
\x02d\xfd\x0eI\xc5\xa8c\xdah@\x81\x85\x10\x08\xc8\
\x92h\x99\x12*\xb5\xf7c\xd5BLK\x84\x14\xb5\x8f\
\x1f\xea\xbd>\xac\x0c\x08\x06\xce\x07\x10\xc7\x8e\xdf\xf8\xce\
\xd7\xf1\xad\xf3\x03\xdc\xc6I+@\x91\xf3R\x96\xae\xe2\
\xe7\xffB\xa5r;\xdaL\xf5[*\xf11\x02\x9fu\
\x0az\xdb\xd0\xdbFzx\xdb\x18`4\x80\x11\x1b.\
 \xfd\xdf\xe5\xfc5\xa88\xa4\x04y\xbd\x84\x8b\xf6\x5c\
\x90\x02\x01\x89K\x8e\xca$\xe8\x02.\x06\x17=\xa8\xf4\
]\xa50e}\x8f$\xa0aeBj\x9dTd\xfe\
\xc0&\xca\xff\x8e6\xc3\x8f\x00\xf8!d\xbc\x89\x0c\xa0\
\xa3s\xc8E\xa9[\xe9ST7T\x5c\x01\xec\xc1\x91\
OZV\xc8\x05*>#\xa1\xc2)\x9d5\x1a\x10R\
>\xc1\x00\xc9\x9e\x03G\x8e\x024dV\x94\x927x\
M3\x05\xc2~z\xae\x14#\xc6b=\xa4\xc7\xa7\xef\
\xde\xe5u\x09\x9d\xb3\xd2\xfe\xf2q\xe2\xf4\xf1\xc0\xe93\
\xc2\xd7\xb7@H\xf9b\x932\x175\x9eR\xe6G$\
\x8e\x08eu\x18\x14\x80\x00\x5c\xca>7\x08\x90\xf1;\
+\xe3&\xa5\xeb\xe6A\xd0Rn\x1b\xe5\xd6Za2\
6\x82\x85\x1eR\xd6{\x14\x90\x18\xca\x0cq\x16@\x15\
\x08\xda\x17\xf9\xb6X\xfe\xc5RZV5\xd0M.L\
\xe6\xe2B\xb17\xc4\x96h7\xc0o\xff\xe1\xc0\xa3\xc7\
F\xdf\xde_\xe0h\xa6+\xf3iE\xa4k70@\
\xae\x0c/\x05\x0a\xda\xd2M\x0c)jY\xcf9\x8a9\
\x8cb\x0c(w(\x87\x96\x92\xa0\xce\x12p\x14?\x12\
\xae@\x98\xb9\x5c\xd3U\xffB+\xd6\x02\xcb\x8aM\xf2\
,R\xf1Lf5\xb3\x03\xfd\x00\x8e\x03y\x0c\x5c\x8e\
\x81\xf3%q9\x80\xf6d\xe0\xce\x0f}\x06\xb8\xf7\x01\
 v\xe4v\x83\x8c\x1bd\xdbQ\xea*\x02U\x09\xb0\
\x84\xb3\x14\xbc,I\x7f\xe7\xb8\xa0R\x0am^c\x06\
\x12ZoI\xd8\xab\xa2\xe0\x82\x000\x8dS\x81\x0e\x07\
M\x83\xeb\xed\xea'\xe7\xbd\x91\xd6z\xc0d%\xac\x8c\
P\xba\xafN5\x98\xa8E \xdd\x96\x9816\xeb\x8f\
\x14\xbe\xd5G\x22\x9e\xfe\xfa\xca\x06\x9ek\x8b?\xdf\xb3\
\x12\xe0\x8c\x8c\x07\xdc\x84\x9b\xfe ?\xe8\xb4\xa0\xaf\x11\
\x0c\x8a>\x06LS,c3\x87\xae\x94\xf9\x10R\xad\
jH\x0e\x08\xf4\x00\xac\xd7r\x10\xdbr\xe7B\xba\xba\
f\xd6\x12 eU>\xee\xf0&]\x90\xb3\x83w\xbc\
a\xd7\xe3\x16f \x1a\xe4\xb7K\x8e\xdc\x0e\xe0\x16\x18\
\xd9\xf1\xe2\x8f\xbe\x0b\xef\xfc\xf4\xfb\xf1\xf0x\x8c\xa3\x0d\
<9\x06\x9e\x1c\x07+\xfd\xc9\x05@\xea_9u\xca\
\xe7\xcf\xa1\x00\x991T\xef_\xadf\x06\x95A\x94{\
 +D\x81\x19\x02Q\xa0!RQ\xbdC\x8b\xd2,\
\x80\xa6'\xc7|\xf7\xbc\x1209gb\x05AJ\xa5\
\x98\x8b\x10Fe\x923\xaaj\xa6\x14\xe1\x03T.M\
\xbf'X(\x08\x07\x03\xae\xfe\xfa\xf1\x05\xbf\xfd\xed\xaf\
\xe3\xef\xbc\xe7\xfb\xf1$Yk\x90\x14\xa7#\xd6\xb7i\
}b,\xeb\x9e\xcdz&\xd8\xd6\xa6\x1aL\x84\xaa\xbd\
\xac\x0d\xd7\x85\xee\xb6mCGG\x8c\x0d\x01>\xeb\x05\
\x8e%\x0060\xb7\xb8[P\x14\xe8dW\xbf.\x0b\
\xb7[\xe9\x857\xb4\x14#\xd4;\x00\xa4\xd9\xe9_\xa7\
\xa27\x15\x1f\x02\x0d\xa8\x90\xef\x0d\xc0\x0dZ\xdc \xf2\
>\x80\x9f\xd7\xc0\xab\xd2\x9b\xd7\x19D5\xc7\x8c\xd0\xef\
\xb0;b\xb5\x16\xe4\xbb\xd6:]\x85\x0a\xc1HV\xfb\
\xdaT<\x81\x83\x02\x91|\xc6&\xa1V\xc1\x8b\xa1\x01\
\xf2\x9e\x87\x22\xda\xb3>\x96 \x82z!\xc8\xb5\x96\x8e\
\xe9\xb1\x0e\x9bc\x1d\xb5\x87)\xa4n\x7f\x0ax\xfc\xa7\
\xc0\xf60\xc8\x00H\xe7q\xf9\xaa\x11\x10(\x07\xd8\x03\
 g\xb0i\x0b\xf4.\xdbx\x97\x9cH0\xb0\xb6A\
\xca\x0cU?\x00\x02\x03=\x09V\xdc\x8c\x88Q\xfb|\
\xe6\x03`\xc9\xde-\xab\xc5\x063O\x1cO!\xb7\x92\
\x22\xf9\xcb\x08s\x1c\x00B\x86\x82d\x85]\x84\xc1\x80\
\xc4m\xb3|!C\xd0v\xb2\x0e\x88\xc4\xed\xbd\xc0\x97\
\xbf\x95\xf8\xe3/\x0d\xec\xa7\x03ct\x01,IsY\
\x01U\xfe\xb7Y\xbeI\x89\x96,\xbdV\xfe\x10\x13@\
\x054JIs\x1d\xcby\x95\x92\x81E!\x1b$\xe9\
\x05\x87\x84Ml(\x07\xaa;\xfe\xb5V\xee\xdd\x80\xee\
\x81\xa8\xf8\x14\x8c\xc1\x22A2d\xaa\xbaj&\xafa\
9\xdb\x03y\x04pi\xb8l\x81m\x0bl\x0f\x07N\
\xef\xb8\x83\xf3\xa7~\x02\xfd7^E\xdc\x10\x848^\
(L\xb5\x0b\x90\x97\xa0\x0a\x81\x1c+\xfe\x92o\xb2\xf2\
+\x0e!`\xb9\xe7\x0d\xc5\x8f\xfdN\x98\xd7\xac=\x17\
\xd3\x9f_\xc2H\xb2\xe1i\xfdW\x81\x9a\x98\xc0\xc3k\
1]J\x0e\x93\x15Xt\x96\x8f}\xea\x09y\x9f\xf2\
\xf5Cv\xef\xd4\xa9\xc3\xf2~1\xd2}\xf9\xe9Kx\
\xfb\x9f\x02\x00O\x1f\xc2\x87\xda\xea\xefR\xdc\x05\x5c\xec\
\x95\x89z\xc1\xd9\x00\x08\x15\x0f\x82\x94o\xe2\xa9\x97\xe0\
\xb58\xaa\xb3(\x03\x87\xd4\x8b5%\xc4\xdc\x04\xa68\
\x13\x81\x90\xc8\xa8x9_n\xcaAm\xde\xa7\xdf\xdf\
\xdf\x17e\x87\x05\xeciQ\xeb\xf3\x94\xe2'8\x10@\
q,\xc0\x96\xc8\x13\x80=\xb1=s\xc2+\x7f\xef\xfb\
\xd1[\xe2\xd2\x0f\x5c\xb2\xe3\xdc\x99\xf2w\x1c)\x00\x90\
e\xa53\x85\x06@\xefT\xfa}\x14 X}\xfba\
w\xc0B\xe5\x03\x89\xe8\xa9\xf5\xdc\xc4\xb6\x89\xe6\x07\xb4\
\xc9\xb4\x80\x86\xb6\x82\xff\x1b\xa6\x9d\xa26R\x95\xd5\xf4\
|uZ\x04\xceW.\x04\xd0\xa2J|R\xe81\x0b\
\xc0\x99\x87\xfb\x00bK\x06\xc1\xa5\xea\xe5G`\x8c\xc0\
>6\xfc\xdew\xbe\x89O\xbd\xf8^\xbct\xe7>\x1e\
\x8e'\x98\x15\xbd\xa6\x82\x1f\x9aH\xfa\xf9\x1a\x06\x0e\x82\
\x11M}\xd3&j\xdb\xce\xea\x89c\xa0\xb5\xc6\x8c\xaa\
\xa0h\xa3%\xcb\x0d\xbc+G\xd8\xaaz\xcb\x90\xf5\xcb\
w\xd8\x82\xb9\xf4\xf6\xed\x03\xcc\x15o\xa6\x0f\xb5X6\
\xb8\xcc\xac\xd59A\xc1&\x7fz\x0e^g\xab*\x7f\
\x1b\x22w\x9e\x19;Z\xba\xe6\xff\xadh\xd1\xcf#\xe2\
\xc3\x18x\x1d\x09\xb9\x1c\xb48\xf9\xa4\xea\xec\x08\xe0\x92\
\x0a\xc4\x0b\xcf[\xc8\xaf\xcdeq\x12`1h\xd8\xb0\
\xd7\xbe$v\x94\x85o\xd7[\x86\x1a\x01\x12=]\xc6\
\xc0\x86A\xe0\xa3\xc9l\xc1\xeb\xdb\xed\xb45\xee\xf5\xa1\
\xb53\xea\x99\x92\x0c\x92\x00C\x03h\xbd\x8f\x04\xda\x86\
H6\xb6\xf2\xfe\xcb'\x89\xed\x95\x86\x9b\x1f\x1ax\xfc\
\xcb\xc08%p\x04\xabL\x06\xd3\xf3\x5c\xa0\xe7H\xb2\
7\x08\xf9\xf8\x1b\x14c\x10zwf9T\xea\xe0H\
\x5c\x06S\xfd\x1c\x0cXY\x05R8#\x81\x9em\xba\
Z\xb85x\xfdH\xc4\xcew\xeb]\xec\x8a\xce;\x14\
\x13\xc1\x80\xbe\xd4\xef\x96C\x92\x19\x92\x15\xcc\xfd\x87\xa2\
\xff\x0d.Pe\xedSr\xf2\xd4\x08>~\xe5w;\
\xcey`\xdb\x0e\xb0\xbb^bq:\x10\x14\x04\xfd\xfe\
PI`8O\xbf\xe8A\xf9\xdd\xb5\x86\x04\xfb\x90R\
\xf6S\xa9Q\xab]\xc5\x8eU\x1a \x04\x1c\x94\xdaj\
E\x1aC\xc1\xfd\xca\x0aH\x96\xfe\x8d\x14\x13\xe4tC\
4\x1a7\xb9\x0b\x95\x01h;Be\x88\xa1\xf8\x1a*\
\x0a+\xd4Fc\xe8h\xe8O\x80\xc7\x08\x9cn7\xdc\
<\xe8\xb8\xfd\xf8\x87\xf1\xf0\xcf>\x8e|\xfd78p\
]T\xbd\xcd\x8c\x00\x227\x81\x18\xfb\xf8\xdbb\x8d\x0b\
4;\xa0\xb2T\xe9T\xc2\x96c)F\xc3\xd9:\x14\
\x92\x0e\xf7\xa5\xd2\xcfy\x09)\xe8\xb8R\xff\xbae\x81\
\xa2\xac\xf9\xd0\xb3x<\x0d*\x1c\xf47%,\xc2k\
\xee\xca\xbd\xc0y\xf3\xd09=7\xfd\x04\x8e\xb5i~\
\x80,}\x88\x5c\xaf\xfe\xf6?\xed\xe9\x0fb\xf9e\xba\
L\x9e\x82\x07\x99\xd7\xaf\xbe(\xdd:W\xfec \x8b\
vo\xa1\xc1E\xccc\xfd\xdfbf\xf4\xd0\x92\x1b\xc3\
\xb1\x06\xb9\xa0\xd3$\xdaKY'~c\xff\xcaw_\
\x91\x9aA\xc5\xfc\xbd\x9e\xb9\xfe\xbb0\x15f\x03\x22\xe5\
\xeb\x5c>\xf3\xf9\x0d\xb4`\xa2\xe3\x1d\x9f\x7f\x1f\xee\xbf\
\xf2\x0e<9\x9e\xa0G\xe2<:\x9e\x5c\x0e\xf9\xfd\xbb\
\xea\xfb\x8bj\x1b\x10\x0b\xa0\x06>\x9d\x9b9\xbcX\xed\
\xdf?X$\xa8\xa4\xbdI\x03)\x7fI35\xfbY\
_\xd5\xa0\xcc\xe8|\x0e\x8a\xddsp\xfc\x00\xda\x9c\xc5\
\x91\xc5\x02V|\xc04\x99TlHw\x11\xed?F\
\xaa\xc9P\xa8T\xab\x04\xe8Pw\xb6\x01ZlG\xe2\
\xc1\xf9\x82_}\xf5/\xd0rG\x93\x92\x9c\x8d\x81\xec\
7'Unj6\x95/\x9f\xa2\xd2\x19\x91\xbd\xa9\x8f\
|\x03b'\xbd\xde6t\xf9\xe7\x19-\x1e\xc0v\xc2\
h\x0c\xde\x1bm\xc3\x11t\x17\x1c\x08tUa\xe9\xd1\
pF*\xe6\xa0\xe1\x12L::r\xa3O_\xf1\x0a\
\x1c\xfe\xa0K\x02\x1b\x0e4\xf4l\xaab\xd7t\xef\x0d\
=\xe4\x16(\xf7EC\x8f\x1d#\xec\xff\xdf\x10x\x17\
\x22\xfe\x16\x06\xce\xa5\xec9\x95\xd7\x0a\xfb\xc8d\xe9e\
-\xd2\x01\x15\xb3\x01\xff%\x04^2\xe5\xb3\x9e\x81\x8a\
\xa4\xcb\xc1;,n\x80h\x9b\xb2YBn\x0e\xae\x95\
#\x13\xe7\x1c\xd7\xefZ\xc7\x0c2\x07\xae\x82\x08Ti\
\xe7\x9e\xa9\xf2\xbdr\x05\xd8]\x80\xc0e\x0c\x15`*\
/\x14\xe9\xf8K\xe2\xee\x8f\x04\xe2]\x02Z7Ym\
\xb3\x19\x03\x10\xe8\x1b?\xcb\x9d\x81yq\x22\xe0?\x1a\
0\xb6\x81\xdc\xe4\x1e\x00\x03\x04\xed\x22H\x95\xdc\x1d\x1b\
)\xfa, \xef1\xe2\xf5\x86\x0a\xf8t\x0cdS\x05\
A\xc5\x07\x8c`\x9a\x9e\xeb\xcf\xd8\xed\xd4\x91\x0a\xfe\x0d\
\x15\xa2\x02\x86]\x84\x8a\xf6w\xad\x80\xd1X/\x82!\
*\x8c\xf6o;\x95\x8d\xe3\x12n\xef\x05\xfe\xf0O\x07\
\xbe\xfa\xf5\x8e\xd3\xe9\x98\xb9\xfe\xb5\xd1\x86\xaaf\xdar\
U1\x9dt0\x9c\x99\xb2,\x03\x862X\xa0 R\
\xcao\x8055<3\x09S\x89eT\x0d3\x06m\
9G\xee\x00_O\x85~\xacF)K\xc5.\x00\xa8\
\xb8\x82\x8a#p\x01\xa0\x94 p\x872=\xd7\x18\x04\
\x13.\xfdx\xb0\x03\xea\xb9\x03\x97G\xc0i\x0f\x9c>\
\xf3C@\x7f\x01W\xf9\x92%\xe9L\xd7o\xf5;\xfd\
\xf9t\x97M\xf7\x00pE\xe9_\x0b}8\xf2?K\
\x9d\xafz\xa9\x90\xf9<G\xe0\xe8J#\xa6\xf7\xe9\xf2\
_\xcb\x5c\x9f\xbe\x22\x08\x9f\x14O\x9d\xaf\xfbU\x9c\x9a\
\x98\x84\xca\xba\xb3\xac\xf4\x1c\x18L\x5cA\x88\xe9\xba\xbb\
B\x17\xdf\xe5g\xc6\x00,\xff\xd6\x9f\x02\x01\xf5\x80\xb9\
T\xa5\x82\x1egA(\xa2i\xf3-\x0f\xa6\xe8\xed\x05\
-\xa7\x17s\xacC\x9fpu\xa7\xf4\x02\xc5\x1c\xf6\xa7\
_\xb6\xe6\xf3)\xb7@\xbd\x93LG*x+\xff\x05\
\x10x#TE)\xbe\xb4\xd7L\xec9sy\xf7T\
\xa3\x1f+\xff\x81\xfd=w\xf0\xf2O}\x1f\x1e\xe7A\
\x819\x12\xe7K\xc7q\xe9\x18g\x05\xf6I\xe9V\x80\
\xdf\xa0\xc3\xbc\xc0KR\xe9\xc3\x01\xb4\x83\x96Z$\xa6\
\x12\xce\xa4\xf58\x80j\xd9id\xeaX\x82\xees\x17\
\x96a\xc8J\x1b\x10\xdb\x90\xfa=\x80\x91h\x19pE\
\xb7\xa8A\xd3%+@\x90\xd7qj.+\x03f\xa5\
\xad\x97\xff)\x19\x0b0\x92\xa0\xe0\xe8l\x14t9\x80\
\xad7\xfc\xd1w\xbe\x81?z\xed\xeb\xb8m\xb7\xbcv\
mj\xf6\x13o\xa0\x9f/\xb5\x91\x91\xad\xa8u(\x18\
\xd0\x8a9\xda\xc6\x8a|h\x8a\xf2\x0e\xfa\x9b7U\x13\
\x94\x12\xec\xad\xe1\x12\x81\xdcN8\x07p\x91\x92>\x82\
\x81\x7f]\x9d\x01\x0d\x04\x06\x9a\x14\xb9\x03\x02\x1b:\xf6\
\xba\xaf\x15|F+\xe0\x90\xd14MT\xfa@P!\
C\xe9\x7f\xd8\x01\xdc\xc16vl\xf97\x80x\x19#\
\x1e\xc2\x01}e\xa5\xc7\xfc\x1b\xaa\xe0\x97p\xfc\x01\xc7\
\xcb\x9f\x1d\x16\xed\xda'\x99@K+f\xa8\xda\x9f\xb7\
\x0a\x17\xf3\x91\xb2\xaeA\xab\x97\xc1\x80\xa0\xe2\x02H\xed\
JI\xd5\xbeh\x81KB\x81\x92\xa8@:\x96c\x88\
\xb2\xa2\xa96r\xd6\xf0\xd7\xd2\x85\x94n\x17\x98\x1e\x17\
\xa0\xbd\x00<\xf3C\xba\xc7.&`\x07r\x97\x0b`\
\x8b\x0a\xc2\x1b;\xd0\xd5\x05\xd0\xf7?*\xc7\x9e\xcb\xa4\
G\xa2\xcb\x07\xdf\xdb\xa8ccK\xc4>\xf4\xdf\x04\xb6\
\x01lC\x0c\x1f3\x08\xaa\x12a\x13\x91\xbe\x11P4\
u1\x1c\x8d\xe7\xe6\x96\xc8\x18T\xc8\xd2G\xb9\x01c\
\xf7\xb3\x0a`\x04\xdd\x84!\x10\x12\xa7\x19\xe7\x10*@\
ts'\xf0\x9dG\x89_\xff\xfd\x8e8u\xf4\xec\xb3\
WF\xa3\x95\xef\xf6\xd7\x88\x81\x81\x0bF\x8d27!\
\x97\xd9\x00#\xfb\xa5\xc0y\x85\xa9\xc0iB\x95\x22\xa7\
\xfdd\xcb4K\xf9q\x22R\xd7\xa6\xc2\x0e\x81\x84\xb2\
Q\xed:\xb4\xfb!;\x22\x15\x0c\xe8\x00?@\xf7\x1b\
\x13X\xd4\xb3d\xc9\xac\xbaw\xef\x0b\x08H\xe0H\x8c\
s\xe2\xd2\x1b\xfa\x9b\x1d\xb7\x1fy\x17\xe2\x95O\x00\x87\
\x1b%\xd0 p\x80k\x96\x90f!,[\xf6\xb9*\
\x02\xbb\xef\xa4+\xaavFH\xa7Y\xd6@\x08U\x22\
\xaf\x94k)\xd3\x19X\xc8\xf8\x01+\x8f6\x0d\xc7\xf0\
\xfdc\x19\xbbk\x865\xa7\xa2\xc4\x15\xd3\xe2\xa1A\x94\
Ks\x96?^u\xe9\xfac(b\xa0\xa2w3+\
\xe0g\xfe\x1e(\xe0{\xa6\x01\xd6\xe2X~\x1bz\xdc\
\x02=i\x7fRN4bm\xbe0\x07\x91v\x01L\
\xefF\x94\xd2\xf6\xe2\xe2B\xc4\xf5Q\xfc\xcb/\xa2c\
\xdc$\xc1\x13\x15@\xc5kX\xc1\xbb\xbb 2g`\
\xdfS\xffx]\x99\xbdN\xf73\xed_A;\x017\
\xffI\x05*\x856\xfe;?\xff\x01\xdcy\xe19\xbc\
v|\x07\x97L\x9c\x8f\x8e\xf3\xb9\xa3\x9f\x19\xbd\x8f\xc3\
\x14?\xad~JgM\xea\x18\xa5\x84\xedK\xa5\xd2\x1e\
\x15\xd9\x8fe\xbf\xac>\xfd(\xc5\x8d\xb2\xd2\x0b\xb8\xa7\
\xd5\x84?\x9fP4j\xf3\x8c\xa9\xf0\x01\x84\xa9/\x8d\
\xa3\xda\xc2\x95\x1c\xc9\x94kD\x15\x05#(\xa8G\x9f\
\x88\xb57\xd6\xd1\xe7\x90\xca\xc7zp\xdfn\x8aW\xfa\
_\xff\xf2O\xf1\xca\xfd\x97\xd0\xf6\x1d=\x0fn\xe2B\
\xc7\xf4\xe9\xb1\xa7\xb9\xa9PZ\x9f\xcep\x88fpC\
\x00\xd9\x1a\xf3\x82\xbb\xd6D\x9b\xd8\x08\x00}\xf5\xc7\x18\
\x04:m\x93u\x9a\xd8U\xdb`\xd2\xd7T\xbe\xdc4\
T\xfe\xa7 \xab\xe1H\xe0\x00\xe3\x1c\x18\xb4\xd7\xe4\xa3\
o\xb8\x8c\xc0\x1e;Zl [\xb1!\x07Y\x81\xe1\
\xc8\xff\xb8E\xe4+@\xfb<\x06\x9eL*Z\xfb\xc6\
\x02\xa0'x\x9d\xf0.\x08\x5c\x0048\x12\xdf\xa9\x88\
Y\xb82\x82\x9f\xef\x06\x07E\x13\x92\xa5i\x12V\xee\
W?`\x17@\x16\xd5\xcf`@\x8e\xb5So\x19g\
\xc1\xfa\xfc\x00\xc8\x02$\xf7\xc4\x00\x98R\xa9\xe9\xeb\x83\
q\x1f[\x0b\xc5\xb12\x86\xa1\x8f\xb9\xa6r\x0c2\xb4\
G\xe0\xee'\x81\xf6\xdb@~+\x99\x0e7\xb4\xb6\xb4\
~\xc7\x10\x10\x18Z\xbe;\xc1\xeb1\xe4v\x81t\xc6\
\xa0\xc2\xced\x10\xe7t}p\xfcF\xea{\x5c\x07:\
\xda\x9f\xdf\xed\xaej\x98\xae\x85\xc8\x92\x07\x81T\xa3 \
I\xa4\xc6}\xcf^&\x0dh\x0c\xa4d\xf0\xb0\x8e\xd9\
\x0c\x08x|l\xa9\x00v\xba,\xb7;\x81\xdf\xf8\xd5\
\x8e\xd7\x1et\xdc\xdcU\xb7L[\xecV\x90\xcd\xc5~\
\x5c\x1cJ\x96y\x18\xe9\x87V\x03\xdf\x0c\xb5\x22$'\
\xb5\x87\xb4\xe9e\xa0\x8f\xf9\xbd\x8d\xa9\xccb\x9a\xfd;\
\x5c4\x08\xa0\x92\xb6\x85\x15\x81\xb2\xe2W\x8b\x1a\xf6\xbb\
\x1c\xfc\xdc\xc19\xa9\xcf]\x01\xf4\x8a%\x88\xf9YW\
\xd5\xbf\xbe\x03\x1724\xe7\x00\xee\xdc\x07n>\xf3Y\
<\xf9\xe6\x1f\x03qFU\xd0\xd4{\xd3\xf5\xa1\xba\x22\
\xda\xc5W\xfa\xca\xeb\xa0\xdc\x14Z\xfcV\xd4\x0cZ\x80\
\x15iZ\x89\xa0a\xbaT\x961\xbd\xfa)\xe9\x0a\xbb\
\xc1\xa3\x9e\xc3\xcf2j\xfc\x01\xcb\xe5y~)\xf5\x98\
\xfa\x13\xcb\xf5|\xcf\xba\xc7\xdb<\xc6\x18\x8b\xf1\x8d\x94\
!f\xc0\x11oy\xea\xa7\x7f\xde\xe2\x02\x98\xcf7\x1f\
\x1az\xb1R\xd4\x80\x02\x8f\xb4\xb1c\xbe\x98\x05\xe5\x9c\
\xe8\xac\x97\x8b\x98G\xd8d,\xa0\xb6\x9c_\x9f\x14\x93\
\xe0\xa56\x8f\x8e\x8a\xec]\x9e\x09Y\x7f\x1b\xad\xadM\
\x83j\xd2\xe6,\x00\x18U\xc4\x83D@V\x99N\x88\
\x1a\xac\xa2?\xac\xe5Bke\x0c\xdc\xbc\xf7\x1e\xde\xf1\
\xc3\x1f\xc2\xa3|,\xeb\xff\xc0\xf9\xacR\xbf\x95\xf3\xcf\
\xa0\xbf\xa2\xf63\x19\x0d[\xca\x9b\xbf\xb3}\xafc\x01\
r.\x00)|\x96\xff\x057if\xd1\xf8\xa1:\x02\
d\x0e\x09\x1aL\xf3\xa3'\xabi\xae`A\xff\xc2\xd4\
\xbe\x8e\x83\x1b\x13\x01b\x18\xa2\xc0E\xa5\xdat\x83\x19\
}n\x16 \x15\x047h\xb1w\xf9b\x8f\x118F\
\xb0\xeb\xdb%\x80c\xc7\xd7\xde|\x80_\xff\xe6\x17q\
\xdbn@\xcbv\x83\xdb\x02;M\xb0\xdc\x03\xb1\xd1\xd2\
W\x94o(\x94\xba#p\x80\xce\xd5\xdc\x1a\x03\xb4\x82\
i|C\x96\xbb3\x05\xce\x09\xf4`v@6v\xe5\
\xcbm\xe7g\x15\xff\xb0\x01\x8d\xd4\xfe\xc8\xe9\x96\xe8\xca\
L\x80\x9e\xd1\x0c\xc1\xc0&\x05\xael\x86\xd8\xcb\x0d\x90\
\xb9c\xe0\x06\x19'$n\xf9\xdf\xb8E\xe0\x84\x86\x1f\
A\xc6\xbb\xd0q\xe6;\xeb\xfe\xb4\xd8M\xdd\x01\x87\xec\
=\xf7\x1f\x0f\xa5\xe8\xf5\x04\x226\x5c\xcaB\x08\x9c\x01\
1$\x81'\x98MmL$[Y\x0e9\x1f\x0f+\
9\x00\x88M\xae\x8d`\xd0c\xce\xf3\x0e_#g\x1e\
\xfd\xc8d\x95\xbc\xd4&jt\x17\x5c$T;\x18\xb3\
\xd0\x91E\xb7\x1fZ^\x89(:~t\xa0=\x0f\xdc\
\xff,-\xfev\x03\xc6\xd3\x9c@\x7f\xfe\x06\xe4\x1e\x88\
\x1d\xe81\xc8\x0c\xc8\xaa\xefj\xabK\x06\x87\xca\xdd\x99\
\x02\xb1\x87\x9a\xf0\x88\x0d\x08\xc8\xcaod\x11\x22\xaa$\
o\x9a\x95P*\xa1<b\xa8`\xcc=\x8b!\x89\x1d\
h\x8bK\x82u?6\xc0\x81\xe9\x8dLBl\x89m\
\x07\xe3\x00\x94\x0a\x98~\xae\x9dU\x07o\xef\x01\x7f\xf1\
\x8d\xc4\x17\xfe<q\xbaKV\xd4\x80\xd5\xbe\xff\x11\x0b\
\x0d\x1f\x09\xf1/d1\xe5\x22\xc8\xf2\x09\xce ?\xaf\
\xda\xa2\x12\x8b\xf2\x17\x03j\xb1\x0a\xb9\x1a\xd2Au\x87\
WK\xc5=\x05\x92F\x8b#\xfb+\x87\x06X\x12Q\
yO\xc7$\x0cS\xfc\xce7F\xe9\x00\xf9;Q\xcd\
\xcc\xac\xfcG\x128\xd8@:\x12\xe3\xa2\x06O\x0f\x0e\
\xdc\xbc\xff%\xc4\xfb>Ap\xb0\x9d\x00\xa5\xd6\x86d\
C\xb8\xba\x92\xdc\x04!\x956\xdd\x00\xb0\xd1\x8e\xa2|\
K\xbc\xea\xef\x0a8\x9f\xc6L\xe9\xa9\x00f0|\x14\
\xe6\xa9R\xe99o\xc0\xcb\xf9\x02r)\x97>\xb4n\
kO) \xdf{\x06\xf1\xad\xe5\xd8\x8b%\xb0\xec~\
\xea\xa7\xda\xd5K\xa5\x86\xd61e\xfb\xdb\x9f\xb3\xfe|\
\x8fn\x80O\xf9\xf9u-W\xdcsdq\x98\xae\x87\
\xd0\xd4\xa2l\xed\xb2\xe78\xcd\x22\xa9\x03c\xbe4\x80\
\x8a\xe6\x14\x9e\xe5w9\x03&\xa2]?\x8b_\xb6I\
Y\xb5\x15\x04\xe0j\x12\xe6Dp\xa0T\x0bea~\
\x84\xdb\x0a\xd0\x16\xbf\xa1\xcd\x9d\x95\x83l\x06\x80\x8dL\
\x06^\xfe\xc9\x0f\xe0t\xef.\xde<\x1e\xe0\x8c\x81'\
\x97\x8e\xcb\xb9#/\x89\xbc\xb0\x9c/\x1c\xe4'\xe5^\
\xd7Np\x0c\x05\xbf\x8bj\x93u\x8f\x00\x99=s\xeb\
\x00\x8a\xd3\xd5G!\xe5\x9c=\xfd\x1a\xe5Vaf\x00\
PA\x81\xe9\xb5\xaa\xef\x9b\x17\x88\x07S\x8bm,\xf3\
\x9e\xcb\x5cB(\x14\xb4\xbe\x0b\x8dnAFCk`\
4E\xc8\xa7J\x05'\xe4\x82Q\xf8\xcdv\xc2\xaf\xbf\
\xfa5|\xf8\x85W\xf0\xca\xfd\xe7\xf0p<\x91\x05j\
\xea\x92\xadISAN\xac\xa9\xaf\xac\x03\xbf\x97\xd6\xc7\
\xb4g<\x7fz\x8e\xb4-\xa4\x0a}\x98V<\x03\xe5\
bY\x1d\xc0\x09\xee\xe0Ge\x18\x11\xd8\xa3U@k\
h1\x98\xf6\xa6\xeb\xd7>\xf1\x0d\x9b[\xec\x8a\xa2\xdc\
r\xc3\x88\x1d\x1b\xbb\xdb\xa0\xc5\x861\xee\x03\xf8a*\
\x7f\xc4\xb4\xfe\xb5\xa7\xba\x04e\xd7h\x0f\xc4\x12\x0b\x94\
\xba\xd7\xb4\xf7N`\xba\x22b\x06\xec\xf5z/\x156\
\x8a\xc56L\x07\xeeQ\x08\x91PI\x1c\x83\x8c\xc2&\
a52p\xe4\xc0\xe6-\x10\x81\xd8XY\xaf9\xae\
$B9\xe9\xc1\xa2O\x90\xae(\x81++|\x18'\
d12*$\x89K\x07\xee\x7f*\xb0\xfd^\xe2\xfc\
\x1a\x01@?\xe8\xff?\xd2n\x8aD\xdf\xd9\xf3a\x04\
p\xa8_\x00\xa0p\x14\xcc\xa0\xbf\x94\xcbc\x04\x03\xf6\
\xd8\x13`\xca\x15KvnIK\xca\x80\xcdDv\xb9\
\xf5>\xd4W\x1b\xe4\xd3\xf7;k\x1b\xae5\xfd\xb5\xa6\
\x9a\x8e\xadt\xbf\x96\xb3\x06\x80d\xc6\xbe\xb1d\xf1\xaf\
\xfc\xa6,\xde8\xe0Z\xed\x19\xb2j\xb5\x0f\xca\xfaW\
\xbe=\x22\x90yAY\xf5D\xff\x16Z0\xf5>\x15\
\x98\xae\x15\xee\x16i\xa5\xe7@\x1f)\xad\xb2\xfa\xb5\xc2\
\xc6 \xf0\x0e`\xd6\xde\xd7\x1e\xab1jS\x89\x8f\x81\
J\x07\x02(\xa3\xd6,\x86\x92/my.\x07\x1br\
&\x131\xd9\x83C`\xe9`}\x80=\x13w?\xf3\
)<\xfc\xcb?\x00\xe2\xeb@\x1cP\xd7\xa8\xa9\xc8\xb9\
{i\xbce\x00\xa9\xf6\xc6R\xb8\x89\x9c,i\x1dS\
#\x22\xb9ie\xbd\x1a\xba\xd6(Q\xccLh_V\
@\xbb\xe5\xa0\xbf\xb3\x06\xf6\xf1:n\x06\xfd-\xf7\xae\
\x22J\xb1\xdco\xea\xec\xaa\xc6\xb922X\xf5\x86\xd7\
\xeaz\xde\x12_wm\xe9.\xbax\xfe\xec\xb1|\xf1\
\xf4\x8f7\xfbj?\x9bb\x0dY,\xa6\x1d\xa8\xc8\x13\
\x8b&\xe2\xeb\xb6\x15\x1c\x84\x82Z\xa6\xc2\xb0r.&\
!\x85Y\xbd\xc6jR\xf4D\x91p\x8bS\xea\xad\x5c\
\xfc*BB\xeb0\x96\x7f\x06\xc5\x06\x5c\x0dZ\xc4\xac\
\x11!\x0b\xc0)<\xce\x10\xa8\xefv\x00\xfb@6`\
\xff\xc0-\x9e\xff\xdc{\xf1$\x1f\xa3\xe3\xc0\x93~\xc6\
\xe3\xcb\x81~\x19\xc8\xf3Q9\xff.\xd4CY\xdd\x90\
]\xdd\xb3z\x9f\x8f\xe1\x00A\x0d_\xa6\x5c\x05\xd6\x00\
\xdaK\x9a}T\x9dv\xf9\xe6Y\x17@` \xbdH\
s\x9e3&\xc0\xc81\xd8\xc0D\xb9\xff\xd5&\xd6\xc0\
@\x80\xcbsH\xd6oq\xb5x\xddyL\x94[\x9c\
I\xdf'\xa4\xa0\x22Q\x11\xf7C.\x18W\xc3\x7fp\
\x06\xfe\xa7\xaf\xfd\x19\xfe\xe9\xf7\xfd0\xb6<\xa9\xfe~\
C\xe2\x80s\x92\xd3\x9bX0\xd65\xee[8\x5c'\
U!\xb9\xa3\xa9\x0a\xe0\x90\xfa4\xca\xdb\x1a\xd7\x88\xab\
\xe1eXis\x5c]\x8e\xb3G\xa8\xee\x84\x80\x0bP\
@ \xd2\xc5}\x1c0\xed\x85\x19\xba\x02\x1d\xd1\x0eT\
\xe4\xef;6\x9c\xd0\xe2\x84\xc4\x8d\x94\xef\xa7\x11\xf1\x1e\
\x9c\xf3\x0d\x00\x81\x0e\x06H\xb9\xf0\x8f\xa5\x99#\xb4\x1d\
\xf9o\xbfz\x8bP\x93\xe0d\xf0\x1f\xe8\x9b\xb7\xf0v\
\x00\xe1% \xe5L\x17\x05-\x7f\x95O\xd6u\x5c|\
\x92\xd9\x0eJ{,\x01\x88\x02\x19-\x02\xe7\xccb\xd3\
*\xd4$Q\xd6\x8dK\xe6\xb2\x14\xb2\xd6\x87\xe8\x7f\x03\
u\x80\xef\xe1\x80s\x801a\xa7\x17\x1a\xee},\xf1\
\xc6\xaf\x82\xfe\xf4\x13\x01IO\xae\x9b\x9e)w\x8b\xe6\
\xcc\x0cI\x92\xca\x1f\xc9`@\x04f\xca\xa0dE\x97\
\xf5\xe1\xa0\xa9\xb4\x12\x13\x88K\xe8\xfa@\xd5\x0f\x08D\
\x15\x8a\x12^Q\xc7A\x8f\xb3F\xa7i\x8doR=\
[\xa05\x09\xf7\x0dH\x95\xf9\xddN\xa4\xff\xdb\x1e\xc0\
\x96\xd8\xef\x02\xbf\xf2\x1b\x1d\xdf\xf8\xce\x81;7\x17\xf4\
\xc1H\x8eT9\xecQe\x9a\xa8\xdc\xcb\xea\xac =\
+\x09\xaf\x17)\x02\xc3\xc9\xb0\xd4^T\xc9\xe8p\xed\
|\x0a\x18\xc9_k\x81\xe0\xec\xb0\xb0\x9e>\xdfP\xfb\
\xb0\xe8|\x80r+\xb6\x19i?\x16A\xed\xf9\xa9\x06\
-f\x08\x94\xa2\x5c\x02\xa3\x0b\x7f\x04\xf7c\x17\x03a\
\xa1o\x10\xb0\x05z\xdfpys\xe0\xf4\xf2K\x88\xf7\
|\x1c\xf9\x95o!\xf6\x1b\xca\xd6<\xe65\xc3\x90Z\
\x80%\xda|\xffLNpX\xd1N\x80G\xf9\xe75\
\x9a\xb5\xc6\xbd\x11y\x9d^\xca\xdb`oF\xdfc\xaa\
\x19o!\xebB\x9f\x91\x02 \xf5~\xfa=\xe7^K\
K%\xc7}a\x1e\xc6%\xe7\xab\xd9\x10\x8ei\xed_\
\x19\x0a\xd2\x87\xa5O\x16\xa6y\xbe\xf9\x15\x0ah\xeb\x17\
+2\xe0\xdfR\x02\xc6\x14+J(\x17AL\xfa\xdc\
/\x9eV\xca\xbe(Qy\x09m,V\xa6\xb5\xc7\xf2\
p<\xd2\xc1\x84\xcb\xd3\x07\x07\xcc\xc7@\x9b2\xa4\xfc\
\xa3.1Qm\xfds\x150\x0b&\x9f{u\xfd,\
e\x8f\xa5I\x08\x14]\x9c[\x02\xa7\xc08%^\xfc\
\x89\xf7\xe1\xe6\xfe]\x5c\xfa\x13\x5c\xd0\xf1\xe48\xd0\xcf\
\x07\x9d\x92\xc7\xa8\x16\xbdQ\x05|\x98\xd2\x03\xb9\x02b\
$\xfb\x01(\xf2\xdf\xc7\xa6\xd3\x01\xf5\x90!\xdf\xb7_\
n\x8c(\x9a\xff\x1a4d\xb9k\x86%|B\x857\
L\xf5sA\xb6\x8a\xcb\x09\xcb\x11D\x8f\xca0\xe0\xb3\
\x05Kw\x1f\xe9\xa0d\x06\x0e:\x02\xcc\xd7\xa8\x7f\xa1\
*\x85\x12\xb0\xd2\xdd\x99P\x10p\xa2\xf7\xc0\x91\x0d\xc8\
\x0d\x7f\xfe\xfaw\xf0\xeb\xaf~\x15\xf7\xb6\xbb\x18\xc9 \
\x1ev\xe2[\x82r\xa0\x008#\xe80\x05o\xd7\x01\
\xa3\xf9I\xcf3]\x8b\x9d\xff\xd4j8ci\xdf\xbb\
\xe1\x88 5\xed`\xbd\x08\xd1\xe5r\x1dd\x9b\xed\x87\
\xd1\x18\x00\xe8k\xa1\xa1\xe7\xc6nt\xfa}\xf8\x9f\x9f\
)\xe5\x02\x88\x0d#w\x0c\xdc\x02\xb8A\xc3\x8b\xb8\x89\
\x9f\xc2\x81\x03\x97THW0\x10\xf1\xd0\x9epM\x02\
\xbb\x02.Ie\x16r\x7f\x9c9\xc4\xd8\xc1\xa6(G\
\xda\xb7\xcfJ\x86\x90\xb2\xb8\xc0\xb1\x0c\xa4\xb8\x03\xad|\
\xdb\x1e\x97K\xaa\x08\x92\x96\xc0\x0c<\x8c\xaa\xe9\xc0\xda\
\x09\x1cSO\xb7\xab\xdb\xb1\x90\x92\x98\x85\x90\x9b \x80\
lQ.\x85c\xd9S\xae\x9a\xc8-\x91l\xc6\x14\xdc\
*\xcf\x7f\xba!\x9e\xd5Rl\x89t\x9d\x0dG\xcc\xbb\
\x8a\x9fh\xfb\xa1\xc2?\xa3Ae\xb8\xa1\xaa\x80\xf4\xbb\
\x0f\x15\xf4A\xe3~=\xb4\x5c\x1d\xa4\x97\x9b\x94:=\
H\x0a8\xa4|pt\x7f\x06\x14\xed\xcf\x82@N\xe3\
s\xf0_\x91=\x8d\xae\x81\xb6\xc3\xeei`\x03\xb6\x13\
\x95?\xf6\xf9\xdd\xed]\xe0\xcf\xbe6\xf0{\x7fx\xc1\
\xcd\xcd\xa1\xc2O\x09\xd7f\x9c*cQ\xf1.\xd7\x9b\
\x05c\xf8\xbb\xe9t[\x90U\x07 \xa7\x81\x04\xbb\xfd\
\x86\xf4Y\xca\x08OQ\xf5k\x84\xff\xb5pg\x0b\xf1\
V\x94\xf4T\xb4\x98\xeeEE\xf9\x17C\xe1\xb4\xc4\xe1\
w\x91~\x80\xd9\xcf,c\xa7\x8e\xbfz\xb71\xaf\xa9\
\x055T%0\x13\xb8\xf3\xb1O\x02x\x01*\xa4P\
2\xc2\x95\xfc\xaec\x12\xa4HK\x98\xfb\xf9\xa3d^\
i\x8a\x5c\xcey\xea]'\xa0\x9a\xd7_\xad\xeb\x84\xdc\
v\xf0\xbd\xa6R\x9f\x95\x08\xfd\x18\x04R\xa5\x90\xe5\xf6\
\xb4{b\x8d\x0e\x80GP\xca\xbf\x94\xbe\x1e<|}\
OH\x05\xe5\xeb\x19J'^_\xf3\xea\xe2\xfa\xd9\x9f\
V\xfaW\x07]\xf9\xffu\x03\xd3\xc2\xa26f \x9f\
\xad\xc6Q\x0f\x81\x10\xdd\x06\x14\xad]HTo\x98C\
\x9b\x1d\xb2de\xd1\xcf\xda\xc7\x89\xdcV\xfaH\xd7\x08\
\x14\x0d\xf34\x80Y\xe7\xc4\x85N\x1c8XQ\xbcz\
\xaf\xb8:\x13\xd7\xc7\x81\xe9<\x16&\xd8\x81\x8c\x81\xfd\
\xe5\x1b\xbc\xf8\xb9\x0f\xe0\x09\xce\xe8\xe88\x8f\x03\x97K\
\x97\xb2T\xde\xab\x16\xbd)u\xfa\xd4\xac\x0d\xe5\xfbJ\
\xf9\xe2\xecS\xcf\xac\xea\xc4i?\x7f\x8aa\x19\x03\xa6\
\xcd\xfc]\xc8W\xed\xc6@\xa4\xf0\x07\x94\xa4\xcc\xcd\xe5\
\xe2@L\xe2\xe6\x82\x1f@lQsC\xa6Ns\xd6\
1\x9f\xb7F[\xd4\xb3\xe3\x0f@\x81\xca\xce\x85\x0d\x15\
\x19\x97\x0e6\x82r\x84\x05&\xda\x12d\xa7w\xddp\
\xc2\xbf\xfd\xc6\x97\xf0\xbe\xfb\xef\xc0{\xee\xdf\xc7\x1b\xe3\
I\x19&^o\x99!\xeb\x08*\xb63\x0a\xe8\xb5\x04\
\xbaB\xf1\x80\x81\x88M\x14>\x14\xc4\x96\xa2\xf1I\x9e\
\x9db\x96\xb3\xddlI\x22\xd1\xd2u\xf4\x01\x06\x11\xb6\
r-Du\xf2\x0b\x8b\x1b\x0em\x06\xc1\x07\xec\xe4\xdd\
\x10\xd8\x05\x1c60\xafmC\xc3\x0d2\x1a\xf6\xfc\x14\
Z|\x00\x07\x1e\x11\x80H\xf0\x0d\xbd0\x87d\x88\xae\
\xe5\xb3\xf0\xd9\x0a\x0a\x03\x01\x9c\x148H\xe0\x80\x92\xb3\
\x89Fe\x0d:\xda\xb6\x12\x8c\xb4\x94\xa9\xacEa\x9b\
\x99\x1b\x1c\xe7=\xd8\x18\xe8\xc8\x81\xcd`A\x02)<\
\x17\xb2V\x9ca\xb0\x07\xe1\x9a+\xc6f\xc3,\x8cT\
\x80\x94@\xc3\xf5\x06V\x06\x82.\x8bD?\x80\x9bw\
\x05\x9e\xf9>\xe0\x1b\xbf\x09\xba\x936?\xa3=\xcf\x16\
\xc4\x02\x1c\xeeu\xa1`\xc3\xd8\xf4\x94b\xbf\x12@k\
t# \x81\xa6\x80\xc5\xc3\xcf\xa6=\xde\x22q\x1er\
e\x04AsG\xa0\xed\x92Yr)E\xa4\xaaeO\
\x83\x036>v\xc9\xf5\x96h\xca4j\x0d\xd8\x15\xf9\
\xdf\x14\xf5\x7f\xba\x01\xdex\x92\xf8\xb7\xbfva<\x11\
\x1c\xec\xa7n\x98\x99\xd3\xd0\xc9)\xbfhD\x0fX(\
\xa4\xbe\xb4a\x06\x8c)\x03#P\x05\x83|rX\xb4\
\x05\xca\x1a\x14K[L#G\x0cNE&Cr\xd1\
8mK\xfaZ]L\xff\xdd\xc0je `#\xf5\
\xa3\xff\xf6yNO=\xbf\x95\xad\xf6O\x99\xcb\xa1\x85\
4\x00\x5c8\xa0\xa39\x85\x07\xa3\x07\xfa\xc3\x81\xfd\xbd\
\xef\x04\xde\xf5Q\xe4\xb7_Gl\xae!- $\xcb\
8\xc0{\xa5\x02 \xb9Usyv\xb1|\x164e\
\x8d\xc3\xaamj\xde\xf4\x04\xd8\xd7/\xb9\x97\xf3\xb1s\
\xd9\x83\xfe\xb24I\x02\xd5\x83F2#<\xd6\x8e\xe6\
\x06\xea\xd9\xd6:7e\xefy\xeet\xc1U\xcf\xf1]\
\x8dR\xe6\x09\x8e\x17(\x03\xfcm\xdc\x00\xfe1<z\
\xdb\x9f\xb7\x03\x0f\xa6\xd1\x1c\xe4\xb7\x1eR\xe4\x1b\xa5=\
\xec\x8b\xbe:\xa8,\xfa\xa9\xc0\x1d\xcdO\xa5\x91\xf5\xce\
\xa6b\x8c\x82V\x85\x94H\xb8\xbd\xbd\x11\xd22\xf4\xf3\
\x1aBp\xf5\x0c\x81\xf2G\x9b\x8fd\xdaS\x9b\x0c\x81\
\x1bu\x08\x84dc*R\xee\xc1@ \x00/|\xee\
e\x9c\x9e\xbb\x8fs\xbf0\xf2\xffr0\xe5\xef\xe8\xb4\
\xa2\x91\xe5\xff'\xb0\x81R\xf3\x1c$\x93\xc8\xa1r\xc0\
\xb2\xd6g0_2\xff\xbfw\xa1\xedI\xefS**\
\x08Ki|\xbcvL\xc6!!\x9b9\xe6*\xf0&\
\xd6\xf9\xc8\xf5\x9e\xfe<\xafK\x7f\x97\xdb\x22\xc0\x9a\xe3\
9c\x8b\xc8\xab\x03=t\x0d\xa8\x1e\x00\x19\x8a\xde\xa3\
z\x05\xe4\xa0I\xe5D\x88\x1c\x81q\x04\xf2\xd8\xf0\xf0\
I\xc7\x7f\xfb\xe5?\xc0\xe3\xe3\xc0\x09\x1bR\xc9\xd7\xa4\
\xff7)\xc4\x0d\x11\x9b\xfc\xb9N\xab\xdb*\x1d\x8fV\
\xec\x0c\xceC\xba\xdb\x9f|\xf6\xb1\xb1\x0d\xb0\xac\xdf\x91\
Q\x96\xea@\x03K\x0c\x83\x96~4\xb9\x00\x1a\x06v\
\x0c\xa5 VYb4tl8bS\x9a`\xc3\xc5\
A\x81\xfa\xae\xe7\xce\xff\xba\x01P\xde\xc5M\xfc\x88\xd2\
\x09Y\xac\x88%n\xb3*\xd6\xd1\x19\xb4im\xab\xb7\
\x02\x9cr\xa8juIz\xff!\x12\xe7\x04F\x0b<\
\x09\xd45\xcfi\xb6\xa4\xb1\xe6\x01\xc8\xb6\x9c\x83\xe0N\
ad\x88h\xd5-\x91\x05w\x18wp\x1e\x89\xb3\x5c\
E\xce<\xed\x00\xc6\xd6\xaa.\xc0\x05\x01D+\x0bz\
\x04\x9b\xb9\xb8\xe8\x13\xdf\xc5%lrY~$\xb6;\
\xfc\xbe\xa1R\xced)^\xfcd \xefd5M\xec\
[\xa0o@?\x01c\xe7\xbf\xc3\x9f\xef@\xdf\x1b.\
\x8d1\x01\xc7\xc6\xae\x7f\xa31\xa006Tm\x80c\
cf\xca\xd8\xc0\x22C;\xd07\x16\x1c:\x07\x7f\xaf\
F\x8d\xc4l\xcc\xe1W\x1d\x80\xaek\x8e\x06\x1a!*\
\x05\x9e[\x96\x11\xaa\xe5\xc8\xea}\xea\xf0\x8c\x93\x9a\xfe\
\x9c\x02q\x02\xda\x9d\xc0\xaf\xfcZ\xc7\xebo$\xb6\x9d\
J\x7fh\xfcm%\x92\x1d\xb5\xa7\xb7#\xf3\x22\xf9\xe8\
\xf2\xbfRvyQ\x90XNE\xe2\x12\xbd\x96\x81\x8b\
\x9b\x8c\xe0X\xb2OV\xbacl\xaaVk\xd5\x1a\xf0\
%\xdc\x04\xca\x81\xc1%ly\xcd6\xff\xf6\xfd\xaf\x0b\
\x13\x81L\x80\x19\x88\xd1\xe9\xf3\xc91\x8f7{\x90\x07\
\xaa\x87A\x0e`\x9c\x11y\xa1\x9c\xba\x0c\xc6\x02<\xe1\
\xdc\xef\x9f\xf84\x80\xfbp$\xf6t\xbbQ\x95\xd9\xc5\
\xe7\xba\xef\x8eY\xa2\x14kV\xb5\x8b\xfe\xe2\xf8\xa3\xf4\
\xc4\xaa\xd9\xad0\xfck\x5c\x7f\xb6\xaa\xb6\x04\xa6\x0b-\
4\xa6R\xe42 \x8a\xb1\xae\xbbc\x02\x86\xfa\x8a\xcf\
l\xe3Y\x90C\xb7\x9e\xcfB6=j\xf8g\x5c\x81\
\x1fG:\x06f\xe7\xa7\x9a\xbf\xd6\xd9\xdf\xa3\x12`>\
\xf5\xf7\xf5\x01Y\xe0\x89\xcf}}\xb6\x91d\x81\xdaE\
\x17\xf9a\x0bh\x09\x1dM\x90\xb6LB\x5c\x7fu\x85\
\x82\xec\x83i\xbe\xea\x5c\xfc\x1e\x84\xa2_tM\xa3l\
\xe1\xba\x02\xa9^\xda\xee\x0ahZ\xc6\xc1\x7f\xd8\xc1B\
%\x0d\x88\x17\x1b\x9e\xfb\x91\xf7\xe1\x92\x97\xd9\xf0\xe7\xdc\
1\x0eF\xb8\xe6H\xba\x00d\xe1s\xee\x1a\xe9\x7f(\
\x99\xab\x05\xd4]\x07\xe5#K)`q\xaa\xd7\x9d\x02\
C\xf4\xbb~\xd7\xea\xa2\xc2\x9c1\x06P\xfc\x84a*\
\xdd\x04c\x99\x00\x8ddr\xff\xd1*\xcfi\xc0{!\
\x87\xd0\xab\x00Lz\x91\x85\x83aZ-<\xc7w\xc4\
\xb6,\xc8\x04\xd0\xa5\x887\x19\x01&&:\x17p?\
\x12\xfb~\xc2\xd7\xdf|\x13\xbf\xf4\xd5?\xc5\xdf\xfb\xe0\
\xc7p\x1e\x9dO\x13;&\xfaNObYM^\x05\
\x85\xe6#\xcb\xd2\xcf\x18\xac\x00(e\xe4s\x1bw#\
\xad\xdd\xb0\x97\x87\x8aq\x83S\xfaXdgS%B\
/\xd2\x04c\x04.\xc9\x0d\xbe\xa9mq\xcb\x8d\x15\x04\
c\xc3\x8e\x1dH\xfa\xfc\xb9Xn\x91\x01\xb4|?\x22\
>\x8as\x9e\x19\xd8\xa6\xc0(\x111\xf2/\xcb\xc2F\
\x94\x12\x08\xed\xab\x91\xc0%\xd2\x98\x14\xbb\x94\xfb9\xb9\
\x86;\x82\x91\x08V\xa8r\x0d\xb8\xb4\xef&\xeb\xe8\x9c\
ca\xe1l\x9d\xa0\x94}\x13E_\x95\xc6\x22\x15\xbb\
\xe0N\x89Q\x15\x12\x87|\xf0\xcc\xe0\xd4~\xce\xc1\xef\
\x9bb\x04\xeaZ\xdc\xb5^\xf7c\xcc\xf6\xce\x0d\xac\x11\
q\xef\xfd\x81{\xef\x0f\xfc\xf5\x9f\x03\xb8\x89\x92\xa7\xb4\
\x95C\x9d\x03U\xe4i\xd05\xd1AwS\x17{\xd3\
\xc5\xa0\x11@\x85\x98\x08\xc7D\xa0\xba\x0b\xf6!W\x8b\
\xd4#\x0dP\x01\xd4H1aY\x85\x8bXi40\
;\x86\xa6\x8c\x15\xc9\x83f\x17B*\xd8/\xf8_\xb9\
\x08\xee>\x17\xf8\xcd\xdf\x1d\xf8\xd3/\x0e\xdc\xdcMV\
[\x8c\xa4R\xc7\xa8\xbd\xcf\x18\x07\xb9\x04e\xc9G\xed\
\xb7D)\xd7\xe0\xa8\x94\x22\xc5\xf0`\xa3\x5c\xa9\x19S\
\xde\xda\x0a\x1dcQ\x1c\x16\xc0\x92\x83c\x80\xd9\x22\xed\
\xdaX\xb2<\xb6e\x1ft+d?\xa0f\x0b\xc0\xa2\
\x5c,\x17\xb8X\x1d\x18(_\x0bB\xd79a\xd2\xf5\
\xbe\xd1T\xaat\x03\x1c\xf4\xf5\x8c\x1b\xe0\x92\xe8{\xa0\
=\x1c\xd8>\xf8\x1e\x1c\xbf\xff~\xe4k\x7f\x00\xb4\x0d\
16\xae\x04kQ\x81`\x0a\x19L\xe5\xe8 \xf25\
\x16\xa0\x22\xcc%\x17<|\xb9<V6\x8do.\x0a\
>KV\x96^\xce\xd0\xfc,z\xd3\xdfg\xddBC\
\x9eu\xdc\xc4\x1a\x93\xe67\xc1T\x1b\xd5\x0c\xba~%\
\xb1'\x83x\xb9n\xc9\xe1:\xda\xef\xb1-\xe0\xe5\xad\
?\x05\x00\xd6\xf7\xc6\xd5\xefzD/\x98\x9c\x8at\xa2\
\x96k%\x0d\x18\xe7\xe0\xea\xd8j\x0f\x1c\x0b\xa6\xf4\xe8\
\xacO\xa0\x09*\x0b^\xc79\x8e\xc0\xc0\xad\x14U\xd1\
s:\xbe\xd5p\xce\x0d\x0b\x9d\xbf\x1e\xeb\x7f\x8d~\xcf\
Y\x8f=\xe1\x9e\xde\x95\xfaw\x13\x18\xe8x\xee\xb3/\
\xe3\xf6\x9d/\xe0\xf1\xf1\x98\x0d\x7f\x8e\x8e\xde\x99\xf6W\
\xe5\xef2\x8b\x9d\xb1\x12\x8e\xb6\xc9\xe2'\xfa\x0d\x09\xde\
\xd9\xe4\xc7\xb1\x01\xc0Z\x16\x98\x94}:\x97\x0a\xb5h\
\xedS\xb3\x5c\xf0\x0a\x91@\x8e\xabM\x81\x99\x06(\xaa\
)\x10\x02\x22R8r\x03p\xdd9\xc8%\xe6=}\
9-\xc2\x9a\x8b\x85e(\x06\x10sliU\xf3\x81\
\xda\xa0\x92\x0aem\x5c0\xb0\x9fN\xf8\x9dW\xbf\x89\
W\xee=\x87O\xbd\xeb\xbdx\xb3\x9f\xa5\x1aL#\xa6\
\xf6@P\xf0\xd5\xa6\xd8\x80\xe8\x08\xb0\x0e\xc0\xb0\xa5\x93\
\x80\xe2\xfe\x09\xb7LM\xeb\x05\xa6\xb2M\xb2\xcd\x22\xc1\
8\x5c\xa4\xe0#\x1cK\x10\xc8d\x84\xfcH*@\x1e\
1\x8b\x11\x0d\xb0\x80\xd1\x08e\x03\x04\xbb\xff\x8d`\xf1\
\xa0=>\x8d\x8e[t0Sd\x8e\xe6\xccl\x19@\
EZ\xafGx\xd3qZ\x09\xbc\xec\xbd\xbdd\xe2&\
\xd8\xee\xf7B\x15\xc5\x80K\x8d\xc1P\xb0\xd2\xc8\x09\x97\
2\xd8\x13!\x93\x94}\xc4L\x9a\xea\x91dz\x92c\
\xd3\xa4\x08\xbb\x03\xcd\x82\x85\x9d\xbc\x8ev\xf6\x18\xa6+\
 \xec^\x80\xbe\x83\x5c\xcf\xa1\xba\x06\xd3\xd9f\x00\x11\
\xda\xa7@ o\x80\x97>\x05\xfc\xd5W\xbc\xfd\x5c\xcc\
h\xba\x15z0>\xa0C\xca\xb9\xab\xc0\xd0HV\xa4\
l\x04Pt\x05@Y\x15P\xa3I\xa3\xdb),\xed\
C\xed\xc9\x1a\x12Y~S\x01\x22\x81\x99a\xdfy`\
2\x96\xae\x00\x08T\xf5A\xd6\xa7I\xfew'\xcbt\
\xe7>\xf0\xd5\xaf'~\xe3\xd7\x0f\xecw\x86\xaa\xfdY\
\xdc[\xe8;\xd5\x0ep\xe4\x7f\xc9\xd5\xb54'\xa6\xcf\
\xbc\xe4\x96-\xea\xd2^VDc}\xd3Z\xfd\xcb\x89\
(\xcb7e\x02\xa4\xe4A0\xc6\x80[N\x0as\xf9\
\xc9\xd6\xe6\xf5r\xee,7\xec*\x9f\xbb\xa8\xfd\x10\xd8\
\xa9R\xc2\xc3`B{\xd8Zw\x0c\xb8\xb5/A\xd1\
!\xea\xa7a\x1c\xc0\xf18\x11\xf77l\x1f\xfd\x18\xfa\
\xaf\xff\x09\xb0\xbb\x86\x08A\xc8\x84t~\xf5\xc5O^\
\x16x,\xd8\x87\x01~\x1c\xeax\xea\xb3\xd2^r\x17\
\xc8\xbd]\xea;\xae\xf4\xd9\xb2\xbc\xe6\xde\xb5\xce\xa9G\
\xba\xd6\x90u\xce\x8a$\xea\xd8\x5c\xa6\xc9rBkO\
\xd3<I]?\x91L\x980\x83\xe0,\x8b\x05`\xbd\
\xcd\xcf\xf7(\x04t\xe5\xf9G\x05\xcba*\xfbR,\
\xab\xd0\xf7\xdb-\x0a\xddt\x94\x83\x1e\xa87$\x06c\
9\xd2\xfe\xd1e\x98\xdd\x13 \xc2C#\x14\x0a\xfb\xea\
\x9fzn\x03\x8e\x16\xf5;|_\xcc\xa9\xf5\xc6Y\x99\
\x9dl\xda\xec\x9b6\x82\xab\x84m\xdc\xdc\xed\xb9\xc0;\
\x7f\xfcCH$\xfa8p\xce\x81sg\x9d\xff<\xa8\
\xdcCtV\xf9\xfe\xbdi3Q\x15\xb3*\xff\x15\x93\
\x92\xcf\x98JZh3\xe5\x97+E\xa8\xf1^<\x09\
\x02\xe8Y\x7f#\xb2*\xc2y\x1dY>\x5c\xc9\x8c\x00\
c\x07\x80\xb9)B\x80\xc3\xfeC)\x9f\xab\xf5\x99S\
\xac\x00\x1c\xab\x00]\x04\xa1qN\xc0nE\x0e\xed\x16\
\xa4\xfeu\xde\xe5\xe0\x86\x90\xbaE\xec\x1b\xfe\xfb\xaf\xfc\
9^\xba\xfb<\xde\xfd\xcc\xf3x\xd0\x1fk\xd5(7\
9\x03L\x9b\x8a\x9a\xcb\xc4(_?Q\xb97i\xc3\
\x91Q\xfd\x01,\xa2\xca\xff\x96&\x06\xf9\xc9\xaewd\
\xd4zCs !\x02\xbb\x02\xa1\x86\xfe\xeb =\xc4\
\x86\x16,\x07\x1c\xd8\x91\xb1\xd1]\xe0J\x86p\xab\xb8\
\x97p\x1b\x9fD\xa2\xe3\x08*\xea]\x8b\xad\x0b;\xc5\
\xa2\xe8\xfc\xc60p\x84\x0b\xb9J\xd1\xca\xc3\xef%r\
\xd6|\x05h\xa5s\xf9+hO\x1b\xc3\xae\x06\xe8\xde\
\x9b\xe2F\xce\x83\xe3v\x0a\x0bf\xc6?\xd4\xfe\x81\x15\
\xe4P/\x04+I\x08Xx\x17\xa5\xf61\xad\xfbU\
\x06S\x87r\xf7w}\xd8\xc4\xd6p=\xf1\xbd/\x07\
\xf0\xfcG\x02\xfb\x8b\x03\xc7kAZ=!`'\x5c\
\x0dQ\xf2\x00\x0b\xc8mP\xaa_\xd6\xfb2E\xd0\xd6\
t[T\xe1l\xe7kF\xb1\xd7\x93k\x8d\xe4\x22\xa2\
#\xca\xef\xbf5\xca\x85T\x8a\xe0\x00s\xfd\xab?\xc9\
\xce\x0c\x80m\x93\x22\x91N\xdao\x12\x8f\xce\x81_\xfe\
\xa5\x81>\x80\xb6\xb3w\x05Y\x0aU\xec\xab,\x17@\
Q\x0aF@\xb5Q\xc35\x01\x16& \x96\xefi\xdd\
\x0bD\x84\xd7\xf7|7\xbb\x10l\xa8at\x16t\x92\
e\xefZ\x13\xd3O\xa0\xef\xcaO\xbdh\xb7\xea\x0d#\
\x8b\xbe\xfe6@\xd1%\xb0\xe9\x99T\xc1RB\xbf\xd8\
N\xf7\x01q\xca`\x0c\xc01d\x91`\xb7\xc0\x06\xb4\
N\xf7\xac<\x08\xdb\xa3D\xfb\xc0\x07\xd1\x7f\xffE\xd6\
\x0b\xae\xfb\x1bx\x0c\xc5EM\x85\xed\xcf\xe7q\x8c\x17\
J\x98\x09\xb8N\xb13-]\xe0\xac\xde\x0f\x98\x0an\
\x1e;c\xd5\xf4\x8e\x81y~\xb6\xba\x061\xcf:3\
u\x111\x04\xd7\xfa\x95\xba/\xe7\xd8#0\xcd\x03\xc7\
\x06\xcd3V5X\x8cH\xe9\xe1y\xed\xa7\xef\xbe\xd7\
\x89E7]?\x1cl\xc1\xe5D&\x15\xc0\xb1\xb6A\
4\xa0D\xe2*\xedD\x82\xc3\x83`en\x81\x975\
\xa6\xb6:\xd7k\xa1\xd0h\xbd\xa2\xac\xf4R\xdc\xc9\xcd\
i\xa9Yi\x85\xf5Z\x1c\x08n|}\xef\x05\xae\xdf\
\xb9\x0ef\xe3!\xb7\x01\xae\xe0\x8f\x06\x8c>\xf0\xec\xc7\
\xdf\x81g\xde\xf7N<\xec\x8f\xd1\xdb\xc0\xe5|\xe0r\
>\xd0\x9f0\xed/\xec\x87\x97\xb6\xccC\xe5\x8f\xbb\xad\
~\xd1\xf5j\xb8\x83\x01\x84,{\x82\x87@\x0eZ\x00\
.\xdb[q:\x96f\x88\x09\xba\x05\x22\xc2J;A\
+n\x8cR\xe6\x99\x09\x17\xf6q-\x86\xd4\xe6+k\
\xde\x08\xd7\xe6\xa3)1MD\x914\x01\xaam\x83\x90\
\xad1\xc80\xc8\xaexO]\xad\xb9P\xfc\x80\x82\xf0\
\x22H\xbd\x8f!K;\x02\xfbhxpt\xfc\xab/\
\xff\x11\xfe\xd9\x0f\xfc(N\xed\x06\x8f\xd9\xd9^\xc1q\
\x02\x1d\xb6\x88\x11@\x0c\xd1\xd4\xb3CXbT\xbf\x89\
j\x85\x9b\x83M\xdb\x96\xc7r\xf0\xe3\xd6\xe8\xb7\xde\x02\
\x88\xd8\xaa`\xcd\x96\x0d{\xb0\xd8P\x22T^\x84\x96\
\x0d\xe9\xf5\x1d\x88\xc0\xa6\xc2?l7|\xc2\x88\x13.\
\xb9a\x0f\x06\x0f\x9e\xf2\xa3hx\x17.x\xc2V\xc3\
\x098y\xa9:\xfc\xe9yd0\x81M\x86h\xe1;\
\xec\xc3\xfe\xbe.\x01c\xb7\x85\xc1\xe1\xa8\xeff\xc1 \
\x04\xb0\xa9S\x96Kw3K\x82\xcc\x08]\x07\xa4\xd3\
w\xc5Rt\x05\x9d\xb6\xd8X^7S9\xc8\x0c\xe8\
C\xd2\xa29\x89\xde\x1aIQ[\xd5\x06\xc3\xbe\x7f5\
P\x1a\xced\x98\x96\xd0\x06\x05\xcc%`\xca(\x8f\xc0\
\x9d\xe7\x03\xcf}\x04x\xe3\xb7\x18s\xe3\x80E7\xff\
\x81\xdd\xc6;\xc1\xde1\x86\x1a\xfa8\xad1X@'\
\x01\x96\x8fN\x1cb\xb5L\xe3\xbb)Y\x07]\x18^\
\xf2\x09\xbe\xf3\x00S\xb1\xa8\x13\xd3\x8b\x15UB\x5c2\
b\x16\x0a\x8b\xaa\xf2GQ\x19,\x1d~J\xc4M\xc3\
/\xfdw\x03\x7f\xfdzb\xbf9\xd0\xfb!\xfd\xb3\xe6\
\xf8\xdb\x0d@0\x10B\xe8\xcc\xf7\x07\xa6\xbbK\xa0,\
\x18\xdbRn\x81h\xcc\x08P-\x96\x02\xed\x16\x16\xb6\
l\xc3]7\x13\xb1\xedp@\xe0U5\xd5R\xde\x0c\
FE\x00U\x0dt\x0ao)m\x81\xc6\xd0\xefZ\x87\
%[\xa0\xbf\xed~(w\x9e\xfd\xf0l(d\xc0\x82\
\x01D\xeb\x14\x1e\xc3\xc2\x7f\x00\xe3@\x8e\x0d\xb80\xfe\
b<\xea\xc8\x17\x9eA\xbc\xfb\xfb\x91_\xfeK\x10u\
\x9d\x04\x88R\xe35<\x19\xda<f\x12\xa5\xfc\xc1\xf4\
\xe2\xd0^\xe3yM;R\xf2U\xacK\x14{\x09\xef\
\xc2\xda\x8bik\x5c\xda\xa6\x8cU\xcd\xc0\xea\x037\xa3\
z\xa5\xa5K\xa3yf\xd6\xaf\xdfF\x17G\x0a\xec\x8b\
Q\xa9\x9f\x5c\xfe\x17\x05\x143!\xfd\xb1TA\xbc\xba\
;\x7f\xf6\xef\xe5\x1f\xf0\x05\xab\xaa\x9e\x07g\xb9\xb7\x11\
\xb5\x01BY\xf8\xfa\xddy\xfd\x10x\xa8\xf8\x00!\xcc\
*\xec\x22\xff]\xb8\xc3\x94\x11k\x18\x0d\xa1\x06\x14\x88\
\x0a4\xac\xc1\x94R_\xf1\x92\x077\xa4\xfc'\xf5\xa4\
\x01\x8f,\xda\x9f\xf7\xd6z\x0f\x82\x9bh`-\xf0\x00\
\xb0\x03/|\xe6}\x08\xd0\x9f\x7f`\xe08z\xb5\xf9\
e%=-6\xd3\xfa\xd46\xd2\x8a\x0d\x18]]6\
\x1b\x95\xf4\x18\x8cjN+s\x96\xacu\xd5\xc0\xaa\x89\
P\x0b\x0d%\xc4j_\x95\x96\xe0\x82di\xc8&\xd3\
\x87\xe3\xeb\xbd\x0a#G\xd1\xb3\x11@\x1e\xa0bm\xbc\
\x83\xe39<'VL\xd1Lu)z\xbde\xd5!\
\xe1\xe7C@\x025\xcf\xa6\x193\xa2\x8eM)\x7f\xa9\
\x05l\xd1\x10\x038\xb5\x1b|\xe5\xcdG\xf8\xd7_\xf9\
c\xfc\xa7\x1f\xfe\x0c\x9e\xc8\xfa\x9bI\xd8\xdc\xc0.\xf0\
1FC\xc8r\xa0\x9a\xe0\xf3;\x0a\x9d\x0b\xc1\x9ef\
\xd1\xe1`\x98\x5cm\x003-\x00\xaa\x12\x94\xd6\xb9K\
\x00\xbb\xfe\xbem\xdf\x0d\x0c\x14lj\xf1;\xa2aS\
\xbd\xff\xc8\x1d\x03'4\xdc\xa0\xe3\x16\xb7\xf1\x19\x8c\xd8\
\x98\xf6&\x7fb\x07#\xd0\x87\xac\x81\xe1=\x91\xeai\
\x1fT\xe0\x87\xe7A\xf3\xd4\x93\xcf\xc2\xdd\xd0\xd8:W\
\x8a\xefL\x09\x8aLf\x02\x04Z\xb9:\x199\x0f\xb9\
5\xf8&\xbb\xa6\x06`-\x81\xeb8\x04^\xc3Y&\
\x03\xa4\xf41\x9c\xaa\x98\xe8#q\x13f&\xa2\x94(\
\x01@\x14\xb0\xe1\xfcZQ\x11\xe4\x1e\x08\xb5\x1a\x98\x1d\
\x0f3I|\xbf\xf4}\x81/\xff{`t\x15\x912\
C\x0c\x15\x09\xd2rp\x80a\x82\xe9\x87]k\x9d\x99\
\x01l\x19\xec\xd4>\x8fq\x07\xc4nIDK\xf1%\
x\xdc\x91\x83%\xa7Se~\x95\x0b\xcfe\x1c\xa2\xfa\
CFg\xd2\x8aV\x0b[\x16\x92\xb4\x9cH\xdcy&\
\xf0\xef\xfe]\xe2/\xbe\x0c\xdc\xdc\x19\xb8\x8cd\x1f\x8b\
\xecp\xf5G\xf3P\xde&\xc8\x80\xb3\x5cJ1\xaa\x14\
\xb1}\xfaT\xa6\x12\x08\xda\xf3)PN\x91 \x06a\
$\xae\xfa\xdeg\x87\xd9\xce\xc4(\xabuU:\xd1\xa2\
\x0c\xbdZ\x08avm\xb1\xf4\x05n-3i\xe9\xab\
\x1c\xef\xe2\x9eX\xbd\xd1S9\x89q\x18\x09\xe0B\x10\
\xb0\xdf\xccs\xd31QYLj\x8c\x81\xec\x8d\x86\x0d\
S]\x10\x1f\xfa\x01\xe4\x97\x7f\x13\x81\xd7\x90\xb1\xa1Z\
\xc8G\xc0\xe9\xc2\xd6'\xb6\xe8mQ\xcf`@\xbf\xe8\
\x5c\x13\x1e\x0d\xbb\x04\xae\x8c\xd5\x9c\xef\xe1\x16\xf3\xf3\xc3\
k\xcb~\x81\x0a\x16\xa4\xf3\xd0\xd4\xd1\x1ej\xe3\x9dU\
K\xc7<o~\xb4<\xf5r\x8e3\xe7\xea(\xb9\x00\
\xa8g\xb3\x98\xe0\xb7\xfbI\x00\xfb[\xad\xfe\xe5\x80\xcc\
R\xb2F)\xb4\x06\xfd0\xb9\x8e\x01\x10\xd3\x13\xd3<\
\xaeV\xfc\x02wE\xbb\xbbX\x83,\x9d\x09C4\x19\
\xe1\x09]0R)\x14R\x8b\xa1{\xa6\xbf\xf3\xa0\xfb\
\xdc:\xc6\xf7D\x05\xf9\xf8:\xa5[\xa4\xf8]\x04\xc8\
\xf5\xbc\xdb)\x18X\xf6\xf2-\xee\x7f\xf8]x\x8c'\
8b\xe08\x06\x8esG^\x86\xda\xf6\x1aI\x8f\xb7\
\xccf\xe4\xa8\x96\xbf.\xe3k\xea>\x05\x12*\xb7\x7f\
\xa4\x14\x8c\x84\xc3\x10\x0b0\x842-\xc4\xba\xc0\x95Y\
\xc3\xc1s\xc3\x00D\xf7\x9e\x0c\x80\x16\xb4\xae\xc1\xeal\
K\xf0\xcb<\x83JP\x8c\x90\xb7FzRk\xce\xaf\
\x11,6Q\x89V\xf4~\xf6\x00\xb0\x87\x8c\x80(E\
\xc3G\x96\x9fY\xcfy\xe7\xe6\x06\xff\xfe\xaf^\xc5;\
\xef}\x11?\xf9\xf2\x87\xf0Z\x7f\x84\x88\x9dG.\xe5\
Q\x13)\x00hI\x85B\xf3~\xaf\xd9\xaf|\xaeS\
\x82\x19\x0a\xb5-Lc\xb7\xda\xa8\x19\xac\xffO\x5c\xd5\
\x96H\x82@\xcb@5\xe3\x09\xb6\xfee\xc6\x01S\x00\
;Nh\xb8\xc5\x1e\xf7\x10q\x83\x96/\xe36>\x8c\
\x0e\xfa*\xfb\x18\x15W\xe0\x026\xc3cY\xca\xd9\xcb\
?j\x9f\xf5\xe4\xdah\xa2S\xdd\x92\xf8\x9c)\x17\x85\
\xe6B\x00\xa2\xe7\xe2\xd7_DV&{\x05DD\xa5\
\x10\xd2\x95F\xe0\xb3i\xbf\xf4\x1c\xb2\xbe\x03\xa7\x06\x05\
cO\x00\xb5\xa9q\xd0\x11d\x0c:,\x0f\x14\xec\xd9\
\x14\x90\x87\xc4IAg\x01\xf9\xf0\xa5\x1f\xba\xdea\x8b\
T\x8b\xe6\xc0\xf9\x92x\xee=\x81;\xef\x18x\xed\xd5\
@?\xa5:\x1f\xaa4N\x80\x99&\x1d\x8a\x03`\x91\
\xa3\x94\x95\xef\x9e\x03\x040\x96C\xc5?\x94\x8c\xef\x92\
'K\x0c<F\xb1\x04Yx}\xd8\x00\x11\x1b\xd8T\
2\x981,\x81\xd8\x81m\xcfb\x01\xa0J\x80\xf7\x9e\
\x0f\xfc\xce\xef\x06~\xefw\x13\xb7w;\x0e\xef\x01\xb9\
'\xaa\xd0Xj%\x97\x16\xaeb\x1b\xf0\xa6\xe6\x92^\
\xf2\xf5K&\xfa\xef\x01\x16\xeb\xf1z\xd7\xfe\xdeVW\
\xab\x17\x95\x80\xb2\x80\x92\xf7\xf9t\xa1\x0e\x19?\x0a\xc0\
m\x5c\xfb\xf4\xdfk\x9d\xcau\xc0}\xb8\xa1\x88h\x0b\
]l\x04\xfe\x9d\xb2\x93\xb2\xa2$\x88\x96\xa2\x04\xb1\xfa\
J\x00\x10X\x91\x9e\xc9\x14\xeb\xbb\x81\xc1\x80N\x03\x01\
\xb07\xc4\xe3\x81\xf6\x9e\x971\x9e{/\xf2\xcd\xd7\x11\
\xb2\xda\x12\x9b\x80\xced\x22\xaa\x90R\xbd\xfb\xa2W#\
P\xbe\xfd\xc5GZJ\xdbz\xcf\xe0A\xaf\x18Ue\
\xd0\xf2\x07\xb5\x07=&S\x08\xaeL4P\xd2H\xec\
\x00\x81@j\x87\x8a\xa1]\x86\xaa\x98W\xfd\xd1\xda\xbc\
'\x0d\xeck)\xbc\x1e\xcb\xebK^\xa6W\xfa\xa2g\
\xf9\x08\xdf\xab\x14\xb0\x15\xbb\x91\xe1\x1c\xa4\xf5\xfb\x5c\x1f\
\xc2/\xa3E\x17\x88\xa2\x1fS\x03R\x0d\x0a\xf4\x90\xa5\
l\x00>\xb0(\xb8\x09\x1e\x84\xc2jdB/\x153\
e\xcfh\x0aa\xb7\x8e\x9e=\xaf\x95\x97\x91\x927R\
\x8c\x02\x01\xd1\x04PZpcq>\x19\x95\xdc\x12\xcf\
}\xe2e\x9c\xee\xdd\xc7\x83\xe35\xd6\xfc\xbf\x1c\x18\x97\
\xa1\xc2?Y\x8d{\xb2k\xb3\xe4\xf4\xd5\xb9\xf0\xcf,\
\x86\xe1\xa1\xach)*\xa0\xda\xd7\x5c\xa9L\xffK)\
w\xadN\xa5\xff!A\xf7B\xb69\x19F\xd7\xde\xd5\
K\xbcM\xd1|0p\x9d\xfeB\xaeY\xa3\xa1\xbc\xde\
(XVM\x91?DOs\xd1\x09`,>\x7f\x80\
\xcf\x1c\x11n3n0\x8e\x11\x816lm5\xb4&\
\x8b\xfb\x02\xecq\xc2/\x7f\xedKx\xe1\xf6\x1e\xbe\xff\
\xf9W\xf0F>\xd2\x03XH(B\x9a7\x82K\x06\
\xd3\xca\xcd\x8a!\x91G\x82g\xe9=\xdb\xf2.\xc4#\
\x89\xa0\xa4b\x09\xd9\x00\xba9\x82$;Q\xf7\x0e\x00\
\xd9\x10\xc1\xe2?-6\x16\xfc\x01\xd3\xfe6\xdc\x22\xe3\
\x16\x88;8\xb0\xe3>>\x86\xc0\x0bx\x92\x0f\xabn\
\xbd\xa7\x80\x9d\x96\xb3\xde\xa9\xd7n\xa1/=\xa1\xd4\xbf\
\xe1`<W\x01\xe4\x0b\xb8M\xf0\x11\x10H\xe3>\xb3\
R\xeb\x98V\x02,\xbc\xf4\xdf-\x0dy\xa2\xe4r\xa6\
\x5c\x0e#\xc1\xae\xb5\x04\x0f\xe7\xb1\x8c\xbc,\x09\x0b\x99\
1\xa8\x94[\x0a\xacl\xf6\xd5s\x8f\x0f\xa81S\xaa\
\x0a\xe3 \xf5\xcfA\xc8e\x89\xb2\x89Pf\xe0t\x1f\
x\xe1C\xc0\xb7\xbe=\x98=\xa2q`[eZ\xe6\
C\xc0)[\xa0w\x8e\xebh\x02}]\xdf7\x8b+\
*\x80\xc3\xd2e8S\xc41\x00\xa1\xb9G}n\xd9\
\xc0~\x06``_\xa3R\x1dA!\x1c*JT]\
\xfeNtS\xdc}\x06\xf8\xd3/\x02\xbf\xf6\xab\x89\xfd\
v\xe0\xa2.\x7fV\xce\x16i\xd3z\xbc\xc0\x82\x83\x9f\
)\xc4S\xf1.i _\xfaQ\x85\xc2\xea|1`\
K\xcc\x0e\xa7\xbaI\x19z\xcd4k6\xb84\xb0\xe5\
\xa9-c\xd3\xfe\x15\x00X4\xce\xa8\xcd\x1b\xd2H)\
\xb9\x95\xba\x97\xef\x9cXb\x0a\x90\xb4\xdaMD\xe4\xfc\
\x9d\x83\xb0\xb8\x19Z\x90}\xb12\xaf\xa8K0\xe0c\
\x1b\x88\xb1sN/\x03\xf9\xdc\x8e\xf8\xc0\xf7!\x7f\xef\
O\x90\xbb\x16_\xedv3PR\xfef_u\xdfk\
[\x1dS(\xe9\x0d\xca ^\x98q\xd3\xfeR\xb3 \
K\xe1\xaa\xa3Y\xf7\x8b\xab\xdf)c\xad\x03|\xed\xf0\
9\xcb\xed\xbd'<\xec6\xb0K\xb6\xd6\xc6\x931\xb9\
\xca\xdc\xf9\x22:?\xa7\xe1\x9e\xa8{/#\xaf\xf9\xe0\
\xef\xdf3\x08\xd0\xfe*\x80\x13\x14\xa3K\x88Ma\xe0\
MTH\xd0ig\xa1\xe1*\x94\x99(j+\x80B\
\xab\xf5\xd6+>Y\x91\x8d\xc6y\xb9\x97}Kd\xad\
E\xed\xe8\x9a\x1c\xdf(p\x81\x80\xa2\xce\x8dV\xb5\x19\
\x0b\x04\xa0\x22\xfe\x1d\xe1\x9b\x11\xec\xf8\xa7j^q\xb7\
\xe1\xf9O\xbe\x17\x07:z\x0e\x1c}\xa0\xab\xd9\x0f\x0e\
JPW\xf3\xa3\xb0$\xd2\x8e4\x053t\x0c@g\
fR9j\x8cg{_L\x9f\xbe,zj\xcc\xc5\
\xb5\x92\x0e\xf2\xd3\x90\x89\xe6O\x9d;\xe7/&\xeaT\
z\xe2\x8c\x8a\xb5\xe2\x17\xf2ql\x80\x16M:\x16\xcc\
h3\xb5R\x9bgG3\xd1C\xb2AEYL\xf5\
\x03\x98q\x22\xb0\xa3U\xb7\xe23x_v\xed\xa3\xe6\
epP\xc0\xfc\xab\xbf\xf8#\xfc\xa3\x8f\xde\xe2}\xcf\
\xbc\x807\xfac\x84\x22}\xed[\x1b\xea\x8d\x1e\xd8\xe1\
\xb4(\x0bVme\xb8|l\xf3\xef0\x06\xf4\xe7\xaa\
M/\xc1\xd1\xb5\xd8\x9cV\xe76\xc4fdx\x9c*\
\x10\xa2a\x8b\x1d\x0dl\xfe\xd3q\x8b\x16\xb7\xe8\xb8A\
\xe6]\xdc\xe0\xfbq\x8e\xc4\x93\x1cL=\xd3\xa6M\xa4\
|\xf4\xb4\xe6\x01\xde\x7f\xa5\xd0\xdd\xb6\xd7\x91\xe9\x97\xa9\
7\x11`Z\xa07r\xf7\xbe[\x04\x9f\xef\x03\x10\x0f\
n\x88\xb2\x1e\x9c)\xe0\x22C\xae\x8b\x1f\xc9L\x98\xcb\
\xd0\xfa\x85\xca#\x17\xa8'\xd5}\x88Qr\x8a\xa2I\
\x9f'v9\x89EA\xca\x1d\x11\x98\xa5\x83\x03\x8b\x12\
\xd1\xbcO\xa4\x82\x03\x81w~\xb4\xe1O\xff` \x0f\
)\xect\x89_\xb1\x08\x8d#V](U\x81r\x08\
O\x0di\xf31R^8)\x7f0\xff\x7f\xc8\xfd\x95\
1\xd7\x07\xb7\x8e\x80\xcb\x95\x9b1i\x09\x97\xe2\xa7\x90\
\x0f\xd5\x1bp\xca_o\xc0\xed\xbd\xc47\xbf\x15\xf8w\
\xbf\xc4\xa0\xc0\x81\x81\xb1\xba2\xa5\x00\xe8\x04\x22L\xb3\
\xf1\x91.\x84#0`kpf\x08\xe8_8\xa0\x8d\
\x7f\x9b\x9e\xb6\xc2\x81CA\x95\xc6\xaa\x150\x05K=\
\x89e(\x96\xfbM\x97\x81Y\xb32AS\xacEl\
W4\x7fM\xdc\xe8\x0a\x06\xd6=\xad]\x16\x05\x9f\xcd\
V\x9d&Jc\x1f\x05b\xb3tN-\xc8H\xb0t\
\xb0\xe5k \xfb\xc6zA\x1f\xfc\x08\xfa\x17^@\xe0\
\xdb\xc88\xe9\xfd685\x92.\x8d\x06\x97\xc6\xb5\xec\
\xe4=\x978\x0a\xcf\xf5\xfa\xaf, \xbb`<J\xee\
S\xa2\xeb\x00\xd4?\xeb;_YNb\x1fc\xc1S\
a6\xd2\xec,o\x99\xd1\xe8\xf6\x80\xf6\xdf4\xe7k\
,\xcbE\x84\x19\x06\x18\x92\x1b<O\x85\xb7$\xe7s\
\x91\xe1\xcbl]\x01\xa0\xef\x0e\x00\xfc\x93u\xf5\xe9[\
X\x146\xdf{\xf9;\xb4\xb9\xe4\x9b\x98.\x82\xb9\x90\
\x8ar6\x08\xc8\xa9\xc0S\x88\xccJ~\xfd~.x\
\x18\x00i!\xcd\xc7\x95\x9aXX\x08\x0f\xb0\xc5\xa2\x81\
\x01\x17@\xb3N\x5c\x00C\xb9\x04Z\x22\xc7\xc0\xcd{\
\x9e\xc1\xcd\xfb\x9e\xc7\xb9?\xc1\xb1\x02\x00\x05Y\xb8\xaa\
_ T\xa7:\x0b\x08@\xf4\xbd\x87\xa8\x0a\xff\xe4\x82\
\x08E\xf3\x16r]S\x02\xfd\xc2#*\xda\x7f\xac\xdf\
\x99\xeeN.\x8bX\xceG\x9bV\x84\x17}\xd4\xa2\xe3\
\x80\xa6\xf2\xc3\xd3\xc1D\x00\xc1G\xc1\xcb\xf0\xff\xab\xfb\
\xa6My[\x1d\x0a\xeeS\xf5A\x02{S\x90\xc1M\
\x9b\x14\x9e\xd2\xd9\xa2\x13-\x08\x88\xd4wY&\xfd\x08\
4\xecx\x84\xc4\xff\xfb/\xbe\x80_\xfc\xe8\xa7\xf1\x8e\
;\xcf\xe0a\xbf\xa0a\x83Sw\xb2\xd4\xfa\x90?\x1e\
`\xec\xc8\xea]5\x19G+\xd4!U\xde\x90-\x9a\
\x18^\x96\xffU\x98_\x89\xcb\x1d\x8c\xfa\xdf\x82i\x7f\
\xcc:\xd8\xb0\xa7\xf2\xbe\x92E\x8a\xaa@Q\xeeh\x0d\
8\xe5K8\xb5\xf7\xe2\xc0\x99t\xb4@\xe9!\xc7\xfc\
\x08)\x22\x8d\xabD\x16\xecr\xa9\xd2\xbc\x00\x9e\x80\x18\
s\x0fw\xf0s\xa1 \x88\xe5\xf0\xdc\xb7\x02\x09\x90\xd2\
\xbd\x89I\xf9;+\xc5\xd6\xff\x80]\x02\x1c\xbaM\xe9\
F#&m\x9f\x1a\xe5\x16\x0dc$.\x09\x9c\xc0\x1e\
\x0b#im7\xed\xd5\xcbH\x9c\x82s=\xe0\xfe\x05\
\x13\xd89^8\x9a\xaa\x082\xb0D\x00\x81{\xef\xdc\
\x13\xcf\xbe'p\xf7\x1d\x81'\xdf\x04p\xd2\xb3F.\
\xadz\x81\xdeY\xe9/\xe1\x80>\xc5\x01\xc0\x8c\x00\x8f\
\x1dA\x09R \x80h\x88n\x15\xbb-\x00Z\xf9\xb1\
\xc8J\xc94f\x04i\xedJ>9\xe5\xaf)=8\
\x01\xdc\xde\x03^\x7f\x10\xf8\xe5\xff!Y_c\x1b\xb8\
\xf4,\xa0Q,U8\xeb&\x91\xc9\x0ex\xd9\x16\x19\
f\xa3D\xac`4\xeb\x13#@\x03\x04\x83\x98\xa9H\
\xb9i[)\x22\xc7\xcaL(\x18\x00:\x22vJ\xc1\
!\x86\xa0\xb5yE\xd5\x03\xf0\xb13\xda_\xfb\x5c\xc2\
4\xb4\xffJ9m;\xaa\xa4n\xe89\xab\x8e\x86^\
\xc2\x16\xe9\xb6\xbc\xafwi\xce\xd7\x98\xcaI\x16}\x04\
\x05O\xdf\x8a\xa6\x19\x8f;\xda;_D\xbc\xf8>\xe0\
\xdb\xdfF\xb4\x1d9\x0eTJ`\x01\x95@5\x1d\x0a\
 \xdb\x06\xe4a)\x00\xc7\x07-\xf68fyeR\
\xec\xdc\xa4\xaa7\x00\xc0\xd5WK+{\x03\x95\xb8\x5c\
\xd4\xab^\xd3X\xc3\xf3&4\xa2\x1dn\x90\x9d\x1a\x8f\
U\xf9O\x1c\xb5h\xf9\xbaX}\x9es<\xaf~\xe2\
-|\xc7\x02M\xf8\xf3\xdd\x01@!\xf3,\x84v}\
\xb1(A\xaa\xbfj\xe3\x00\x8e\x01\xe0\x06\xf0\xa2\xb1\xcf\
3\x96k\x0f#$\x080\xa0\xc0\x17\x05\x5c\xbdXb\
\x0e\xd3T\xf4\x88\x99\xf4a\x16\xc2\xe3Wk9s\xe6\
\xad\x03pT*\xbc\xc1\xc4\x1c\x5c)~\x03\x8e\x9ex\
\xf6\x07\xde\x89v\xbba\x5c\x98\xfb\xff\xe4r\xa8\xf0O\
b\xa6\xf1I\xe9\xda\xda\x87\x15\xbd\x10\xe3\xd0\x84W\xa7\
\x91\x94\x7f?\xcb\xed\x87R\xc6V\xf0i\xedPh1\
\x87\x94\xad\xd3\x08\xb5(\xe8\xfb\xcf\xa5 W\x5c3\x02\
\x9e\xf5\x02t\x02#\xab\xc0O\x8b\x8cE;\x85gO\
\xffL=(\xe8,:D\xe1\xc5$r\x86g\x0cp\
\x00\x18\x5c\x92xY?\x9c#\xba>\xfa1\xef\xd3\x01\
\xecm\xc7\xeb\x8f\x06\xfe\xab/\xfe\x01\xfe7\x1f\xfd\x1c\
^\xb8y\x06\x0f;;\xe9qs7\xadKVUw\
\xe3\x1e[(V\xff\xdc\x8fCew9\x86M\xfe~\
;\x06\xec\x97\xb3`\xd8\x96E\xb8\xa3\xa9g<A\x00\
\x0b\xeb\xb8\x1f\xc1\x8e\xcc\x1d,\x01\xb7\xa3\xe1\x84s\x06\
n\xe3\x83\x08\xdc\xc3%\x1f\xa9B`\x22\x1b\xfd\xf3\x06\
\xb6n\xa4\xa5\xe4\xaf\xb2\xc8\x9c\xbe\x17X\xe2\x02\x108\
C\xac\x00\xa6\xe8B\xfa8\x14\xcd]\xb5\x0a\x22\x98y\
\x80TZ\xa4K\x04{\x06\x9az\x05\xf0\xfe\x17\xa5\xfb\
\xd97l\xfb\xf1H\xc5M\x84\xe7K\xc5\x83\x844\x98\
\xd5\xc0\xf5N2\xa71c\xc0\xb3\x1cP\xf9c\x81\x15\
K\xfa6-o[\x82\xe3H\xdc\xdckx\xf6\xbd\x81\
o~s`\x88Z\xefI\xf9\xcfL\x8a\xc0\xd8d\xd1\
\x0fP\xbe\xec!\xab?\x8a\xda\xcf)\x144\xb7\xd6\xa3\
\x5c\x1c\x07&\x03I\x97\x00\x074!\x7f\x7f\x88)\xd9\
S\xfd#\x82>\xff\x8d\xfe\xff\xd8\x08\x96n\xee\x01\x0f\
/\xc0\xff\xf8\xdf&\x1e=\x0c\xec\xfb\xc0\xd1\xa7\xacr\
\xc1\x1fQ{\x05\x06\xb8\xc4\xcc\xae\xdaJ\xf5f\xb7\x8b\
+h]\xe7\xdc/\x04\xed\x0bR\xa9o\x12\x15i[\
T\xbbA\xfa(\xa5m\xeaz\x0dt\xabr\xba\x01T\
\xe4\x7f\x15\xf8\xb1\xbc\x18DV\xcd\xa5\xc3\xf4\x9d\xfd\x8b\
m\x1e\x0a\xa7\xc1Z\x18\x17\xbb[\x0ffjj*\xaf\
\xb4h\xd2\xf5\x86W\xe6\xc1\x1a*9&\x08\xb8\x80=\
#\xde\xff}\xc8W\xbf\x80\xd8\xcf\x88d\xbf\x8f\x18\x02\
.\x09\xa0*dX\xbf\xb0\xca\xe8\xcc\x0c0\x97\xb9*\
r?\x8fF\xf5\xa9 \xa9\x05*L\xf0b\xc9V\x8a\
8\x9793@\x9b\xe3\xe8=\x9c\x00B\x99+QW\
VZ\xa2.\xe5\xac5g\x0a\xd9\xcd\x8d\xe5\x9c\x88\xa8\
[:U\xd7+cF\x5c\xad\xe0j\xfe|O\x06\xc0\
u\xe8}v \xe8w\xd6+TA\x0fL\x94m\xae\
\xfa*\x82R\x0a\xb6\xcdq\xe5\x94,\xca=\xac@\x9d\
O\xbb\xc2\xa7\xf0f\xc2R\x94CkK\x8c\x03\x22\xaa\
\xd9\x85\x85N\xd1\xfd\x86\x07\xa2\xfc\xdd\x01\xb0&\xcbC\
\xa6|_7\xffA\x00q/p\xff\xe3\xefb#\x17\
\x1c8\x1f\x1d\xc7y /\xe9\xf2ce\x81\xb7L\x8c\
\xbe<\xb7\xd8\x81b\xf1\xc4\x14\xa4;\x04\x8e@S\xba\
\x1f\x12\x15\xd4\xa7\x82\xf6\x5c\xecJ\x18oI%\xe5\xb4\
\xc1Z\x05v\x13X\xd8\xf9\xbc\xab\x95\x1a\x93m\xc0\xc0\
\xc8V\xeb\x1d\xf2\x9d\x1b\xa5[H\xceedj9'\
\xc3\x06h|\xf4\x9dR\xf4\xa7\xff\x0c\x00X(\x87\x0c\
\xc0\xb26:\xbfK\xbf/E.\xad\xe4\x0b\xc0\x8e\x7f\
\x0d8\x127\xdb\x8e\xef<\xbc\xe0\xbf\xfe\xe2\xbf\xc7\x7f\
\xf6\xd1\x1f\xc5\x9d\xfd\x0e\x1e\x8d'\xda\x94\xca\xa5.h\
\xc9\x97\x99PQ01\x12XK\xfe\x04\x18o\x00\x06\
\xce1\x8d,\xb1\xc9\xda VcP\x5c\x80\x8dvZ\
\xda\xcf\xd9\x10\xb9k\x8d3\xea?p\xc2\x01:\x84\xb7\
\xd8\x11\xb8\xc5\x1d|\x88\xd6*D_'\xc7\xb4!\xd0\
1\xec\xd5!\xf5\xaf\xef\xdb\x08Y\xae\xdcg\x87)\xf6\
\xe5\x99\x1d\xc9^)\x5cz\xaa\x0e'xNj\xfeH\
\xee\x8d\x96\xb3\xe9O\x82\xa0\xe0\xa4\xfd:\x06[\x017\
\xedG3\x0c[*o^@\xd9\xd5\xd6G\x12L\xec\
\xde\x9b\xc3\xb3G\xcb\xdc\x92\x00\x90P\xf2\x22,kt\
&c\x95|\x94\x90h H?\x22\xf1\xe2\xfb\x81\xfe\
\xef\x092\xfaFw\xd9\xb0\x22\xdf<\xdbS\x80\x1f\x03\
\xcc\xd3\x0fo\x0b\x82\x03/r\xb3\x03\x5c\xcb\x92\x06K\
0U\x86\x99\x10^c4\x07\xc456\x08\x0a\xb6\xf2\
m7\x81\xb6Ia\xb7\xc0\xe9\x96\xae\x8f\xff\xe9\xdf\x00\
o~\x07\xb89Q\xf9W+\x0e\x98.\xee\xc5\x06\x9a\
\xb5\x82\x03t\xd0\xa9\x90\xb2#*\x0b \xa8\xa8\x87\x5c\
sn\xaf;|\xde|\x1f\x8em\x9f~a\xf0\xfd#\
\xfc\x9e\x98\xb3b}\xad\x1dB\x801JW\xf3\x92m\
\xb9>!\x1a\xe7\xce\xd5\xf4\xc2\x9b][Z\x0c\xc2\xd5\
\xdeO\x0b~\xb1}>>kI@\xd9^0e\xbd\
(\xd9+\x85\x8a$\x08\x1aC\xb5\x9f\x81\xdc\x1b\xda\x01\
\xb4\xf7\xbf\x1f\xc7\xef?\x07\xe4_!\xd5\x8f\x83)~\
\x02C\xda\xb7\xa4\xddU1\xd0\xef\xa7u0\x97\x92\xdd\
+|\x89\xf2\xe7\x17\xbb\x82\xf9Lb\x16V\x0b\xcbF\
,r\xd1I\x10X\x13[\xea\x80\xc2\xc2r\xe9\xcf\xbc\
n}l\xe8x\xe9\x0eL\xe3\xd8.\x9a\x02\x16y\x0d\
\x0e\xaczj$\xa7\xfe_\xe6g\xba\xf6\xaeJ\x01_\
!\x84\xb4\x18\xcd\xf9w\xd1\x16Mtj\x94\xa1\x88\xf9\
X\x98[+|\xaa^b\x5c\xe9[[\xec\x15\xe0\x17\
\xa2\xb0sY\x00\xe5\x93\x9a\x88(\xe5Jp\xad\xa3\xf9\
\x02\x1e\xbc\xc2W\xb0\x0f\x06FN\x96B\x02)F\xb0\
!\xeb\xdf\xe9>l7\xddq\xfb\xde\xfb\xb8y\xcf\xb3\
8\x8f3zf5\xfd\xc9#K\xa1\x97\x9fH\x16\xb5\
#\xfdk@\x86(7Y\xef\xe5\x93/\xcb_3\xd5\
\xc7<G{/*\xb0Oc6\x18\x08\x02@l\x02\
\xe7\x87\xb2\x83\x1b4\x9c]p\xb5\xd0\xad\xe0}\xce\xe2\
\xc3r\xfew\xa5\x02y\x85B\x00*\x0ae\xba\x9c\xa6\
7O[\xa8\xe7\x06\xb9)\xd4\x16\xd8D\x0b\x83\x01=\
\xf6Y\xf7\xe7\xbd\xb69F\x11h,\xcc\xaf2\xbe\x03\
\xb7\xa7\x1d\xdfx\xe3\x11\xfe\xab/\xfe\x1e~\xf1#\x9f\
\xc3\xcdv\x83\xc7y\x81\x88d\xcc\xba\xe6\xe0sIh\
h%\xd5s\x1a#\xc5\xb2\x1e\xba\x94\xf2\xea3k:\
{\xa4\xac>\xa8\x5cQ\x06Z\xa8*T6\xb4\xd8\xd1\
S\xce\xe0<!\xe2\x86)nx\x1ew\xf02:\xba\
\xe8i\xbe\xd7P\x05\xb4!!1\xc0\xf4=gG\xd8\
7\x98\x0a\x96\xba\x08\x94\x1cH\x81\x92\x04\xa2\xe1\x04\x82\
\x16V\xd8\x8b%\xceAe\x835q]\xfb\xc3\xae\x98\
\x91j\xc7\x0b\xb2$\x07H\xfb[\x19\xdb\xdfo<\xd9\
\xf4\x8c'\x09\xcc>\xbc\x84\xec\x9a\x03v\x05\xf5]\x14\
\xe9\xde\xbd\xb1#*U^\x04\x11\xa5\x86\xd6\x82\xed\xaf\
\x03\xceAP\xbcJ$\xceG\xe0\xf9w\x03\xa7g\x81\
\x07o\x00\xb9/y\xfe#K\xf9\x1b\xe7\x8e\xc6\xb8\x13\
\x1a\xca\xf2\xe3\x9b\xf1\xd36\x0c\xbb\x04\x1c\x17`\x8b\xc9\
\xb1\x14^\xe7\xa1\xf3\x22fl\xedFc!D\xf97\
E\xfb\xdf\xdc\x05.\x09\xfc\xcf\xff\x0d\xf0\x9do\x02\xa7\
[\xa0\xf7Y\x8d\x8e\xd7\x1e\x98Q\xfc\x94'\xb3\xb4\xd3\
A\xd9\xa3\x96\xc0\xdcLf\xdf,D\xbd\x82\x1d\x0f\xe0\
\xc5l\xf0 \x01R~\xcc\xa3>\xf7\x9e\xad\xeb\xe9\xbc\
\x9c\x96\x0f\xaf\xde\xa6\x02\x8e\x5c\x5c\x00Vt\x02Q\xb9\
\xfcN\xc1\xd4J6\xd8a6\x15\xf7\xd0\x80\xa1X\x0e\
\xac\xcf\xe3k-\xf4yl\xab\xa10\x15\x5c\x95Cv\
\x13\xb5\xae\x09x\xdc\x11/=\x87x\xf1e\xe4\xab\xdf\
Bl\x9b\x94)\x83\x08C\xf4.\xf3\xf5'\xbb\x07\xe8\
\xf2\x05{\xf5\x13jI\x8cE\xb1\x070\x8b\xa5/U\
\x03\xad\x9c\xa1\xbdk7,\xde\x8ae\x02s\xbd\xcd\x0f\
PL\xe5\xd4\xbc\x92W\xab\x0b\xc1:\x0b\xa9w\x18\x96\
\xda\x9a\xd2)\xeb\xd6\xcf\xe6\xd0.z\xc8w\xd2Z\xf0\
\x12\xdb\xfd\xc5[\x7fd\xdb[YJ@\x9a\x12\x89\xb7\
=+\x1d\x94\xcf\xc9\xc7\x14\x16z\x0d\xaf\x85i\xe5'\
\xf8r\xfe,\x97x\x00+\xa2\x068\xd7\x91\xebr\x81\
&Bi\x01\xd0\x9f%\x0e\xbaj\xc4\x07tm{_\
Dg6\xa8Z`(4\x9a\xd2\xdf5\xbc\xdd&\xf4\
\xfe'^\xc0vs\xc2\xb8<\xc1%\x0f\x1c\x176\xfd\
A\xef\xa8>\xdd\xb6\xec\xd3\x92(\x91\xbd#\xba\x94\xbe\
\x5c\x043\x06\x00E\x95Wk`\xafy\x1f\xd3s\xa9\
\xffOj\xdf\xe7:}\x8f\x13:\xe7\xa1\x1a\x06-4\
\xff\x95csYl\x10\xdb`\xe4\x88\x0a\x96\x99\xc2\xb1\
lL\xfb\x15\xbb6\x84\xe6\x0aR\xd2\x04\x821\xf7\x8f\
M\x5c\xcda\x19\x83\x06\x10*\xf7\x19\xaa\x010@Z\
\x9e\x91w\xa4\x82C 3\x01\xdc\xec7\xf8\xcb7\xde\
\xc4\xff\xebK\x1f`\x80\xc8\x00\x01\x00\x00IDAT\
\xbf\x87\xff\xf4\x83\x9f\xc5\x9d\xfd\x1e\x1eW\xb1\x14V\x89\
\xbf\x0e\xcc\xb1\x00\x9e4\xaf\x91\xf4@b\x93\xa0\xb1\xbf\
{K\xaeM\xd7\xfdB\x18\xbc\x88\x0aM\xd2\x87[\x06\
\xa0\xfc\x7f\xe4\x86\x0d\xee\x03K\x82\xfd\x82\x86{\xf92\
N\xedY<\xc1\x85\x0d\x80\xd2\x85^\xa4H%\x1d\x5c\
\xf4\xb5X\x01\xef\x92\x16\xb8\xe4@fSt:\xd9\x92\
M\xeb\xff\x02)Ch]\x85\xc1\x17\xdf\xcfmx#\
g\xa3\x9f\xcdy\xf8\xda@l\x0c4}\xef\x9b\xe7:\
\xe5vK&7\x22\x08RZ\x8a%\x08Wsd=\
\xc2>\xd8@\xc8\x96\x1e\xf7\x9b\xd7^N\xaa2\xad\xca\
T\x88H\x18\xb1\x81\x04\x97\x0b5\x05\xb8}n\x9f\x0d\
\xdc{7\xf0\xda\x9b\x01\x9c\xc8D\x0c\xfb\xfc\x0f\x82%\
\xfa\xf8)H\xc7\x88\xe9f\xc8\xc4\xd1%\x10\x1d\xf5/\
\xd0\xe2r\xc2\x90\x1c@\xda\x1d\xa3\xa0\xb1\xa6qe\xa1\
\x02d\xa8\xd6\x8c\x8c\x02\xa6\x04\x07n\xee1C\xe2\x7f\
\xfc\xd7\xc0_}\x1d\xb8\xbd\x93\xb8\x1cvp\xa4b\x0f\
\xbc\xa1\x87\xf0nG\xa6\xdb;\x0de:-\xf9\xf9\xc5\
$Z\xe1\xbb.\xc1\xc0\xb4\xe8\xfd\x1d\xe6\xdf\x8e\xf8_\
\xab\xd65\xc0\xc5~\xb88\x9a\xf4\xa9\xf6]3\xdb%\
%_\xa0\xc5\xb3\x10`&\x94\xc1\x01\x044\x5c\x98A\
r\x9c\xfeH\xd8GNe\xc1\xff\x86>\xcfu\x9d\xda\
\xb5\xe8\xe7Z\x00E\xa6{\x07\xa0>\xf7\xb8\xb0^\x8b\
@\xd2H\xa0\x03\xe3\x92\x88\xd3\x86x\xef\x87\x90\xdf\xfc\
C\x19\xfb\x8c\x11\x0a\xd5\x19q7\xc3\xf4\xea\x8a\xc0U\
J\xa0\xe6\x88C\xd0\xe6=\xac\xa0K{e\xc9\xbb\x04\
\xc8\xcc\x84\xe5\xed\xeag\x8d9\xef\xcb\x1e(/\x82\x00\
'\xd5\x8f\xd7\x9e\x96I\xed\x80\x80\x83\x00K_A\x8c\
\x82\xacm\xa9G\xcf6\x8f\xb1\x9c5\x80\x93\xab9\xeb\
\xbd\x17\x0c\xe2)\x80\x00\xc0\x8a9\xe6\xcfT\xb83b\
\xd2\x0a[Cak\xb7&\x12e\xcd\xfb\x85\xfdP\xb5\
\x8eJq\x09\xb9z\xf3'\xea\xc5\x0b(\xcc\xe1/\xd5\
\xb5<\xd92@\xfel\xde\x87\x1bh\x0eX\x01@\xfd\
K\xbdH\x13P\x98\xf1\x00\x81l\x83r\xfd.p\xff\
\xfb\xdf\x01V\xa3K\x9cG\xc7qt6\xfb\xe9F\xa4\
*\xe6\xa3X\x00\x07\xf5QQ\x83\x815R\xac3\x00\
\x10\xc5\x000(\xaf\xa9:\xa0^D\x9cm\x96\xe5\x1f\
E\x07q\xfb\xf1\x1e\x85\xe32fP\xa1\x83\xf1\x92\x01\
Z\xb5\x08a+>\xe6}\xd6E\x81\xa6\x22B\xde\xb0\
.\x7f\xabI\x83\x94\xbe\x01\x83\x83\x0c\xe7\xc4\xd7@[\
\x99\xd4Z\x11\xf5b\x02\x08H\xb4\xd6\xe0N\xc80\xd2\
\x1d\x16.\xa1\xbd\x1e@W\xc0Z\xdb\xf0\xe5\xd7_\xc7\
\xff\xf3\xcb\xbf\x8f\x7f\xf4\x81\x1f\xc2\xedv\x0f\x0f\xd3%\
\x83\xed7\xcb\xe9\xb3\xf3B3\x15\x9c\x02\x81\xc9\x1cv\
\xa7\xc3\xc5\xa0`\x9c$\x94\xe8\xe6F\xe5\xcb\xe3hQ\
\xb8\xddoB\xed\xe2@\xeb\x1fq\x83\x167H\xec\xb8\
\x13\xefC\xc3\x86#.\xd5hg\x98a@\xc2\xbc\x15\
[\x9e'z\x80\x822\x95\xde\x96\xc0\xc8\xa6\xb4\xc4\x86\
&\xc1tN\xd2\xf5\x97d\xa0[\xe4L\xe7K\xb0\xa0\
\x8f\x83t\x0f\xd8\xfa\xe7Z8rTzaB}\x00\
rZ\x17\xd4\x19\xc9\xaa\x8c\x99\xd8ZC_(\xd2\x13\
\xf8\xac\x06\x93\x06\x84\x83\x7f`\x0ff\x19`8\x11\xcc\
\xee\x0a\xd5[\xd0\xaa8\xb4Lf2\x08\xd7\xe7P\x0c\
\x07\x97P\xe2f\x0b\xbc\xf0^\xe0/\xbe\x92\xd8\x13\xec\
\x02\x98\xeaR\x18\x89q0\x9b\x81\xf9\xff`|EW\
\x1ab\x0a $\x1b;YPw0Z\xdfU -\
S:\xe6\xbe\x87\xfa\xdb\xa4*\xfem\x8d\xca\xbf\xb5\xc0\
vC\x80p\xba\x03<\xee\x81_\xfa\xd7\x89\xbf\xfa:\
p\xbaM\x5cF\xa2+W\xbekLY\xf4g\xfa\xe0\
\xa9\xc4WF\xc0t~.{\xa8\x84#%[vD\
\x1e\xb01\xa5\x05*\xd7KR\xf1\xa6Kd\xfbw*\
\x83\x92\x8cBU\xb3\xa6\xfc*\xcf\xfdl\xc0\x8c\xcc\xcf\
)'\xea\x996\xb8&\x8b\x16\x80\xfe\xdb\xea\xcf\xda\xe3\
\xbaF\x05@7\xedM\x97\x9c\xf6\x9a\xf3\x7fLH\xac\
z\xa2\x18B\xdf\xca\x14\xfe\x00\x9b\x04\x01\xe8\x81\xe8\xc0\
\xf6\xbe\xf7c\xfc\xde}\x00\xaf\xf39\xd1J\xe9E)\
@\xf1z~\xa7\x8a\x1a\xe3wU\x0ax5\x96\x16\x05\
\xac\x97\x9dZ\x13\xf3\x9ci\xb4\x929\xc8\xa7\xc72\x17\
\x10\xb3\xbe\xfa\xaa\x10\xeb\xae\xdccW\xf2\xbdN2P\
Y\xd6\x8bF|]>\x5c{s]\xad\xc3}}\x1c\
\x7f\xbe{\x1d\x00\xad\xb7\x94`\xa9\x9b\xd5Uq\x0d\x06\
\x17\xd4SV\xb7.\x94\x12\x18k\xf0_\xf9\xddJ\x19\
{\x91\x9b\xf2a0\x8e\xb7\xab\x01\x05\x95E\x88\xf5\xe2\
D\xf9\x18^\x17\xb5\x90\x9c\xa6d\xe9^e\x81\xd3\xbe\
\xcbyo\xbe\xa0h@\xd1\xff\xfb\xbbop\xfb\x9e\xe7\
\xd1\xdd\xf9\xefP\x1e\xae}\xfb\xd0b\x1d3\xb0\x06\x03\
\xd5\x18\xa8\x14}\xd6\x9e&RK\x7f\xa7\xf1aT\xd5\
2~\x8a\xb5\xd0\xf1f\x0f\xa6b\xcdR\xce\xac\xc1\xaf\
k\x19\xf9\xae\x80#\xf8y\x09\x1a\xfb\x9c<6B\xb1\
\x5c\x141\xbf\xc8\xa0<i\x98\xf4_\xce\x13gJ\xa1\
\x1e\xdb\xd4\x7f\xa2\xcc\xbaZ|\x89\xaac`0\xc2X\
\xa3\xa8\xb1Iq\xb59\x12\xd1E\xc5\xb6\x06;\x97\xf3\
H\xdci;\xbe\xf6\xe6\x1b\xf8\x7f|\xf5w\xf0\x0f\xdf\
\xf7\x19<\xbf\xdf\xc5\x1b\xe3\x11\xc2\x92;\x00\xfbX\x8d\
\xbc!\xc5\xe5\xc7o\xbaa\x97@s\xa9\xdb\xd0&\xae\
\xe69\x19JAc `KV\xfdc\xe4\xff\x0eF\
\xff\x9f\x00\x9c\x908a\xc7\x0d\x90wq\xbf\xbd\x82#\
\x12\xe7\xa4\xc0\xe9\x11\xd5\x1d\x8fem\xa9z\xba\xd8\x91\
l\xc0\x8c\xb5Q\x06\x82\xf6B\xa4:\xd8!\xd0\xa3\xe1\
\x0c\x82\x00$x]\xf0\xfbMl\xda\x06\xb3fd\xc2\
\x5c28\xbd\xce\x93\x7f\x8fa\x17\x1a\xb4\x1f\xdcr\x98\
b\xedH\xb68\xaa\x0e\x8b\x8a\xad\xa8\x1a\x019\xf7Y\
\x8aeh\xfa\xbbG\xaa\xda!\x84\x83\xa7\xa29i\x1f\
\x1e\xe0\xfee\x90c\xdacD\xa0'\xf6\xe5\x9d\xef\x0e\
\xb4;\x89\xbc$\xb2G\x09\xa4<\xc4l\x08\x0cdD\
\xc5G\x8cF6\xa0\x8b\xdd\xaa\xfc~\xb9(\xc6P\xfc\
A\xf2\xbet\x9f45\x0cJ5N\x0b*\xfc\x86*\
\xfe\x13\xad!\x1bS\xfd\xdex\x0c\xfc/\xff\x06x\xfd\
\xd5\xc0\xcdm\xb2\xea\xa0\xe4[\x0f\xf6\x03!\xfb4K\
\xfd\xc6\x96\xc0!\xfa\xdfr\xab\x84\xab\xf6y\xe4\x92\x11\
\xb0\xec\xab\x80b\x03$ws\xccX\xba\x0a($\xb0\
4\xa0*+\xd4\x80b\x95\x91\x95\xf6\x9b\x93*\x87\x9f\
\x83\x8a;\x11d\x0d\x16\xd3\xaa\xd4\xc9b\xec9\x90*\
}YX\xceq/\x95{\x01p\xd0\x8b\x1f\x1cE[\
i?T\xf0\xae\xf5\x8b\xf5\x0fQ\x04\x81E\x1e`\xb6\
\x8d\xe4\xd3\x93\x81x\xe1%\xe0\x99w#\x1e\xbcN\x16\
\x01!`4P5\x0f\x14\xf4Wn\x80\x88\x09X\x0a\
\xd8\x84\x98e\xc748\xea\x7f\xda\xf4\xe5c\x97\xf9=\
\xc9\x13Z\xed\x10\xc8\x80\xe3\x07tP8[\xc3\xc0\xc6\
\xe3\x11s>J\xc1[\x93fMg\xcd\xe7\xb5\x8c6\
\xdc\x9a\xda\xcf\x10\xcc\xf3\xe2\xc7\xbb\x86\x0cz,}\xb7\
\xaf\xc1:+2h\x08Fw\xaf\xc8\xecj1\xf8B\
q\xf5\xdf\x1a\xacZ'\xa4}X}J\x0b}\xcen\
=M\xe9\xe0\xa2n\xf5<\xa2\xe9#\xc6zx\x01\x93\
\xf2\x9b\xc8\x92\xf7S\xa4\xaeU'\xac\x83\xba0[\x5c\
\x0fR\xba\xe0\xd8\x85zY\xdc\xfd\xc0s\xd8\xee\xde\xc1\
\x93\xe3\x11\xce9\xd0\x8f\x83\xd4\xbf\xf2\xd9L\xb1U@\
V\xa2\xd2\x02\xc9&\x8d\x0an\x9c\x15\xb1\xa8\x0c\xa3g\
\x15\xf2\xaaA\x93BM\x81\x07\x04f\xac\x80\x95\xaf\x80\
\xc0d\x07P\xbe\x7f\xd43\x88\x09\x90\x82\xa7\xcc\x09\xd8\
\x17\x5cK'\x0b\x8f\x15\xa54W\x93\xe7:\x96\xf9\xc7\
\x1c\xb8\x81B\xea\x15\x92>Z\x95\x14\xad\xe69\xdev\
\x9e\xf7\xb1\x5c't\x1dd\x09\xa2\xb0\x1b\xe0\xa2\xf8\xfc\
\x06\xa9\x09\x9ew\x83\x1b|\xf3\x8d\x87\xf8\xbf\xff\xff9\
\xfb\xf3x\xeb\xb2\xa4,\x10~b\xed}\xce\xbd\xf7\x9d\
\xa7\xac\x9c3+\xb3\xe6\x89\x9a\xa8*\x86*f\x10(\
@\x04\xa4\x05\x94AF\xd1OAQ\x1aE\x94Vi\
\xf9\xc4\x0f\xd1\xb6[\xfa\x07\x9f(\x22\x8d\xb4\xda\x0a\xad\
6\x22(S1\xd7H\x155dMY9g\xbe\xf9\
\xce\xf7\xdes\xf6^\xf1\xfd\x11\xf1D\xc4\xbeoV\xfa\
\xfb}\xa7\xea\xe6{\x86=\xac\x1d+\x22\x9e\x98V\xac\
\x07\xdf\x89/\xbc\xe3\xe5\xb8u\xe7$\xae\xcd\x07>\xe7\
\xeey\xb8u\x95\xa5\x0c\x19\xee\x0c\xaf\x17l\x9ec\xa0\
\x08\xf5\xa6;\xc1e\xb6\x0b \xa4a\x86y\xfb\x02\xb1\
]\xfetD\x97\x95\x1b\x1e+\x00kLh\x18q\x06\
k\x9c\xc5\xa1\xce\xbe\xf6]\xb1\x01\xc0\xd50\x96\xc1\xb1\
\xe7\xeca9{\xba#\xc8\xea\x86\x01l\xfd\x7f\xca\x96\
\xa5\x0afU\x8c\xde\xdb]`\x9b\xfbd\xf09s\xff\
\x0c}O\x82\x5c\xae\x07\x7f\x8f\xa4iw\xbej\x22\x01\
\xee\xb5K\xde\x00\x80\xdd\x0bY\xb0\xd4B\xf5hx\xee\
\x9b\xc2\x9f\xc62\x96#\xde\xce\xea\xad\x7f-\x02\xd0\x9d\
_G7\x02\xc6\x96E\x8a\x0dv\xadI\x813g\x04\
\xbb'\x14\x87W\x93o;\xa2\xec\x06\x80g\xdb\x9a\xa7\
\x87\xfd\xcb\xee\xd3;\xfb\xd8\xc0:\x14\x17\xfep\xe2H\
\x03\xb6\xf8mNA\xdf\x10L\x1a|\xe7Z3\xd2v\
\x8f+\x9e\xbc\x08\xfc\xc6/\x00\x87\x97\x0d\xfc'\xbf\xbf\
z\xfd\x81\xf5]\xf7\xde)\xd1\xd5\xcb=y\xb1\x16\xbc\
\xd6.\xdc%#\xf4S\xb7el\x12\xa3Bx\xa5B\
\x00k!\x93\xe2\x80\xc3\xb4\x8a\x19w\xcc+\xba\x0e\x14\
~\xaf\xae\x17\xb9B\x86\xdb\x0c\xfb\xb5C\xe6\xa9L\xe8\
\xed\xe7\x5c\x16;\xc0\x8f\xa1\x08\xa5\x13`\xcb\x8e\x09h\
\x92\xd1Oi\xa9\x1f\xa8\x88\xc30\xe1\x8cu\x97%\xcd\
\x1a\x84\xd05\xf6\x0c\xcabEw\x100\xfbr\xc03\
#\xe4\xc2\x1d\xd0\xab\x1f\xb2\xee\xad\xec6D=\xe9\x1c\
\x9b\x0aN\xe8\x13 \xc0\x18\xac\x18\xaa/SN\xf4\xd4\
9\x14\xa3\xaf\x1b \xb0\x0b\x89\x1b\xec\xe1\xec\xc6s\x0a\
\xea\xf6\xc3\xe2\xb2$\xa1x%\xf4\x15A\x7f\x81\x03>\
BuZ\x07\x8c\x05\xb6&n\x8b \xee\x9bp\xf7\xcc\
\xc0__\xcf\xda\x0a\x98a\xe3\x84\xf8f\xe1:'\xa0\
\x14`\x10\xbfax\xf6\xb4\x5c\x08\xeeT\xc0A\x0c?\
\xc3\xaf\x03 B\x8b\xb1IE!@\xf5\xecU$\x8b\
K$\x95P\xf0%$\xac)\x12\xda\xe6\xc7)\x5c\x9f\
\xd9\xafk\x05@\xe6\x05pY\xf9\xde\xbd\xe7\xa0\x00\xe6\
>c\x9a\xbd\xf8o\xabl\xcc\xee\xca\x9b9lgR\
\x0a?\x05H\x05\xd2=\x1c6uD\x5cX-m@\
'\x00\x90\xa8%\xb05\xff\xfe0j\x80 T\xb0p\
\x1aR\xe6\x81E\xaa \x18\x08T\xd8\xf4x\x006u\
\x22wE\xfa\xc6A\xa41\xa4\xaf\x08\x10\xf7d\xb3\xf3\
\xb0D7\xaf0\xba\x00jo7X|>'\xa6\x1e\
\x5c\x9b\xbaA\x12\x95\xff\xbe\xc63\xb6;f\x83\xfa\xb9\
\xb0\xa8GE\xd4\xbf\x9fE\xa0S\xc7\x0a\x03\x9e\x9e\xf7\
\xf1o\xb7o\xc7\x9b\xefz%\xee\xda;\x87\xab\xf3\x8d\
P\x80P\xe6\xe8\xa2\xfd\x0fk\x98\xcb2;\xffS\x8d\
]\xe2,+Ez\xd8}\x07\xef\xfe7k\x83\xf5\xae\
_a\xf6\xed\x81\x04\xa3\xa1\x04Fle\xc0\x09\x9cG\
\x93c8\xd0\xc9\xc2\xcf\x80{\xf0\xf0\x1e\x02\x88Z\x89\
\x0e\xee\xf0\x07?V}\xd7=\x1b_\x80p\xf0\xbe\xad\
F\xd8:\x981\x9c\xd9\xa1\x11\xaegA\xe3P\xaea\
\x04d\xf4\xc0t4\xf9crA\x8e\xf6\xc7\x15$\x9d\
g&*=m\x98\xbb\xbaQ\x047\x98\xdd\x93\x8eZ\
\x12\xa05\x03\xf6\x89\xc6\xaa;\x11\x96\x9a\x80o\x1ae\
;#z\x07\x09\x84\x1f*\xb6\x9a`\xdb\x15;\xbb\x82\
cg\x05\xd7\xaeu\xe8\xa0\xe8\xab4\x92\xb8o\x02\xc4\
\xba\x01*`\xc5\x82\x1d\x98\x9d\xc7Y\x1f`;\xceJ\
\xcc\xbb\xb1\xbe\x19\x7f\xa17\x06\xd8\xca\x1f \xa2\x00\xb4\
\xed\xba(v\x8e\x03\x0f?\x22x\xcb\x7fVL7\x04\
\xab\xb5b\xeb\x86\xbbEC<}\x13E\xa8\x9d\xb3\x0e\
\x0f\x09\x22+\xff\x9d\xd2J\xf3\x98\xdc@]E#\x01\
E\xc70\x8a\x1a\x08\xe1\xb3\xa5\xe9\x985V\x81\xf8a\
\xccS\x0bu\x81\xc6\xbc\x85\xce\xef\xfe\x1f7tC\x93\
\xc7R\x1f\xd6\xc0\x98\x0e@D\x02\xa97\x82\x95\x8a.\
p\xce\x16\xfeK\xad\xaci;\x88\xe9z\xfa\x0f\x19=\
f+_ETo\x96\xf1\x0a\x8d,.\x97\xd9\x9a~\
\x92\x0b\xb7A?\xb4\x82\xb4\xd9\xa2E\xb0FH\x99\x9f\
\xe7v\xc1&H\xa1\x17\xc5\x8d\x83\xf8\x8d\xe7\x10E\xbc\
\xef\x88h\xeaP\x7fo\x8fl\xf5\x17\xcbv\xbe\x08\x03\
\x87\x86BF\x04h8\x13\xac\x08\xe0t 5\xbf\xa7\
*\x87\x04\xc9#\x16!@l\xe0FE\x06\x8d)(\
\xda\x0dG_z\xe4\x88go\x04\xc4\x87\x88)t\xe6\
\xa5\xb4\x877O\xecIo3R\x00\x9cp\x90w\x5c\
\xf9\xbb\xb2\x89&\x08\xce\x19\x04\xe9\x84h\x17T\xbf\x88\
\xf2\xbbB\xcc$:\x8d\x8a\xb4\xb6\x1c\xe9x\xd4\x82h\
\xe2\xe3P\xb8\xa2\xe2*\x00\xb1\xad\x7fw\xee<\x8d\x0d\
&\xcc\xda1o;t\xa3\xd1\xa6\x17:[# \x02\
\xb3\xf7\x04\xa0\xf7.\x80\xd5\x09L\x9e+Rxt\x00\
`\xbf\xff\x106u\xf9R*_\xba-\x1eR\xa2\xdc\
\xfb\xfb\xe8\x1f\xa0\x0c\xa1KY\x05\xc0\xebd\xfe\x09`\
\xae=\x1f\x1fpyki\x040\x8d\x10T\xf69\x06\
\xc4\xaat\xfd\xcb\xf0\xa8=\xcektl\x9e\x82P\x8b\
\xf60\x84\xd8\x052\xf9w\x83\xd89\x13l\xcft\x9a\
\x96\x83\x9d+\xe4L\x7f\xf5\x89\xca\xd9\x85vf>]\
\xb1\x83\x11\x07\x073\xfe\xdd\x83\xef\xc4g\xdc\xf1R\xbc\
\xec\xc4m\xb8\xa6\xfb\xe8\xd1\xc0DCX\xd5\x0dM \
\x82xP\xf5V\xb5\xc2\xacu\x825\x0d\xc8\xd9\xc3\x81\
\xaa\x0dM\x06\xa8\x0e\xaeX\x0c\xfcEVPXg\x98\
\xad\x0eX\xeb-\x98!8\xc4L\xbb\xc9\x96\xf3\xb9l\
\x90\xfeT\xef\x5c\x82\xa8bE\x90[\xc9\xaey\x04\xef\
\xa9\xf0\xbc\x190v\xad\x01V?\xc0\x08Fw\xb9\xa3\
\xa7\xcd'\xb5\x1c\xb7\xf1,\xf3\xdf\xd4?]\xcd\xef\xf2\
`'f\x15\xdf\xa3\x00\xbe\xc3\x81\xb7TV7\xa0$\
\x8d\x16\x1a\xbfM\xe8\xb5\xdb\x06A\xb4E\xa9\x22\x14\xb6\
\xf4\x10@\xacDX\x89\x84\x0a\xe0\xd2C\xc00\xac\xf7\
\x8e\xad6\xec\x8c\xc0\xc9s\xc0\xc3\x0fJ\xa4\xb7\xd9\xe4\
GG\x85x*@=\xba\xa8\xb3\xcfqk\xe8\xdd\xeb\
\x7f\x1c\xf4{\xe1\xe9\x90M \xf3\xcf\xa3\xd50\x04\x0e\
6\xd85W\x8a\x9dc\xc0\x03\xef\x03\xde\xfe\xab\x00f\
\xf1j\x7f\x8f\xd4\xd4\x1c\xbev[\x1e\xd8\xd3\x08\x80\xa7\
\x01\x98\xeb\x8f;\xc7\xd2\xbb\x06\xe8\xb6(~V\xfa\x0b\
\xc2(\x80\xf1?\xe3<Fz\xe6\xfd\x01\xf5\x1a\x01\xfb\
\xb1\x87\xb1\x08-\x0e\x94_\xcf6!+\xfa\xb6 \xb8\
\xb8L\x84\x8e\x0d\x83\xa0\x18\x1d\x81+\x91\x83\xf0q\x98\
\x97\x9b\xe1t\xbfs\x019^'\x0d\x128m\x9a\xa7\
\x07z\xb9\xae\xd1?\xef\xeb\x0c\xd2;0x\x08\xd1\xeb\
\x00p\x08\xe0\xdc9`u\x02\xc0\xd5\xd0en\xed \
\x00>\x1aC\xf4\xf8^\x5c\xf7F\xccLs\xb8\xe9\xf1\
\xdb\x83\x87s\x8a\x86\x5c\x05El2\xc3A\x0b\x9d\xb2\
\x82@\x82\xccL'\xc4\x8a*\xa7s\xac\x02q\x9d\x9f\
\xde\xbe\xf2\xff%2\xce_\xd2XXx\xff\xc4\xc0\xc5\
\xb17\xbf\xf8\xdd\xb34\x02\xaa\xbaXb\xee)\xd95\
r\x90a_ BR\xe5&\x82r\x0e\xf5\xa0&H\
\xdby=\x1e<\xb2>\xa4\x93\x22\xf2G\xc1\xd4\xca\xe8\
\x81\xe7\x87\x82w\x08\xfa~\x9c3\xfa\xa2\xd3\x9f\xf4\x98\
\xa0(T\x04B!\xf4\xaeX\xdfz\x0c\xab\xf3\xc7\xb0\
\x99\xb7\x98\xb4\xdb\xae\x7f\x93\xafGU\x02=\x8d\x95\xc8\
\x90\xf9 ;\xfal\xab\x03\x04bz\x80\xa0.,\x80\
+4rpW\x85\xf7\x04\x90\x05\x90\x83\x80\xde\xd3\xec\
\xe1\xdd\xd8.\x98\x05\xac\x112\x22\xf1\xfb\x92\xfe\x96v\
\xf3gW\x89\xdc|Du\x94\x82\x83\x125k\x19[\
U\xff\xa12\xb0\x82\xc8\x05\xb4\xe6\xcb\xbe\xed\x1amF\
F,\xdc#\x93\xd6l\xc5\xd2(a\x03\xc1y'\x14\
\xb7Z\x0e\x1c\x1d\x90h\xac\x22\x90Y\x02\x80F\xd8\xb6\
\xb5\xff\xf9\xe1?\xc4\xd5[\xb7\xf8\xc4\xd3\xf7b_\x0f\
0\x0b\x17\xb7i\xe4c\xc5\x95\x9b\xd0\xb0Bs\xb0\xe7\
\x0e{6\x8bM\xd9;\xc0\xb7\xb4E\xf3c\x06X#\
\x15K\x03\xc0\xe0\x11\x0d\xf6\x1e\xd8\xc5\x0e\xceY\x91\x9e\
\x87\xf4\xb3%\x83\x8d\x7f\xa6\xa9\xe1\x1e7\x8b\xf3\x00\x0b\
\xd5\x03^l\x07\xc4R97\xbf\xa2Dd\xf4\xe3g\
\xf4\xd2' \x0da\xdbIPc1\x06\x15\x1f\xcd-\
\x1eSbA)5N\x1fV\x0dl\xd4\xca:\x06\x87\
\x1f\x9e\xc3(\xc2(\xb9\x9a\xa0\x89\xb56&\xd6\x0e\xe2\
\xd7\xf1\xdffX;\xdd\xaeV\xc7\xa5\xdd\xb6c\x8e\xda\
u\xf7\x92\x18Y\x98!8w\x0e\x98G\x05f\xc1\xd4\
\x04}\x00ft\xdb\xd6x\xb0t\x8a\x15\x00j\x16\xf3\
\xa9\x83\xb7\xa7\xa8f\x08\xfa`r\xc8\xda\x07g\x1f\xe3\
\x87f\xd3\xa7\xbe\xaf\x88\x19\xa6\xc0\xb0R\x0c;\xc0[\
\xdf*\xf8\xc0\xef\x0b\xd6\xa2\xe8\x0309\xf8G\xe7\x89\
\x00\xee9\xf5\x09\x8d\x03\xb5\xf8N\x80(#\x83R\x0c\
\x04\xfe&=\xf7\xfe ~1\xe2\x17rI3\x9e\xef\
\xd3Q\x00f\xe4\xa6:\xea\x96\x9a/a\x8bTC\x01\
c_>I\xbd\x98\xc0]\x0c\x95\xa2#KX\x17\xd1\
%\xb09\xa8\x05&\x10\xc4;\xbc\xb8\xc5\xfe\x06\xd7)\
r\x84\xe3\x82\x16\x08\xfad\x0b*\x9b\xa4h\xeeE\x17\
\xa6\xcf\xce\xe4\xb0\x95Z\x9b\x0e9~\x1a\xd8;\x03\xbd\
v\x09\xecK\x10@\x8b\xfa\x07D\xe5\x97\x0a\xa20R\
3\x9d\xe5\xd6O\x82\xb9\x8f\xd3V\xf1\xb8\xa1\xc3\xe9D\
\x19\xbb\xcbN\xa4E\xe3;\x84\xe4E\x145\x0a\x08\x0b\
9\xc2`\xc8\xf7\xe2\xf7\x90\x90\xe3p\xe3\xf2\xdc\x12a\
\xc9H\x02GE\xa3\x02\x1f\xf7\xf5\xdfi\x05,\xa4G\
\x80\xb5\x85\xa4\xc9\x10\xa9PI\xdf\x1a\xba\xe7\xbdi\x83\
\x86u\x0aS\x0a\xdc\x1d\x10\x8aE\xa7>\xdb~\x93\xca\
\x00\x09\xd0\xa4\x0d\x8f\x09\x86\xad\xffM\xa0\xe7\x1e\x01\x91\
>h\xea!lA\x16rx:\x81c[\x09\xd0\x80\
\xdd\xbbOb\xd8\x191o6\x96\x7f\x8c\x06<0O\
\xde\x1f\x8e\xe1w\x9d;\x7f\xb4{\x05\xc3\xc3&\x8e\x9b\
\xb4w\x9e\xa3![\xbc\x8e\xf8\xe7\x00T-\x8fD\x0b\
\x9b\x95\xf2\xe5q\xa3\xd9\x10Z\xa6\x05\xe2<\x1e-\x90\
\xee\xcb\x80\x1c\x0e\x98V\xc8\xb5\xc1>sd Z\xb8\
\x1e.\x8dp\x1c\x05\x8b@-\x806\xdff\x93[\xb1\
\xc2\x0b\x81D\xbc\x96\xc4!(H$\xdc\xd8\x1e\xb1\x8d\
0<,\xa7\xcd\x04\xc5\xbb\x07\xb6\x99OP\xd4\x92\x93\
\xc7W\xe9\xe37\x1e~?\xaen6x\xe3\x85\x17b\
\xc0\x8c\x83\xbe\xb1p5\x14\xb6\xc4\xa8*~\x89\xc8J\
D.\xcb{IF\xc5 \x83\x01\xbaZ\x8bb\xf5\xd6\
\xbf\x8a\x01\x83\x8eXy-@\xc3I\xac\xdai\xef\xbe\
g\xb9\xf4\xd9\xc3\xfd\xeaJ\xb2{\xd8^\xc0\xcdh\xbc\
K \xbf\x17D\xef{\xce/\xd7\xd0\x1b\xe8\x1b\xa0\x09\
\xd8j\xdbC\xd0\x06\xcb\xd8\x88\xc6|\x9b\xf1\x115\xd1\
\x85]$\xfe\x8d\x0c\xa8Z\xf4\x8bKx\xa7P`\x16\
5\x98\xa0\x9e\xf4\xb0e\x88M\xd5\x97\xb1\xd9j\x01\xd6\
\x04l Q\xfc\xa7\xf06\xdb\x9a9i\xee\x05\xb4\x15\
\xdb<2K\xb3\xd2(rv\xc1aW\x1c;!\x98\
\xd7\x82~(\x98G\x8dt\xc9\xd6{Ft1@\xb6\
\xf4\x8d\xaf\x08P\xb5\xc6A\xcdZ\x06wa\xb6I\xdd\
`\x92\xc0%m\xc0\xe0\x0b:z\x03\xda(\xd86_\
\xd3\xaf\xc0[\xdf\x02|\xf4=\xc0\xee\xca\xeb\x0cf\xf5\
M\x9d\x0c\xe0\xb3\xb3!{Qt\xd8r\xbf\xc9\x8c\x82\
\xda\xcb?>\xbb>\xa0IE\xf0v\x80`\xd8Z\x9c\
!\xac\xc5-\xb2^\x00\xb0\xe3\xb5\xd6?5\x17\x0a7\
:\xc8\xbe\x83\x17H\x00^\x8d\xcf\xb1(\xd0g\xe3e\
z\xf0\xae#Sg%\x0f\xc63x\xa1-\xd0b\x19\
\xb5\xd6aE\xc4\x95\xe7\xc0\x1d3I\xc1\x0d\xdd\xd5m\
Ya\xdcOPw5\x0cL\xd0\xa2k\xa1\xb0\xce\xaa\
\x1dn\x0dB7\x1d8\xb3\x02N?\x07\xb8\xf2a\x9b\
\xd06\x01U\xd7\xd1I\x84G\x92\x81\xd0\x81\x1cd\xa0\
\x8f;\xa1\x5c\xbe\xac\xee\x10\x89MB\xc8\x85\xd5s$\
0\xd99I\x0c\x05|\x8e\x8a\x11\x10\xca\x8b\xd7#\x86\
'\x86F\xa6_\x11\xd1\x92\x98\x86\xd0\x80\x9a7E\x1e\
\x03P\xbe\xfd\xae\xbe\x92+\x8b\xf8o\xb6\x05\x16\x06\x80\
,\x0e\x92\xc5\xb5\xe9\xa9\xf7\xb0p\x12tKyB\x1a\
%\xc5\x0a\xe2\x83\x93\xb0v\xbd\xce\x0b/\x9f\xc1yP\
\xfd\x06\x8d@O\xe5LAa\x0e\xaf0\xaazO\xef\
Pl\x22\x89\x804L\xc4\x95\x97\x87\xfa\xc8\xc8\x5c\x06\
(\x0d\xd05\xb0s\xd7)\x8a%\xe6\xae\xe6\xd1\xfb\xb6\
\xbf\xcbF?Lc\xd8\xfb(\xf2\xf0\xdf,-\xe0F\
SG\xec\x0ahr\xb8\xbcN\xbc\xf7\xb8h5|I\
o\x93G'\xe8\xdc\xb3\x9e\xc0\xc1<\x12#a<\x14\
\x82\xdav\x87 \xfbk'\xa3\x90\x97\xc8(\x1a\xd3\xa2\
J@DV\xf6\x83Z\xd5\xe7<\xbc\x09\xa4\xb5\xea\xe9\
\x00\x19\x8c\xd8:kF\x15\x07\xcf+z\x08\x97\xcdU\
\x82\x1fB\x5c\x19\xf1@\xd8\x1b\xd2\xd4\xba\x0b\xc2\xe95\
Y.u\x8d\x15\xde\xf9\xe4\xc7pi;\xe1\xb3\x9e\xf3\
\x22\x9c\x18N\xe0\xba\x1e\x06/\xa8\xd7\x05\xd8\xb5\xe9\xa9\
\x14\xc6\xf3\xb7VnEf\xf3p\xbf\x98_\x0c\x19!\
\x180{\x82Xd\x8dIGt\x0c8\xa6\xa7\xb1\x96\
=L\xe8\xa8~\x9f\x99\x85\xf6L\xec\xd8\x05\xd8\xf6\xb5\
\xbd\xd0\xb8\x0bC\xe4\xe2Mx\xd2G\xe4\xda{\xce\xad\
\xadn\x91h\xe2\xa1\xc8\x16\xb8\xf0\xeb\xf1\x81z\xa1&\
e\xd3\x9a\x19;\xab\xa9\xad\x8ch\xca\x8e\x82\xa4\xbbO\
\x95\x88\xdb\xaf\xde\xa1\xd1\xc7:\x91\xdf\xbc\x9egv@\
\x9d=\xc2\xca\x16\x163|\xc9\xa5\xf8>\x03\xfe\xc0\xcc\
\xe7s\x8f\x03{FF_\x80m\x17\xec\xed*\x86]\
\xc1d\xdb\x1fF\x14\xa4\x89\xa0O~\xadfFq\x9f\
\xd5\xf3\xfd\xc6\xe7\xdd\x1e\xcc#[f0\x84\xfaT\xab\
U\xe8P\xf4\x11\xee\xf9\x03:\x0av\x8f\x03\x97/\x0b\
\xde\xf1+\xc0\xd5\x87\x81\xbd=`\x9a\xdcg\x13x\xca\
\x88\x9anv\x01\x99\xec\x0f\x00\xd3\x02\xe1\xa1kr\x81\
\x09\x87\x1b\x02\x04z:\xcca\xb1;\xb80Z\x008\
\x98\x96\x98\x90\x0bR\x00\x18#r\x04\xcf\x88_K\xb9\
\x01\x8b\x0c[\x19\x0f\x109oF\x0f\xc2\x8bG\x8e\x99\
\xc0\xe0F\x80\xd0\x08\xea3\xach\xa2\xfeN#\xe2\x88\
!Q?\xf3\xd8\xa8\x84\xa7a\x82|/H\x83\x88\xd1\
\x84H7\xf0;@'\xe3O9\xfb\x1c\xe0\xa3\x03T\
\xb8\x22\xab\x05x/\x80\x16\xa6\x03m\x95\x06\xe2yr\
\xaej\xf4\x00\xa1\x98\x8e\x02'\xab\xfd\x09\xee\xacm;\
b\x11\xf9y\xd9\xda96&J\xb3`y\xdd\x98\xe3\
\xbc/\xa3\x00\xf1*\x0e\xc3\xd2\x88@\xccEb\xf83\
\xc1~\xbe\xc6\xfa\xf3\xc7?\xac\x0c\x90\x1ea\x19z\x84\
\xd5\xc00\x84\x14\x86(\x03\xe2\x04\x0b\xfc8\x829\xc3\
\x22\xe2\xbf\xf9\x93x~\xda\xd8.\xf3G\xe1 \xd1\xd0\
\x90\xf2%\xfcz\xdcx\x83\x84\xf2q\xc7oa\x14$\
\xe8\xc1\xa3\x10r\x02\xd8\xb9\xed\x94\xef\x8d\xde1\xf7^\
\xc0\xde\xe68s\xf0\x1a\x1ex\xae\xd5\xb7\x83D-\xa7\
I\xe5\x1dD\xa61\xe0\x8c \x5c3K\xed\xaa%\x9c\
#\x1a\x1e\xb2v\xf8\xf6\xabv\xcf\x98\x05\x82}'\x0f\
\xb8pt_\x85P\x80T Y4\x08c\xda\xa6\x12\
\xc3\x02\xdc R\x1e]\xe4\x92s\xc4\xcec\x94'\x86\
\xe9ZCnW\xea\xdeBW\xe8\xb6\x03c\x8b\xc7\x17\
\xf2\x8c\x14\xba\xa0\xd4\x04\xcc9\xd7$\x9a\xcc\x0c\xd2\xdb\
<5Q\xdb\x1f>\x0f\xc1z\xb5\xc6\x83\x97\x9e\xc2\xbf\
\xdd\xbc\x0d\x9fv\xeb\x8bp\xef\xde\x05\x5c\xef\x87\xc1\x0b\
\x06\x9c!R\x00\x10}\xeeC\x1c\xd5\x96\xd8\xd1C\xe0\
\x8e|\x8dM\x7f\xd0\xd0\xb0\x82\x88o\x00\x845:F\
\xacq\x06\x03V\xd8\xd8\xce\x04\xb0\xac-r\xc9\x5c\x8f\
aB\xc1\xda\x00\x8dT\x97Q\xadYq\x9c\x98\x112\
\x17\x11\xea\x80\xaf\xa9g\xdeQ\xad\x06*D\xcc\x80\x83\
F\x83\xf8\xa4\x0dh\x9e\x0ap\xf5\xad\xb9\x9d\x92)J\
3\x1e\xb9\xdd0\xe7\xb9!\xd3q*\xd6>\x98K$\
\x15\xc8\xa2:\x86\xf7\x8d\xeb<}\xe7\x1c\xa7\x88\xa8\x1f\
!\x0c\xd0\xc0\x14u\x99v\xac&\xc5\xad%\xb0\x02\xeb\
\x1d`}Lq\xfd\xbaX\x0b`\x97\xad\xae\xc0\x96F\
c3\x10\x88r:\xf5\xfc|\x80\xa0+h\xb8\xcei\
\xce\xbe^\xf4\x87f\xd7\x1ew\x81q\x0f\xf8\xf0\x87\x81\
w\xbfE\x81+\x96\xef\x9f\xb6\xec\xe6\x98\xab#\x94k\
\xd2\xfd\x9b\xa8\xe0\x8f\xca\x7f\x9ao\x14\xca\x14Pa\xd8\
\xdf\x8f\x8fhbp\x06\x13F\x04c \x9e\x8e\xf7\xa8\
@\x13Ek\xf4\xce+\xe0\xf62\xae\x0a\x10G\xcem\
\x9c9'(\xaf\x11\x91]\xbf\x9f\x18W\xda\xaf\x5c*\
\x81#/I`o\xae\xcf\x9a{\xfbp\x86\xe8jN\
\x80\x1b\x83q/\xdb\x9a3\xf4c\xecm\xc0\x17\xe9\xa8\
\xb3\x85l\xba\xa70\xb7\x80\x9c9\x07m\xbb\x10\xef\xff\
O#\x00\xd0Hk\x066\xc5\x13\xd2\x93\xe7}\xd2H\
\xd1J\xc6\xc5\x18\xfc\xb3(j\xbd\x94}\xc5\x08\xa6\xd1\
^\x1c\xcb2J\xaeq\x1bq<\xf1\xbb\xf91\x8e\x1d\
\x95\x9a\x0e`\x8b\x94\x049\x9aiM\xcda\xe4,\xa4\
N\xbf\xd9\xc8\xc8\xc3\xc7g\x07\xfd\xe5\xa9\xb5\x82\xdf\x00\
\xdd\x04\x8a!\xce\xb0\x88\x5c\x983\xbf\xef\xe7H\x19\x8d\
\x83r\x84]\xa9\x15\x90\xdf\xdb\xb4X\xc7\xb8\xa3\x06\x05\
\x95\x17X\x1cAc\xa7Z?AA\x02N\xe6X\x18\
\xd6\x8es\x9a\xa0\x8d\x16\x9a]\x9f\xde\xc5xz\x0fS\
\xb7\xed\x7f\xfbl\x11\x80\xdc\x14)\xc9h\xf3\xea\xd60\
\xbb\xfc1\x01\xcc\xf0\xa7f\xeb_\x03~\x03\xe1\xba\xc4\
O\xb4\xd0U\x90\xe9>?6v\xae\xa2&-z\x86\
Q\xbf\xd0\x1b@\x16+\xa2\xe8\x0b\xd50\xc4\xe2\x8a=\
\x95t\x5c\xa3\xa6\x19\x90s\xa4\xbd\x85\x17\xaf\xb3B\x06\
\xee\xc2GcA\xa0`\xc5\xbfy\x12\xd1\xe3n\xa6\x02\
n\xbew\x80\x87\x11\x85\xcf\xc8i\x15\xa07p\xd9\x22\
|\x0d8\xc7\x0d\x85yz\xd4g*\xb1\x05\xac\xa0c\
\xa5\x03\xae\xde8\xc0\x7f\xf8\xd8;\xf1\x86\x0b/\xc0\xab\
\xce\xde\x83Ig\x1c\xea\x14V\xfd\xb2\xdd\xaa\xbd\x89|\
:2\x0b\x0e\x95\x00s\x95\x01\xaa\xa3\x01?|\x03 \
\xac\xd1\xb0\xc2\x8c5Vr\x06\x80\x01\x97\x0as\xe3\x0e\
\x03J\xa3\x19\xd1'\xde\xd1\xc7\xbcn!\xd8\x9a\x22\xef\
\xaa\xbe\xe5/;\x1c\x98\x91\xc0\xadM\xd4\xe5e\xf2\xeb\
Q\xc10\x84\xcf\xe3gdM\x81s=\xac\x86\xc1x\
w\x84\x19@FV\xe3\x87\xa3\xc5y\xad\xdb\xf5-\xc7\
n\xc7\xcc\xdaM\x7f\xb3nE\xb8\x88\x8bbat\x18\
\xbc\xa8z\xf6i\x9d\xdd\x13\xa2.\x18`-\x8f\xb9k\
\xe0\x10#\xb51\xef\x0e\xc0\xb1\xe3\xc0\xe3OY\xd2\xc5\
\xe4\xb6\xa1kGk\x16\xf2\xef\xb3\x17\xbe\xcd\x88\xed\x83\
\xab^\xee\xce8,p\x83\xaf\xf97V3\xfe\x1c\x8f\
Y\x93\xa0w\xfe\x16\xf0\x91w\x03+\x15\x8c+\xc5\xe1\
\x942c\xc16o=M\xe0R\xaf\xf6\x8f\xca~_\
\x22\xdc\xa7x\x92%XOa8p>R\x98\xab&\
\xf6%\x83\xfe\xbdFZ\x80f\x8ez\xee\xdd\x09\xeb\xe7\
\xe4\xbf\x82\x88ci\x99\x17 du\x11Upp\xa2\
\xae\x0e\xd4\xa8\x0a\xd5\xdfk\xfd\x1c\x06\x8f\xcf\x1cs<\
hfT\xb4\x98\x00\xd04\xa4\xa2)\xa6{\x01\xdbb\
%\xc3\x01\x80\xdb\x08k\x07d\xf4\x9a\xca\x12\x05\xe8\x80\
l\x148~\x0aX\x1f\x03\xb6\xd7\x11\x8a\xa5\x22\xa0&\
(\x92\x07\xed\xde|FW.\x22\x80\x0e\x80\xcc\x11\xd9\
\xe59\xc9\xdf\x1c/\x92\x16=u+\xf5\x98V+\xc2\
\x1dY:}\xec\xad\x91\xe1z\x0dZ\x18\xaci\xde\xcf\
\x8d\xd9\x92\x19\x0c<\x08}\x9f\x97\xc8\x17y\xbf~<\
\xf2\xfa\xef\xd4\x00T\xe5\xc1q\xb8\x97\x0c\x94\xc2\x1d\xbf\
\x91J\x82\x7f<\xac\x1f\xdb\x08\x12\x08\xc0^$`i\
\xd0h~\x1f\xd7\x91\xcc\xf63%@\x85\x0aED\xac\
\xc2\xd3w>\xcb\xd4\xb2F\xb5r\x84\x91\xc3 Q\xf3\
\x06Jxrua\x0fmw\x8dy\xda\xf7\xfc?C\
\xed\xea\xb2j\x13\x18=\xe8\xd9\xdb\x7f\x9e\x81\xed\xe4\x80\
\xcd\xc1\xd9\x98\x8cvv\x1d\xf5\x9e\xff\xd2S\x0e\x95\x0c\
\xaf\x8a\xe8\xd2V\x0c\x06Tc\x81m\x1e\x9d\xc1\x9bX\
mL#\x91z\xb7\xd0\xba{w\xbdkD\xcf\x00\xcb\
\xcd[QT\xcf\xd0\xd1\x22\xd5\xe0\xf3\xe2\x91\x80\xf0\xc6\
\x89`nl\xe9\xdcm\xc3\x1f\x98\xd7\xc6-\x88Mp\
\x8d\xd8\xcc\x82\x19\x9d\xe0]\x16\x19vs\x8b9\xf8\x02\
\x16I\x1d\x9c\xef\x9aB\x07\xcb\xd3\x08Hw7\xfcf\
\xcb\xe3\xeb\x902\x0e\xb1g\x1d{C\xef\xc0[\x1e\xfb\
\x00\x9e8\xbc\x8e7\x9e\x7f!\x8e\xad\x8e\xe1\xfa\xbc\x01\
$\x8b\xd9\xccK\xd7HK\x19\xdb4g\x19;\xa2\xc9\
\x00\xd1,\x04\x9c\xd4\x9a\x005]\xa1\xcb\x08\xc5\x88\x19\
;\xd8\xc1\x89\xd0Y\xb3r\x11\x98=\x9fj\x0f\x95\x1f\
\x1d\xf2\xfc\x89'WJF6\x9fW\x9f\xb7\x9a\x1b\xe7\
\x8bF\x85\x1d\xca\xe8\x98\xbd\x9f\xd4B\xedLU\xce\xf1\
\x1cJ\xbb\x09\x1e\x1c\xb2\xdf\xc5\x01\x93:\x92\xf2\xec\xb2\
\xd1@\x07N\xbd\xf1\x90\xa7\xbf\xa2aR\xe6\xff'\xb1\
bA\xf5\xf0>\x0b \xa3@\xd8\x9f\xa5\xb9\x11\xcdc\
\xd8\x9c+\x15\x19y\xc5x\xf6\xf8q+\xfeS\xbf\xe7\
\xac\x0a\x1d\x1b\xb8\xb2\x96-\x81\xbb\xe7d;;aR\
\x5c5\x88\xe5k\xfc3\xb2\x83\x06\x8c\xc7\x14O>\x05\
\xfc\xc1\xef\x08\xae=*X\x8f\x80\xce\x8a\xed\x94\xcaU\
\xe1\xd7\x0f\x99c,\xc0\xb7aR]\x82\xbb(\xd8\xe0\
\xc3\xfa\xebw[\x13\xefB\xcf\x1dBc\xef\x81\x00\x0a\
&sXbX\xbf\xa7\xeb\xe1\xc6\x86\xe3\xc6\xcd)\x06\
\x8ex\xe9\xa8\x98.\xee\xa9s%\x08\x9e\xef\xe1\xe3\x8e\
\x5c]\x1d\x03LZ|\xcba\xc6}\xec\xfa\x5c\xbe7\
\xe4\xb8@\x06\xc0R\xcf\xb7\x8cxh@+\xec\x19\x22\
\xc2:[\x0f\xe6 8\xbd\x94\x12\xd1\xe8\xb3\xad&\x1a\
\x1at3[\xb8h\xf7\x04t\xf3\x98G\x22})\xa0\
\x17\xee\xb2z\x9f\xa8\xaa\xf9Pe\x0c4\x86\x10s\x1f\
$\x10)s`\x82$\xe0j\x0c-4v\x5c)h\
[\x9f\x92{\x13xL\x1b\xdc\x0dpa\x98T\xdc\x04\
\xf9\xad\xcc\xa5\x17v\x86\xb1\x90\x16N\x90\x1eA\xf6\x9b\
a\xbf~\xb3\xd8\x0c\xe8\xa6\xa3\xf4\xc8\xe1\xce\xa8G\xf7\
+^\xe4g\xea\x03\x10(\xec\xc9]\xf9\xf0Q\xdd\xb2\
\xa5\xc0\x97AP\x84\xc5-\xa3\xc5\x83\xd6\x98\x86\xa8\x87\
\xed\xe9\xb3E\xc67\xc8\xce\xa1\xf6\xb8\x97\xe6\xb9\xe2y\
i+u\x8e\xbf\xdd[\x8eCDl\xf9\x9fG\x00R\
\xf3\xe6\xe4$c\xc3Z\x02\x13\xd8\x85\xcbB\xfc\xb95\
\x82R\xee\x94g\x85l\xec\x04\x18tv\xe5\xcfP\xbf\
\xc2\x80\x95\x05\xc3n\xfcF\x11\x90\xfaF3n\xdd0\
\xbcO\xef\x0c0\xa1b[\xc4h\x08\x02*[\x07y\
\x05<\x9c\xe3`P\xcfwf\xe5\xcc\xa8)v\x81@\
\xbc\x19\x0a+\xb8\xa4\xbbr\xa5\xc1\xaf\xb06\xc74\x0a\
\xf8jN?F8Z\xb3\xa8\x05\xd4\x8bv\x9cbn\
P\x88\xf7\xe4\xb7\xeb9M\xc8\xbd\xceR\xea\xc6Cw\
#g\xd5F<p\xf9q<\xb99\xc0'_x\x01\
\xee>v\x0b\xf6\xfb!\xba\xcei\x8a\x16\xe6\xb3f2\
\xcd\x9b\xe64\x9f\x0bSlf,\xac0`(\x95\xff\
#\x1a\x06(\xf6\xb0\x87c\x88\x9d\xe6\xc0\xeav\xe3!\
\xce\xbe\x81\x12m\x7f\xb1\x8d~`t\x9f\x91\xd1\xa5\xee\
\xbc\x22\x10l\x94F\xb0\xd3J\xb2d\x89\xdd\xfb\xe2\xda\
.#\xe9Is\xb2\xa8\xa6\xc5\xa3\xaa\xd9TG@\xe3\
\xc3xi\xeb\x04\x1d\x92B&\x0b~\xfdA\xa9\x84\xec\
\x98\x19\xeat\x13/\xf66\xbe\x8ct\x85\xf3\x8du\x07\
\xa4\x1a\xf3\xf1K\xa6:\xc6fv\x1f\xf7\x05`\xb1\xee\
\xc9S\x80\xae\xad\xf3\xdf\xd6\xd9\xbc\x8bb\x9e\xbc\x9d2\
4\x8d\xce\x19\xeeh\xb8\x06\xf0\xe8EW\xf5-~\xc1\
\xcd51\xee\xd8\xfd?\xf0^\xe0\x83\xef\x04\xf4P\xb0\
\xde\x01\xfa\xa4\xb9\x5c\x12\xa4K\xf1\xc2\xe1E~\xf0F\
>}Fn\xea\xdc\x91]\xbbBP]\x17\xd00 \
M\xd5\xa2\x09:\xe7<\xa1\x14\x06F\x5c7C\xc9\xa1\
\x00\x96\x90\x92\xffF3 \xc9C\xdc(Q!\xa0\xf2\
T\x82\x86B\x0a\xdf\xa6\x1b)\xfe\x7f)<\xe6\xe3\xa2\
\xe1Q6\xfa\x812bQ\x05\x92\x9f]q\x1e\xad\xbb\
\xe1\xd8\xd5\xa2\xbc&\x1f\xd9\xc3\xc3\x86\xa3`\xab\xec\x88\
\x04\x80\x1d\x98,\x02\x80\xed\x0c\xec\xee\x00'\xcf\x02\x97\
\xfa\x91\x15a\x06\xb6D\xf4\x05\x88\x07v\x17=^1\
\x8f\xbf\xcb2\xd5\x18\xcf\xa8\x92\xe3\xa5\x06\x974o\x80\
\x8a\x7fy9\x92\x86\xd7\xa0\xdd\xc6\x96\xc16T\xc7\x8d\
2W1\x06\xf1\xf4\xf3b\xfe\xcb\xcb\xefi\x05\xb1\xfa\
\xf1\x0e\x81\xa2\x18\x00e\xda\xe3\x1b\xde\xd2\x14\x9b+\x19\
\xd0Cu\x82\x0a\x09\xc4\xf0dQXd\x94\x18\xf4\x92\
\xd6\xb1\xb3R\xdc\xb8\x10T\x10\x9e?-\x19\xfb^\x8c\
\xf1x<\x8a\xf7\x1ea,\xa4a\x11\xe7\x94\xe7$\xf8\
\x0b,\xda\xd3\xd4\xaa!V\x00v\x80\xd5\xad'\x5cA\
vk\xf59\xf7h\xd7\x1b\x1b\xfbpR\x08\xb8n\xd1\
Yn(\xe4.&\x1e\x8b\xf3\x1c\xc0(\xcb\xea&\x0c\
'\x8b\xd7\xec\x92i\x02^Ki \xb8\xe7\x1a\xf7O\
\xbd\x13\xd7w@\xcb:\x00\xd2 k\x07\x82\xad4\x0d\
\x01\xf1\xf0\xae\x11\xdf/\xee\xc6\x81K\xa5\xdd[\xcd\x82\
Eo\x11Y\x89\xde\x0b\xf0I\x8c\x88\xa4\x09\xab\x8d\xa8\
0\x1b\xe5\x93qb\xa4\x91&\xd2\xbc\x0dl\x86\xe4\x01\
W\x06B!\x81u\xfe\xd4n\x1d\xdd\xd8\x89\xccW\x22\
\xac1\xe0\xea\xc1>~\xe1\xd1w\xe3eg\xee\xc1+\
O\xdf\x83cm\x17\xfb}\xeb\xfc+YC\xe5D\xb4\
f=\x8c\x04X# \xf1\xed~5:E\x8d\x80\xae\
\xa0\xb2\xc2\xa0\xc7\xb0+\xbb\x98\x08\xcaN\xe9Y\xd4\xb6\
\xe5uyI\x19\xb2~\xfd\xf3bF\xd8t\xc7AK\
\xdc\x0ft\x81\x99\x94F\x81\x85\xe0;\xb8\xde\x9f\x9b\x98\
X\xf1 W\x15\x0c$\xab\x83;A\xb86\x09\xb2\x08\
\xad\xb7\xed\x85\xc4F@\xb6\xaf[\xf7\x8d\x85\xcc\xa0\xe3\
q\x93\xa7\x00\x07\x086\xa0\xe9aJlB\xc7\xe0\xbf\
QO\x9a]h\xcf\xce\xc8H\x83\xc6n\x81]m\xef\
\x81L\xf9\xd91\xa3\x9f\xbb\xbb\x07\xcc+\x8a\xacD%\
\xfe\x0cE\xf7fR]\xd5\xd7\xe6\x03\xdc\x9fB}\x09\
\xae\xaa\xb2\x96\xd3Z\x047\xc5zOq\xf1\x22\xf0\x87\
o\x15\x5c\xfaX\xc38\xc0\x0cG:\x88`\xa6\xdb5\
^\x01\x1f\x03\x7f\x8f\xef\xa8\x22\xd7p\xfb\xd2\xd3\xceU\
\x00F\xe5\xd0\x09>\xfb\xb6!\x90\xa2\xeeYa:k\
*\xca\x82FD\x11\xe8\x00%\x8dkg*\x01Xv\
\xa0\xeb\xc8B\xbe9\xbf\x8b\x08\x00\xf9\x8a \x86(!\
\xd0\xc5=\x10\xb5:|\x89\x8f)B\xd7\xe8@$\x80\
\x8a\xd5/\xde\xbd\xb0\x02>\xf5\xb0h\x1a4\xeeA\x98\
|\xb7\x04G\xeb\x15\xee\xdf3\x05\x22\x16\x81P_\x05\
\xa1\x03\xd8y\x15\x1d\xc0\xde\xc9\xb8_h\xbbr\xfb\x80\
\x22b\x07\xd7\xa0\x0a\xc2\xc9\x09\x00\x0f4\xf7\xebEH\
\x9e\xce\x1d\x95nP-\x0f\xd7zS\x09L\x0ag\xab\
\xd0C\x83\xa69XE_8\xd9\x80o\x19^\xe7!\
\xf0L\xea#\xe6\xef \xbf\x92?\x97/~\xf3\xec)\
\x00b\x88\xd6[9\xc4W\xc3\xc2]\x09\xad4'\xb8\
\x04x/\x0bFh,\x14\xf2\x01\xa1\xd8\x01\xe6\x03\xac\
\xb8\x89a\x7f\x00\xb240\x96\xfb\x8e;e\x22\xef\x9f\
\x18\xa3>\x0e.\x0d\x94&\xd0\xc1#\x00M\xac\x8d\xa4\
\x08dO\xb0s\xee\x04\xb8V\xb3w\xb5\xad\x7f\x19\x12\
T\xd2\x85y(u\xe0d(\x10\x88ey\xeef)\
#\x08\xaa\x16-\xf3\x14\x01{!\x88\xe7\xc0\x01\xb8\x03\
!\x0b\x03\x81\xa1~\xb8A@R\x05\xf8\xab]\x0b^\
\x98\x08E,;\x0c\x0b\xb2x\x8aB\xa3\x89s\x1bV\
\x93\xcf\x8b\xe7\xd9d\x08\xa8\x0e\xb1\xca\xa2\x96\xb0\x19\x1c\
\xc4-\x04ka>\xff\xb2\x01\xde\xc9'\xf8\xc5\xa2\xa3\
\x04x\xff\x97\xd1\x0eq\xa3\x87\x1b\x83)kGP6\
\x12\x02\xb4{d@\xab\xf2q\xa3\x94]\x1a\xbd@p\
Rn\x8a\x04\xbc\xe3\xa9\x0f\xe3\xe1\x1b\x97\xf0\x86\xf3/\
\xc0\x9d;\x17p\x80\x09\x1b\xcc\x90\x10D\x0beX\xc4\
\xc9\x22\x0e\xeaQ\x13\x91\x11\xf0:\x00\xf5}\x00\xba\x8c\
\x98t\x85\xb5\x1cC\x93\x11\x1b\x13]J\x88O\xb9\x81\
9\xbdw\x9bF\x07a\xf2\xbb\xcbW<\x9fF\x8c\xc9\
\x8d\x11\xfb\xc5\x83\xbf\x10\x07\xff(\xab\xf4\x1a\x09n\x05\
\xcci\xe54\x00\xd64\x87`\xbe\x0d\xf9u3\xc7\xe9\
\xefA:LN\x0d\xb6\x01\x9e\x9dG\x1a\xbc\x87\x85Z\
=\x82\x99B\xe2\x10\xe0u\x0c.g,D\x8c\x94\x9d\
?\x03\x1b\x09e\xbf\x00;\x9e\x9b\x1dyP\xcf\x1c;\
\x00;;\x82\xb6\x0b\xf4\xad)A\xd6V\xcc\xbe\xfb\xec\
\xcc\xcd\xb8\xdc\x98\x0f=\xa1\x5cVh\x0f5\xc3\xf2\xfa\
\xb3\x02\x1fx\xaf\xe0\x83\xefT\xcc\x07\xc0j\x0d\xcc\x13\
\x95\x99=w\x0d\xc0g\x9e\x9e\xf2>\xc5\x5c\x09f\x88\
\xce\x9cm$\x08\xbaP\xf6\x19\x11.\xa7w\x1e\xfa\x8d\
\x80<\x97\xbb\xa9\xe7\xcc\x19\xad\xf4\x15\x07\xb5\xc8G\x9d\
\x13$\xcf\x89\x82G\xd7\x8f \xb7\x84R\x11\x1bKp\
F\xea\xc8Z h\xc6\x92\xef@\x18\xde\xba\x83z\x00\
\x0e<\xdf\x18U\x1f\xcb\xe7\x8e\xcf\xbe\xf4Vx\xbe\xd3\
\x88y\xd9\xb8\xbf\x87\xe6;\xfc_\xaf\x1f\x80@<j\
\x1b\xb2\xa0\xb3;>\xcd\x0c\x84>#6|\x98\x01\x1c\
;m\xe3\x16\x8f\xd0 \x87\x93\xdd\xfaH*-\x16\x0f\
\xc7\x9f\x8f\x10\xe4\x95\x94\xe7%V\xe5\x9b\xe8\xb5\xa0l\
\x02\xc5\x1f)\xbb\xd4\xb7\xfe\x9b\xcb\xa4\x1c\x91\xfb\xa8\x1b\
8\x1aa\x07\x0d\x0b\x9e_L\x860\xe8x4#\x97\
\x1a\xf7\x8e\xcb\x1f\x1d:\x9em3\xa0\xc5;\x05C<\
\xa1\xf0} (\x9fm\x0c\x82,\xccs\x83\x81\x03\xe6\
\xb1\xa2a\xe1\xd0\xe3$\xb1\x12\x5c\x22\xfe\xe0\xcf\x95L\
\xce\xf0\xe8\x22\x94\x13\x0c\xaaa\x89U\xc5c:A<\
-\xa1\xee\xb1\x9a\x85\xa0\xcc\x0dj\xc7\xea\xc4\x0a\xeb\x93\
\xc7\xb0\xe9\xb3\xcb\xa2\xb8\x07\xee!~/\xf6`$\xa0\
Z\xe1\xf1\x88\x0a\xdb\x10\xc8\xfbV\x87L\x06b2\xc8\
\xdb<\x1fH+\x93\xe0\xed\xe4\x0d/?\xc9P\xe4~\
)o\xca\xf3\x15:\xbb\xe2\xed\x9c/\xe6\xd6\x90\xf5\x14\
\xec\xdf\xda\x06\x88{\x94\x11\xeaW\x84RQ\x22I\xcc\
\x9d\xc4\x1c\xd7z\x0dh\xceG\xec\xbf\xad%\x8c\x1c\x9a\
\x0f\xb1\x12)\x1a\x03\xa93B\xb3\xc6.\xa2bF\x02\
\xf5\x0f\x0b\x08c~\xad\xc8G\xbcL>\x0ay|\x8e\
Q\x0c\x86\xa8C\xe9\x8a\xf58\xe0\xe2\xfe5\xfc\xc2c\
\xef\xc2\x8bN\xdf\x8dW\x9d\xba\x0f'\xdb.\xae\xe9\x06\
\xb1V\xc3\xc1\x835\x00FZ\xf3Y\xbb\x87\xfc;\x06\
t\xdf\x0e\xd8\xda\x11\x1d\x03\xd0\xaca\x14\x87\xcc\xfbJ\
6\xf1\xb1\xdfRx)\x17\xae\x22\xaa\xed\x1a\x86\x81\x22\
C\xf5Ti\x13\x8d\x22M\xff\x934\x0e\x83W\x19\x8d\
\xa1\xf8$\x8d\xd2\x0b\xf7yt\x0cH\xbf\xce\x8c\xee\x0d\
\x14+OY\x98a`\x14\xb1fF\x06\xaa\x1d\x08\xdd\
\xd0\xfc\x19\xe8\x07Z\x8f3\xf5+\x1a\xefu\xb87\x03\
\x89\xba\x07A.\xbd\xb4\xb6\xccf4m;\xb0\xb3k\
\xe1\xfamwc\xbc\xc3\x00\xc2\x0bs!\xe2\xb9\xff\x1e\
t\x842\xcfo\xd7\x1bG`gG\xf1\xf8\xe3\xc0\xfb\
~\x1f\xb8\xfa\xb0`h\x82a\xa5\x98'\xe6`m\xe0\
\xdc\x11S\xa9\xf3\xba\x82\xe1\xb7h\x87$|\xe6\xee\x95\
\xee\x8c]0\x15\xa0F\xad\xf0\x02|\xfdC\x84\x05\x8f\
\xa4\x0b\xfa\x5c&\x9e\xf7*\x91\x07V\xc6k\xcf\x158\
\x19\x12\xf4\x7f\x19\xe6&\xb0&Xp\xb3\xb2\x885\x0b\
\xd3|\xd4!=~W\x90M\xd4g\xd7\x8b\x8f\xc9\x84\
B\x80\x0e\x85\x12\x1c\xad\x14X\xe5v\xc0-\x850\xb0\
\x83\x11\x8d\xb2\xf2\x80)\x8f\xa8=\xe8\xe5\x11|\x12\x89\
\x11\x1e\x19\xb0\x9e\x01\xb6\xde\x1f\xb3X\xc7\xd5\xdd\xd3\x90\
\xb6\x02\xb0\xc1\xc2\xb5\x14\x0a\x14\xbf)\xe1z\x92\x8b\xff\
\x95\x1c\xb2\xd1\xa7'?\xc4\x91KL9\xfa}\xbdm\
\x0d\x06\x04\xf0;-8UFz)\x86^=\x5c\x82\
<GW\xdfU\x8f;\xa5\x8cgJ\xea\xd5\x05\xe4/\
_\x1f\xd7\x00\x90\x8f\xfb\xa1|A\x06(sXS\x03\
\xb5\xf3\x1f\xbf\xa3\xc2\x8e\x09h\xc5JRz\xf94\x0e\
4\x80\xbc\x0e\x22\xb6VD\xda AD\xe49\x992\
\x80\x15\xe2\xb87\xa0\x92c!\xdb24\xb6:\xb5\xc6\
\xb0\xb7\x82\xf6\x8d\x8d\xc1S\x00p\x0f\xdbj\x01z\xec\
\xc2\x17\x0f\x87\x12\x0et\xcd\xcd\xa2\x90\xa8\xc8\xafk\xfe\
}\x82\xc2HWx\xdd\x90OrgJ\xc0\x15tw\
\xab\xce\x81\xde\x8c\x11q\x9e\xd5xo!'I\xe6\x02\
P\x97\x0c\x06\x1bwX^\xd4\x8d\x8c\x10\xe3\xc0z\xfb\
M\xbc\x0do\xa4T8\x15\x9a \xc4\xb9Y\xd4\x08@\
\x19\xff\xcd\xda\x0f\x0a\x00#\x1cd#\xc2\x16\xf3\xdc3\
<e \xa1l\xd1\xa8@\x142\x98\xcf\x19B\xcb\x0b\
u\xff\xdd\xe7R\x06-B`G\x8e*\xe8\xe8x\xd7\
\xa5\x07\xf1\xb1\xc3\xcbx\xd5\x99\xe7\xe1\xde\xdd\xdb0+\
p\xd0\xb7\xbe=tv#\x8bZ\x00\x19@\x9fW\xd5\
\x8a\x00gYa\xd6\x86SX\xa3)\x1b[\x15C\x08\
\x92k\xdf{\xa6\x00\x5c\xbd\x85\x8a\xed\x22n\xec!\x84\
\x19\xce&\xd6\x13 \xe7nRon\xa3\x08\xb81;\
\xd6\x0b\xf3\xfc\x1a\xcc}Obs\xcbX\x8e\xaa\xe9\xcb\
\x99\x86\x89z1 r\xf5\x00}\xcf\xe8e \xb6y\
\x8fM\xa1\xf5\xeb\xdf\xf1\xf9g\x03\xc8\xb88rE@\
o\xce\x8f\xd0H7\x84\xd2\xf4y\xb5\xfa\x02\x09\xaa0\
\xf4/N\x9b\xb1)\xb0\x02\xb6\x1bn\x07\xec\x8e\x1fi\
\xd7h\x18d\xb1$W\x1e\x0c\x83b\xf7\x18p\xf5\x00\
x\xe0]\x8a\x07\xdf-\xc0\xa1`\xb5c5\x04\xc4\xd0\
\xee\x91\xba\xd0Q$\x8c\xfaz}E\x82\x7f\xc4\x8d{\
\xf9\xdd\x97\x03\x86V\x9f\xf3\xe2\xdc\x07\xa0\x01\xd1i\xa1\
\xbbQ\xd0\xbd1\x90$W\xf0}\x00\x18\xf3\x7fuI\
 ?\xfb\x80-O>\x83yc\x04\xd0\xba\xde\x89z\
\x02\xca\x9c\xa7\xb7@~E\xcaY\x01\xba\xb8^\xa4\x0e\
\xa4\x00b\xb3\x82>\x02%y\xd4=z\x83\x06\x8f\xa0\
IF\x8d\xe3\x19\x9d\xae&^n(tMg\x83\xcf\
\xee\x06]\xeaSz\x0fs\xa6\x0d\xdb\x08L3d\xbd\
\x0b\x1dw\x80\xf9Z\xe8\xc0\xd4y\x05mCGk\xd8\
\x1f|\x02\xad\x87\xfa\xb7\xb11\x13\x7f\xa3\x9c\x06\xa9x\
\x01\x89k.\x8e\xcfS\xfc\xbd$\x86\x05\x1e,!\x1c\
`$K\x9d\xc67\xe7\xfc\xa5\x8e}q\x03b\x1a\x5c\
\x97\xe5\x99G\xa1|\xd1\x07\xe0\xe8+\x0e.gR\xb9\
+\x10D\xd6rB\x8e\x81\x9a(\x1f[\x1d\xa4\xc3\x02\
\x82\x01\x88\xe9\xfd\xf2`Ho\xc7B\xc0\xc5b\x95\xc4\
\x95\xa3\x03\x8d\xdcI\x84Q4q\xa5\xb0\x82\xf5\xfd\xef\
il\x88\xd2e\xc1\xea\xe41\xb4q\x00\xdc3\xe8\xd5\
\xf3\xa7\x15\x1e\xb5\x00@lO\xc6\x10\x93\xcf\xaa\x81P\
G\x14\xe6\xcd\xc8\xd4@5\x06\xa8\xf1i$\x10\x00\x17\
\x9d\x00i\x05\xfa\xc3\xab\x96\xf7\xfe\x98\x04\x90\xc2D\xc9\
\x8bL1hDA\x00\xe6\xc08\xb9\xfeL\xe1)\xe6\
\xb8\x18\x86\x0f\x0d\xe9t+\xd9z{\xae\xc1\x9fgF\
i\xf6St\x8e\x08\xacg\x80\x1f\xe7\x1d\x02\xd1\x97Y\
\xb0\xb0\x9a'\xab\x8d`hL=F\x1d0Z\xea\x0a\
\xec\xdc\xe6\xa9\x9a\x0e\xb1x0z\xb3%c\x9cku\
Z\xad\xb4\xe1\xb2^\xc7\x7f\xdd\xfc\x01\xee:q\x11\xaf\
:u\x1f.\x0cg\xb0\x85b\x1b\x9e\x8d\x0d\xc4\xba\x00\
\xfa\xd8a\xa9\x00\xdb\x0dp\xc4\x84\x15F\xec\xfa\xf6\xb6\
\xa0d\xb89(\xb1\xcc\xae;\xe0zl\x0c\xb6\xa1\x8d\
=,[J\xcfb\xf7a\xf0C\x0bk\xc4\x86E>\
&\x16\xd5\x05\xebx\xea\xa2y\x91\xa7\xed\x00m\xbf\xdb\
\x96&\x0d\x134W\x1b\xb8\x8cQ\xec8\xc7\xaa\x0c\xe3\
\xdbu7\x00\xc6\x18\x13#\x0c\xea\xdd\x02Swi\xf0\
H\xca\xaf\xa8\xd8\x82\x0e\xb1\xb4\x82z$\x8a\xab\xc5h\
\xdf\x09,BA_\xb99\xf3\xce\x22\xb6%\xf8\xa88\
l\x80\x8cFG\xd6\xc9\xeb\xe0\x05\xb0\xbd\xac\x0a\xe8\x02\
\x19\x80\xf5\xdavb|\xef\x87\x04\x1f\xfa\xc3\x8e\xcde\
\x8f\x82\xac\x80Mu\xcea\xf2\x1f \x11\x04_\x08\x97\
\xcb~.\xf93\xaf\x9a\xc7\xc4\x96O\xc0\xe2_\xde$\
\x8d\x81\x00s\x0f\xff\x1b\xc1\x8a%B\xbd\xb1\x10\x1e\x04\
\xe0\xb3\x18\x11\xbe\xbb\xaa\xad\xbc\xa1\xbe\xc5\x12\xec\x99;\
\xf7Bj(<\xeai\xc6\x02#x\x19M\x0dD\x83\
\x87H\x91\xfaA83\xc5\xb1#\x90u\xc4\xca%\x97\
C\xf2\xa3\xdd\x84KO\x0acE\xf7Budo\x05\
\xd0$\xaeoF\x02{\x08\xb8\x11\xd4\x05\x90\xc9\x0d\xeb\
\xc9\xc6:m\xa1\xc3\x0e\xb0s\x0c\xb8\xfe$\x8a\xe2O\
\xb2\xc4\x5c\xba\x84V\xf0\x0b9\xc0\x82\x125U\x9a8\
W\xaa\xddx\xb0T\x84\xe1%)\xad\xf9\xdc\xea\xe7\x87\
\x93\xc0(9\x8e\x9c\xcc\xcf7)F:s\xba\xfc\xa9\
\x1a\x0fB\xdce\x9f\xd4\xe5\xb3\xd5\xf7\xcf\xda\x07\xa0>\
\xb0\x0d&\xab\x12s\xab\xdd#\xf9\xe4F0)\xa0Q\
\x0c\x81p\x189?\x89?\xa5\x80L\xd3\xe0d>\x7f\
A\x1d\x09\xa2\xf3\xf4\xea\xe5\x91\xe0\xac\x01\xc8\xeb\x09\x18\
\x82\x0a~t\xc5*\x9e\x9f\x1bO\xeez\xd8\xd6\xfa\xf9\
\xf7\x00\x7f\x0f\xcd9\x1dH\x0f*\x8b\x94;\x0bS\xb2\
\x9f\xbc\xf5\x08\xe8\x01\xa4\xbc\xb9,\xb4;\x8aQ@Z\
\xfbq\xf4\xec]\x9f\xb06 \xd8F\x11FE\x84\xb3\
\xb4\x84\x83\x95\x9f\x1d ]'-\x98\xa5\xbbq\x16E\
;\x99\xaf\x12\x82n%\x18'\xa7\xbb\xa1\xb3PF\xfe\
\x94\xd4\xee\xe8^\x1b@\xd3\xc4\xe7\xccQ\xc0\x8a\xfc\x14\
\x91\xf8\xf7\xe6b\xe6 \x88\x01\xfa`\xd7\xb3b?f\
\xae\x0b-\x19w\xd6\xee'\x17\xda4Xq\xe7l\xcf\
\xa3\x02w\x81\x15\xabU\x83\xce\x0d\x1f\x9b\x1f\xc7\xe3\x07\
W\xf0\xc2S\xf7\xe0e\xc7\xee\xc3\xc9v\x02\x87\xba\xc5\
V:\x84\x85I\x10O\x8b\x8c\x10\x8c\xb1\x12@\xb1\xc6\
\x8e\xac1\xb4,\xd4\x8b\xb5\xf5\xeam\x0cP\x03\xbf\x12\
\xb8\xc3fX6\xfd\x16\xb6\xa6\x97K\x1eaw>*\
\x08\x06\x9b\x15\xbe\xe3\x9e\xdfo\x94\xe6\x91\x00\xbb8\x13\
j\xaa\x8a\x8d+\x9c\xa1\xa8\x0d\xaa\x87^@F\x0b\x1b\
6\x97\xf1\xde-\x12\xc0=\xa3<\xf5\x8e\x8dX\xc8\xdf\
\xf6j\xb2\x01O\xc8\xfb\x0f\xca\xe8\x06\xa2\x16\x80:,\
\xf7\xf1\x10\xbfW\xca\xb6\xc2w\xea\xd3\xec\x11 kk\
\x05\xdc\xba\xa4!\xc4\xa5\x88jm\x9ag\x0fW\x8c\xbb\
V\x5c\xf9\xd1G\x80\x0f\xbdOq\xfdq\xa7\xc7\x0a\xe8\
\x87\x9aKoYw\xc2\xe8{-\xb6\xed\xe6\x9dK\xe8\
\x98\x0ex\xf1\x9f\x08\xac\xe7G&{(\x98\xf9\x1d7\
\xfb\x09 \xb6\x8e\x81\xe1@D\xa3 @\xfa\x8c\xd8\xa5\
\xd4.\x8e\xf0\x90\xa3\xf0E-\xa4N\xd0\x813\x97\x00\
\xf4\xb6\x8d9\xa8\x0cB\xba\xed\x1c\x1a\x02\xcd7\x9e\xd1\
\xe2\x81:\xd8\x0a\x0b\xf1X4(^l\xe7\x111\x13\
Z\x93\x07\x959\x9eO}\xef\x0c3(\x9a\xa5n\x95\
\xa9\x83\xdc\x93\xc3\xe6\x9e\xd7A\xd0\xcc:\xf6u\xa7\xb3\
\xd8=\xa9\xdf\xdd!\x02f\xcfDH\xce]\x07 S\
:\x10\xb3\x00\xab\x11X\xed\x85N\xcf\x9dE5\x8d\x0d\
0B\xec\x11X`\xc1\x97\xc2\xcf\x01J%%\xb4\xa0\
)\x16\x9f\xe1f\xef\xe2+\xbe\xa5\x5cF\x9f\x84\x8e\xf4\
r\x88aYkPD2\x8c\x0d\xfe\xa0pl\xa1\xf5\
\xe2\xc6i\xee\xa8\x1b'\x82\xde\xbf\xc6\x9dn\x1e\xde\xb3\
\x16\x01\x06\x0f\xd7k\xc6@\x15\x5cF\x96\x85\x0bz\xe4\
d\xde\xed\x88\x99!I\xb24\xd2\xa40\xb5\xbd_\xac\
\x91-\xd7\x13\x22\x9b\x98\xfaL\x0f\x15\x08\x0b\xcf\x15L\
X\xd3\xc5\xa0Hc@\xf3\xb3\xc7H\x87S;\x9e\xa7\
\xb4%\x80\xd2}Z\xaa\x00*,r\xa1\x9c0\xcfM\
y\x19\xb18\xcf\xb2\xf8\x8f\xc0\x1f\xa1\xfb\xd9B\x967\
/\xed+\x7fH=@\xe0\x17\xcfM+\x19\x90\x0f\x1d\
\xde\x7f\xb3\x08\x1a\xb9\xa8\xa4Z\xd8\x9a\xd7\xc0\x1dQ`\
C\xb7O\x82K%h+\x0e\xf21-\xcd\x83\xb9\xae\
hxm\xe9%u\xe3\xb2/n\x08a\xf0\x95\xe2\x0a\
\xeb\xa6\xd2\xd83\xae\x18:\xbc\xe7\xdc\xac*l\x96\xac\
;\xa2\xd1#pAh!\x90\x0a\xb1\xf6\xc4\xa4\x85\x88\
\xdbw\x9a%\xf5\x10.\xc9\xf6\xc7Je0\x03@W\
\xac{\x83\xea\x16\xef\x9a>\x88\x0f\xef?\x8d\x97\x1e\x7f\
\x1e^\xb0{'\x8e\xb7\x01\x87\xda1\x95Lu\x97\xd1\
\xa2\x0b\x18\xd1d\x8d\x865\x8ea\xc4\xa0|\x9cP)\
>\xb5Fw.\x0b4\xfe\x94\xb0\xf3\xa2\xa3\xb2\x03\x1f\
#=\x8b\xd20\x8aV\x00u\x96\xa6Y`E\xc2x\
\xce\x85$\xec\x1a\x08\xb0\x95s\x97\xc8\xd2\x86\xf2k\xbe\
!\x0a\xc1[\x94\x01h\x1b\xe0\xca\x9b\xe5\x84\xbd\x9a\xec\
\xe9\xd7r\x09T\xebT(\x80/\x0b\xf4\xeb\xc3\xa64\
\xdb\x19\x03,l\x0c\x85+\x92\x11\x03\x07\xb0.6\xa6\
\xb5\x00\xc3.0\xdf\xb0\xb9\xdd:M\xbb\xd3\x91\xe1\xfb\
qe)\x91\x87\x9f\x00>\xfc^\xc5\x95G\x8cp2\
\x1av\xfb\xca\xbdt\xe2i\x90\x8b\xc9\xa2\xf1\x1a\xc3\xf3\
)\x88\xca0?\xf3\xf4}.\xfa\xac\x18\x02:\x99\x1c\
I\xb7^\x17\xddn$\x04`\xdeX\xc8~FM\x8d\
PD\x82&\x0d\x0b\xf3R\xd5\xe5\xdb\x81\xb1\xa1\x18\x14\
.s\xfcmatt2K1\x0a\x18ypyd\
\x0f\x8f\x0e\xe3P7\xec\x83{\xc3\xd3%\xb0\x8d\xc9$\
:\xfb\x5cf\x0a\x11YhT\xae\xc2\xd5C\x99\xb2\x80\
\xeb*\xdbH\xac\xe8\xf7\xee=\x08\xc4\xe7\x82\xb9Z\xaf\
\xfc\xd7\xce\x15\x06-\x228*\xb3\xe9\x0b\x01\xa0#0\
\xee\xf8m\x12\xf8\xec\xd5\x93\x14JI\xcdy\x16\xc7\x08\
u\xe3\xe8&\xec\xa3N\x05\xf5~1\x0c\x8e\xd8\x197\
\xe1]\xdc\x0f\xa0i\x91\xf6EE\xfb#\xf7,\x90\x1a\
\xe2\xafG~8\xf2R\xe4\x9e\x1bq\x8d\x9b/\x17\xaf\
g\xdd\x0dP\xa95\x83\xa9\xf2\x813#Q\x02\x12\x14\
|\xa1\xf7YsY>\x92Z\x04\x1a\x84s\x0bF,\
?K\x00\x8f-g\x05\xa0\xefc\x87S\x99hhG\
\xc32\xff\xae\xe5\xe8\x22\xf4\xccq\xfb\xae_\xd6\x84C\
m\xe9\xd8\xa8\xb6\x1b\x98\x00\xc3\xb15&\xcc\x98\xd11\
\xf7\x19\xb5[_\x92O\x9d!\x15:\xcf@\xd4\x08\x00\
R\xb6\xfc]2\x90\x83?\xc3\xf9\xf6\xd8\x01\xd8\x91\xe7\
/\xf5\x02\xb1k_G\xe4\xcd\xa5L\x09\xe9\x10\xd4\xe8\
\xd6\xa8Cb\x02\x9d6p\x05\xecU\xfa\xdc\xc2R8\
\x88\xa8\x1c\xc5\xd2^\xd4(\xf9\xb2atp\xa6\x01\xd1\
\xb2\xe5j \x93+I\x86\xdc[L\x1b\x15\xbf\xa8\xcf\
ID\x088\xd9\x12\xe1|\x0bSz\x0d\x84\x88mE\
L\xc4S\xa61\x1a\xb8\xc1\x10{\xa7G#\x12\xd2\x97\
i\x14\x88#\xad=\x9b4\xa3\x13\xa7tV\x0b\x9d\xaf\
\xb0\xc2\xfe\xfe>~{\xfb^\xbcw\xe7\x09\xbc\xfc\xd8\
\xbd\xb8\x7f\xe7V\x9ch#\x0e\xfa\x8c-\x04\xe0\xb68\
\xb2B\x93\x15\x06\xac\xb1\x87\x114\x8b\xb3dH\xd0\xdd\
\x80\xb5)eM\xb7\x831Y\xd7\x81\xb6\xbb\x07\xa4`\
\xc8?\x0b\xec\x22\xed\x02\x93\xbb\xda\xb3_\xdd[\x8eG\
-\xdf\x8f\x1e\xf6\x9f]\xa1Y\xca\x94a|oX\xe4\
\x06\x82\x05\x82\xba\x1b'\x12\xab\x03f\x1fc\x87\x91p\
\xabi\xd0Z\xe4\xc1{\x92yj\xc9\xa7\xdf\x0d\x8c\xe2\
7\xb9\x017\x22s\xf5q\xac0X\xc9\xe8\x87y\xfe\
\xb3X\x8aH\xd6\x8a\xcd\xca\xf8\x7f\x123ntk\xe7\
\x0fM1u\xc1\xc3O*>\xf2\x01\xc5\xa5\x87\x00\x1c\
6\x03\xfe\x19\xd0-j\xf8\x05\x91\x92\x8b\xdc\xa5F\x94\
,Sy\x06\xecVdF+\xdd\xba\xfc\xa9t\x13\xda\
\xf9\xd0\x8fw\xf0\x17*\xf9\x19V\x00\xc8Nr\xfc\x0c\
0\xc4\x90\xc0\xe3^~\xcf\x88@m\xf3\xb9\xa8\x1aW\
\x07p\x1a\xb8<\x9fL\x1c\xb2\x9c L\xd0_\xa4\x5c\
}y\xac\x16\xc3\xc1D\xc4'\x0d\x06\x82\x89R\x8e&\
\x92\x1bGs\x99!\x97\xca\xe6\xab\xe8h\x1a\xcd\xeaF\
\x92\x94\xde\xcdqm\x1a[\x83?\x07\xa3\x1fuM\x22\
+\xec%\xe9\xa0nTu\xf1Uy\xe2d\xeb\xb6\x93\
S\x84\xa3\x91t\x08\xba\xa1`UJL\x0d\xe0\x87~\
\x86\x1b\x12\x1a\x1a\xd5\xe9\xc84v\xa2sJ}\xe2\x9f\
\x92\xba1%\xa4;\xb1\xd4\xae\xba\xb8\x96\xbfX\xba\x91\
\xba\xdc\xf1K\xf2\xca\x8bg\xf49\xd7\xb8\x17\xafT\xf4\
\xf33\xbc>\xbe\x01\xb0\xb8y\x0e6\xac\x1b\x024\x07\
\xa4\x88\xbb\x06\xbf\x92\x19D\xc0\xcd\x13\x8e\x1c\x1aV,\
S\x01\xa9\x9e4\xe6<\xafWfGr:\xedk'\
w\x08\x84\xc4\x84,\xad \x8d\xc9p+%S\x15#\
 \xc7FL\x98LY\x87g\xae\xc8\xf6\xb85\xf7\x92\
\xef\xe8z\xa9{\x17\x8b\xda\x00\x1aFL\xb2B2\xd2\
7\xf7\x90\x91\xb0x\xab>\xf0P\xa5E\x1c\xfcq5\
=\xc5 \x04\xbd\xf8\x85\xf0\xdb\xbdzO\x03+\x0a\x0b\
[\x16\xde\xc4\xa6J\xc2{\xf9\x9c\x949\xa2\xe5\xac>\
\x19\xc2\xbd]]\xa6\x17F\x80o\xc7*M!\x1e\xaa\
\xcd\x8dY\xb8\xd3_w\xe3\xce\xbe7/$P\xd1.\
\xd4Z\x08P\xec\x14\xe6^\xa3\xd1\xb7\xf9^$\xea\xeb\
\xc9\x9c\xd65r\xd4\xd5\x8a0\x87\x0e[\xf0\xedSB\
\x12\x09\x0aP\xd9\xb3\xaf\xbb\xe0\xaa^\xc1\xafo\xdf\x8b\
?\xd8y\x14/\xdc\xbb\x0b\xf7\xafo\xc5\x9e\xecb\x03\
\xcb\x7f7\xac \xbe'\xc0\x88!\xc3\xfbj!\xe8\x09\
Y\xfd\xcfL \xdc`\xb1\xe8Y\xc0\x0a\x00\x0dR*\
\xa4\xec8'!_\xa2\x12+\x9e\x8c\x1cv\x81I\xa9\
\xa4\xbc\xb2\xde\xd9\xa8\xab{\xee\xb0\xad\x86\x9b\xfa\x12E\
g\x8f&\x16\xbe\xa7!\xe2\xbe`1\xde5\x0a\x05=\
\xcaZ\x9f$d\x8bu\x0f,\xde\xa3\xb1\x17\x8b\xceL\
\x8c\xa2\xcfVD\xaf\xfc5\xd2P\x95\xe2\x8f\xb9\xc1\xc3\
\xe3\xda\x0a\xd8\x8c67\xddW\x03\x8d;\xc0\xb4\x05\x1e\
z\x1c\xf8\xc8\x03\x8aK\x8f\x028\xf4\xee\x97+p\xb5\
^\x12\xf9h\xe8\xc2\x9fQ\xc9w\x05\xe4%<nu\
\x0b\x9d\xa1\xfe,\xfa\x03\x01\x18\x13\x22\x87\xcf\xc2>n\
\xbc\xc3=\x03\x1a`\xed\x81y\x0e\xbfc4\xc1\xf9\xa1\
\xa6\x07\xe2<z\x1f\xf5\x9e\x9aJ\xdf\x1e\xe4\xc8\xc3\xf2\
\xc5\x85\xa2=\x00>\x1c\xce\xeaiCaP\xe03\x17\
\xf9c\x07&\x19\xfc\x99\xd2{3\xf6\x9b\xec<%\xb0\
1\xaa\x080\xd2e\xc7s\xf1g\x1a%\xce\xc5\x88\xfa\
\x00\x86a\xa3\xa8d\xe19\x18Lry\xa2\x9a1!\
\x0a\x8f\x16:\xb6\xf4\x0e\x19wP\xf7\x95!YrE\
\x0c\xbfH*\xe5\xfc'o,\x8c)'ZbK!\
=q(\xf0G\x0b6\x11\x8fRj\xaa\xe3l\xe7\x17\
\x03\xa3\xa6e\xc0{\xd9\xcd\xa4\x00YE\xa1\x88\xc8\xbb\
\xaa\x90\xf8\xd6h]w\x03|\xa6\xd7\xb3\xa6\x004\x18\
(\xe9C\x9d\xa4qs\xaa\x85| \xa3\x87\x03K\xcd\
\xe1\x87\x15\x83\x00\x1bRQ\xa4>T\x86)\xa9\xa0\xa1\
\x02\xb6\xec%p\x9b\x80R\x99\xd3\x83 \x919!\xee\
+Q\xd9+B\x01\x93T\xa6\x80\x15X\x09\x86\x13k\
\x0fk\xfa\xf2 \xf5\x96 \x01\xe6e\xaf\xf9^Z\xb9\
P\xd3\x11\xc8\xc9\xc4\xca\xcf\xce\x94=\x8fSjL\x1f\
+\xe0\x871\xec\xee\x0a\x8a\xa4#\x9f\x8a3\xbfR\xc3\
\xaa1Qs\x06\xa4'\xcf\x7fcy\xa0\xe6}\x96\x0d\
\x8cr\x04\xc6\x8b\x8d\x84\x8aI\x88\x8d\x98\xa2 \xc0\x00\
\x98^~\xc8:\x8d\x8cX\xfb\xaf\xf9\x1d\xf3\xfe\xca9\
\x17\xcf\x0b:]j\x08\xbf\x03\x18\x22\x18\xed`\x98<\
'\xae\x14-w)\x19\xf2#\x8d0\x00\x93Xd\x07\
\xe5\xaf\x89\x87>\x07C\xb5\xba\xd7\x80\x1b\xa8\xbdw\xb4\
>\xa0\xad\x80\xcb\xfd*~{\xf3>\xbcg\xf5\x04\x9e\
\xb7w\x17\x9e\xbfs\x1b\xce\xb6\x13P4t\x0c\x98]\
q\xce\xca|\xbf\x81\xff\xcc\xa9\x81\x22\x96\xfb)L\x1e\
H^\x97\x81^d\x81\xa0MV\x08=%\x11\xc4\x0c\
\x05\x10\xf9=\x9f\xaa)jbX[`\xc7\xcc.c\
\xdc:xT\x16\x11\xfa\xf5\xc5\xfa\x040\x94\xaf\x92\x86\
\x09\x15\x8fB\xa3\xc5\x02\xd7_0t\x0f\xb1\x805\x15\
\x15\xd3T\xceI\x84\x92\xe8E\xc0\xd0rGFo\x17\
\xf0PDB\xa1\x18G\xa0\x8f\x82\xb5g\x8e\xaem\x04\
\x0f~\x0cx\xf0\x83\x8a+\x8f\x018t\xbd3h\x14\
\xe6\x07\x16\x06SH\x91?^\xdc\xc3\xb9\xaa@\x9f,\
\x1f\x0f\xc5\xe2\x22:{\x1b_\xfb,:#z\xfe\xa7\
\xc0\x03}\x8b\xac\x030\xd9\xb7\x9d\xe94\xbf\x8f\x1c\xbd\
\xbf\x07?\xabE\x1b\x02\x90k\xf8\x1e\xa17C\x09\x08\
\xc7\xcd\x94\x82\x9b\xb0\x02\x8b\xba\x12\x8cQR\x0e\x1e}\
\xe3|'\xc5\xc9a\x93\xd5\xbb\x846P\x93M7\xfc\
\xec\xdf\x0a\xdc\x14z\x0b\xdb\xdbaL\x5c\x89_>\x01\
\xdc\xae\xe1\xe9;F\x02\x82\xb7]\x97\xd0z\xa5\x13D\
'\x85\xfa\x87\xd5\xa9\x92\xd7\xb7=X\xfc\xdcy\x06\xc6\
\x155z\x99\x1f&\xe2HnOk\xd0\xb0\x92\xe4\x07\
\x14\xaa\xd8\xd0\x1d\xe1\x5c\x96\x17\xf4\xf6\xe9b\x00s1\
O\xbc\xa6\x84Z\xf1\x9f\xb3\xbc\x1d\xf1\x9e<P\xe6;\
\x8c\x8e<\x9aLQY\x9a\xea2\xec\xc1\xe0\xa72\x86\
8\xf3\xe6\xd7\xb3\xa4\x00\x96\x95\x86y\x89\x92{\xcaC\
\xab\xa3\xeb \xcf\xb4\x00\x02|!\x01\x9d\xa6\xba\x8a\x97\
\x1ew\x0a\xa0\xa7\xec*\xa2_8\x8f\xd3x~\xa7W\
\x92\xb1\xf6\x1e\xe0yG-<aK\xda\x00u\x98Q\
\xben\x18\xf7V\x98\xd11\xf5^Z\xec\x12\xf0\xb2\xcd\
KN\xaa\x02\xf3ly\xf0\xb8V\x8f\x98\xacU\xeb\x9b\
\x97/H\x1aD~\xbf\xfc\xd9wy\x9e\xce\x1d\xac\xf6\
g\xc4\x00H/\xddt\x89\x7fF>\x8a\xbd\xa1P\x92\
6FP[RL\x0f\xdd\x8d&\x05\x84\xd6\xbd+\xa9\
\xac\xab(\xc6\x06\xb9\x99J\x80z\x04\xc8\x1d\x04\xc5\xaf\
\xe5]\xda \xf0:\x0b\xa6\x03\xd4k\x8a\xc4\xc6\xd8\xdd\
\xc8dY\xc0\xc2\x1er\xc0\xd6f\xe9\x0b\xee/\xe0\xc5\
A6-v\x1f\xf5j;\xf3\x14\xdc\xe0i\x806/\
\xe4k\xae0\x07\xa2\xaf\x22\x5c`\xe6a\xbaI\x84v\
\xa7}\xef\x18\xc7\x11\x18\x07\xdc\xe87\xf0\xb6\xf9#\xf8\
\xc0\xf44\x9e\xb7\xba\x1d/^\xdd\x8e\x0b\xc3.fY\
a\xa5\x0d\x1b\x08\x0e \xdey\x8fa\xfc\xa5L\x84\x04\
\x15\xde\xe9\xb0p\xbf\x06)\x09\xfe\x12\xc7w\xe5\x8al\
\x09\x1a\xf1\xb2v\x1d\xd3B\x1d\xb0\xa6G`\x18^\xe2\
>\x13\x04M\xac+\xe4\x0c{\xf4\xc9\xbd|\xd6/\xcc\
@tkfT`#\xac\xca\xc7\xe2e@\x9drg\
\xbb\x18*\xa0GZ\x11\x97g\xb3\xf6\xda\x80\x88uV\
\x10\x7f\x9e\xae\x9a\xf5Z\xd00\x18:l\xcb\xe3c+\
`uLq\xf5*\xf0\xc0\x83\xc0\xa3\x1f\x01\xf6\x9f\x04\
\xb0u\x7fjP\xe8VQ\xac\xaeE\x04\x0d\xac[\x09\
'Z\xbc\xb7\x04\xe5\x7f\x06\xfa\x84,\xb7\xf4\xcdx\xfa\
d\x9e;\xe5^'\x03jx\xae\x9fF\x00\x0b\x0c\xa4\
#r\xfd\xc5\x80\x08%(\xee\xf1\x1f]\xc3\x9f\xc2\x9f\
\x03\xe7\x9e\xd0\xd1\xc9\xcf\xaf\xc5\xfd9\x94\x1dS\x9d\xaf\
\x03J\xfc\x9a\x0e\xd8\xe2r\x00\x1d\x8a\x1e\xac\x00\x9e<\
\x17\xcd\x8a\x5c\x8eR\xc9*\xa2\x81\x8f\xaa\xf5l\xd6\x01\
\xa1\xd44\x13\xc1\xa9\x95\xf9\x1a\xc8Ye|\xf5w \
\xb6,\x9e\xe9\xe1\xb7\xa4G\x1f\xd2\x88h%z(\x0a\
\xa5\x81\xa04\xe6'\xa8\x10\xd2\x02\x1d\x10\x1c\xc8b\xee\
\x05/\xf3\x18\x7f\xdcp\x94\xec/[\xaa\xa7\xc4\xd9\x13\
0\x92'\xe5\x99h\xe8$f\xd8\xefU\xb2\xebm\x8b\
\x02\xe5\xab\xa4\xb4\xa3>Kp\x84\xbe\xba\xb4R\xcam\
\x01Y\x84\xff?\x9e\xf3\xcf\xd3\xc7\xa3_,\x8f*\x93\
Y.\x1a\xcaLx\x9e+~\x95\x05y\xc4\x8f\x0f\xef\
\x10f\xb9R\xe1\xd9-x=*m\x8d\x81H\x10\x93\
\xa3sF\xa3\x97_r\x1f\xa1i\xcb\xe7Z`\xa2\xe5\
q\xd2\xc7\xb2\xf6\x9f\xcd\xb4,\xda8@\xc6\x01]g\
\xc3\x03\x86\xf1\xbb3\x91\xa6\xd2\x88Py'\x8b\x99E\
\x19\xcb\xf1\xe2\xf7\x1e\xba\x01\xbev\xdf\xdes\xbcN\xad\
E~\x9f\xf9x\xa2I\xd1\x15\x0b\x05'\xf1\xf9\xa6<\
\x95*\xac\xd1P\x11\xba0\x10\x10\x1b\x05)\xb8\x9cL\
CY\xb2\xff\x02\xef\xaf #\x12\x0d\x82\x90>8\x1f\
\xa7pk\x18\xe7\x05\xf5\x1c\xb5H\xac\x0e\xe1\x1a\xfbZ\
\xd0\x08\x88\x15bI^\x1a\x0d\x06\xfa\xbc\xde\xe0\xc0\xde\
\x91Vq\x08\x97\x98\x016\xb0\xc6@\xcd\x90\x1a\x15M\
\x9bmz4\xb60\x22#=\xd3\xdd h\x88\xe3\x1d\
q\x81\xc1\xbds\xa7\x8b\xe8\x80\xb5\x0c\xd8\xdfn\xf0N\
<\x82\xf7\xcb5\xdc\xd5\xcf\xe1\x8e\xf6\x1c<o\xb8\x03\
\xa7\x9d\xae\xec\x06h|\xefc\x830P\x03NB\x87\
\xabv\xb1\xe7\x99A\xe3\x98lat#8F@\x06\
\x09\xf2,\xc0\xcav\x09\x12\xaaV\x15\xb1\xd7@sY\
\x89-sA\xff\xcf\xa4\x94\xcb\x01k0\x98rNL\
\x05\xd2\x93\xf7h\xb2o>\x94e\xc1\xb6\x5c\xd2Fo\
l\x92Q\x07\x90\x12\xcd\xb1\xcd\x1fFB\xe9\xd8\x5c\xce\
\x10\xac\x00\x1c\x87\xe08\xec\x1e\x1f\xdcW\xfc\xce\xbb\x81\
+\x0f\x02\xd3%\x00\xb3\x98s8\xc0r\xfc\xbeO\x87\
DD\xc7y\xc4v\x09*\xf9\x08>|\x99\xff\xaeV\
\xb7\xa3u}\xbd\x87\xf1A^\x22po\x1d\xf4,E\
`]\x00; \xd6\x12I\xfd7\xf3\xb43\x97\xcf\xe5\
kVO\xe0\xea\xc9\x85Z\x1c\xf4\x09\xdfAz\xa6\x00\
\xdc`\x88\x95\x02%\xca@GJ\xcby\xd5{\x04\xba\
G\xd8\x144\x1ehZ1\x8f\x9f\xf0Gy\x22\xf7\xe5\
J\x9bH\x054o$\xdd=\xe4\x1fz\xd7\xe2<\x1a\
\xb9\xfa\x96\x8f\x22y\xfdpq\xa3Mq\xeal;\x95\
\x8c\xdc\xe3\xde\xa1\xcf\xd9\xf9\xb3w\x00\x83\x1b\x03\x1e!\
\xe5\xaa\x8b\xbe\x89\xb4bz\xc2\xb6\xf9R\xd6Yh\x18\
9\xf1\xaa\x06\x95+\xc8\xc4C\x02\xb4,~\xa7s\x14\
N_\xb4\xa7\xd7B\xd3\xe2\x14\x0aq\x01\xcb\x17S\xe3\
A\x8ez\x80\xc45\xf9\xbd\x94\xdf\xd4y\xad\x1e\xbf\x98\
\xcf\xbc\x09\x8e\xbe\xf8\xcdM{\x01,\x88\x82\xd4\x99\x01\
T\x0c\x89\x1c\xb5D`\x0f\x19\xdf\xfb\xc9d\x8a\x94\xf3\
#&I\x9c\xcb\xdf\xbcp\x90\x9f%\xad\xac\xf8*N\
Sc\xea\xc8\xe3\xe3\x08\x11\x0b9\xc2b\xf21\x86\x1b\
\x06\x84\xa5\xd5\x06S\xfc\xdd\x0a\xe6b\xc3\x05\xe6'\xa9\
\xc5\xc3s\xb0\xf1\xa6wA\xa5\xc2\xf7\xa9<\xed2\x0e\
z\x11\xeev\xf0\xae\x85\x86\xccm\x11\xd8\xcb\xb9\xa9\xd8\
\x90@\x189| \x88\xa0~<\x0c\x08\x05Y\xa5\x1b\
\xfb\xb7\xc5\xd2 o\xc5\xa7\x92\xb3*\xe2\xd9\x0b\xef\x01\
\xd7\x1c\xb8]\xa9Vo\xdf\x1c\x09\xff\x8e\x8a\x83aH\
H\xd0>\x96\x08\xaaX\xc8N\x80H0\x07KP9\
\x88\x85\xf6'S\xc0\x18\x87\x9c\xd6\x01Q$H\xba\xe8\
\xa4Vy\xcd\xdc\xe0\x00(\x97\xf0\x8d^\xef0;\x03\
\x0cN\x077\xd6\xa0\xdd\xbes\xe9\xd4\xb9\xdb9\x91\xaa\
Q\xe8\xc8\xd0\xa9\x9a\x17-\x03\xa6\xd6\xf1\xc1\xe1\x0a\xde\
\xa73\x9e\x1c\xee\xc3+d\x0f\xf7(p\x01\xc0\xaes\
1w\xaa\x93\x90'\xaf\x01(\x05\x7f6\x85j\xde\xb4\
\x00Zd\xa5\x82>Sf\x84\x0bFt(/\xb6\x0d\
\xb1\x86!\x98\xe1J\xdb\xd2\x98,IR\xcf\xe4\x04\xe7\
\xe5\x98\xad\x98\x0b\xae(\xa0\xdf\xb1\xdc\x95\xb0F\x0a\xaa\
>5\xe8\x93\x88 p\x84\x80Gi}\xec\x11\x85\x83\
E!F(V\x22\xd8\x83\xd5+<\x0c\xe07\xba\xe0\
-\xa3\xe0#\x0f\x03\xd3\x07,<-\xa3\xa7\xe66\x12\
\xfbs0$b\x0e\xacz\x1f\x0d\xb8\x95\xe5<K\xf9\
\xad\x05\x80\x5c~\x16!}\x03l\xed\xde\xef_\x80\xe8\
\x18\xd4y\xcc\x9ct\x0f\x80&\xe0[\x04 pN\x99\
:p\xe1>\x0a\xe2:!\x0a\xee\x16]\xe04\x8a\xf4\
\x04LK\xf0\x5c\x1b#\xb7\xfeTF'\x22\xecO\x86\
!\xa8p\x9d#\xf9\x85\x95\xf4\xfe\x0c\xa1\xe4\x8bL\xc7\
r=/\x12T\xff\x0e3\x92S\xbc\x83)\xbdw\xed\
\x88\x94`L\xadz\xad\x8foD\xc4\x9c?\xc7\xc8\xfb\
E\x0a\xce\xa3\x0a\xf9\x10\x08\x00\xf6h\xa1\xc9\xb9\x02\xdd\
\x8b\x10\x9b\xd1\x09\xaa\xc0\xbc\xbdY\x9f\x10\x88C\xd9g\
: \x0e\xf4~\x07\x11\xd1a\xc83\xbco??\x0a\
\x87P\x8e\xe9\x81)\xd6\x0f\xc1\xe40M\xa9\x98\xd2\xf2\
\xdc82W\x9c\x9b\x04\x8b\xf4\xf8\x89`\x0c\xebg\x0a\
0\x01\x9ac+\xaf\x121?\x8a\xed\x15\xb2\x9f5\x05\
\xc0\xa3j \x80\x16\x99)\xaf\xbcTN\x97\x0d\xac\xe6\
\xf4\x03t\xcb\xc4\xd4\xbcU\x18{\x85\x1e\xfc&\xf8&\
\xaa\x1cz\xbc\xb5\x5cj\x8fP\xb6\xe1\xa7F\x1a\x00\x82\
0\x1e\x22\xbb\xa5\xdcI9\xad+\x1a\xc82\x88o/\
\xcb\xa0\x8d\x0bY\x18'pe\x90^~\x84\xfaA\xd0\
t\xa5\xea\x1a\x97Q\x82\x00l-tq#\x22\x0c@\
\x8f\x02P\xc6\xa934\x0a\x01\xf3{\x03I'V\x18\
&ef\x15\x88\xd4\x00\x9f\xb5\xfb\xf3\x92\x0eC\xcby\
V\xd8\x9c\xa8W\xd6\xc2\xc2_\x16\x0a\x95\xe5\xc4\x04G\
\xd9g\xea\xc1\x983\x02?y\xc3'L9FA\x84\
\xa7\xe1\xd5\xfc\xe03\xcd\xbe\xc4\x0b=jEl)\xa5\
\x9d\x18\xc0&\xf0v\xc1\x1e6l\xea\xa1\xc9\x9eFJ\
\xf3\xe8\xcb\xe8|\x13\xa9\x01q\xaf\xa1\xec@\xefi\x05\
\x19\x1atjPmf@\xa8\x97\xd65\x81\xb6!\xe8\
%s\x87\xac\x15\xc3(\xb8\xbajx\x9b\x00o\x05p\
Z\x05\xcf\x87\xe2y\x02\xdc\x0a\xcb\xb7o\x04\xd8\x17\xdb\
i\x8f\xbb,\x12\x90\x15\x9c:JD\xa6\xd8\xe8\xe3\x11\
@Y\x91\x9f}\xc5%2\xb9\xcc\x9b\xf3z\x8b\x19\x12\
`\xf0\x09\x8a\xe6?\xc2\xdd\xfa2\xb08\xfa4\xccG\
f\xd0\xc6j\x91\xa2Ar\x89\x22E\xb7\x068m\x05\
\x81\xf1\xcb\xec^\x95\xed\xae\xa8\xa1\xe7\xba\xd8r\xbe\x01\
\xc0J\x04\xbbj\xf7\xbe\xa8\xc0\x1fv\xe0\xb7\x14\xf8C\
\xed\xd8\x97\x86\xe6\x1d\x17\x84r:\xc9\xb2\xd7N\xf7\x0b\
.\x8c\x01At\xed$n\xce\x95\xe8\x9a\xcb{\x09\xea\
\x03\xdcx\x9f\x00\xb0aO\xb1$Z\x02\xb9\xe8l\xf9\
}\x05\xa0\x1b\x17\x1ez\x97\x00\xfa\xe4\xc0\xcd5\xf5s\
\xb9^H \x84\xeb\xecu\x0e\x83\x99\xb5\x05\xe1\xa9\xc7\
\x1f\x90\xe1\x92\xbc\x16\x8dY\x02H\xf5R#\xd7_\x9c\
.\x1b\xb7}\xcf\xe8+u\x99\xa5M\x07\x07B\x16\xe8\
)2w\x9f\xb3\xce\xb7\xd4\x19\xa9\x1fa5\x13\xe1\xa9\
5_&L\xc3\xa3\xfbu\x9bq@\xf7^\x00nt\
\x88\xb6\xd8\xc8\xcb\x0c\xd3\xc1\xef;[\xc8\xbf\xfb\x98\xc2\
q\x01\xb2\x9f\xf8\x04\x11\x9a\xc8\x196U\xe1\x88\xdd@\
3)Z\x18J\xa1\xbf\xa4\xe4\xfb\x1dt#\xdc\x0f\xf8\
|\xf5X\xad\x15\xfb\xd4@\x83\xc7\x03\x15\x17\xfa\xb7\x08\
g\xe4\xe6\x13\x9a#RR\xad~Y\x0c,\xed\x84j\
\x84\x84B\x0d\xb4B\x0bx\xd1z\x8b\xe4\x81\xf2\xfeY\
\x8a\x00u\xf1\x0fP\x80\xab|Ib\xb2\xd8O\xfc\x19\
\xfb\x82\xbe\x9a\xa1c\xd1\xa2\xb6$\xf8\x94\xea\x1d\xbc\x9e\
\xf6\xe2f /\xe6\xca\x0b\xb0\xf0(=\x89 \x13\x19\
\xafx\x18\x89/\xea\xabn\xd4\xbdD\xf5\xa20\x07\xd7\
\xd6\x12G\xd5\x0a\x03\xd5\xabp\x13t%7\xf7\x99{\
\xca$sK\x5c\xfe\xe7\xe1\xea\x88\xa4\xc0\xc6\xba0\xf4\
\x9d$\x09\x9e\x04z\xdf\x99J\x19bJ\x85\x0c$\xd8\
G\xed\x85o\xae\xce\xc8\x86\x90\x8aJ\x8f^3]'\
\x85\xb7\xfcru<\xdcC\x00\xc8\xeb\x93\x11i:q\
\x0eX'\x90,*G\x04F\xc0m>\xe1\xf4\x05\xe0\
i\x05\x17b\xafG\xb0bB\xf7m9\xa7\x024\xb5\
\x22A\x8e_\xdc \xd0y\x06\x86\xc1\x95\x16S&\x00\
\x9b\x1a\xa1\x09d4C\xa3\xab\x98q\xe0\xc7\x1a\xff\x0c\
\x96_\xf4bE\x19\xa8\x94\xbclM\xcc\x9bQ\xf1\xe8\
\xc1D!\x134\x9f\x97\xae\x80\xf6\x0e\xd9U\xac\xd4\xd6\
\xa1_\x14\xe0-\xd2\xf06\xed\xb8];\x9e+\x82{\
\xd0pZ\x15+\xb1et\xfb\x00\x0eCSPQ\x03\
\xec\x0f\x90\x9e6\x15\xad\xcf\xa8\xa7\x86\xb8\xfd\x0ci\x0e\
X\x93\x9fN0\x88\xb9\x80\x07\xd1\x1c|\xc9G\xa1X\
\xb8C\xa0}5+\xa3I4R\xd4\x9b\x05\xb1~\x93\
-\x83\x0d\xe8Y\xc7\x06\x8a\x91\x1b\xde\xd5\xdf\x82+S\
+\x18\xb4E\x94k\x00k\x00\x0d\x8a\xab*xgo\
x\xfb\x04\xfc\xe1\xacx\xba+04\xb4&X5;\
f\xda\xc2\x22\xf2\xe4#F\xea\x15\xc0,%z\xd6J\
\x88\x9f\xc2\xa1%\x12@95\xcf\x99\xf9}\xf8r?\
Q\x0b\xfd[u;\x81?\x81\xc3\xbc\xde\xad/\xe7\xf5\
\x8a\x7f\x8f\xdc,\x0az\x9a\xff\x06u\xf0\xf7\xd0?\xb7\
*VE\xcebG\xf6\xc7\xd7%\xc8\xa7\xf9\xe5\xf7\xb0\
k\xd2\x00\x14?>v\x16\x84?W,\xb5\x03\x16\xdb\
\xcb\xc2xA\xc5\x9b\xf7(\x8f1}+\xcc\xbd\xfb\xf3\
\xc8\xa2\xdd\xb6r\xe6\x91\xda\x83\xd1\x81\xa2Qb\xfc\xa1\
\xd4\x0bZx\x94 \x9e\xd5\xf8\xd06\xd7RDE]\
\xb4\x88t\x8ec\x1a\xd8;%\x8atK\xaf\xf51\x0c\
(k\xd0E\x87f\x8bF\xe3\xaa)\x9a\xba\x017\xcf\
\x1e\xcd\x04\x80\x86>\xd7\x10>!\x86i\xc5\xbeT\x92\
\x9aF@,\xe5cR\xcd\x8f\xe1\xa1\xa1P}\xe7@\
\x1a\xaf\x80\xa0veL\x95\x9e\x1b\x17U\xf9\xb4t\xb7\
\xc4\xef\xe1\xfb\x87\xfe5\x9d!\xc5\x90i2\x80E\xd7\
J'r\x898\x8b\xd7\xb3l\x06\x94\x81\x92:\x99\x9c\
;{>'D\x9d\xf4`\xb5\xfc\xec\xf0\x17\x16\x8b\x94\
\xef\x93Q\x91\x9e\xb6h\xb9\x8a\x86'\xc8\x9a\x00\xa7e\
\x12\x84\x8cG\xf0\x97\xbc}\x18\x16\xe5;\xa0N\xa6\xc6\
2\x12\x19\xc4\xeb\x85|Bz\x11\x12\x98r\xa5W\x1d\
t\xa0W_\x22GA\x22W\xb8\xec\x97\x9f;\xe9I\
QH\x1a\x8c\xb7\xf0\xe4\xebo<\xd7\xd7\x81\xe5\xf2%\
 \xf6\x03\xf0\xb1\x04\x10.R/\xce\x02\xc1\xec\xe2\x86\
@A\xf8\x88N\xf4\xf8\xca\xe6\xc5\xab\xf4\xc9d\xb4\xf6\
\x1d\x00\x09\xea\xc6\xa7eN\xd5\xc6`{R\x0b\xb8\x0c\
0hCOZ=\xea dx;\xc0\x9a@!i\
!\x1a\xb5K\xe8\x0a\x1d\x06\x0b\xd3\x8b\x84\xbe\xb3\x94\x81\
X^\x1f\x12\x86\x86\xf8\xfd\xa2\xf5q\x87q\xfe\xe4\xc0\
(^\x971\xb8\x02\xa5\xd1\xe6`h\xa7k\xf2L/\
\xe3\xd0\x8e\xadj\x14\xfc5\xe7\xdf}\x08\xde'\xc0\xbb\
a9\xed\xb3\x10\xdc\x03\xc5\x9d\x0a\x5c\x10\xe0\x98\xba'\
,\x00\xfdE3x\x92o\x83m\xd5\x95\x0e\xa8\xec\x8d\
^\x9c\xd7\x1e\x1cM\xb2f\xb7\xc1.\x14\x84\xcc\xea\xd6\
\xfd\xee\x83\x95C\x14\xdd\x97\xf1\xfbt\x14~\x97\x12q\
\xf0\xcb\x82u\x1e\x90\x92\x81\x92\x80\xaf&v\xdf\x95\x00\
k\xb5p\xff\xe3\x1d\xf8\xf0,x\xef$\xf8\xd0\x0c<\
5u\x1e\x8c\xb1\x89o\x0e'\x98\xdc8\x89\x82{\x01\
0\xcb\xb2xV\x97\xd8k)|\x89P\x7f-\xac%\
CI\x9f,\xcc\xaf\xdc\xd2\x97\xca\x9c\x8a\xdf\x81\xbb+\
2\x0a\xa0PuK\x84\x80\xdd\x14\xcc\xeb\xe7\x802U\
\xc0\xfe\x14p\xab\xc5\xee\xc3\xa5\x7f\x9cC\xd75\xcew\
\xb1Y\x172'-\xd1\x13\x80\xde\xad\x86lY\x0a\x90\
Z\xee(p\xf1\x1f\xf2\x0a5:\xbb\x07\xb6\x98oq\
\xe5e\xf7s\xaf\xd6\xfb\x04\x08\x1abYd\x80=\x99\
\xd4\xdf\x974\x82\x01$W\x0b\x91\xee\x8cD\x90\xf7\xa2\
\xa2\x84\x8a\x0cf\xee\xb5\x18\xbf\xd5\xf3\xf8\x18;\xec=\
S\x7f9\x9d\x80z\xd5\x8a\x0ch\xab\x1d`%\xd0\xe9\
\x10\xf3\xf6\x10\x98\x0e\xd0\x0f&`\xbb\x05t\xdf\x9eY\
\x1a \x03p|\x0f\xab\xf5\x88>\x0b\xcc (\xbc\xe2\
\xe3\x96\xe5\x8d\x9c\xe1\x96\x9f\xd3\x98*8\xe3t\xaf\xaa\
\xb3\xfc\x93\xfa\x15\x8b\xf8t\x99)\xc7-\xad\xdf,_\
\xd4Q\x9c\xcfHW\x04hec\xb0\x8f\xf7z\x96>\
\x00\x1a\x0f$n\x89,j'\xa4\x00\x9a\x90\xb1\xf8o\
\x82\xb7\xa5\x89$'\x8c\xca%)P\xe8M\xeb\x16\xae\
\xd4%p\x918d\x04wf\x17W>\x0bDvF\
\x97:\x17i\xe9\x11\x1c\xc5\xcf\x8b\xf5\xa1\x02\xcb\xff\x83\
D\xf4\x01w\x17>j4\x82\x83{\x17\x0a\xd8\xf6\xbe\
\x9d\x9a\xc8\xee'\xda-\xd4<\xe5y\xec\xc8\xe6H\x1b\
\xe0f\xb2\x97\xc4\x8d\x02\xc3\xf2\x17u\x01\xe0m\x14\xe1\
\xf1(bL\x12\xd6\xb2\xcf\x91\x170J\x93\x08\xb3\xc5\
\x8b\xe1\xb7\xc2\x9cfkI*\xd6\x96\xc7D\xef\x00\xce\
\xb2O\xaa\xa0\xa5\xdbJ`w\xa5\x10\xd6j/\xe75\
\x09\xba\xc7\xb3Q_\x08\x80f=\xde\x85Q\x81\xe6\x1e\
y<+!f\x08\xebW\x17\x8a\xc1\xea\xc75V\xb7\
\x93\xdd|^\x07\x9fe\xe9\xf6L\xcd\x88*E\x1c\x22\
\xb2\xc1x\x9aH\xd1q\x1a\xe3\x80\xcc\xd8\xf4\xd9:\xd4\
\xf9t{\xbf'\xd0\xd4\xdd\x07p\x09\x8a\xf7\xc3*\xe4\
\xcf\xa8\xe2.7\x06\xee\x00p\x1a\xc0\x9e\xdfo\x12\xeb\
\xbf\xcf\xa5{\xd0\xf4\xa8\xe1\xb8VA\x9e\x9d\x04\x19w\
!\xc0\x9b\xdaNz1\xedE\xe0\x0eR\x87aj\xc7\
v)\xc61X?\xe2\xc6\x09X.a\xc5}6\xc5\
f\xc0\xf9\x14bT\xb1\xee}\xea\xc7BpM\x81\x8f\
\xce\xc0G\xa7\x86\x0fl\x05\x0fO\x8a\xeb,\xcc\x13\xc1\
\xc0\xa8\x11\xafk\xfd\x81\x81\xd1\xa1\xf7\x10YH\xae\x00\
\x97X\x08\x1bg1\x0d\xc0\xb4@\x1c\x83\xec\xe3\x81\xee\
!~k\xf0c[\xf4\x12\x8c\xd9&\xd0\xff\xed\xb3{\
\x9b\x8a\xe8\xdf/\x0aF\x01\xb2\xc0l\x8e\xf7\x8b\xcd\x82\
\x5c\x11GAal\xe8\xe3\xe3\xa0\x96\xa1\xbe\x88\xad\xad\
\x09\xf4\x00dN0V\xe4\xf5\xeb6\x97GC\xdc!\
\xc8f-\x050E\x8e\x9a\xf3\xca\xffd\xac\xc9\xc0\xd7\
\x18W\xa9pi\x12\xd2#\x88\x93\x09\xfa\x0d\xac\x13\xc8\
\xbf\x96\xe3\xe3}(\xe0\xac\xb5\x1250\xd7\xe6\x11B\
rcw\x8ed\xad\x8c\xcf\x198\x1e\x84\xce5\xfd\xd6\
\xd1\x9aY\xf3mh\x98\xe7\x09\xd3u\x05\x9e<\xc4\xde\
\xf95n\xbb\xf5\x0cV\x83\xe0\xf5\xafz\x1e\xee\xba\xfd\
4\x9ez\xf2\x22vwW\xb8\xe7\xce[\xb1^u\xfc\
\xc0\x0f\xfdK<\xf6\xf0U`\xc7\x8c\x82ag@\x9f\
\xa7|\xceH\xaf\xa4\x22\xa6\xfa4\x0cj\x88\xa5\x8f\x8e\
\x93$n\x1cG\xf6\x8bk.\xbfw\x1109u\x83\
\xda\xe6\xab\xd2z\xe9\x1c\xe5\x8f\x9c\x1f\xbfw\x9c\x83\x94\
\xf1\x85A\x92/^j\xb1\x0a`q\x80kM\xd5|\
\x1c\xd5\xfa\xa3\x7f\x17\xe8\x93\x84\xc9\xdf$\x06P\xfb\x02\
0\x94\x5c\x1d\x11\xcd\x9b\x22,\x9e\xfch<\xe0\x0aE\
\xf3\x88< x\x90j\x8b\xa3S\x07\xb5\xe5\x18\xc5\xc7\
\x1d\xe0\xe0))\x86N\xa3\xe2T\xd5B\xfd\x1c\xa3+\
\x97\xa8\xda\xef\x12\xc7)\xc3T\x01\xc8N4Z\xd6\xae\
\xdc\xa87\xc4u\x84\xfd\x19\x07\xe4&CTnF\xaf\
0H\xc8\x14~\xac\xaax\xae\xdas\xdc\xdd\x95\x81\x03\
f\x83\x09\x98:Z0H\xc21r\x1e\xec\xbb#\x02\
\xef\x88\xa3\xde\xd0'r\xa8\xbe_\xb71-\x0d(\x1a\
\x1f~\xef\x08\xe98\xbd\xfc|\xee\x01 e\x89`\x18\
\x0c9\xc9\xf0L\xb2\xcd^\xd1y\xea9\x7f\xe3\x03\xef\
6\xd6\x86X\xab\xc6\xee\x91:\xcd\x806`\xb0\xbc\xbd\
\xe9e\xdf\x19\x8bzX\x14\xea-\x01\xac\x06\xa0[\x8e\
ye\x93bF\xdc\x92I\xb5w`P\xc8\x8a\x8aZ\
1\xa1c\xeb\xe0\xbc\x85\x16\x0c\xb2\x15/\xb3*D\xd9\
,G\xf0\x84\x00\x8f\x00\xf8m\x05\x8eAq\xab*n\
\x03p\x1b\x04\xb7\x028\x09\xe08\x8c_&QL\x8a\
\x08JW\xef\x1a\xfe]\xcc[\xc8\x86\x91\x918\xaaN\
\xa9\xe0_\x09j\xfbG\xa3I\xa4\xed@\x80\x970\x12\
\x003Nf\xcd>\x00\xa3\x0aV\xa2\x18D\xb1r\xea\
n\x05\xb8\xa6\xc0\xa3\xb3\xe0\xa1I\xf0\xd0\x16xx+\
\xb8\xbcU[\xaa\xe9\xf7\xe0\xbeQ\x16\x0c\xf3\x9a\x8d\xee\
\x11\x0e\x1e b[\xbb\xdf@\xe2&#g\x1e\xe2\xcc\
-\x02\xf9=jx\xc2\xe4q\x9e\x5cv\xb8\xbe\x9f\xbd\
\x14\x99\x9b\xe7r?\x80]\xfc\xac\xdb\xdf\x16\xd1\xe8\xa7\
w\xc4\x16\xbf\xdd\x1b\xfc\xd0\xdb\x86B\xa3\xf3P-P\
\x08N\xc8\xef\x98\x97'C\x01K\xa3\x02\xf4\xe8m\xd6\
\x12dxo\x1e\xeb\xcf(\xeaQ\x0c\x86\x04yMI\
\x03\x83\xc7\x02n\x1cg\x84\x87\xc0\x15\xcds\xcc\xaaC\
\xec\x03`\xcbq\xc0\xf4\x9e]j\xb9B\x80+\x87,\
u\xe62\x1dJ\xd0S\x09tQi\xd4r\x15\x82\x02\
\xec\x12(~\xff\xc5^\x1f(o\xb5\xbb\x8d0\xa3I\
C\x1b&L\x1b\x01\xf6g\xf4\xb6\x8b\x0b\xcfU|\xd5\
\x17>\x07/\xf8\xba\xff\x01\xaf~\xf1mx\xf1\xf3o\
\xc3\xd0\x1a\xce\x9e\xda\xc13\xbd>\xed\xf5/\xc6[\xdf\
\xfeA\xdcy\xd7y|\xe7_\xffq\xbc\xfb\x0f>\x80\
\xf5\xc95\xb6\x07,\xe1%=s\xbeb(a\x14\xe4\
T*Cx\x1a\x07\xc5\xf0\xa9\xbf3\x1d\xe0\xa7\xbb\x01\
\x94{\xeb$\xce\x066\xe9\x82\x1aNB\x1a\x06\xaew\
}\xce\x03\xe6\xb4\x07\xc6<\x93\x0d\xc0!\xc4n\x80\x85\
\xa5\x96G\xc4G\x05k\xfe\x08\xc0\x09\xd0\x8a\xe5\x849\
\xb3\xb4\xbc\x10W\xa3\xd8\x04\xeb\xe2\xe1\xd0J\x81\x85\x0b\
\xd4\x22\x0c\x82\xf4\xf4k\xd1\x05a\x82|O2\xd0d\
\x11)\xc0\xe2\xe7\xb4V\x7f\xf7\xd0\x97\x87\x91c\xbc\xa2\
\xb1\xa1\x0b<\xd7\x8dn\xeb\xc2\xa3\xf9\x06/K\xf0G\
3\xc0\xe0D\x87y\x07\x97S\x0d\x8f\x84\xe6I\xe7q\
\x9d\x80\xee\xe3\x8f\xf0\xa5yE&\xe4\xae-5u\x99\
h\xf1\xacU\x8e\xcc\x9ddAa\xb3\xaep\xe8\x14~\
I\xb0\xd6j0\x90.\xcd\xe7\xd9\xbf\xd7\xc2\x94R\x8c\
\x11)\xcb\x0c\x99\x9aa\xebf\x1f\x17\x97\x00*\xdb3\
sL\xf0b\xce68\xc8\xfb\x04\xce\x0a6|\x8at\
\xa1\x1b\x01a \xb8\xe5d9K1\x97{l@\xb3\
\xf6\xc1\x22F\xd3\xd8\xa5L%\xbd,V)\x8b\x87$\
\x87\x0e\x8c\x02\x19\xec\xbeh\xb0bP\xdfU\x10C\x0f\
\xdeY\x18\x85\x8cH\x0d\x82\xb9\xf7\x00i\x8b\x04\xb8\xbf\
\x16X\xa5.\xd8\xbc\x0e\xb0\x03\x0b\xfb\xefC\xf1\x80\x08\
\xde\xef\x93\xb7\x07\xe0\x14\x80s\xaa8\xe7\xff\x9e\x86\xe0\
\x84*v`Es4^gaM@\xe2#\x15:\
\x1c>\x8c{i\x06\x00\xdcY\x93\x01X\x1a\xcb\x8c$\
\x98\xfa5\xfep\x9b8D\x83\xc7Q5l\xb5\xe3j\
\x17<\xdd\x05\x17g\xc1\x13\x93\xe0\xf1\xad\xe2\xe9Iq\
m\xdb\xbd\xcb\x8f\xf1\xcf0\x03l\x85\xaa\x10\xa7I\xa6\
\xf3\xa2\x86\xa8\xf1&\xaeof\x007\xdc\xf2\x10\x14\xa0\
\xa7\x9c8\xcfDJ\xcd?\xc7\xf6\x80\x0e\xe0\xaa\x06\xf4\
:C\xdc\xeaV\xaeI`\xde\xdf\x0d\x04\x09@\x9f-\
\xfc\xceU\x01(\xc0O&\x8f\x8a~6\xfa\xe0\x92A\
\xf7\xfc\xd1}\x0c\xe2\x8a;[\x14F\xf4*\x80\xda\xfe\
5\x90\xf6\xbd\x05X\x0f\x04\xdf\x9c\xc8\x0d\x03\xf8\x5c-\
\x157\x81\x97a\xf8\xd9\x8bm+\xc0'\x0f2\xbf\xbc\
\xf0\x8e\x9c_\xb4\x5cO\xb4%\x80\x87>\xf5\x98\x82G\
\x1a3\x84\x87L\xab\x84:\xa7\x22\x8c\x86\xcf.<\xce\
\x1f\xdd\x9f[\xbc\xf06\x1c\x08\xf5\xa8#e\xde\x0c\xc5\
\xd6\x0e1\xedO\xe8\xb3\xe0\x9e\xe7_\xc0g\xbc\xeev\
\xdc\x7f\xd7q|\xcd\xe7\x9c\xc7\xf3o\xdd\x05p/\x15\
\x07z\xef\xd8l\xa7\x08\xd13\xaa\xdc\x00\xbc\xea\x13\xee\
\xc3\xab>\xe1>\x00\xc0\xbf\xfe\xa7\x7f\x05_\xf8\xe5\x7f\
\x03\x1fz\xdf\x1fb<{\x1c\xf3\x9c^| 8u\
\x9d\xe3W\xf4\xf1\xe7?\xcd\x9f]\xf3\xd9\xb5\xccI:\
\xb8\x19)\x8f\x98\xb3\x93(\x9a5\xf98Q\xa2\xec\x1c\
Pu\xc4\xa3d\x034\xf3i\x8c\xd1|\xa9F\xe0\xcd\
\xaf1\x0b\x1a\x96/\xf5\xff\xd6\x10B\xe2\xfc\xd2\x5c\x90\
\xf2M\x1cK\xe1\x06@\x0f\x859\x0a\x11)\x0c\xe6\xd3\
Bap\xe5CP\xb3\xbc\x8f\xc6\xf5\xc4/'K\xf2\
\xe6\xb8\xa4\xd2Y\x83)sLJ^\x04\x8e\x82\xbf\xf3\
d\x84\xd8)L\xbc\x16\x99V\x157\x1b\xd7\x99{\xc9\
.{\x956\xe5\x99\x18\x11 m|\x98\x02\xa0G\xe5\
\xb2xz@\xc2\xf3V\xaek\xf6\xe8\x03\xe0\xe1\xdb\x1a\
\xc3\x87xT\x80rG\xef\x9f\xe6\x12\xe7;\xe3$A\
* -K\x8d\x09\x8b\xe3X\xa3\x11\xe0A\xa3\x80\xd7\
q\x05\xc1k\xb0\xfa\x1fu\x1a\xb4\xd0D\x016\xb1Q\
v\x13\xa3BlT*\x0e\x0a\xf9\x06\x81z\x0aHs\
srR\xe8\xa0\x90q\x04\xb4\xb9\xe2`jB\xc0z\
\x00\x0b\x8b\xb429\x1dP7\x1c\x86n+\x06&\xb5\
\xfd\x02(\xb8\x0c\xe5beO>\x03\xd8\xaao\x98\xa6\
\xd0y\xb2|~\xb7\x8a\x7f\x03\x7f\xbf\x1b\x95a'\xe0\
\x1a\xe5\xb7\x01\xbf\xb6\xecmt\x998\x04\xf0\x18\x80\xc7\
\x0a\xbf\x0c\x0a\xec@q\x12\xc0)\x01N\x8b\xe2\x84\x02\
\xa7\x15\xd8\x15\xc5.\x04\xbbb\xd6\xfc\x0a@\xf3\xc8\x88\
\xf5<\xa2\x84H*~\xf2\xb6\x84\x1a\xaf\x1c\x8aYl\
M\xff\x0c`_\xadT\xe2ZW\x5c\xed\xc0\x95.x\
z\x06n\xcc\xc0\xd3\x93`\x7f\x0b\x1c.\x9a\xec\xd8\xbf\
\x83\x88\x17`\xda\xe7\xeez?\xb5\x18\xc2\x18!\xabE\
\xf4\x98\x92>\xc3\xd6\xf9\x1fhb.\xe5\x81\x0e\xf6\x04\
\xaf\xf6\x173\xd0g\x9f/U+\xfab8\x7ffn\
\xbe\xe4\xd3\xf9\x19\xcc\xd9\xcfn\xa4y\x1f\x00\xc1\xd2\xd3\
\x8f>\x01\x8a\xc8\xed\x11\x1c\xf8\xf0\xac\xf2\xad-\x84k\
\xca \xce){\x02\xc4\x0ex\x85\x80\xa8\xf5\x09\x8a\xd8\
W\xc5\xeb\x06\x12Jf3\xf2\xaa\x0a(J?\x0a\x04\
\x09&\x12\xf0\x85X\xa5\x10'\xaa\x1beN\x7f\x07\xde\
\xd0\x99\xa18\xddT,\xc0\x1e\xbb\xac\x06\xce\x15\x907\
A\x0d~\xce\x5cZ\xa6r\xed\x16\x96\x9b\xa7acA\
\xb9\x0ei\x83\xed\xbb\xb1\x12lnl\xd0\xe7\x09\xcf{\
\xeeI|\xf7\x9f~\x09^\xfb\xd2\x0b\xb8\xfd\xc2\x1a\xb7\
\x9f]\x01\xdaq\xfd\xa0\xa3I\xc7\xf5\x1b\x1b\x1c?\xb6\
\xc6\xde\xce\x88\x15uK\xc12\x00\x98\xe7\xee\x7f3^\
\xfc\x82\xbb\xf1\xa3?\xfc\x17\xf0}?\xf0\xbf\xe3\xf7\xde\
\xf5\x1eO\xbd\x0c\x10_\xed\x11;\xd5\xea\xe2!\x97\xd8\
\x17\xa4\x96p\x14\x17\xc0H\xa3\x96$\x89\xf10]C\
\xd0\xb7\x8b\xc9\xe2\x9e!@\xe5f\xbc|\xa0`\xea\xed\
\xbc2nz\x95q\x8d\xcf\x04\xfeA\xabz!zr\
a\x04\xe4ub-\xabP\x80i\xb1d\xd6)\xfa\x11\
\x0b\x82\xc1\x14Xn\x0b\x0d\xa4GNB\xc5\xe7\x1a\x86\
W\xd4\x86\x0f\xa1\xc2|\x96k]@\xd4\x02\xc4\xf5$\
*A\xd5\x8d\x00)\x93\x19\xc4T\x94?\x92\xd9\x04\x91\
\xf3\x10YW\x0d\xab!\x8e\x15\xe6\xbdY\x91\x0cS\xc6\
\x02*\xcbBD\x16\xf1\xb8\x91\xc1\x9a\x80\x04\xcd\xcc\xd3\
jR\xd8<\x85Z\x86\x0f\x0a\x129CR\xf6J\xa1\
I\x0a\x9f\xe6\xf5q4\xef\x04pm\x99\xad\xf3o\xfe\
,\xde\x5c\xc4\x8d63\xd8Z\x19W\x89d\xc4_\x19\
\x1f{ P\x17(|\xb5Q\x15*\x02=\xec\xda\x11\
M\xe8\x1e1(|\xa0\xb0\xd5\x00\x11!\x11+\xbc\x86\
\x9a\xf2\xf206\xbd\xfa\x88`\x88\x03x(E/x\
j\x8a\xbe\xb5\xc6A\x02E\xac\xb7\xf6x\x9a\xfa<\x82\
$\x15\xc5<O\xf0`1\xb6\xca\xd0\xbff\xc6\xa6\xcc\
\xbd\xba\xa2\x8f\x18\x16\x01\x12\x94\x08\x8f~\xfb\xdc\xf1\xb8\
\x1b\x22\xb8\x01\xe01\xb6C\x85\x19~\x83*F\x01\xf6\
D\xb0\x03\xe0\x98(\x8e\x89bG,\x9a0\xba\xa8x\
J\x1d\xa4p\xd7\x04\x87C5\x90?T\x03\xf6\xeb\xdd\
@\xfd@\x05\x9b\x19\x98fKCt-\xfc\xac\xc6\x1f\
\x02\x0b\x92\x84\xaeR\xd3\x07\xbd<\xb7\xdd\xb2\xd6\xc0\xf0\
\xa5\xa9XE\x22R\xce\x15bh\x80l\x05\x1a\x06\x80\
:\xf0+d\x16\xc7ou\x8c\xd5\xc4\xe6\xd8\x99\xb3\xc6\
F\xec\xe2\xe2\x9e\xbf\x10\xf8\xb5\xc3\x8a\x0c\xe8\x89\xe7y\
V\xf5\xef)\x01U\x079\xa6\x11\xba\xe3\xde\xe4\xcf\xd1\
\xf3\x18\xf5tAt\x0dd\xc8\xdb\xc7\xc54@5(\
\x18\x22ea\xa0\xf6\x0c\x0b\xbbQ\x12[\xe7\xb2\x88\x8f\
\xba\xcf\x97[\xa6\xac\xf9D\x80\xba\xc8\xfe\x13\xd1\xc9p\
\xa6\xc4\xed\x8er\x1c\xd3\x8d\xc8(lF\xfa`\xcfO\
\x9d\xe7\xb2\x1fNRh(\xea\x047\x02<j\xa5\x11\
Um\xc8\xed\x87ih\x00a\x9c\xa9\xd7\x9c\x01\x80\x0c\
\x18\xc7\x11\xdb\x83\x0d\xe6\xa7;^\xf1\x09g\xf0C\xdf\
\xf5r|\xe2\xcb\xce\xe3\xdc\xc9\x15\xe6\xb9c\x7f\x12<\
~\xcd\x16\xaf^\xd8\x13t\x1dp\xf6\xd4\xaeE{C\
\xc8\xa8\x9a\x19\x89\xb1h\xb0\xc8\x80\xa15\x1c\xeco\xf1\
\xb9\x9f\xfdJ\xdc}\xef\xf7\xe2uo\xfc:\xdc\xc0\x84\
H]\x04=\xfdEc\x10\x08g\x07\x8c\xa6\x04\xf6!\
WS9q5\x07\x91\xd8\xaaEF(\x9d\x09\xac\x85\
\xa6\xae]\xa5\x1e\x9f3\x9eK\xa9\x81\xf2f\x81\xe1x\
\x86\x9f#\x05\xf0L\xaf\xf0\xe1\x0b\xb03g\x1b`\xea\
\x04\x0a\x8f\xd6\xd1\xdcK\xcf2\xedC\xb8Q\x1f\xac3\
\x1f\xadR\x01\x8a\x95\xa5\x0e\xcc9\xe0\x85\xe1!\xf4|\
QxQ\x97c\x86\xc6\xf1\x11mr\x84S\xd2E\x90\
\xcbB\x04\xe6\xcd-\xf6\xf2>B3E(\xbfL\xc3\
Q\xa52\xba\xe04\xe9E\x06g\xf7\x1a\x95Ey\x08\
\x06\x89T\x87\x02\xb6-ia\x0cW\xf2\xc6SNO\
\x0f1\x85>J\x16\x88\x91\x86\xd1/T\xc8\xc9\xc4&\
\x8f\x12|\xa8\xbd\x18gj@\x1f\x8a\x02\xb0\xb0:h\
\x80\x14P\xa7B\x10\x80\xfb-\x04\xd9\x99\x02\x22S\x16\
f\x87\x82\xeb\xc8\xc2P\x8c(d!\xb6}\xe7\xb4%\
\xe6\xc4\x8e~\x04`[\xafO\xefP\x04\xd0\xa9\xfb\xf7\
\x86|\xb1\xc2hf\x8d\x82G\x17\x9a\xa5ldX\xa1\
O\x1a\xca\xd9\xda\x05\x1b\xe0[\x1bU\xef$F\x10\xe9\
\x1d2\xda\x00\xd5\xbd\xbc\xe9pc\x06\x80vt\xb4\xd2\
\xb9/\x15A\xd6\x96h\x14\xb6bf\x8a\xc2\x18\xb9s\
N\x04\x11\xc5q{\x01\xc2(\x98\xb3k\x13\xef\x12\xa8\
\xb6\xf7\xc0\x01\x05-&\xa60\xed\xa2I@\xe1c$\
\xe8\x06F\xe6\xa4\x22\x0c6d: 0Js*:\
\x15D\xdc#\x0d\xf2\x0a\xfa!\xc2\x94\xe3\x14\xe8\xfc!\
\xc6\xa7V\x94{\xa0\xc0\x01\x10\xc4\xe9\xea+\x01\xd4#\
\x01\x9a\xa9\x80\xees\xa6\x1d\xb6\xac\x8f O\xfe\xb7e\
|f,\xb8\xc7\x1f\xe2\xd3\x01\xf1\x95\x01bk\xf8\xcd\
8\xec\xd0h\x02\x04DA \x14\xd1>8\x8ay\xe8\
\xed\xd3@\x10\xbf'\x1b\xcc \x7f\x8f\x08\x81\x7f\xae\xd7\
\x85\x9a\xe7Y\x89,\x0a\xe5\xae\x82\x00\x98j\xa0\xb3\xa3\
\xd4\xab\xa1\x5c\x80H)\x90n\x04'\x97+\xee\xf4I\
\x83\xc0x\x8b\xb9\x7fjRY\xe8_\x16k\x02\xf0(\
\x1b\xbb\x0dJy>\x98\x5c\x8a\xa5F\xc3Ab\xed@\
W\xd8>\x09Y\xf0\x07\x1a\xfd`\xe4\xc5\x1an\xad\xc7\
\x19\x87\x8f]\xc4'\xbc\xfa.|\xf3W\xdc\x8f\xafz\
\xf3=8\x7fz\x8d\xae\x8a\xfd\xc3\x19\xd7'\xe0\xda,\
8\xbf\xdb\xac\x98Tl\xb9-\x9dU\x0d\x1e\xa4\xe1\x93\
@\x12\x85\xe1\x02\xacV\x0d\xfb\x07\x87\xb8\xf5\xfcI|\
\xf6g~\x12\xfe\xdd\xcf\xfd\x17\x8cg\x8fa:d\x91\
#\x89\x90u\x00\xc9\xd5N<\xd8\xf3gdD\x0bv\
\xf2\xd0T\xccKyH\xde\xafQ\x82\xbc\xa7\x04\xaf&\
f\xbbK!|\x9fzT\xa4\xe0\xec\xb3\xbcF}\xb6\
_\x8b\xf0\x8a?\x5c\x14o\xc1\x01\x0a@v\xa1\x22c\
\x15\xe2h^@<\xf9B\xaf\x8b?\xaa{\xf2|x\
\xe6\xf53<\x99\x93F\x0bH\xd8\xd1\xadk\xb6\x1c\x93\
\x1c\x13\x02\xe8\xb5(\x18^\x89BV(\x06\xa0o\xbb\
\x09\xca\x80X\x1aH!\x0d\xc3\xa2k^;\x1e\xd4\x95\
ok\xb6/\x80x\xe1\x0e#\x80\xbd\xe4\xf3\x81TH\
\xae\x80cW?\xbf~8\x05U!\x82\x91\x81e.\
\x9dn\xa6\xf8\xec'\xd6\xfb\x93*\xacZ\xbaY\xe3\x0f\
n\x0c\x14`\xc2\xcf\xf0\x16\xbd=(\xbd\xe0W&\xe4\
U\xd5\xd7\xe9\x17/\xde\x05xi,\xe7|\x99\xe1\xc3\
\x8b%\xab4\xf0{DrY\xc9g\xb1\xe2\x80$\x96\
\xf2\x5c\x9a=\x05\xe8f\xb3\xfe\xc2[\xf8\x0a\x97\x0c\xcd\
\xc8\x1ccl--\x9e\x07\xb6\xe5M\x22\x80\x0e\xec\x95\
N/\x11\xd0\x01\x9eb0>\xd2>[2\xbb\xcf\xc0\
z\x84L\x16\xfe\x9f7\x1bL\xea\xa9hQ\xaf\x03u\
B\xf4\xe2yu\xea\x007\xd2f\x8f\x04D(\x04\xc9\
\xa4a@\x99\xb8\xb3\xad2\x00D'\xc1\x22\x9f\xcdg\
laG\xa9+\x8bX\x0b$\x01\x94\xa1\xd1\x13s\x12\
\x8f\xec&No\x93\xc1\x9a\x15\xcb\xa8\x93\x8f\xbd\x86:\
P\xee\x15\xeaV\x91EK\x08 Y(G\x7f\x08\x19\
\x90\xcbI;lI\xc4\xbe3Zw\xcf\xbfk\xf4\xd6\
1\x11u#\xb2w\xe8\xccmx-w/}F\xb4\
\xf2\x8dm~-w`FD\x16\xf69q\xe2\xf7\xb0\
Lc\xb7?\xfb\xbdt B\xd6\x17\xb0\xda\x9fa\xf5\
Z\x04H\x01UD\xd7\xac\xf0\xfe\x17\x93\x0eF\x1d\xb4\
N\x0c\x00\x82\xb9\x01\xb0\xf7\x15\xf0\xe5\x81\xa1V\xc2p\
K}\x9d}D8\xa5\x0e\x86^[`\xd3\xc2%\x16\
\x0e(\xeel\x84\xe3Q\x8cyu]W\xb3\xb4\xf6-\
\xfb}\x04\x03\x95gw>\xae\x16\xad\x17\xcci8\x15\
\x99v\x14\x05\xda \x10\x1c\xe2\xf0\x89\xab\xf8\xc6\xafy\
%\xfe\xe7\xbf\xf4I\xb8\xe5\xac\x15\xf3m\xb6\x1d\xe3\xd8\
0\xae\x1aN\x0f\x1d\xe7Z\x8f\xab\xd8\x02\x11\xcf\x8dS\
\x1f\x92,\xa1\xf7\x9cF\x11\x09\xb1\xf1\x8cC\xc3\xd9\xb3\
'\xf0=\xdf\xf5'\xf1\xdf~\xfd\xed\xb8r\xb0\xf5\xa8\
\x0b\xe7\x91\x8f\xa6\xf9X\xfe\xf9\xe6\xe0\x96E\x1b\x19\xad\
1\xbe7=)\x8c\x1e\x14c\x00H\xfa0RX7\
\x0e\xa2.\x06\xe0x\xbbd\x9d\xce\x82h\xa2[D^\
>\xce\xcb\xe7\xefY\xfa\x00\x14%F)\xf50\x5c\x1d\
oTq\x17O8\x80X\x8a\xd0\x83\xc7\xaa{\x99~\
\xdd\xa6\xc9`.$\xb1\x07\x5ch\x07N\x18\x19\xd0'\
\xa1\xe5$\xc4\x83\x16\xda$\x90%\x80/\xc1M\x17\xb2\
\xa9\x9b\x19}\x9eM\xf1\xbb\x05\x15\xbb\xc9\x15!\x8f\x14\
\x07\x10\x1d\xc5\x92\xa9<$\xd6\xed7\xd0\xba\x8dt\x80\
O\xae2\x0c,\xa1\x17\xe0\xd7\x09\xaf\x89\xde\x99\x039\
\xe3\xaa\xf1\xbeD#R\xf8\xd2K\x8c\xf9B\x1eK\xc0\
6\x810A\xee\x9d!7A\xf6\xf9\xae\xc7\xd1#\x96\
\xa8\xe2'1i\xbc\xdc\x9cN\x90\x14\xbc8\x18n\xc0\
\x88\x1f\xc7\x09q\xa5\xee]\x01c\xe9\x96\x1b{\xe0w\
^\xb8W\xebK\xc4yA\xcd\xa2\x08~1:v_\
\xb1\xc0|\x9c\x80\xfd\xcc\x95\xdaB4\x96\x05\x92[\xcd\
0\xea\xd0y\xb2(\x82\xd20T\xdf\xf4i6\xc3\x80\
F\xeb\xfe~V\xea\xf7\x12Eb-H\x87G\x17\x9c\
\xcf(\xcd3\x1c\xc8{\xd0\x8b\xbf\xa7\xae\xac\xc2\x86\x18\
'P\xbe\xf2q\xdb\xe3\x14\x91_(?\xc9\xefX_\
\xe2\x1f\xc9c\x19F\xd7rl9\xaex6\x89]\x19\
q\x8ay.\xd7\xe4<\xda4\x91\xaf\x5c\x0e\x84!M\
qC+\xbd\x19t\x05\xd6\x02\xef\x9a\x94N6\xe5\xca\
\xe9\xaa\xde\xc7_z\xf7\xf7\x93\x01\xbe\xa7\x00\xb4\x17\xb0\
\x0ePw\xa0\xae\x1b\xf7D;\xe0\xb2\xb1O\xd30\x06\
,\x8c?g1\xb3\xa8\xf7\x01\xa0!0\xe7u|\xb0\
\xe2\xa1|\x12R\xbcR_uvz\xccN\x8f,.\
\xa6\x11\x1a3\x1b\xc4\xf5\xef\x02\x09\x18b$\xd5\x8b\x16\
T\x04\x90\xa7&Op\x81\x8a\xa5,\x0a\x8fd\x0a\x93\
\x97I0\xc90.\xaf\xcf\xbb\x99%o\xe1~_u\
\x13\xa9\x8c\xb0v\xcd8\xa8@\x17y\x7fF<\x1b\xd8\
\x7f\xd2\x1aJm0]\x9f\xb1\xc6\x0a\xff\xef\xef\xf9\x14\
\xfc\xe5o\xf9DhW\x1cl:\xd6\xa3`\xbd2c\
c\x05@[K\xde'\xeb\x17R\x14\xf8p\xda\xeb\xf2\
\xb7(.T\xacd\xc4v\xb3\xc5\x1b^\xfbB\xfc\xe0\
\xdf\xf93\xf8\xd6?\xf3\xb7\xb0:u\x02\xdb\xce\x1a\x0c\
\xe7[\xce\x81\x96iB\x99\x8e\x88x:\xdd}\x1aB\
^\x1d\xc7\x04\xe5$-9\xff\xa2`+\xd6\x1b+x\
\xda\x97\x86\x17\xaf\x1d&\x90\xff\x85\x92\x88\xff\xc4W\xd5\
\xdfx\xd6\xed\x80\xed\xe0\xcaT~\x19\xa1P'\xa8\x04\
\xe0\xab\x96\xe1k2u\xc4/\x12,\xb8t,\x00\x98\
\xc4\x0b\x1d\xa6\xe5O\xdc\xf3I\x05ha^\x05-R\
\x8e\x8f\xb93?k\xc9\x04\x82D|'\xbcv\x0b\x15\
\xeb\xb6[\x08y\xa7h\xbe\xc0\x7f\x8f\x044\xb1\xd0\xaf\
+JQ\x86\x1d\xd5\xc0sV'\x8f\xe5\xc0Da)\
\x002\x80s\x80\xd6G\x83Y\xa5\xda\x19\x94\xb3Y\xca\
5\xa8p\x9d\xe4\xf4\xa6\xf2vO2\xb9J\x96s\xa0\
\x04b\x89\xebE%\xb6\xfa\xdap\x1a\x06\x80[\xa6\xd9\
\xf6\xd3\x8cH\x17h\xf5\xf9\x9am\xfe\xb3\xff\x7f\xd6\x0f\
\xdcd\x99\xba\xa7\xaf-\xe7@8\xc7\xe4)\xbf\x8e\xed\
\x15\xc09\x91\xa4=\x97\x0d\xa2\xb4\x17mF\x0bz#\
*\x82\xd8)\x90z\xb1\xac\x19W\x11\xc8 \xe9u\x97\
p\x1dS@\xc1#\x0d@3O\x12\x02\xe80\x982\
\x1f\x092Y8\xa6:Y\xbaa\xff\x00s\xb7\xc29\
\xeb\x12\x87\xa0\x19\x81\xdf\xbcU\x8d\xb9\xab\xc7HQ(\
4\x08\xe3UB\x80\x146\xaa\xf2\xa5\xe7m\x00\x9e\x00\
!\xa9d\x82\xff\xfd\xe0\x19\xf1\x0b\x0bH5\xa2\x16\xe5\
\xfe\x9c\xf7\xb8\xc6\x11\xe3B?\xde\x989\xffE\xe8\xc2\
\xe0\xe2\xef\x92{\xc6P3v\xcat\xf2\x8f\x5cS\xe8\
\xc6\xc7J\x8c\xed\x8c\xe0\xd4?6\xf6\xf1yq\x8f_\
d\xb6B\xb2\xee\xdf{Q\x9eu\x93c\x91\xa0G\x01\
t\x02\x97\xe4-\xf6\x07\xc0\xe4\x8f\xe4\x9b\xf2\xf0\xb7(\
\xeaSd\xbf\x80\x1cSx\xf1\xb2\x04\x7fs^\x04h\
\xde;>V\x10\x90y\xfd_\x01$z\x15\xd8\xf7\xe1\
\x8c{\x94*\x0c^\xd2\xb9\xeaaE\xeaB\x1e\x97'\
\xf9\xa95\xdaZX.\x8e`\x9e\xbf\xfb5\x04\xecH\
\xa9\x8c(\x06\xe2z\x9f\x84\xc2+\xea-\xb8\x0d\xb4\x86\
\x04$\x15(\xa3\x8eb\xbc:\x0c\x0d\xf3\xfe\x01\x86U\
\xc3\x8b\xef=\x87\x1f\xfe\x1b\x9f\x89\xcf\x7f\xe3\xdd88\
\x9c0\x8e\x03v\xd7-u&Y\x8e\xf8A\xc7\xd4\xf9\
o\x9afhW\xec\xac\xc7\xf2\x5c\x19\xa5\x8e\xb4g\x08\
?u\x8e\xe9\xc6\xb1\xcf\x10l\x93\xbf\x90\x06MPZ\
X\xdf\x81B\xd7\xc4\x83E\xff\x04\xe4\xb9<\xae\x8aL\
~W\x05\x8eo\x8b\x1cJ5\xf5\xa8\xeb\x8b\xef\xef\x0e\
\xd2\xb3\xbdj\xb0\xf1Y[\x01\xe7Cp\x88\x82\x1e\xa6\
\xbf\xd4\xb9@\xccH$!\xe2*\x09\x86N`\xea\x99\
\xea\xe5\x07\x88\xa8+J +\xc1\x03I\x1c\xdc\x99\xf7\
\x0af\xd2\xb8\xf5M\xad\x1d\x17\xa4\xf4\x09J\xca\xe6@\
\x1b\xd0\xa7\xd9*\xc0#\xdce\xa0,\xda\x1d\xf8\x9bm\
9\x89\x9e;\x88\xf1b.\xb79\xc7\xc9\xa5\x19V\xf3\
\xdfK\xce\x12\x9d\x8a\xdb\xaca\xf5-\x88\x13$RY\
\xf3Y#\xc2@\xf3F\xf9L\xf6\xaf\xed\xc7\xd0\xd2\x22\
\x8e\xc2;\x09\xc5\x02\x0f[U,\x0c\xd3P\x9d v\
r\xe6\x90\xb9\xa3\x9f\xb6\x04\x0e\xa1\x00;\x93\x8a\xb1\xa3\
\xb4\x8c\xb9Xd\x81\x8f \x09\x1eei\xa0\x85\xe6j\
\x0dD\x8e3\xee\xc3\xbc\x9e\x1b\x0b\xd5(h2\x1a-\
\x98\xc2$\xdd\x87f\x86\x0auy\xf5\xa4Y\x98L\x8f\
e\xe8\xa6\x94\x9b\xe75\xa9\xec1\xc1\xc2B\xabT\xf2\
\xf0\x8dZ\xc6\x1988\xc44\x991`\xdd\x01\xd5\xc2\
\xd5\xccS\x03\xe9\xb5\xfa\xfd\xe8\xa9\xb3\x05k\x9c\xc3\xbe\
\x0d1W\xc6\x1b\xb5\xc5\xaf\xc9&\x15R1\xa6\xa8\x89\
\xa2v\x82\xf3^\xe4\x02\x856\x94C\xde\xa6\x17\xdaS\
6C\xc1\xe7\xf7\x81G(\xbf/\xb5Y*j\xdc\xac\
\xeaB\xa91\xaf0\xd0\x98\xf3\xf1\xf2\x8c\x0e\xe0\x0a,\
\xd5bN\x22d\xb2>\xec\xdc\xae\xd9\xbc\xff\x5c\xde\xa7\
:\xe7\x06>\x8c\xda1\xac\xcf\x5c\xbcGq\xd0'\xa0\
oA\xe1\x8d\x8dw(\xcc\x8bm}\x09\x02\x8a\x9bS\
\x00\xf4\xfc{\x9e\xbb\xe8\x9c\xc7H\x84$x;\xd0k\
\xa1H-\xc8`\xe7\xc9\xd0\x9b\xe0&C\x816\xa1\xe3\
\x927\x5cg\xd3\xca\x12ET\xe8\x87nV?O\xa1\
\x5cF\x0b\xb2\x8d,U\x80\x1b\xe2y\xfd\xc2o\xa1\xdb\
\x04\x12\xde\x7fj\x5c\xa5\xfe\x10\x01\xb4\xe5\x98\x5c\x9f\x99\
c\xe9\xa1V4\xacG`s}\x1f\xb7\x9f?\x89\x9f\
\xfc\xe17\xe3\xd5/\xbb\x05\xe7N\xad\xb1\xbf\xbf\xc1z\
5\xfa\xcaP\xcf\x85\x17~\x8a\xfc\xb7\xb3\xac-\xfb\xf3\
\x10\xbbv\xb4\xd9z\x06\xf4>\xa35\xafy \xc9[\
j\xd6\xbc\xa0\xd1\xe1\xe0`\x0b\xddn\x01\xdd 6\x1b\
rBe\x04X\x93\xcf\xa5\xe0V%\x93\x09f5\xc5\
\x17\x10\x11\x11mp^+\xad9\x11\x02\xf19d$\
Ec\xd2\x88jyM\x9f\xe2\xe2\x1c.\xb9\xac\x0e\xef\
Y:\x01\xd6A\x92\xd0\x0e4\xb5\x98\x82\x14-W7\
\xeb\xc8\x05\xdf\xff\x0d\xb0\xae/?\x97\x9d\x01mNr\
\xe5b\xf5\xf6\x97\x94\xb6\x10VLD\xe8-\x8d\xa5D\
\x14>\x0aH\x16\xbaq.\x05l\xf5\xdb ^\xa7\xa2\
\xd0-\xadD\x0d\xcfLA\x02\x14K[\x08\xc0.d\
\xbeK\x98\xd6\xa1\x06\xd3\x14\xc5\xeaXC\x02\xc4\xf1\xbe\
\xb4/\xf4jO\xc2G\xc1S\xccr\x9du\x86\x81\x8c\
\x98\x8bv\xbcA\xb1,\xe2\xa3\x81e\xf7@,\xdf\x0d\
\xdc\xa0G H\xef\x99\xcfJ\xba\xd5i\xf44C\xe5\
c\xb4|t;Fc\xb2\xa3\xeb\x5c\xe4\xf8\xd3HZ\
,2\xf79\x11\x0f\x17J,T\xd70\x22t\xf6t\
\x92XA\x9c\xca\x0c\x91!\xdb\x08g\x08\xe2\x88\xe2\x9c\
}\x8c\xcd\xde\x9buack\xea\xcd\x7f&`p\x85\
=y\xb8\x7f\xea\xd6fx.\x8a\x1e\x80\xee\x1f\x00\x87\
[`w7\xf7\x87`\xb3\xa8^hPS;\x0c\xb1\
(\xd23\x89\xf0\xbb\xffu\x9f\x88\x00\xef\xe4\xcb\x12\xdd\
\x05\x5c\xf1g\xf5\x10'\xde\xf9\x93\xc3%\x9f\x90,\xe4\
5\x14\x83\xb3\xf2Y\x5c_\x1cO\x9co\xc2`\xf5[\
\xd6tB9O\xca\xb5\x17F\x00\x0d\x13\xc0\x0b;\xfd\
$\x91\x5c\xd2'f\xe4\xea\x15y\x86\x1e\x00j\x9e\xbb\
*\xe0m}\xc5\xdf\x1b\xf83T\xa0%\x05\xe0U\xf9\
\x11\xeewA\x14\xe4\xf1\x0b\xe06#\x0fs\xd6\x06d\
D\x80@\xcd5\xff\xdek\x80\xb5\x045\x0d \x82\xd8\
yS\xdcp\xab\x86\x85\xdf_|\xde\xd5\xcf\x8bP5\
\xeb\x9c\xd0C\x97e\xaa\x84\x1a9u`\x994\x07\xf9\
\xa9\xe8>z\xac\x04\xb0\x8e\x8c\xb6y**<L\xd6\
\x9c\xf8\x9f\xf2^\xbc\x1f\x1d\x04I&\x00\x10\xbd\xe9Y\
?\xe1\xbfe\x8d\x00/a\xbbL\xa86\xb4\xa1as\
\x08\x1c_\xef\xe0\x7f\xfb;\x9f\x87\xcf\xfe\xe4;1m\
'l7\x13vV\xa3\x8b{\x9c\x08F+D,\xe5\
\xb6\xed\x8a\xd1{G\xf4\xae\xd8Y\x0f\x18\x07\xd6\x08u\
l\xa7\x8e\xd5je\xe9\xdd\xca{4l\x0a}\x9a\x7f\
\xff\x89\x9f\xf8\x12\x9c\xbdp\x02Wn\x5c\x87\xc8\x0e\x96\
\x9e\xb9\xeb\x12\x02\xb0\xa7Yc\xeeHA\x17]z\xed\
<oY\x87@\xb5Tp\x86\xbc\x80\xc4]>\xbd\x9d\
O:\xbad\x15\x83\xf0&.\xb8\xc9\xc2\xc9\xdf\x81\xff\
N\x0a B\x1b\xaa\x1e\xcdc%\xa2\xa2VT\xaa{\
*\x9c\x9e\x0c\xf9's.,\xb7E\x8eDb\x82\xf9\
\xb0|0an\x90\x97\x0a\xe0[\x82\x9c\xb3z\x1cR\
\x8d\x0d\x8a\x02I\x92\x852Zt\xb8{\xceSG?\
\x9c!\xb2F\x93\x16K\x0d\xb5\x94I\xd3\x12\xe5\xf5\x8a\
Ciw\xe25\xcbNd7mW\xdc\xf3\x18QS\
pG\xb7\x03\x0e\xbatz\x83\xc8\xc8\x01\x9fm\xf1\xbe\
x\x92a%\xbaG\x1d^w\xe5\x07\x13\x82\xde\x81t\
\x85Q\xce\xaf\xa1f\x14\xa1A\xce\x17<\x1f\xaf\x9c_\
\x1e\x9f\xe7\xc4\xa4\x90;\xca\xee\x7f\xaa\x88\xb0\x7fF\x09\
4\xe6\x13\xd2\xe22\xea\xc4\xb5\xa1\x89\xef\xde\x06\xb0\x8f\
\x00\x04\xd6r\xda\x95V\xb4\x1b\xed\x00+\xff\xcdi6\
\xb0\x97\xc1\x95|\xcbMk1\x0b0x\xde\xbf\x8d6\
\xe4I-\xf7/3\x80-|\x0fX\xa8w\x83\xb3\xe8\
\xcd!p\xb0\x8f\xbe\xde\xb51\xb1\x83\xa3\x83\x95\x02Q\
+b\xcd\x9b\x927\x22\x95\xe42S\xdb\xf2\x86\xce\xd1\
\x8c \x85*\x08\xe3\xd2\xf9\xc2\x1b9\xd9w\x15ry\
\xaf\x94\xb3L\xc7\x91\x0b|\xde\xd3\xf2.\xd7J\x9ec\
}\x00\xe7</#\xce\xfb\x1a\xa2\x95|FE&E\
n\xfc\x9e\x0c\xee\xf1+\xda\xd1\xea\xd1\x99I\x80+\xfe\
\xbbo\xbe\xa5\xbd\x9b\x91\xd5-\xb4\xcfM|t\xa6G\
\xcf\xb6\xbe\x1d\xe8\x16\xcda\x81\x9f-K\xe3\xfa\xfd#\
9\x7fF\x09\x22\xc4\xef\x0d\x81b\x87\xc99\xaf\xbb\xd8\
6\xb6\x97\xf7\xa5\xae\xc0\x06\xed\xb5+\x1a\x9e\x7f\x1ax\
s\x99\xe09\xc06\xba\xfa\x85\x80\x001\xf3q\xae\x87\
\xd5IW!\xff\x04\xd1m\xecL\xb9\xb8\x0e`qk\
\x99\x15\x9b=\xa5\x5c\xe4\x9c\x06\x1f\x09\xe7\x9c\xc70\x05\
\xa0`,Y\xd1\x82'l\x9c\x922\xef\xfa%V\x8f\
9O\x89\x9f7\xc8\x88\xf9\xf2\x16\x9f\xfcI/\xc4\x8f\
\xff\xe0\xe7\xe3%\xf7\x9d\xc64u\xb4\x96K\x8d\x11<\
\xeb\xba\xa1x\xa5Ml\x9f\x89>w\xacV\x06\xfcO\
_\xbe\x8e\x7f\xf7s\xbf\x8e\x0f~\xec1\xfc\xce\xef\xbf\
\x0b\x97\x1e\xbf\x88O\x7f\xe3\xab\xf07\xbf\xf7\x9b\xb0\x1a\
GOG\xe45\xaaHtU\x0c\x02\x5c\xbcx\x19\x9b\
\x83}\xdb\xc0)3\x07\xa8\xa9\x86\xca\xd3\x82\xc4\x9d\xa8\
\x8d\xe3\xf7\xa6\x00J\xd4O\x8f\xa4-\x12\xa5\xf8{>\
n\xea\xc7\x90h\xcd\xdf\xc8\x03\xe9q\x1d\x91\xb1\x8fg\
\x01\xf8\xebY\x8b\x00\xa9\xfbs\xde\x02\xd1\xd2B\x8d_\
9\xc0\xb4\xd0\xa2\xbb\x97\x94\x0bJ\xb9\x83\xe4g)W\
\x0ab\xd0\xbb\x97zl2A5\x84\x02gz\xf2^\
\xf0\xa8\xb8\x9c\x0e\x80\xc4\xb8yR!\xe8\x06\xd8^=\
@\x93\x1d\xc3\xb0\x06\xdf?\x1e\x96\xff\x8d\xc70m\xe5\
;\x9f\x03\xb3)\xa3\xa6>\xb95]\xe4\xcf-N?\
\xf1\xf3\xa3Y\x10\x95k\xa9\x10\xb1\x22\xc8\x12\xff\xa8\x16\
\x1e\xefQ\x0a\xe6\xb2\xe2\xdf\xe9\x04\xdeSr\xae\x5c\xc8\
E\x1b\xb8\xc1K\xd2\x9b\xc2\x00$x\xe7\xbc\xda\x10:\
\xb8\x8c\xc7\xdeJ\x8c\x05~\x9axS\x07\x16\xa9\xd4t\
\x0c\x05M\x9a\xa6\x97\xe0\xf3\xc5\xdbd\xf4B\xca\xfcP\
2mLQ\xa0\xc8g\xa5u\xcd\x16\x9c\x83\xc4\xb1\xf0\
0\xab\x81\x8b\xb7\xdc\xb4*#\x03\xf6\xe6FS\xf7b\
,\x11\x0b\x83\x8f\xae\xcc\xb1r\xfeU3\xd2\x00@\xbd\
\x0e`\xf4\x14\x04\x14\xd2\xb7\xd0\xeb\xfb\xd0\x13g!S\
w\x0f\xd5i^\x97\x00\x86\x87\xef\xef\xbd^\x80\x11\x9a\
\xcc\x91\xb7\xa0k\xf2H\xf2R\xcc\x17\xd3\x04E\x89\xd8\
\xf7|\xafA\xf7P\xf9E\xd9\xd9}{\x1ay\xbc?\
\xf1\x8b\xf7\xa8<B>& h\x01\x93:N)\xc3\
\x0a\x85\x98\xf3\x19&J\x08o<z\xde{\xab\xc0e\
\x1a\xc2N/6\xf7A\xb7\xf0}w\xaf\xaeo\x93]\
{z\xf4V\x10H\xaf\x9e\x95\xf9\x0e\xe8\xdcbP4\
\x0c\x07q\x82\xab\xba\xb1A\xd0\xa7\xc7_\x0b\x08c\xa0\
Q\x9c\x90\xe0_\xb6\xeb5\x8f\xde~7]M\x00b\
$\x82\xf4\xed\xcb\x7f\xdd\x080:\xce\x8b\xefh\x1c\xa7\
\x00\x15b\x87\x01]\xd8\xc6\x8bO\xa4~\xa6~\x08\xc2\
\xa5\xc2O\xdd\xe0\xdb\x06S\x9f\xf8\xea\x01!\xd0\x03`\
\x01\xdf\xf2\xe5K\xfc\xe2\xd9\x10\x17\xa5C\xb7\x1a\x80\xed\
\xf5\x03\xbc\xf1S^\x88\x1f\xf9\xbe\xcf\xc3K\xee;\x8d\
\xc3\xcd\x8c\x9d\xf5\x90\xcf\x8d\xa4\x97h\xeaI\x11A\xef\
\x8ai\xeaX\xaf\x07\x0c\x03\xf0{\xefz\x0c\xff\xe2g\
\x7f\x09?\xff\x9f~\x19\x1f\xf8\x83\xf7\x01\xf3\x06X\x8d\
@\xdb\xe07\x7f\xe7\x9d\xf8c_\xf2\xd9x\xc3\xeb_\
\x8cy\xee\xb6iW\xe8\xc5\x22;N\x8b\xdeg\x1c\x1c\
n\xd0v\xd7\xa0\xf7\x1f\xa2\xc4\xe7i\xd4\xd6\x0aFV\
\xed1{\xd2\xb0\xe0M\x89\x1f\xfb,\x15Y\x8e\xbc\xa5\
\xa6\x9f[=\xfcE\xd4\x97\x841\xbaP-\xa4\xa4j\
\xf9\xef\xff\x9f\x06\x00\xe9A\x8fj1r\xbf|x\x0f\
\xf1^\xca\x04\xfbV\xa2\xb4r\x04\xa0\x8fh\xde\x83\xf8\
\xf0\xaa\xb2'\xa3\xa8\xa7\xa0\x13%\xd2\x86\x10\xcf\xff:\
S@2\x04\x13\xe7\x056\x04OGx\x9b\xd6\x17\x04\
\xd1i\x8b\x1c9)\xfa\x8dC\x8c\xde\x81.;\x04\xb6\
|Z\x95\x10&\x03\x92\xbe\x90\xcb\x04E\x17r\x02a\
\x09\xfb\x87E\xad\x88\xa2A(=\xe9\x0a\x18d\x8ej\
(\xb0f\xc0\xd3\x17ay\x93\x03\x98V\xa0\x15)\x88\
p-$v\x82c\x04\xa7\x82\x0b\xe9\xcb(FFf\
\xa241\xf8\x22\x9eS\x04\x8b\xb9\xf7\xfff\xa5*\xc7\
n^x\x00yX^\x0c\xf5\x93q|\xfe\xeb\xf4s\
\xd7I\xa6\x0d\x22\xc5\xe0`.N\xc7\xda\x1cJ\x80\x0e\
3Z$\x94&\x8a\xf5\xdd@\x80\x86\xa8\xed\x07@\x83\
\xb3\x93\x9e\x0a\xee\xe2\xd6\xbc\xeb_\xb4\x92\xa5\xf7\xa7\x13\
T\x06\xc8\xb5k\x90\x0b\xea\xc7\xc0\x1d<\xe7-\xe7\xe9\
(\xbc&\x9e\x14#!\x89\xeb!\xe3B\x0bF\xe1\xcc\
\xe3\xc8&I\x01\xfet\x17J\xaae\xa9(8\xdfA\
r\xbfna.\x0aI\x8c\x8bcO4\xc84\x10\xef\
]\x15S\xb9!W\x92\xf0\xb8\xf4\x00\xe2}\x00C1\
\x00\xb4['F\x85+\xfa\x1b\x80\x5cq\xa1\x9a+(\
ZN\xdd\x0a\xfeJ:F\x15l\xf7\x1b^y/^\
;A\x94;\xfcE\xe5{\xe6\xf4\xa3H\x8f[\xef\xc2\
\xc3\xf6^\xf3a}\xf9k\xba\x00\xc8\x1d\x00]f\x82\
6\xc5\xa3w\xa1\x8a\x0c}\x14\x97i\xa1\x9d\x96k\x13\
8\xc8g\x05\xe8\xa36\x85RM\xea\x92\xe64x\xb2\
\x80\x1742\x8f\xce\x89\xdf'\x8c@7\x0a\x02\x18\x9d\
E\x96\xed\x8a]\x1f\x0a\xef.\xa8K\xd6\xecoZ\xf2\
*\xf9\xc1o;\x0e\x82\xbe\xdd\xa0\xe9\x88\xef\xf9\x96O\
\xc2k^z\x16\xdb\xa9[\x85\xbf?\xfa\xd2\xc3N\xb0\
\xec\xaa\xe8\xda\xb1^\x8dX\xaf\x07\xfc\xee\xbb\x1e\xc1\xdf\
\xfd\xb1w\xe3\xe7\xff\xeb\xfbq\xf8\xd0\xaf\x00\xc3\x06\xeb\
[n\x01\xfa\xbeE\x86\xf6g\xbc\xe6\x13^\x84\x97\xbf\
\xfcy\x98\xa6\x19\xc3\xd0rX(/I\x1aF\x8dM\
\x1bCw\xd74\x80,\xde\xc3\x8d\x80*\xc7\xa4\x9d\xdd\
%\x03 \x09\xd8\xcbpY\x01r\xf5\xa8sD\x80j\
\xb3\xa5\xbci5\xdd\x16\xcf\xc3\x22M\xd0\xc8\xf8\xf8F\
\xc0\xb3\xaf\x02(`\x114\x8a\xeb1\x07\xa4\xd9\x8f\x9f\
\xc3`>:\xac5\xff\xa5\x14]\xb0\x02\xb8d7\x9c\
V\x06\xe8\xd5\xb8@=\x8e\x1eD0_\x1a\x18\x0cS\
\x87\xe0\x90<\xaa\xb0\x86\x14n\xf5*\x22\x9f\x99\x0a\xda\
\xfe\xfa\xf5-b=\x19\xbdM\x07^\xed=\x8d\x07\x9f\
p\xd5$\x85*|\xe9\x1f\xe2yB\xe0\xe1\x13\xeb\xb9\
`Q\x0d\xa1\x0bg\xd55tT\xf9\x93\xed\x95J\x05\
\x19\x9a\xad\xcf^6W\x8a\x99\xf09H\xab\xb5<s\
n\xcc\x90\x03g\x11\x22\xa7\x10\x80m2d\x0fB\x8c\
\x89\xb9\xd1:g\xbc\x0c\x15:\x8b\x89J\xd8Z\xc4\x00\
PR\xffdG\xbd\x16\xf3\x9c\xb9E\x12\xcd\x87\xcaB\
>z#\xf4\x80\xba\xfd\xc6]\x10K\x8dj\xd0\xdd\xc6\
\xa2\xc8\xbdv\xad^\x00hfL6\xbfP\x1b\x12\xd8\
\xbd\xfa\x1f\xaan\x1ct@&\xbbo\x9f\x01\xdd\xfa\xb6\
\xc33D&\xe0\xca\x15\x8b*tD\xf1\x1f\x81;\x0c\
9\xe6\xdf9\x97eKh\x04Myl\xf9#\xef\x04\
\x00\xfa3\xd6\x90\xbd\x02x\x86\x22>q\xbe\xb0T\xac\
\x96:\x0b\x9f\x13e\x88\x9eKsu9\xce\xe0\xa5\x12\
\xfa,\xf7\x88*\xf3\xaaM\x19\x81\xe1T\xd0K\xa1B\
\xa4\x0e\xa1'\xdcr^\x95\x86SS\xe0\xbaX{B\
v\xf6\xf3\xfc\xba\x01?\xbd\xee\x09\x5c\x8a\x17\x9d\xfb\x18\
\xea\x17@|\x1b\xa5\x5c\x19\xd0\x11\xe1\x7fF\x00t\xb6\
\xef\x9e1\xcfOC\xa2\xde\x93\x06F\x89\x0e\x84u\xe7\
\x93\xc1\xf5\xfe\x8bm\x81\xedx\x0db\xd4\x09D^\x97\
J\x01\x00\xaa\xa1\xc0cc\x22$\xdegz\x07\xe58\
;\xcf\x22(\x92\xb4\x87\x15\x95\x11hUI\x7f\xb8\x83\
\x11\x93\x15\x8f\x94ywv#\x0cM\xbe\xe4\xb9\xfa]\
\xe8\xec\x1c\x93h\x83\xb4\x8ei3\xe1\x04V\xf8\xeb\x7f\
\xed\xf3\xf1\x85\x9fu?6\xdb\x19\xab\xb1\xa4\x12\xf8<\
(\x86\x80*6S\xc7\xee\xee\x80\xae\x0do\xfd\x83G\
\xf0\xa3?\xfd6\xfc\xf3\x7f\xffn\xec\x1f\xae!\xc7\x05\
\xeb\xd3\xc70m\x1b6\x9b\x0d\xd0WX\x0f36W\
\xf6\xf1\xc67\xbd\x01\xc7\x8f\xadpx\xb8A\x1bR\x7f\
\xd5\xe1\xc6\xb2u\x05\xfe\xf5\xbf\xffU\xcc\xf3\x00\x91\x15\
\xd8\x22\xba(i\x843\x01d4\xba\x82\xba\xcb\x86R\
\xbf{d(tl>]\xf9\xc6.\x92{=$\xdd\
\x94\xe3\xd3<\x93\xf3O\xca\x07\xf5%\xfe\xb30J\xea\
\xac\xf0\xf3\xc75\x00h\x81-.MEB\x05^\x88\
\x16\xca6\x0eD`h\x06\xb3\x8b\x15\x187\x92%\xbb\
\x04#\x22\xd1\xa5x\x09\xc5\xcc)_\x1c},\x04\x03\
\x05-\x14q<=r\xad\xb2\xe6\xd1\x83\xe9\xea\x06t\
\x7f\xa55\xef\x03\xd0S\xbey\x15\x86\xf0E\x10\xcdy\
$\x8bS\xc2\xe0\xed%\x04\xef\xff\x86\xf5\xe8\x82VS\
\x83\x16\xa6\x97`\x9c<\xae yxg\x1e\x8e\x17E\
\xae{C\xe6\x9a`a\xba\xf0\x96\x91\xc0k\xca\x82\xe7\
\xf8\xb5\xe2\xda\x08\x8f1\x00\xbb\x08\xf7\x11\xfd\x00\x16Y\
\x8a/\xc5\xabE)\xd1z7\x1a\xfdh\xccg\x828\
\x19J2\x94\x9f\x96&h\x18q\x93\x10\xf1\xa1\xc72\
\xc4\x0eD\xa8\x9f\xab\x00 \xb6\xe6\x9f|\xc4\xdc{K\
E\xc9\x80\x02=n\xf14\x87\x0ej\xf9f\xed\x10\x16\
\x83q-\xb3\xcc\x80\x9aq`^\xe8d\xad\x88\xaf^\
\x01\x0emG9em\x07\x0d\x81Z\xe0\xd9\xc5SD\
Z\xba\xd8e\x0d\x06\xa8l\x9dGM\xa7\x14\xc3\x80\x85\
[n\xb8\x1a\x8f\xf4\xf8\x1cF\x87\xe6|\x91gD\x9a\
;\xaa\xa4\xb1\xd7%\x80m[yn\xe1\xcf\xf0\x16\xc5\
\xee\xd3\xc9\x8eG\xea\xb1\xfdz\xcb\xfbI\x5c\xc6\x19\xd3\
\xe7%\xf5\x87\xa5l4\x80\xc9\xc0\xd6\xbf\xbf\x0c`\xa3\
\x88\x1c\xbc\xce\x96n\xe9\xc5\x08p\xe0O\xd0\xef\x88u\
\xfb\xbe\xf4/~\xaf\xdb&\xe9\x0c\xb4\xee\x06\xb5E\x04\
$\x80\x9c[\xfb2\x22\xd0\xf3\xaf\x1a\x06\x8c$\x04\x80\
#\xae\x1f{6\x0a\xc0^\x05\x0bp/`\x92t\xac\
\x8a\xc0\xd3\x05\x91R\xa8F\x00in\xc7f\x1cU\xf3\
\x9eZ\x0a\x05\xb58T\xa1\xbb\x19\xb9\xa3n\xd6\xb0\xc7\
\x00`\xb9n\xdf\xfe\x15\xbf\x16P\x9d\x05\x09\x1dQ\xd3\
\x8f(\x9f\xedX{\xb6a\x10L\xd7\x0f\xf0\xc5_\xf0\
*\xfc\xfd\xef\xfb2\xdc{\xc7)\xccs\xc7\xd02Z\
\x10\x97\x09\xfdj\x1f\xb6s\xc7\xee\xee\x0a\x0f|\xec2\
\xbe\xfb\x07\xfeo\xfc\xdc/\xbc\x13\x9bm\x03N\x9d\xc1\
\xead\xc3\xf6\xf0\x066\x07[\x00\x1b@\x14m\x181\
\x1f\xce\xb8\xf3\xf9\xf7\xe3\xcf\xff\x99/\xc34\xcd\x18\x87\
!d#u\x9a\xddg\xee\x1d\xe38\xe2\x81\x0f>\x8c\
_\xf8\xe5\xb7@\xf6v0sYo\x0a\x04\xa9\x95z\
\xdc\xbf\x09c\xdagTc.8w\x82\xe5\xbc\x97\xe3\
P\xae\x03\x8a\xa0;\xc3U\x9c\xb1\xbcT\xce{<I\
\xf9D\xfeX\xf2M\xc5\xea\x8f\x1f\x01Xx\xd3\xfeF\
\x92h1\xbf\xc4\xa2rq\x00\xe6\xedG~B\x8a.\
\xa7b\x90\x14\x84Fp\x92\x1cp\xd9\xdf\x1d\x9a\x99\x8c\
E!\x04\x99\x96F\x024\x9b\xc18\xf3p\x928>\
\x02+\x8b\xce\x22d\x0b\x98\x01p\xe5\xc0\xab\x8e\x05\xfc\
_\xac3\xaf\xe4p\x22\xa8\xefW\x1d\xbd\xf2\xbd\xf0\xcc\
\x8a\x95\xf2\xda\xf6\xa8.\xa8\xaeXiD\xd8\x12'\x0a\
X5\x18\x90:c1\xb1\xeey\xd5\xaar\xc0=\xfc\
\x04r\x16\xa3\x84\xa8S\xb7\x8b\xa2E!\x8f\x87\xc2\xb5\
\x84\xed\x09\xc6N8\xee\x0e\x96^{*\x85\x10|\xc7\
\x07\x912V\x85\xf7\x00h\x88u\xe6hh\xad\x8c\x11\
4\x9a$\x8b\x89E\xd2((\x86Gp>\x04\xc2\xde\
\x0aM\xf3{\x0f\x9d\xa8[`B\x16\x93\xd0S\x01\xf6\
\x90\xe6\xa1w\x0bW[\x10\xa0C\x07\x12\x9cJ{\x8e\
\x02B\xebj\xdabM\xb9`\x05\xc5\x04`\x0d\xdd\xbf\
\x0198\x00V+\xeb\xfb\xe0\xdbB\xc3\xbb@f$\
\xc0\xef\xdb{z\xec==\xaa,](|\xcbHS\
\x0d\xc9GgF [\xfd\x92\x0e(4)\xbc\xca\xe2\
\x94\xa80\xa2\xa1\xd7\x17\xc7q\xc5B`\x80+-Q\
\x86\xf6]NC\x03I\xcc\xa53L^+\xc0Q\xb3\
\xbb&\xe7\xd8k+ H\xb9e\xe4\xa1\x03x\x1a\xc0\
F\xa1-#\x00\x04Se\x9e?\x8a1'\xc4R\xbf\
H\x0d\xa4\xd7\x9d`\xed\xc6\x84 \xe7\xd7\x8d\x07\xab\x87\
@\x9e\xe7\xc6DN\x0c\x15y\x01s\xaf\xd0gA\x16\
C\xe5\xb9\xdd\xb0\xdf\xa7\xd6\xa4p\x0e\x05f(\xb8`\
\x8a\xf3]Fz\xb8\x89\xb3\x226\xf51\xa9C8U\
9I\xa0\x00qZ\x18\x89\x09\xe3S3\xf5H]\xb3\
\xc8\xd4\xa8\xcb\xa8HD\xef2\x84Lp\xf3;\x87\x05\
W\x0d\x05\xb2]K\x83\x0eHOYg\x88n\xd1t\
\xc6_\xfd\xf6\xcf\xc3\x0b\xee=\x8b\xedv\xc2b\xe9k\
A\x12j\xbci\xb6\xe2\xeb\xf5z\x85\x7f\xf6\xb3o\xc5\
\xf7\xfc\xbd\x9f\xc7#\x0f>\x89v\xe6\x04\xd6\xc7Gl\
\xa6Cl7\x03\xb0\xbd\x0a(\xbbF\x09\xc65\xb0y\
\xea\x10\xdf\xff\xf7\xbf\x19\xf7\xdcu\x0b\x0e\x0elIa\
\x967i\x8cY\x01\xf4\xb9cX\x8d\xf8\xc5_z\x0b\
\x1ez\xe0\xc3X\x9d?\x89\xed\xe1\x9c\xc4\xa9\xbc\x1c\x9f\
|~:\x96\xcb\x8acn\x18\xe5!n\xd2\xe8\xaa\x8e\
T\xca\x0d\xf54\x0d\xec\xb8\x8f\xcf\x8d\x89[\x95\xbf*\
li\xd8\x1c)\xe1*\xe3]\xbe\x9e5\x02\xb0\x80{\
\x17t6\x93\x89\xcd\x1eb\xa2s0q\xa3Ry\xcc\
\x87\xa8k\xc6\xb3w\xb5\xc4d\x18\x10\x14\xefB\xa4x\
m\xae\xac%\xec\xaf \x86)\x91\xe5\xfdSP\x8ex\
+\x0e\xfe\xb1\x0d\xb1\xb9\xa8\x90\xa6\x98\xaf\x1d\x02\xdb\xd9\
Z\x0dk\xb7:\x86\xd6\xcc[\x10\xf7\x12\x8b\xa1n@\
#\xa6\xa48\xaa\x88.\xa8\x17\x99\xd9\x9d\x9b\xa6\xb7\x1f\
\xc2+0\x90\xe0\xb84\xa9\x9e\xb2\xa7Q \x97@N\
\x0d\xc2s\x8a\x10\xc6\x91\x12\xa4\x09?A\x04Y\xc8S\
\xe6N\xdd`\xeb\x06\xc4-\xe8\x22`\xadE\x16%\xba\
\xe2P\xff\xceu\xa3 s\xbf\xf6\xb3\xf8*\xbb2V\
\xd1\xa8N\xe6\x88M)\xf5d\xe6P d\x0bW\x0e\
\xbc\x04\x8b\x01\xbb\x96\xf3\xb2\x16!\xe69\xee\x0do;\
\xea4T\x03\x15\xf5T\x8843\x0a\xb4\xd4\x0bDe\
\xb5\xa8\x15\x80\xb2?@c\xe1\x1f\x0c\x8c\x9am\xdd\x83\
\xc3C\xe0\xeaU\xe0\xec9`\x9a\x03\x1fH\xc30\xe6\
\xfa\x5c\xf0\xc3\x956\x8d\x9d\xce\xa6)0\xc3\x94\xfa\x90\
\x80\xcc\xcb\x95\x9f\xf2\x1eHC\x83\xbcI\x85^x+\
\xa2\x05\xe4[\xaed\x08e\xed\x87\xd3\xe8(\x8a\x9d\x1f\
3\xec_T\x0a\xd9-\x98\x1b\x85\xd1\xcbg\xbf\x886\
\x07M\x1a\x83\x1d\x96\xca\x99-\x0f.\xdb\x01z)A\
>\xbdp\x05\xd4\x0b\xfb\xa2G?=v\xae\xe9\xf7\xc8\
\x80Z#\x17\xd5\xf4\xf0\xad\xe0\x93\x8a\xbct\xfd\x8b\x09\
c\xc77n\xe6\xe3\x8c\x04\x82@\xf7k{\xbb^a\
\x04\x82\xfa\x8az\x80s5\x87q`\xf5\x03>1\x5c\
\x99\xea:C\xfc\xbc\x9b\x8c\x90\xd0\xfe%\x02\xa0\x00\xa3\
7(\xf3U\xe5\x1d\x92\xd7\xa6\xe6\x88\xa03\xa3\x82\x9c\
/N\xa0\xeb\x22\xde$\xcf\xa1\xfc\xb6|6p\x93\x0d\
\xc5\xa2\xce\x86\xdaF\x0b\x84\xfbXW\xc3\x16\xdb'/\
\xe2\x9b\xfe\xf4\x17\xe2u\xaf\xbe+\x009\x98\x99\xfc\xaa\
~+\x11\x1cn&\xec\xacG\xcc\x0a|\xfd_\xfeY\
\xfc\xf3\x9f\xfaM\xe0T\xc3\xea\xfcqLS\xc3f\xa3\
\x10\xd9\x98~\xd8^2\x1e\x10\xc1\xb8\x12l.^\xc5\
\x1f\xfb\xca\xcf\xc57\xfc\xa9?\x82\xcdv\xc2\xcez\x15\
\xb2\x0d\x1a\x9b\xc9\x9c\x98\xe7\x19\xe3j\xc4\xaf\xfe\xc6\xef\
\x02P\xf4\xb9Fg*\x9dcr\x9d\x9e\x08\xdb\x1c\xc8\
\xc7!\xd4\xf3x\xea-\xf1\xf9\x0b}\x1e\xf3T\xd2l\
Z$\xb7\xc0k\xb1Y2ZN\xe8\x95\x9c\xad\x9b\xc6\
[^%s\x94\x06@\x99\x83rdy\xa3nq\x84\
2v\x08\x09\xeb\xc8\x8f\xa9\x16\x07\x8dD2\xc6\xc0k\
\xb6|\x92#\xc0\x15\x0a$@\xc6\x15B\x1dg\x87m\
\xf2\xe2`k\xfd$\xb2|\xb8\x18\x9fK:h)z\
+\x87(<?\x8d\x86\xf9\xea\x84\xe9\xfa\x06\xc3\xe9\xb5\
\x03Q\xf3k\x9b\x00\x98%>\x05\xa1\x1cO\x17\x9bd\
\xd1I\x8a\x1d\xad\x9cD\xe9MyTAr\x92M\x09\
zt\x84^RQ\xf6\xb1\xf4\x8a\xe4Q2\x89\xe5\xc3\
\x17\xca\xb6\x18(\x8c\xc2H\xb4]C\x00\x8f\xcd\x8d\xad\
\xd1\x15\x90\x8b\x1dD\xab\x81A\x00C\x0a5\x97&\x86\
#\x00\xa9\x8e%u\x94\xfd\x1b\x05\x9d\xcb\x19\xcf\xc33\
\x87o\xbf\xe7E\xd2\xe3$qy\x98\xc6~\x00\xee\xd0\
\xe7\xf7\x0c\x87K\x87x\xf71\xe9(\x91\xf6\x0e\xe9\x1e\
\x87n\xea\xf9\xd1\x144\xdb\x8e\xd8\xa3\x1e\xfe\xdeh\xae\
\xe0\x063\xca\x9c\xb3X(\xb9\xe9\x06z\xe52p\xea\
\x8c\x19\x00\x04r\x9f\xd7\x00\xf2^\x0a\xb3( \xb3\x96\
I+\x11\x020\x1d\xe4\x8d\x97\xc8?\x8b\x94\x00\xe2\xda\
G\xf7\x89\x88\xed\x98\x17\xcb\x03I#\x0d\x9do\xc7S\
\x03WI\x0b\xce\xf4\xb9\xa6\x9a\xf2\xaf#*\xe6z\x01\
\x92\x99(\xf5k,\x5c\x11\x1f\x18\xa3e\xe4\xc50\x84\
}9\x5c\x03\xf4\xb0\x03\x97\xdck\xef\x93\xa7K\xb8\xd4\
\x8f\xc0\x9f^\xbd\xe8\x16\xb1\x8d/\xd8\x11p\x8beo\
~\x82=\x10\xcb\xf5\xa2\xa0\xceC\xff\xdd{\x05\x1c-\
\x22\x04\xe7h\x0e\xa5\x0d\xb8RW-\xc7\xd8{\x8d{\
h\x1c\xcd\xe5A&\xae\xd5\xe0@\xdcS\x02\xf4\x19\x09\
\x88\xf0^\x91\x09\xdeg\x898\xe2\xc0\x16\x09Y\x1a\x01\
\xd5Z\xec9\xf6\x08\xbb\xd0\x88\xa6\xc8s\x96k!/\
\xf5;\x00s\x84\xa6x\x1f\xca\x8f\x06\x85)\x9c\x82\x05\
\x8a\xd6\x14\xf3\xe6\x06^\xf6\x8a\xfb\xf0\xad_\xf7\xd9\xbe\
\x1f\x977\xe9\x22\x17E\xa4\xd7*\xfc\xe7y\xc6\xcez\
\xc4\xaf\xfd\xce\x83\xf8\xde\x7f\xf0\xff\xe0\xbf\xfd\xfa\xfb\xb0\
\xba\xe5\x14\xe6i\xc2vb\xf4\x86\xa9\x83C`{\x19\
\xd0-\x04\x03ts\x80\xf3\xb7\x9c\xc0\x0f\xfdO\xdf\x0a\
\xa8\xa5\x18\xd8\x1f\xa4\xb2$\x8d\xf9i\x9e\xb1\xbb\xbb\x83\
_\xf9\xb5\xb7\xe2_\xff\x9b\xff\x84\xf1\xe4.\xe6\xa9\xa6\
dH3\xc2z\xe2\x1eS\xa0Y\xd3$\xde2\x9c\xe7\
d:\x0c\xe8\x11\xb5\x0e\xfd@\xdaS_\x93\xf4!\xea\
U\x8e8\x86\x9c\xfab\xf1\x85\x1e\xe5\x1c?\x83I\xb0\
\xf88\x1e\xfdN\x16\xbfK\x0a\xa7{\x0c\xc1\xcc\xc4\x9b\
\xfa]\xf2K^\x8f\x0c)\x88\xdc\xf4\xa2@h!N\
~;\x89@S\xdc\x8b\xf9\x10\x1e\x1b\xe9\xc6\xc6\x876\
\xc2\xb5r\xbd|6\x8dqX{^\x89\xefB8\xdc\
\xc3\xd6k\x1d\xf3\x95C\xb4\xb3\xbb\x1e\xa1`DB\x96\
\x0f\x15\x88\xe1_53j\xc2\xba\xa40\xb2`\x86\xa9\
<>\xf1B\xa1\xdb\xbd\x85\xbb\xdd)\xcaSH\xfc7\
\xc1\x97@,\x88V\x9c\xba\x04\x80E;H?)3\
\x81iD\x00\xb9,0\xf6\x03P\x1a\x0d\xf5\xc0\x9a1\
\xa3\x92 \xea>S\xa4\x85sM\x86\x04\xa4*{T\
\xbe(<\xe3JD\xf2\xa0\x1c\xb0+%\xb6\x90f\xee\
\x98\xe9\x9c\x88\x0c0\xca\xb4\x18q\x0a1s\xec\xa6l\
\xb9\xe2C\xbd\xd0\x8f]\x0eM\xc1\x18\xcb\xbab\x8eb\
.\xf5\xfcq\xb7eim\x82\xea\x04\x5c\xb9\x04Lw\
g\xf8\x9eL\x1d\x8d\x9c\x5c\xd9\xce\x94l\xce\xbf\x04\xff\
\x19\xb8\xf9\x1c\x92\xee\xc4\x1eU\xb0aTI\xc6\xdb5\
<J\x10\x8a\xbb\x1aq\xbd\xd2\xa0\x905\x84\x84\x00\x8c\
2\x7f\xe57\x9eW5'\xf5>4\xe5\xa3pX*\
?\xb2AI\x19\xc4\x8e\x9b\xa0\xcd\x83l\x03\xad\xf6\xf9\
\x1a\x80\xeb\xbe|\xae+\xa0\xde\xe4\xc7=\xff\xe8\x9f\xef\
\xd1\x00k\xf8\xc3\x14\x80\x22\xf6\xba\xaf@[\x97\xd9\xf9\
6\xbe\x0c\xd7\xd9\xf5\xd2\x10H\xc3\x81\xc6\x00@\xa3#\
=o*\xd8z\xbe\x93G\xb9\x13!P\x9a|\xa4N\
p\x87\xca\x8a4\x93Yj\x1b4\x94\xef\xcb\xac\xe5o\
X~\xbd\x0c\xc8\xa8\xffD\x03\xa3X{\xe1\x0c\xb8\x91\
\xe9\xdf\x87\xae\xaay\x82r\x13V\xfc\xe7o\xe4\x0d\xa9\
\xb6B\x19#\xf2\x9e\x10@W8w\xfe4V\xbe\xc1\
\xd6z=\xfa\xb8S\xff\xa8\x1a\xf0\xab\xd8\xef\xdf\xff\x0f\
~\x19\x7f\xfbG\xfe3&\x991\x9c<\x8e\xed\xb6\x16\
i\x02\x91\xf2\x98\xb7\xd0\xe9\x1a\xd07X\x8d\x82\xcd\xe5\
\xcb\xf8\xdb\x7f\xe7{q\xff\xbd\xb7`\xb3\xd9b\xbd^\
!\xb4\x18y\x8f\x05\xcd\xcd\xbe\xdf?\xd8\xe2\xaf}\xff\
\x0f\xe3p\xff\x1a\xc6\xd3\x17\xa0S5\xc8\xa8\xd5l\xbe\
\x02\xb1\x8e`+T\x93R,\x02\xa4q \x05\xab\xa0\
\xa1\xa3o\xaa\xa5\xf1oi\x01,\x22=\x1c\x7f\xc8q\
\xe2dM\xda,g#\xbfYJ%0.\xaeV^\
\x1d\x05\xfb\x81\x02hy\xe1\xc4\xc3\xa0(\xc2\xab-\xdc\
(-E\xc5\xf8\xcfmL\xd10,d\xc1(\x99\xab\
\xca\xeb,\xb8;&\x80\x80\x15\xa6\x04\x15*\x15\x16\x09\
(\xe5\xe4\xbc\x08\xbaG\x05t\x96\xd8+d~r\x1f\
\xed\xbe3\x01P\xcd\xad\xd9\x18\x01S\x02s!+\xc3\
\xb0\x1ciU\xeaJ\x85\x98\x0c\xc0Q(\x050\x1e3\
\x01\x98\xff\x91\xb0\xd45\x9e\xd1\xae\xdc\xe2\xd9\xa3\xf5&\
)\x11\xca?2\xb3\xc9\x90\xb0\xe5\x80\x1cC\xf3\x08@\
\xe6\xe9\xa9\x04\xe2j\x08N`(\xda\x10\xcah\xa4\xe9\
\xc1\x17\x88\x08\xf0\x8f\xb7\x01\xd4U\x19\x01\x14\x81\xb0\xd0\
\xe3vR\xe8i\x9f\x17kb\x85\xef\xf3$\x8b\x04x\
\xe71\xb1\xf7h\xa5x0\x00\xd2\x15\xae+\xe8Xk\
\xecF\x5cS\xb5z\x00F\x19\xd8T\xa65@|_\
\x80\xa6\x90\xd9\xf6\x8b\xef\xc3l\x06\xc0\xc1\x811\xfc\xdc\
\x17Q\x9c\x00\xf5\x8e\xa8=\xc0Lp\x96r\x8c\xd3\x99\
\x80\xaf\xb3\xcf\xa1\x1f\xeb\x91\x01\xd2\x12@\xf2\x19\x10\xa0\
\xc1\xba\x0b\xba\x19\x8b\xba\xb3\x98\x10j\x11\x01\x0d)\x8d\
\xda\x8b\x9buBp\x8c\x98\xb5Pky\x98\x8a\xd1\x85\
\xbc\xfa\xb3H\xee_oQ\xb5\x9e\xd7\x11\x8e\x19Q9\
/\x83@/u\xc8\xa1\x83h\x0d\xf7w\x03\xef\xd8\xa2\
7<vF\x07&\x03\xdf\x00u\x86\xe4i$\xc0\xbe\
\xf7\xed\x9f\xb3U\xb0_\xa3\x16\xfd\x19qQrz\x88\
HM\x86w\xca\x1f\xf5V16\xe2\xf9<\x9f\x1f^\
\xb4}W7\x0bz\xc6kG\x1b_M:\x15\xd9\xa1\
\xc9M\xa3\xb6\xce\x1b\x0f\x8d\xa5\xaed/.q\xf3\xa3\
\x94G\xd3\x93\xedK\xf6\xb0\x1b\xd9*\xaa\x1avN\xc5\
\xc2z\x94\x92\xa6J\x8e4\x0d&\x1dM\x14\x7f\xe2K\
\xdf\x80W\xbe\xe2.\x1cn&\xbc\xff\x81'p\xffs\
\xcfcow\x15c\x9d\xe6\x8ea\xb0\xfb}\xe3_\xf8\
\x09\xfc\x7f\x7f\xf271\xdez\x0a\xaba\xc0vsP\
hSxX\x00\x9d\x0f\x80\xe9\x00\xeb\xf5\x16\x9b'\x9e\
\xc6\xb7\xfd\xb9\xaf\xc7\xb7}\xc3\x17b\xbb\x9d\xb0^\xaf\
\xca9\x99\x12\x11\xd7)\x9bi\x8b\xf5j\x85\xbf\xfb\xf7\
\x7f\x0c\xbf\xf6_\x7f\x0b\xab\xd3\xa7\xb1\x9d\xcc\xd0\x88\xc2\
m\xe1\xdc\xb9\x9eP\x84|%V\xa5\xda\xd4**E\
\x94\x88\x8d\xcf\x90\x94\x06S\x00\x8b\xb4\xb9\xf3\xd4\xe2\xc5\
1\xd5\xfb\x94\xff\x86\xbe\xd4R\x0bp\xe4\xc5a\x8d\xcf\
$\xe8A[\x12\xa0x\xc0G\x07\x1e U\x01\x92\xca\
X\x00\x8d07s\xf6\xfe\x00nu\x05\xaeDlF\
\x8c\x91DKX7\xc8\x93\xdeb\x09\xafG\xa8\x96B\
P\x06\x22G\xc24\xac\x1f\x00{\xee\xbb\x8e\x95\xadB\
G\x81\x8c\xc0\xf6\xf1kXC\xdd3)9\xe5\x06\x0b\
\xa5\xfb>\xe2\xbe\xdbc\x84S\xb97w\x9d\xa7\xc8\xaf\
\x92\x13\xe8\x09\xd2\xf8\x09\x1a\xa2\x18\x09\x00;\xc8\xd1x\
\x88\x1a\x14\xa5\x11QA\xc3\xe7@\xcb\xd4jN2\x00\
,\xf7\x01H\xec\xe4ujaOe&\xfe&\xb0\xb0\
\x5c\xeeX\xc5\xa3\x5csw\xa4E]$!\xf2]\x11\
5\xd1\x9b\xe6\x08\xee\xd1\xeb\xec\xcf?\x14\xf0\xf2q\x09\
\x9c&R\xc6%H\x85$\xe5\xd9\x1a\x01\xad\xf0\xa8w\
\xe2\xf3\xe2\x06H0\x12C\xedn0\xf82\x02\x1dl\
\xb9\x93\xb4\x0e\x0c\xdd\x9d\xf7\x866z\xa4g\x9aa\xed\
\x82\x07\x00\x13\x04\x13\xf4\xeaU\xe0\xfaU\xe0\xd8\xe9H\
\x03@\x1dT\xbb\xd1\x89\xcb@\xa1X\xae\x02\xa0p(\
R\xd1\xc7\x92Q\xa4\xd1\x10\x11a7^\x22\xef\xaf\x85\
\x17\xb8T\xab\xf0VG\x1a\x0a\xc2{\xe5<\x02\x8b\x98\
[j\x96\xc2\x0a\x88\xd9\xb5ksY\xaf\xdd2\x11#\
\xe6\xa4&Y\x83\xd1\xe7\xb8?\x1d\x03\xb6\xdd\x08{\xa4\
\x0b\xf0\xd4\x04\x9d&\xa0M\xb6\xc5vg\x91\x9fo\xe8\
\xa3\x1e\x0d\x00\x97\x06NP.\xb9\xeb\xbe/@\xe9\xde\
\xa7\x11\xfe7c\xc5\x8c\x04\x8f\x02D\x8b`\x1a\x04\x0a\
\x82\xb1i\xbb\x0a\xf24(P\xbe\xcf&=\xb9\xf5p\
\x0f]gFg\x84\x00\x11k\xe6\xeb\xfd\xc8\x87a\x18\
h\x12E\x91Z\x97|{\xa4\x0e\xc3\x9e]\xb0\x5c1\
\xe2\xa6ACD\x8fj\xa8\xbf\xea\x8a\x22\xf8\x85\x07\xc8\
/)\xaf\x99\x1a\xd0\x8c\xe8j\xb6\xbfM]\xc7\xeb8\
/\xf4\x19\xc3\xaa\xe1\x93_\xfb<\x00\xc0;\xde\xfd1\
\xfc\xde\xdb\x1f\xc6\x8b_p\xabU\xe7\x8f\x837\xf5\x19\
q\xf9\xea\x01\xbe\xed/\xfeS\xfc\x1f?\xf3kX\xdd\
~\xc16\xf6\x99\x8aA\xc5e$\x10\x04\xf3\xf4C\x0c\
m\x8b\xcd\xb5\xeb\xb8\xeb\xfe\xe7\xe2\xfb\xff\xc7\xaf\xc7<\
\xcdh\xa5.lQ'\xe5o\xbb*\x9a4<\xf2\xe8\
E\xfc\xd8O\xfc,\xda\xce\x0as\x17d\x01\xa7\xc6\xf3\
\xe8M\xff\xad\xcf\xd8\x91e{\xfc\xc9\xf5\x1d\xf3\xfdJ\
~XbhN\x87]\xa7^ca@H\xa6b\x17\
\x11\x88\x85\x81\x90\x98\x1aS\x18\xe7\xdc\xfc\x8a\x08\x80\x1c\
=\x80'Jy\x9f\xb7@`\x0d\xbfQDh6*\
\xd4\x0b/(\xb8\xecJ\x13\xbci4\xb8\xf2#\x80r\
n\x17KY\x9c\x80\xac*\x8f\x01I\x05:\x8d\xf1\xb1\
\xd8I|r*OG\xb1\x1a\x19\x5c\xd5\x96j\xf9\x15\
\xa6\xc7\x0e0ng\xc8\xd8\x0c0\x06\x07!\x11/\x06\
T3\x0c\xac;\x8c)\x0au\xe3\xc8\x15\x9d\xad;\x97\
(\x8e\x83\x8aG\x02y\xcfT\x98)\xe8\xb4\xa0%\xbf\
'\xc3w\x86\x0d%R\x18|>\xe6\x94\x92\x04\xe9\x0d\
\xc4-8a\xfeE\x83\xd86\xc0@\x18y\xadD\x1f\
\x22\x5c\x1f\x11\x06\xd2\xb5x\x0c\xd2\x96\x9c\x13`\xec\xe0\
O\x10Vo@D\xa5A\xbd\xc3\xc9^\x80\x8dd\xf8\
\x89\xd1\x83x\x08O\xf00R\xc1P\x7f\xcb\xe8\x07\x08\
\x92^\xf4\xc7FI|\x0a\xae\x87f\xf8\x95\xdc\xcf%\
\x7f*\x83\xe5\xa0\xbb\xe7\xf9\xa0\x9e\xe7\x17\xca\xa7G\x15\
\xe0K\x05'\x88\x0e\x10\x99\x81y\x1f\xb8|\x19\xbaw\
\xda\xf3\xfa\xc8\xf0\xff\xdcQ\xf9-R\xcf3\x05Y`\
\xed|;\xd0i\x08\x00\xdc\xaf\x22\xe6\x96\xba8R\x0a\
\xd4d9\x0d\x88\xdf\x13\xcc\xad\x15\xf1Q)\xa7\xc5\xc4\
OT`\x82\xf0\x80)\xa8\x22\x88\xdc6\xb5\x92\xcf\xa1\
\x08\x80\x99u-\xe5\xbeE\x81\xdc\xe4 4M'[\
\x13\xc80\x008h\xc0E_\xea\xd7\xabWN\xaf?\
\x8b\xff\xd0g\xdb\xa0K'\xb01P\x80\xbb2\x84\x9b\
\xcb\xf9\xc4\xc15\x9a\xfb(\x0d\xd2\x8c\x06\x18Gtp\
\xd3\x9eL7\xf0\x09z\xde\xa7\x18\x05\xd5@\xb0\x82?\
\xff\xe8{\x0e\xe4}\xea\x1cT\xe5\xda\xd3\xd0\x0bc\x01\
\xbe4V\xe3\xbc\xd0\x89\xf4\xe4]a.\x22\x001\xb5\
\x1e\xdd\xaa\xc6^\x03P\xa2\x021?\xc1\x1eJE\x99\
\xf3\xc3\xe2\xc6\x12\xe5\xabn.\xed\xbb4\xfa\xb2&H\
\xda\x08\xdd\xce\xb8\xe5\xd6\xf3\x18\xda\x80o\xfe\x8b?\x85\
K\xd7\x0e\xf0\xfd\x7f\xe5\x8b \x02\x0c\xc3\x80+\xd7\x0e\
plw\x8d\xb7\xfc\xfeG\xf0\xad\x7f\xf9\xc7\xf1\xce\xb7\
\xbe\x1f\xe3\xad\xe7-\xe4\x1f\x91\xe2V\x1e\xa3\xf4j\x19\
F4t`\x9aqf\xf7,~\xea\xc7\xff\x0e\x9es\
\xe1$6\x07[\xac\xd6\xabp\xfe\x22\x89Z\x18q\xb3\
\xd9`wg\x8d\x7f\xf8O~\x1a\x1f\xf9\xc3\x0fa}\
\xcb\x19l6L\x1f\xe5\xbc\x04\xd0\x04\x15\xe9\xa3S\x83\
\xd0(Jh\x8fh/u1\xbf\x83\xcb\x9af\x0d\xc9\
\xb2\xa06\x8d\x85j\xa8\x11\xbb25\xcb\xef\xd5u#\
\x0d1\xa7\x7f\x8c1\xaf]M3\x00\x18\xe5\xa6Cb\
v]q\xd2\x06\xd6\x85\xe2\x0eo\x15\xc9\x83\xf1\xde\xf3\
\xb4\x8b\x22\x92#J\xa6\xe65\x94aUZ\x04\xfe\xd0\
\x92\x5c\xe5`x$\x87-r\xd3\xa3\x05\xbd\xe2\xb7\x9c\
\xa4@\xa5\xfa=\xd7 {\xdf\x17\x11\xc1\xfc\xc4\x01\xfa\
\xd5\x03\xc8\xf1\x95y6C\xb3?\x0f_\xdac\xb92\
lb\xbb\x99\xf52V\xd54\x048*\x86\x8f<j\
`\xc7I\x0a\xa1\xb2*\xdb\x04\xb35\x81\xce\xdd\x0d\x1f\
\xd2\xaa\xa5\x07\xae\xe5\x19\x8be\x9f\xebf+\x0d3\xb4\
.\xf4JA\x90\x07D\x9b3LwF\x92\x00\x9f\x14\
d\x89\xe7\xa1\x01f6\x82\xd3\xd1C\x87\x16\xcaO@\
&o\xc9\x02\x01\xf2J\xa6P\x8a\x01\x00\x04\xe3\xd7|\
]~_\xbcN\xce\xe7B\xa1\xfa\xf5\xcaOV!>\
\xe4!MB`\x8b\xbc\xc0v^\xa3\xf7l\xbb)v\
\xf7\x9c\xc4\x15\xbc\xd1\xc8z\xcf[\x0a\xa690\xce\x80\
L\xc0\xc5\xa7\x80[\xeer G\x80\xb9\xa8\xdaV\xc1\
L\xd5\xd0q\x9c\xfd\xb9\xb8\xb9AD\x04\x5c~\x16\x9b\
\x08\x91W\xe0i\x81\xee|W\x0c\x00ZH\x91~\x92\
\x00X\xd6\x8d$HK\x80\xc7R\xd6\x8e\xd2\x14H\xad\
\x83\xe4Y?G]\xde\x8a\x90/\xe6+\xecN\x22>\
\xdb5\xc7|\xf8\xd8\x9b\x1fs\xb5A\xaeLP\xc9\xbc\
\xbf\xb2\x19P\xdd\xd5\xcfS\x00\x01\xd6\xd1\xf5\xef\xc8_\
i\xd5\x1b-y\xcb\xfb\xc5\xee~0\x90\xae\x9e|\x86\
\xf35\xbe\x0b^\xf0\xe2\xbdZ\xd4'H\xf9\x0f0\xf5\
\xeb\xe6\x04\xd6(\x02\xca\xefG\xb5\xb1G[\xea\xf7\xba\
\xd4\x9fQG\x10\xd7N\xf9J\x03\xacz\x9d!\x951\
\x97\xa1\x0f\x16\xf3]\x22\xaee\x14\xf6\xd6\x1d6\xfef\
\x17\xb0S\x15\x0b\xfd\xdf\xa4c\xde\xce\xb8\xe7\x9e\xe7\xe0\
\xcf\xff\xf5\x7f\x89\xff\xf6\xab\xef\xc2\xee\x89\x13\xf8\xbb\x7f\
\xf5\x8fb\x18\x1a\x1e}\xfc\x0a~\xfa\xdf\xfe6^\xf1\
\xe2;\xf0\xc7\xbf\xe9Gp\xe9\xda\x15\xac.\x9c\xc2v\
k\xfa\x08\xac\xd5\x81\xe7&\x08\xc8vq\x00\x0d+9\
\xc4\xe1\x8d\x0d\xfe\xf1?\xff\x1b\xf8\xb4O~\x09\x0e\xf6\
\x0f\xb0^[\x1b\xdf\x04[Y`\xd2v;awg\
\x8d\x7f\xf5o\x7f\x09?\xf2\xc3?\x8e\xf1\x8c\xdfsa\
$0\xed\xdaC~\xea\x5c$\xea\xd89Ze\xc7\xf9\
\x9f\xb4\x95B,uB\x85oC]\xae\xc5.\x0bS\
\xa3|\xacC\x13Y\x1cUk\xbcL\xb4\x97\xf5\x00R\
\xaf\xe5\xaf\xb1\xe8\xbf%\xeb\x05\x93\xf5\xc4d\x0e\x9d\xf3\
B\xc2\x96~21\x90\xcap\xc9\x87`ar\x06\x8b\
\x0b3:\xa3v\x17\x1a\x82<\xab[9\x1dG\x0b\x95\
\xc2\x0c \xe3\x11\x5c\xa8\xe0\xfdY$\x22\x02\x1a!T\
\xbb\xb4O\xc4\xec\xe7^\xea\xc0c7\xd0^x\xd6*\
\xc0[\x03V#t\x9a-\x02\xc9\xf1\x8bZ\x18\xb4{\
X\x98\x13(<\xa6\x10\xce\xf84\x948A\xd1<z\
\x0d\xda\x09\x19dQ\xd5\xed\xc0\xe7\xadt\xd5A\x1c~\
\x0d;\x84\x8cZ\xbe\x8fg\x8f\xcb\x17\xe7\xcc\xae\x11,\
\xa6\xfeLAjz\x8cp\x1d\x94\x93G\xcb5\xaeS\
eS\x8br\x17\x8d\xe8D\x9a\x0f\xfe\xaf\x08\xd0\xddP\
\x04J\x81(B/\xb1vC\x080\x1c\x7fD\x12$\
\x1c\xe7\xf0\x0c\xa2\x5c\xc2\x0f\x8e(\x92+\x11\xe9\xc8Z\
\x95\xe4jn-\xac\xeem\x09A\xd3\x0d\x00E\xf6\x89\
\x87\x02\xcd\x97 \x8a\xcc\x90f\xdb\xca\xaa\x08p\xe9i\
`\xff\x06\x80a\xd1J\xc0\xe8(\x88\x16\xae*n\x00\
h\xea3%\x7fhx\xf8\xd14(\xe6\xcd\xe7\x81\xed\
zK\x9dIbI\xf9N\xebgI\x06U$h\xd3\
\xab\x13\xfb\xcf\xcd\x8a\x22\x81b\x01\xf2R\x0f\xf1\x0f\xed\
H\x9dF\x8c\xbd\x5c\x91E\x80!\xaa\x1ck7\xe3\xe0\
\xe2\x16z\xb8\x85u`+5\x00\xcc\xef\xf7)j\x01\
\x10]\x01=\x8c\x1f\x1d\xfb\xac^@#\xbc\xaf\x08\xe3\
\x81 \xae\x93\xa7d\x0c\xc4\xc35\x89\x0d\x83:\xa2\x95\
/W\x06h\xf9\x8e\x89\xe0\xe8(\x98\x86\xa2\xe9\x14F\
\x13\x08\xd0\x15\xf4\xa9\xc3\x8a\x01\x10^\xb6\xcd\xb19\xee\
\xcb\xd0\x8e\xd0\xb9(`mo\xb3\xb8\x99\xf3\x08Ic\
\x98+\xa9\x18\x80&\xdd\xcbUP7\xd6\xb2\xf3Z^\
\x8fF\x8c\xc0\x1d<\x03:%\x1fU~\xab\x0c$\x9e\
:\xdc[\xe1\xd7~\xf3\x9d\x00\x80a%x\xd3\xeb\xef\
\xc6\x83\x0f=\x86G\x9fz\x1a\xff\xe9\x97\xdf\x8b\xab\xd7\
\x0e\xf1#\xff\xe4\xe7q\xf9\xe0\x00\xeb\xe3'\xb19T\
\xa0\xcdqkc\x11[z\x185D\x02\xa86\xec\xae\
;\x0e>\xfa0\xbe\xeb/~\x15\xbe\xfa+>\x0d\x87\
\x07\x1b\xacW\xeb +y>\x9dV:I\x8aKW\
\xae\xe3\xaf}\xdf\xff\x8c\xfd\xcd5\xb4\xbd\xb3\xd0y\x93\
|\xbb\xa0/g,\xf1\x85y\xd9\x85\xacT\x00%\x06\
\x84\xcc\x91\xc6\xcb[\x84\xee\x8aH\x01\xb5\xa5\xc4\xa9\xbc\
?u4u\x1c\xb1\x90\xe2\xb8\xe8\xda\x9b\x03\xf8\xb8\xaf\
\x118\x22\xc7\x8bg\xa8\x0fWCL~\xe1\x16\x87\xc5\
C\xd6\xc1V!\x0f>\xc1\xf2}.\x8f\xf0\xc7\x93\xe5\
w\x8b\xeab\x89+\x87'\x9c\x91b\x1e+\xa1\xc0+\
\xf2\x09a(\x80\xbf\x84Yj>}\x16`\xab\xe8\x8f\
\xde@{\xc9Y3n\x061/\x9f\x1b\xc9p\xfcU\
\x88\x18\x8e\x0b\x93\x0ei\xac\xaa\xda\xd6\xb2J\xc1*t\
\x0e\xe0M%\xcf\xd1\x86\x87Z\xa2\x16\x19S`x\xc7\
\xbb\x15\xc6F2\xf1\xd0\xfej\x91\xff&}\xa4\x18\x10\
\x16.\xf7112@\x05\x02\xc4qu\xbc\x9c\xf3\xd8\
:4n-\xe5G+\xe0\xe0\xa5\xd4\xbf\xa7\x08\xc6\x89\
5\xfc\xcf'\xe4=\xb9\x83\x9f \x22\x0da\xac\x95\x88\
\x82\xce\xb0\x9e\x0eG\x22\x224\x16\xb8\xefw4X\x8a\
=z\x8b$\x0a\xc3\x83\x19\x92\x93\xae\x9e\x96\x22\xd8v\
p\x9bX\xdb9\xae\x012\x01\xbd\x01\xc3\x1a\x18;p\
\xfd\x0a\xe4\xcae\xe8\xc9\xf3\xd6\x87\x9cX\xa3\xc9\x97\x16\
\xd9\x010\xb7\xf4\xf0\xa9\xe8\xc9/\x0a3\x904\xe7 \
x4\x8c\x1b\x7fV\xf5ga\xda\x81^\x08\x9b\x11\xf9\
\x9f\xb6\xa1\x00\x07\x05\xb0%)}NS\xa1/\xc1$\
\xf9\xcbO\x8f\xb6\xcdE\xd8\xc8\x87Q\xa0\x097p\x09\
 \x12}1\xaa\x0e\x89s\xa6\x06yr\x82\xce\x13t\
\xf0\xa2?\xf6\xf7\x0f\xcf\xbcG\xfe_\xeaw\xa5\x11P\
\x16\x06f\x1d@\xfd\xcb\xa5{\x04r\x05\xfb\x0d\xd8\xd2\
Yu\x03\x82\x86A\xed!\x90\xe7.\xc3\xaes\xf0y\
\x09\xf3!\x98`\xf1\x19\xf9}\x08\x96\xf3\x9f8H\x97\
\xef\xe9\xb0\xdc\x9c\xc8)\xf2\x1e\x11-?Bs\xde\x04\
@\x1b\x1bD\x0f1\xed_\x87\x0c;\xd06\x86\xce\xa6\
\xbe\x0d\xb4\x05\x10\xc6\x89\x16}C\x1d\xc1\xa7\x96:\x8e\
\x8a\x1f\x94U^\xbc\xa3\xadG\xeb\xe8=\x0b~\xf7=\
\x0f\xe3\xcd_\xf5\x03\xf8\xda\xaf\xfel\xfc\xcao>\x80\
\x87\x9f\xba\x8aKO^\xc7p\xfc86\xd3\x9c|\xc1\
\xdc:\x8d\x13\xb4\x85\x8a\xdb\xd9\x15\x1c<\xf1\x08\xfe\xe8\
\x9b\xdf\x80\x1f\xfc\xfeo\xc3v;a\xb5^-\xe8B\
\x03\xba\xd6\x00l6\x1b\xec\xec\xac\xf1O\xff\xf7\x9f\xc1\
\x07\xde\xf3A\xac\xce\x9e\xc1v\xb3M\x1eW\x8a\x91\xe6\
3\xba\xdeY\x22\x16\xd2\xf0*\xacL1\xad\xc6FD\
\xdfL\xd9.D1\xde\x86C\xd7n\xa6m\x89^\xd4\
W\xae\x9as\xfd.B\xea\xa3\xa6\x16\xf4\xe6S1\x16\
\x8c^\xbcL\xb7\x94S\x5c\xcb\xc7NoT\x109\x8a\
8\x91\xc5`d\x90`\xae\x18\xac\x13\xd6#\x07\x82r\
N!\xb8\xe1\xa7\x16\xa2 \x00\x98GT\xab,\xe1\xc5\
\xc3\xd9>,z\xa1\x0b9\xf3G\xa2\x0e\xb0\xc8\xae\x86\
\x1e\x9e\x1e\xbe\x8e\x9d\xde\xd1\xc6\x86\xde\xe6\x08sJ3\
C\x80\xeb\xf8\x09,a\x8d\xa5yf\xff6\xcdu\xa1\
N\x0c-|\x10\x91\x8e\x1caXx\x0b\x8f\xcd\x85)\
\xdb\x09K\x006\xe7AT\xd0g\xce\x132\xba\x10T\
)\xe6\x94\xf8J\x00\x8bs#\x0a/\xe14)\xa8`\
\xa1n\xa7\xa1d\x1e0\x8a\xfe\x08\xbc\xa5\xc2\xd6\xce\xb4\
\x87\x8d\x9d\x03\xf9piRg\xa4\xa2\x90,\x88\xd3\xd3\
\x0a\xb6\xc6w\xde\xb3\xa0\xa6qBP\x13`{\xe1\xd3\
p\xd2\x9c\x8f\xec\xf9<;\xe6JE\x9a\xc4\x9cDG\
D>\xbb\xda\xf1V\xfba\xd5\xff]\xa7\xe8# 2\
@e\x86\xcals\xdc7\xd0KO\x01'\xad!\x90\
\xddOR\xd7\xb3k_\xd7\xb2\x17\x00\x95\x88d\x14\xaa\
\xa4\x89\x16\xf3\x1c\x11\x16\xb7\x8cf\x92\xab\x08\xbb\x09o\
FnHT\x9d\x97Z\x801\xc9\x9aV\x91\xe8P\xc3\
\x89\x08\xd9'\x1f\xa5Q\x90\xcb\xdeR\xd8\x8a!\xe62\
\x13\xde'\xa3=\xcd\xbfsc@T<\x95\xd6\xa1\xfb\
\x0a<\xbd\x01\xa4\xdb\x12\xcb\x99\xa1\xff\xbe\x8c\x00\xb8\xd7\
\x9fK\x01{\xfe1\xcc_\xc3\xf4\xe1\xc1\xd3X \x1f\
:\x83t\xab\x13\xb0\xf9\xf2\xd5\x02\x9e&P\xee\x00\xe8\
\x85\x81v\x0e\xbdS\xde\x8b\xfc\xe8\xd1\x81\x00j\xd6\x11\
\xb8\x9e@O`\x09\xdd\x95Q\x800p\xe37\xfe\x93\
\x9f\xe3\xf7\x00k]\xceg\xcc\xb9\xcdE\x1bF\x08f\
L\x97\xae\x00\x83\xe0\xa5/\xbd\x1f\x0f>\xfc\x14\xae]\
\xdb\xb7\xc8\xa6\xeb\x92\xd6\x1az\xad9\x09c\x07E\xb7\
\xc2e'uy\xf0\x94G\x85#\x05\x007\xa2\xfdD\
\xed\xc6\x09\xd2\x04O_\xbe\x8a\xdd\x9dS\xf8\xd7\xff\xf1\
\xf7\xf0\xc4\xa3\x97\x81\xbd]\xb4\xe3+\xcc\x93\x17r\xf2\
n\xd5\xe0d\xa8\xac\x01P\xc1z\x0d\x1c^\xbc\x82\xd7\
\xbd\xf2~\xfc\xb3\x7f\xf2\x17\xcc\x97i\xcdK\x82$\xa6\
\xb8V\xc2+\x14\x87\x9b-vw\xd7\xf8\x85\xff\xf2[\
\xf8\xeb\x7f\xed\x870\x9e<\x8diK\x01\xf5\x07\x0a\xb2\
&-\xd30\xe2$\x94\xda\x16UK\x1f\xa2\xd0\x8fd\
\x0c\xc2\x85\xb2Z\xca!u\x0d\x81\x5c%\xc7B\x99A\
FK\xd5\xf5R8\xb4\x04\xff:<TG9\xc7q\
dh\x99\x02\xe0\x01\xf5\xa0e\xde6\x8b\xcf\x84\x0fC\
\x0d{\x13\x91\xb2\xd1O\x1c\x0f@\x0b\xb3\xc6\xa5\x19&\
\x96|\x80\xeeF@8\x87\x04[IE\x0e\xcf\xc1G\
\x0a\xba\x8c\xc2F\xcb\xdc\x91,\x9e\xba\x1e\xa3u\x1c\x04\
\xd6\x0e\xe8\x00\xf4G\xf6\xa1\xd7\xb6\xc08\xa0\x0d\x93\xe9\
\xdd\x86,\x5c\x0b\xe5\xe6\x80\xeb\xd1\x01\x19\x07\xabXU\
d\xea\x82\xadd\x91\x80\x86\x9c[\x102\xe3#\x19\x84\
\x0cL\xf4\x0c\xf0\x07\xe52\xc0\xd6\x00\xc0\xc6&\xaaY\
\x93\x00F\x17$\x8fW~\x9f\xf3HK5@\x90\xc0\
\x1b\xc7\xb7\x18G\x04\x9d\xb4\x00\xbd\x83\xc8\x22z\xd3\xbc\
\xd7\xff\xd4\x17y\xe2j\xaa\x01\xea\xe1\xc4\xbe\x18G\x08\
\x0a\xe7\xbf\xa4\xfdR)I\xe8\x88lz\x83\x8c\xce\xcc\
\xbaH!E(]\x01\x99g7\xd8\x1ad\x10H\x1b\
,C@\x0b\xbf\xcf\x906z'H\xbb`\xefV\xd9\
\xdf\xb4E\x07;\x85\x02C\x83\xc8l!\xcba\x00.\
?\x05\xdcv\x8f)\xfcY\x8dq X\xb4\xffe\xe1\
8{\x02\x1cu\x10K\x1d@8\x94\x80\xa7\x11h,\
wHl\x00\xd4\xd3\x99\x05\xf2z\xa6\x16\x0b\xd7\x03K\
\xcf\xdd\xb9\xb2\xc1jA\xe4H\xa1_\xb2h*D\xcf\
\xbb\xc6\xf7\xb1\xca#\xb8\xc1\xf9\x9e\xf7\xf1\xf9\xe7f`\
]!\x1e\x0a\x0dqPX<\xf2b\x07nxG\xbf\
^<\xfa\x99\xeb\xfd\x09\xfe[\xfb\xaex\xee\xb56@\
\xfc\xfbX\x9f\x7f\x93\x01\x90\xe1\xf6\x5c\xff\x9f\xd5\xfc\xc6\
T}yl)\x0c\xacM~\x84yz\x9f\xa8\x1a\xf2\
'\x02\xe5o|\xde\x8c\x1e\xd0\x80\x03\x81\xb5\x9cOc\
!h\x1a\xe8\xc2\xeb\xf72?\xb9k\xa7\xa2[\x05\xbc\
N\x98\xaf*d5\xe2O\x7f\xf5g\xe2\x8f|\xeek\
\xf1\xa5_\xf4:\xfc\xd9\xef\xfcQ\xfc\xf8?\xfd9\x0c\
\xe7NA1\x02M1_\xbd\x0a\xec\xeeb\x18\xd7\x98\
{\x89\xb6\xa5\x22*\xa0tD>\x9dG\xeb.\x90\x19\
\xab(L)\xb6bH 88\xbc\x81\x83k[\xb4\
\xbd\x15Tfs^\xd0\x92\xff\xe8XI6\xe2\x02\xac\
\x89\xd78*\xb6\xd7\x0e\xf0\xf2\x17\xdd\x86\x7f\xfb\xe3\xdf\
\x8eS'\xf70\xf7\x8ea\x18J\x10#\x01\x9a\xa4\xdb\
N\x13vvF\xfc\xee[\xdf\x8bo\xfa\xd6\xef\xc6\xf5\
\xcd\x01\x86\xbd\x13\xb6\xe2\x84\xf3\x10\x8a\xb9\x00\x0biN\
=\x02\x92@\x82\x1eG\xeb0\xe2\xb1y5:r<\
\xaf\x5cg\x11\xe9\x869]\xd6\xc8\xac8q4\xb0\xa3\
\x08<\x9e\xccyY\x1235\x13\xae)\xe77\xbfn\
j\x04T\x1e=\x1e\xb8\xbe-\x98\x01V\xfd\x1b\x11z\
\x9cE\x86O\xa6E\xd8\x0a\x1aF\x03\xaf+\xe1\x11\xf0\
\xce\xd5\x83'\xc8\x0a\x90\x1eg\x924\x89&\xf6Y\xfd\
\xe1\xcbs/\x8e\xf5\xf2\xb5\xf8\xbc\x08\xcd2\xb7\xba+\
\xe8\x97f\xc8\xe3\xfbh\xf7\x9eD\xf702ZC\x17\
\x09c\x85\x06\x09\x19-\xad<\x03\x05\xb3\x0a5\xe8\x04\
 m\xa3\x9e\x04\x0d\xaf\x9e \xdd\x90]H\x17FX\
2\x0a\xbdksy\x09\x14\xce\x04\x049\xaf\x9ae>\
;\xcc\x85\x12R&%\xc8XNh$\xf8W##\
\xc7D\xa0\xae\xcb\xf2H\xe6VB\xf1\x8b\x02\x1c\x07\x0b\
\x8b@<\x03k\x12\xcc\xc9c|\xb18LlUF\
\x16\x1fg\x8e\x13\xe8P\xf5V\x93\xc1o\xae\x95\x9a\x9d\
'\xcd\x8c\x926I\x18\x0d}\x9e1c\x02\xa6-p\
\xf2\xb8m\x028w\x0c]\xb1\xbd\xb6\xb1\x08\xce\xee.\
0\x8e\x18\xd7\xbb\x98\xf7\x0f h\x98\xa7\x1b\x80\xec\xa0\
\xadOX\x953+\xc6\x9b@\xf6\xaf\x03\xd7\xae\x02\xbb\
'\xacX\xb0\xf7\x9c\x13\xa6\x03\xba\x8dO\xdd\x00\xc8Z\
\x01'\x82\x9a\xb1!\x10_I\x22\xb1oE\x18q\xfd\
\xe6\x08\x10\xba\x83\x0c[G+\xc0\xa5\x8d\xc2\xf0i\x84\
\x0d\xfc~\x02\xbf\x96\x13?\xc2f\x1a\xbf\x87\xcew\xfe\
\x89\x22\xd8\x92\x8f-B\x1ek\xfac\x96\xa3N\xc8=\
\x19M\xc7 xx\x10\xe0Q[\xf6\x07\xf1\x1c?\x9b\
-1\xd7\xde\xad\xbb\x9f\xe5\xe1\x8f\x02\xbc/\x09,\xdb\
\xf6\x8a.\x8f\x89-\x84U\x91\xc5\x81\x8a\xcc\xed\xbbq\
\x02\x8d\xd4\x82\x01\xe1\x9c\xf3\x02\x825s\xf9\x9erL\
\xab+eT\xeczJC\xc1\x8f3\x99cz\x81\xc7\
\xd3\xee\xea\xe5\x1e!\xa0\x88\xfa\xa0\x10\x0c\x82\x00\xe7\xc9\
\xeaKT\x05\xeb\x15\xb0\xb9r\x15g/\x9c\xc7\x9b\xde\
\xf8b\xfc\xb1/\xfaT|\xfdW}\x0a\x00\xe0\xd2\xe5\
\x1bx\xdb;\x1f\x85\xaeN`\xd5F\xec_\xbe\x0e\x0c\
\x0d_\xfc\x05\x9f\x8a\xdf{\xfb\x87\xf1\xf0\xc5kh#\
y(#\xa9v\xc7\x1e\xb7S\xf2\x0f\xadn\xeaR\xa9\
\xe9\xe2\xa2d\x146/\x92Z\x5cV\x03zg\xed\x01\
\xef\xe7i\xca\xd0\xeb|\xe6\xb0\x82\xa1\xd3\x01v\xa5\xe3\
'\xfe\xfe\x9f\xc4\x9d\xcf9\x85\xedv\xc6j5\xa4\xae\
AF\xa2\x8c\xa4\x1d\xb3Zq\xf5\xf5\xfd-\xbe\xf1[\
\xbe\x03\x0f~\xe8\xbd\x18\xcf\xdc\x8ei\xbbM\xac/\xe0\
\x1f\xeap\x01`\xcf\xb0\xdc\x8f\xf7H\xc5\x9b_\x82p\
'a\x98P\xc5F\x84\xd7\xe5Y\xcb9\xae}s,\
1\xd7\xe5\x9eR\xce\xe3wG\xc3\x0f\xff\x9d\xd7M{\
\x01\x14\x9b\x0d\x04\xe3g\xfa\xddnv\xb4\x04!3\x11\
\xa1\xe4\xa9K\x90\xd3X\xd3\x07\xca\xc2\xb8\xa1R\xcb\xac\
\xbe\x00\xd6\x9b\xac#\x84\xb7\x0bP\x06\x1cl\x19N\x8c\
\x91\xf9h\x1dd\x15\xe2\xd1\x15\x0b\xb7Y\x01Y\xe6\xb2\
\xa3\xe0\xf7\x10\x98>z\x0d\xed\xfe\x13\x98\x9b@\x07\xc9\
\xa5`\xb1\x0b\x1d\x055\xc3\x9c$\x854@\x9bZ~\
~.c\x89\x88\x84\xa4Qs$\xb4\x94y~W#\
\x9dL\xe4\xc5\x86\x1d\x01\xa8\xb1+a\x8c\xbf00\x9f\
9\x22\x03i\x1ct\x86\xd3\x83_|\xe0\x04\x1b\x82\x07\
\xed\x8c\xa0#\xdc\xd2\xd7\xc2\x0ce\x19\x9e\xba\x85\xcb\x1f\
\xc5\x81Z9Qv\x1b\x8dT\x8e{\xa8KYX0\
Z\xa4O\x98\xc2\x0e\x96sc\x8c\x86J\x93\xb8@\xeb\
\x06\x90\x02X\xce}\x10\xc8j\xc4t\xe5\xba\xed\xf0\xb5\
\xed@\x1bp\xe2\xc49\x9c;u\x16\xcfy\xcemx\
\xcf\xe5\x87pC\x80\xf5\xb8\xc2\xe1\x95kx\xe1\xe9[\
\xf1\xe9/{->\xba\x7f\x19\x8f\x1d\x5c\xc3\xdb\xde\xff\
\x00\x8e\xed\x9e\xc0\xe6\xca>\xfe\xf8\x1b>\x05\x97\xaf\xef\
\xe3\x17\xde\xff\x00d\xe78\xb4\xd9&G\x02@\xa7\x0d\
\xe6\x8b\x8fBn}.d\x9a\xdd\x99\xa4\xb1)\x81\x13\
\xda\x9b;\x9d\xfc^\x01m\x88\x02H\xf5|yD\x01\
dY\xcf\xd1\x0b-\xba+ \x1ar\x9c\xfb\xcc\x819\
\x889/@\xdd\x90\xb2T\x86\xa5\xe4\x86\x85|g\xba\
\xad\xe48\x19!\xe1f].\x0f48\xe2\x9c\x99r\
L=\xa7\x09\x1a\x8c\xc8\x90E\x1alo\x80k\x02\x5c\
\x9c\x9c\x91gOc\xcca\x08H\x9f\xbc\x00\xd0\x96\x07\
.+\xf9\xad\xb2_\x1c\x98m\xe3\x19\xe6\xfb\x09\xf2f\
\x148\xf1\x8dh\xbd\x80\x8a\x83\x9b2\x82\xc0\xdc\xa0G\
\x17X7\xc0{\xe4u\x80(\x8cU\x80=\x18\x04\x5c\
r\x98F\x00P\xdf#\x8d\x02-E|\xc8T\x00\xf7\
k\x08=Sd(\xe7\xd0h\xaa\x1e\xa9[\x0d\x136\
\x97\xf6\xf1\xfc{\xef\xc6\x0f\xfe\xad\xaf\xc7\x97}\xd1\xeb\
\x00\x00\x9b\xcd\x16\x02\xc1\xe1\xe1\x84\xd7\xbc\xf2^\x1c;\
\xb9\x8b\xdf\xf9\x9d?\xc0\x9b>\xf9\x13\xf0\x17\xbe\xe5\x0b\
\xf0\xe5_\xf2z<\xfc\xe8e|\xc5\xd7\xfd=\xbc\xe5\
\xf7\xdf\x8b\xe1\xf8.f\xaf+a$@B\x09\x90/\
`<\xeb\xc6\x0e\xd3\x94\x8b4\x07\xa3y\x0e\xe6\xf0\xfd\
F\x10zB\x82\x8e\xac\xe8\xd5\xaa\x13\xa9+\xfd\xd9G\
\xd9`\xfb\xe4U\xfc\xaf\xff\xf0\xdb\xf0\xda\x97\xdf\x85\xcd\
f\x8a\xae\x82e\xb0\x88\xe8\xac)!L\x9b-vw\
w\xf1M\xdf\xfe=x\xc7\xef\xfe.\xd6\xe7n\xc1f\
\xbb\x05\x1fI\xcb\xfd(\x08\xc1\xafTJ\x92\x22Wi\
\x12\xc63\xf5f\xe8\xbd\x02\xd0R(\x17\x9eN\xd1\x93\
Eg\xfa\xa53\xa2W\x9f\x8d\xb6\x08\xf2}@0u\
\xedb\x9e>\xfeki\x00H\xce\x15?/.\x13?\
\x12\xcetq\x5c\xde\x96\xe0\xcf\xb0n\xb962\x04\x5c\
\xad!9r\x9d\xbcz\xe6\xa7\xa1\x12y\x12\xc2\xd4\xf2\
%7]\xa3P\xdc\x07G\xa2i\x02~\xabT\x96h\
m=\x7f\xf8\x1a\xc6mG\x1b\x05}\x00\xba\xe7\xfeS\
\x084\xaf\xcd\xee\x80\xa1\xf4(\xe0\xc8\xe7\x88\xf3d\xb9\
-\xbb2|\x8f(|#\x10\xc6\xb0I7ME\x90\
E\x1f\xfe\x1c41\xf5\xe8\xc4\x95\xf7\x95!#\x94\x93\
\xb2\xa9\xceX\x19\xadI&\xb4c\x12\x14\x82b\x14X\
\x1a/\xea4\xa9;\x0d\x02\x1e\x8e\x97\x1ck\xe9\x7f\x93\
\xd7:\xc2L\xa4\x11`\xf32\xb8\xc1\xd0,rd\xfd\
\xc4m\x89_\x17E\x93\x01}\x7f\x8b\xe9\xd25[B\
\x06\x00\xbb\xbbh\xbbk\xcc\xb3\xe2M/z5.\x9c\
\xb8\x807\xbe\xfc\xd5x\xec\xf2e\xdcr\xee\x16\xec_\
\xbd\x8cK\xf3\x16\xfdC\xc0\x85\xe7\xdc\x82\xcfy\xc1k\
\xf1\xea\xf3w\xe3\x96\x13\xc7\xf1\x8b\x0f\xbc\x1b\xdb\xcbO\
\xe3\xee\xb9\xe3\xd4\xce1\x5ch\xbb\x18\xe7\x8e\xe7\x1c\xdb\
\xc5\xe5i\x0b9~\x0c\xb3OR\xdfl-g=\x0f\
\xc0\x13\x8fCO\x9c\x05\xb0vp\x97\xa0\xafa\x10{\
;\xb4\x00~3\xc0\xe6L\xdft\x02\xb9\x83=+\xff\
\xd5\xa3nA/\x0dC\xd0\x06\x12\xb3\xe5\x9cC\xcf?\
\xbf\xd3#i\x00K\x9f8\xff\xc4\xbcS\xb5\x91\x09R\
\x01B\x18\xddB\x8e\x9d\xc7\x14\xed\x955=\xf4\x12\x15\
\x18\x8a\xb2\x84\xf3\xee\x1a\x06\xfe\x07f\x00\x88\xef\xfe\x87\
\xd9\xc1>\xf6\x00 \xf0\x96\x8a~!\xd0[a w\
\x02\xcc\xad|\xeb\xfa~c\xa4\xd8\xeeW\x1c\xecU\x8b\
A\xef\xc6@-\xfa[\xfc\x95.\x83\xa1,\xeb\x1a~\
\xff\x87[\xf9:-\x84m\x8aUc,\x1a\xe0_\xe8\
\x03\x1c\xf9W\xcb\xf5\xca<\x16\xe5\x1f-\x93\xfb\x16\x98\
:\xbe\xf8s>\x05\xff\xf8G\xfe\x0c\xee\xbe\xfd4\x0e\
\x0f\x0d\xe4V\xa3\xed\x8bq\xebsN\xe1G\x7f\xf8\xeb\
qp\xb8\xc5\xef\xbd\xf5\x83x\xedk\x9f\x8f\xdd\xd5\x80\
\x1b\xfb\x87\xb8\xe3\xb6\xd3\xf8\xaeo\xff\x22|\xfd\x9f\x7f\
\x00\xd7u2G\xac\x18/a\xa03\xd5\x16\xfc\xc4\x08\
E\xd5=Eq\x10D\x93\x05\x17\x8fb\xbc\xc0\x8e\x91\
\xa5\xcf\x8b\xcb\xba\xba\x93\xb0\xbb\xea8\xb8x\x05?\xf0\
\xd7\xbf\x1a\xdf\xfc5o\xb2\xa2\xbf\xd5\x88y\xeeh\x83\
\xf1n\xa6\x9d%\xe8sx\xb8\xc5\xde\xde.~\xea_\
\xfd\xdf\xf8\xe7?\xf6\xcf0\x9e>\x8f\xcdF\x10\x9d\x16\
\x03;*\xf2S\x1e\x9a\x15\x19\xbbN\x8c\x95\x18\xd4y\
\xdd\xde3\xed`\xce\x16\xcaK\xf3\xba\xfc&>j\xf9\
)1#I\xa8\xc9\x16\xcb\x1f\x10\xf1\x0d\xa6\x16\x5c\xe5\
\xa6\xd3,\xe5\xa4\xa3#\xb0\xd7\xd2\x00\xd0\x9b\x0fH\xf4\
\x06\xd8\x03\xb9\x16\xf8\xc1\x07\x99M|\x12\x1em-5\
;\xcd\xbbB!\x90\xb3\xf77\x8d\x00\x86\xc1\x05\xb1\x94\
H\xa1`'\xd7\x00\x16\x1a\x8a\xa5\x87!\xeb\x02\xd2\xaa\
6\xa2\x10p\xc5\xc3\xa5\x11\x96\xd4\x1c'\xd1\x8dyr\
\xcc\x0aL\x02\xac\xbc\x0e\xe0\xe9-\xe4\xe4\x1az\xd0-\
JA\xe4^\xd4:\x14\xc1\x17\xb1\xeep\xee\xb6\xabh\
\xa4\x5c\xd5\x8b\x01\x9dd\xc1\x17A\xcb\x10\x9ab\xe88\
\x9eg\xed\x9cGF\xc2r\xd6\x00\x83 |\x01\x0d\xcb\
%e\x9e1\x1d\x08\x1a\x0a\x04n\xe6\x1f\xfd{\x826\
\x05*j\x084\x85\xc0\x07\x9e\xec]\x15\x98\xd3\xb6\xf0\
\x04\xef\xcf\x96\xbfQ\xd8\xcb\xf1\xb23\x5c\x09\xa1I\xcf\
>(2\x08\xb4\x0bd\x180\xacFL]\xb1\x9d&\
`\xba\x01\x8c\x03DV\x98\xae_\xc1\xba\xaf\xf0I\xcf\
\x7f\x05\x9e\x7f\xe7s\xf1\xba\xe7\xbf\x1c\x9by\xc6\xa5~\
\x80{\xce\xdf\x89\x13'O\xe3\x8d/\xf8\x04\xbc\xef\xb1\
\x8f\xe0\xdc\x99\xb3x\xf4\xe2\xd3\xb8\xb2\xff4\x9e{\xf6\
6|\xef\x1f\xfdS8\xbb{,\x18\xfb\xa1\xcb\x8f\xe3\
5\xf7\xdc\x87O?\xfeR\x5c\xdd?\xc4\x99\xe3\x9f\x81\
\xf7<\xfc\x18\x9e>\xb8\x86'\xae]\xc1\x1bo\xbb\x15\
\x7f\xf4\xd5\xaf\xc1[\x1e\xf80~\xee}\x1f\xc3s.\
\x9c\xc5\xe7\xdc\x7f\x0f\xae\xdc\xd8\xe0\xa7\xff\xf0!\x0cW\
\x9f\xc6\xc9\xd3\xe7\xf1\xd4>L\x81%\xbe\x00\x18\xfc\xb3\
\xe4\xbf\xbeb\xc3;\x11\x95\xba\x00?\xd7\xbbW\xe6\xca\
\x81TH\x95\xee\x16=\xa0W\x96^c\x18uL\xa7\
\x88\xdfW\xc8\xd7\xb2\xf4\xbc\x8e\x862\xa5,\x0b\x93\xa2\
\x03\xf8\xd7\x9a\xa5;\xc8\x15al\xaa\xeb\x01\x1f\xa0+\
J\xbb\xbd\xa7g\xe6\x06}\xdc\xd2%\x96\x12\xb0|\xbf\
(\x97\xfaY\x0a@\x08\xf0\xb1\xfc/\x1b\xff\x08\xbdt\
\xf8N~}\xf2\xdb\xb9'\x0f\x02p\x870\xdfO\xda\
\xa9\xd7\x84\xc4\xf52B`\xf4\xf4(\x03\x8f\x89\xf1k\
\x89D\x18\x91M\x16h\x10 =~\xe5\xce\x8bN\x1b\
Fl\x80\xfc=h\x0fD\x93\x22\xa4m\xc0v\xde1\
o\xe2\xa9\x064\xacV3\xc6\x1b\x87\xf8\xb2/\xf9|\
\xfc\xc3\x1f\xfa&\x9c=\xbd\xc6\xc1\xe1\x16k\x0f\x8dS\
\x16\xbb*\xa6\xadm\xb4\xf3\xa9\x9f\xf4\x22\xccs\xc7\xc1\
\xa1\x15\xc6=\xf1\xe4\x15\xfc\xe4\xcf\xfc2\xae\x1e\xce\x18\
\xf6F\xefxY\x0c\x16**\xda\x89\x0a\xc4\xea\x87\xe0\
-:(\xe4\xa1\x02|A\xa34\x14\x8c\x8fz\xb1\x0f\
\x9cS\xbc \xd5\xfa\x8a\x8c\xd8\xd9\x01\x0e\x1e\xbb\x88\xaf\
\xfc\x8a\xcf\xc2\xf7|\xc7\x17\xe1\xe0p\x8bq\x18\xa0\xdd\
\xea\x1d\xb2FM0M3\xa4\x09\x86\xd6\xb0\xd9N\xd8\
\xdd\xdd\xc1\xef\xbc\xf5\xdd\xf8\x8e\xef\xfc>\x8c'N\xa0\
cU\x0c*\xa4%U\x01\xd9k\x96\xdc~\xe3\x13\x84\
\xf6M\xc7\x86\xa7\xfa\xdcp\x97\xd9\xee\xf3\xe5\x18\xa4E\
\xa6\xe8\x06WL_\xd4\xde\x92\x16R\xf0\xad\x18\x09\xf6\
\xf2n\xa5n\xb4K\x8c!\xc1E\xda\x90r\xfc\x0c\xaf\
g\xd9\x0exi=\xe4\xbd\xb3\xd0 \x1e\x82U\xde\xce\
\xa0aL\x05P\xc6\x94\xfa\xf9\x05$\xd4&\xb8\x1e\x85\
\xae\xde\xf1/\xa3\x07`\x14\xa0\x9c\x1b{\xdd\xd3Jm\
\x1c7\x82\xb8\x81\xa9\x0e\xfc\x9c\xcc\x18\x0fu\xa7\x02\xb1\
\xa4jRk\x91tI1}\xec:\xe4\x95\xc7\x80\xe1\
\xd0v\x1d\x1c\xc4\xba\x98\x89d-\x95\x17\x9a\x19y(\
h\x00\xeb\x17\x14\x1a\x86\x03\xc3\xe9R\xe8\x18\xd9\x8c\xa2\
\x90\xd9\x93=A6\xad\x85\xc8\xe93\xacJ\xa3&\xd6\
e\x96\xb9B7\xe3\xc7\x99#\xea%H\xc68\x97\x06\
A\x01s;\x00\x04y\x02\x0e\xea\xef~B\xa5/\x02\
\xc4\xf9\xc0>v\xcaSG\x16\x84A\xb2\xc0/\x9c{\
\xf1.\x8b\xc0\xd8\x06`\xdb1o&L\xdb\x1b\xc0\xee\
\x1am\x1e1]\xbf\x8a\xd3\xa7/\xe0\xce\xe3\xb7\xe3S\
_\xfe\x89\xb8\xb2\x7f\x0d/\xb9\xfb\x05\xb8\xf3\xe4y<\
\xff\xae{\xf1\xfaW\xbc\x0eO\x5c\xb9\x82\x13\xbbk\xfc\
\xc7\xdf\xfb\x0d\xbc\xee\xc2mx\xd9=\xf7\xe2m\x1f\xfe\
\x00N\xed\xad\xf0\xea\xbb\xef\xc7\xd9\xe3\xa7\xd1\xeex\x1e\
\xb6]\xb1j\x82k\x07\x07\xf8\xf0SO\xe0#\x97\x9e\
\xc4\x1b\xef{\x11\xd6\xe3\x0e.\x9c\xba\x05\xe7\x8e\xadq\
\xf5\xc6c\x98\x0eg\x9c=~\x0c/\xba\xe3\x0e\x1c\x1f\
\xf6pn\xdc\xc1sN\x9f\xc1\x1bo\xff >\xff\x85\
O\xe1?=\xf0a\xdc\xb7w\x0cr\xe2\x14\xfe\xcd\xfb\
\x1e\xc2\x89\xcb\x17\xf1\xb2\xbb\xef\xc0\xaf\xeco\xd1{G\
\xdf\xd6\x5ciG\xec\x0c\xd8\x05e\xabB\xe4\x92R$\
\xf0\xc7\x86B\xe5\xfbp\x0bh\x10\x14Z\xeb\x840\x9a\
\x95\x00\x92<du\x00m\xa1\xe4\xac\x19\x112t\xe9\
<L9\xb6\x95\x18\x9c[W\x9e\x8d<O\x84\x82\x83\
\x12\x90nb/\x00\xa4`\xaf\x03\xa5\x92h\x02\xbd.\
\x90K\xcc\xdb{h\xbe{\x87\xbf\xce\xf5\xfa\xd6\x10H\
\xfa\x8c\xe8\xf4\xe7\xc6\x80\xb0-\xb0/\x1b\xcc0{z\
\xeaV\x1c\x9b\xd1\x80XV\x08\xcf\xfb+\x8f/\xc5\x80\
\xb0\xfb\x06h\x97\x22?\xe15\xaa\x12\xa1l\xd21\x88\
\xef=\xe2\x00\x07\xf6R/\x10\xe7S\x81\xa7X\xe55\
\x9cV\x0bc\xdf\x81\x1fh\x18G`{\xf9\x22\xd6\xc7\
n\xc1ju\x02O=\xf94N\x9f\xbc\x15\xe3\xe0\xa9\
\x9a\x02\xb8Ml\xa3\x1dn\xbc\xd3\xa4ag5\xa2w\
\xc5\xd93\xc7\xf1\xa3\xff\xf0\xcf\xe2\xf8\xf7\xfd\x04~\xea\
_\xfeG\xac\xce\x9c\xc0v*\xba\xd4q!\x0d<\x07\
\x9a\xa2\x1b\x08v\xd4\x1c,x\x8b\x1dI\xd5\x9f\xb9\xe8\
\x8f\xe0\xe5@\xda9\x0cM`\xc0z\xa7\xe1\xe0\xe25\
\xbc\xf9\x8b>\x15?\xf6C_\x87\xcdf\xc284l\
\xb63\xd6\xeb\x01C\x5c\xd1\xcd\xaf\xae\x18\x9b`;M\
X\xafF\xbc\xff\x81\x8f\xe2K\xbf\xf4O\xe3\xc9KW\
1\xec\x9dB\xdflB'%\xa8R)\x96\xe8X\xc0\
\x8d?g8\x96\x0b5\x9a\x87\xba\x0e'\xf4\x19&\x96\
\xd4\x0d\xf9\xc1\x81-)e\xf4\xcb\x15\x10\x15\xe7\x04\xd5\
!+\xca;o\x1e@\xb9\xfco<b\x1dk\x19\xff\
M\xdb\x01\xc7\xf3H\x19F\x89g\xb88\x877P\x97\
q\x15G\xefH$:C\xc0 a\xc0(@\x0et\
\x91\x1e\x08b;@\xb5\x04\xa20\xd0\xf4\xc8\x03S\x80\
Y)\xe6a)\x03]\xe6\xc4\xfd8\x86n\x18\x89\xe8\
\x82\xea(`\xf2\xc9x\xe0\x0a\xf0\xcas\xe8M\xc1\xbd\
\x010\x0c\x16\xee\xf7\xcf2\x00\xaa\x96\x02\x90\xd6\xcc{\
\xf1\xe7\x14/\x1eD\xeb\xb1\xc1Xmj\xd5\xa3\xf8\xa5\
\x1aji\xbe,\xd6\x98\xea\x11\x10X\xf0\x12\x9f_\x8a\
\xb5\xd8\x83F\xf4\x1a\x82\xdf\x15\xa5H\x0f\xc8Nq\xf9\
^\xa8\xf8S\x9a!\xc9\xd5\xa9\xccB\x22d\xc1lV\
\xbc\xe6\xcc e\x88\x80{z\x99\xaf\x12U\xc80\x22\
\xb6\xe1]\xd9\xc1\x9b\xcbO\x03\xbd\xe1\x96\xf5)\xbc\xea\
\x15o\xc0\xa5\xc3\x1b\xf8\xe8\x93\x8f\xe0\xeb>\xe7\xcb\xf0\
\x95\x9f\xf6\xc5x\xfemw\xe3\xf4\x89\x93\xb8~p\x80\
&\x82\xbd\x9d\x1d(\x80\xcb\xfb\xfb8\xd8\xeeco\xa7\
\xe1\x8f}\xf2\x1b1\xca\x0a\xd3v\xc6\xe7\xbc\xec\xb5\xb8\
\xbe\x7f\x15\x9b.\xf8\xf0\xc5\xa7p\xe7\x993x\xea\xfa\
\x0d\xec\xad\xd7X\x0f\x03\xce\x9f8\x85\xdbN\x9fEW\
\xe0\xdc\xde\x09\x9c\xdb=\x8164\xdcy\xff9l6\
\xfb\xd8L3\xde\xfe\xe1\x0fAW\xfb\xf8\xed\x87\x1f\xc5\
\xcf\xbc\xe3\x1dx\xfbcOa\xb3U<q\xf5\x00\xd8\
N@\x1b\x80\xe3\xa7q\xfd\xda!\x1e\xdb\xbb\x15\xd89\
n{\x03\xd0\xa8\x8eV\xbf\x96\x02 0\x896W\x1e\
\x92\x00\xdf\xa54\x12\xd24R}\xfe -\x8d/\x1a\
Y(s\x16\xb3!\xf99\xf8\x84\xb9V?\xaf)2\
g\xe9RV\x0d\x84\xc1\x96`F\xb73QDs%\
\xa6w\xc8\xa0\x5cN\x18\xba\xa3'\x885M\xd9\x10\x85\
\xca\x00<9\x01\x9b\xd9\x8c\xebi2zu\xdft\xa9\
\xcf\x90y\x19\xd2\xcfb\xbe\xee\x91\x82\x0e\x9d\xa7\xf8]\
;\x01\xdd\x01\x94\xc7C\xcd\xabWEt\x00\xac\xb5\x04\
,D\xf3\x10\xd5b\xd7A\xdaZ~.\x0d\x8cl\x16\
T\xef\x070l\x97\xfb2hx\x84\xd5\xdbO\x8a\xf3\
7u\xc5_ \xc2k\x15B\xb6}\x8br\x95\x01\xc3\
\x00\xcc\x07\x07\xf8\xdc\xcfx\x03\xde\xf4\x86W\xe1\xbb\xbe\
\xe3K\xb0\xbb\xb6\xe2\xbaF{?\xa6\xd3\xf5\xa8\x9a\xee\
\x1e\x06\xf2\x9c\xb5\xcd\x9e\xbb\xe29\x17N\xe1o\xfd\x95\
\xaf\xc2[\xdf\xfa\x1e\xbc\xf7\xc3\x0f\xa2\x0dk\x84;\xe6\
\x02\x1b\xad\xb4\x83\xb5\x0a@QI3\xdd\x17<P\x14\
Iu \x8aVW\x7fp\xbbv\x87b\xc4j\x14\x1c\
^\xde\xc7\xe7\x7f\xde\xab\xf1\xb3\xff\xdb7cgmc\
>\xdcn1\x8eClC\xc1\x10\xbc\xaa\x198\xf3\xdc\
14\xc1\xa5\xcbW\xf15_\xfb\xe7\xf1\xf0c\x17\xb1\
:u\x06\xdb\xc3\xadG!K\xaa\xa1*\xb9R\xd2\x14\
~\x0c\xcd\xb1\x02\xe8Q\x93\x16\xa2\xe5\xc4\xae{nP\
\xbf\x1d\x01{\xd3\xdb>\xf3q\x0c\x87qD7\x92\xae\
Qc\x82\xa5\xc3\x88\xd4\xe3I\xcd\xe4\xc5\x85\xb1u\x84\
\xea\x1f7\x02`\x0f]\x94;h\x14\x10D\x8a\xe7/\
\x8b;\x97\xf7\xf9E0\x06\xbfN\x0e\x8f\xc3\x17\x14\x07\
\xc2k\x00\x98\x9e\xf4\x07\x92\x92\x87\xd1\xd0g\xbc\x80\x1d\
\xdc\xf2|\xde\x8fW\xe6S\xd4\xc8H\xac\xffv=-\
\xb3BGA\xff\xe0u\xc8\x95}`=@\xafo-\
\x5c\xe9\x8d\x810[n\x88a\xad\x14\x04V\xb9\xb3\xc4\
\xa5g\xf8&\x8a\x02I\x8cb\x00QO\xf891\xf8\
\x8c1\x15\x10%=\x93\xb5\xcc\xa2\xe0\xb3\x1a\x90D_\
~\xd2\xc9\xcf1\xfdM\x02p\x12$\x18\x13@\xd4\x22\
,x\x22\x06i\xee\xba\xf2\x87\xc8{\xf9d\xd4\x9a\x04\
\x0ah\xe7\x0a\x0a\x9f\x01No\x07Z\x17l\xaf\x5c\x07\
V\xc0\xf1S\xc7pcs\x80\xdd\x9d\x1d|\xdb\x17\x7f\
#^q\xdf\xcbq\xdb\x85;\xf1Y\xaf\xfad|\xf8\
\xb1\x87\xb0^\xafq\xdf-w\x00\x00\xa6>\xe3\xc9k\
\x97qbg\x0f\x9by\xc2\xe5\xcb\x17\xb1^\xad\xb0j\
+\x9c9q\xdcj\x02\xba\xe0\xd2\xe15\x1c[\xef\xe2\
\x91\xcbOco\x1c\xd1\x06\xc5\xf9\xdd=\x8c\xad\xe1\x8e\
\xd3g\xf0\xf1^\xd77\x1b|\xf4\x89\xc7\xf0\xe0\x13\x8f\
\xe2\x07\xff\xaf\xff\x0b\xef~\xe4!\x5c\x99&L\xc3\x0a\
\xf3z\x17\xb3\x8e\x90\xb6\x026\x13\xd6\xce\x07}\x180\
\xeb\x04=\xb8\x86v\xf9I\xf4\xf3{V\x1b\xc0\xb9\x8e\
\xbe\x00b\xc6\xa2\xa7\x01\xb4{;l/`L:\x22\
\x81\xffh\xae\x9f\xcb\x00#\x8c\xe2\xfd\x09\x22\x14\xd8\x96\
i\x96\xa2\x94\xb41w\xef\xab\x0d\xe6\x19uS\x1f;\
\xb0\x852\x97\xf2\x9e\xbf\x0b\x0d\x0ew\xee\x22G\xdf\xda\
\x91\x9e\x1ds(-\x81\x94T\x1a\x80C\x00On\x8d\
\xb7f\xae\xe9\xcf6\xc0\xc2\x22\xc0\xd2\xe8\xc7\x22\x03\x16\
\xd2\x17v\x0b\xf4\xed<m\xe3 \x97\xa1p\x0a\x1c\xa8\
\x95\xfd\x97\x1d\xf0\x1d\xe8\x17E\x81!(L3\xb8Q\
\xd0I\xe7\x22L\x9a)\x01H\x8f:\x02\x01<jA\
\xe1\xf3s\xe3\xda%T\x1b\xe4.\x00Q\x94v\x18\x06\
\x10TcBe\xc4\xeej\xc2\xc1\xd3\xd7\xf0\xbd\x7f\xe5\
k\xf1\xfd\x7f\xe5\x8f\x1bY{\xc74\xd9\xaezU-\
\xe6\xd5x\x89#\xc0\xa0\x8a\xb1\x0d\xd8N\x13\xce\x9c9\
\x86i;a\xdel1\x1e_{O)\x1f\xab\xe4r\
FbA\xd8\x8b\x05\xe0\xf2\xa64\x1e:U\xc5\xa2\x00\
>\x8f\xa1\xce\xf6\xfd\x0b\xfa\x8cqg\xc6\xe6\xcaU\xbc\
\xf8E\xf7\xe2\xa7\xff\xe17bg\xddp\xb8\xe9\xe8\xaa\
X\xaf\x06\x8cC+\x85\xcfy\xbd\xee\xf3\xd2U\xf0-\
\x7f\xeeo\xe0w~\xeb\x0f\xb0>w\x0e\x9b\xc3C\x9f\
\x87#d\x0eD\xcd\xcb\x84\x1d\xb7\xf0l+V\x01\xb9\
\xb5\xb2.\xaf\x95\x9e\x0e\x18\x11\xe0S.\x22>\xc4\xd3\
j\x0c,\xd2pH\x80K+.\x06\x1e\xc5\xe0n\xd0\
\x15\xc9D\xa0\xdd3\xe3?\x80#\x06\x80\x1c\xfd\x95a\
.\x94\x89-\x13\x17\xc0\x87$\x80\xbap\xd3\x92[\xe4\
{\x0a\x8d\xc3j\x12\x0eW\x5c9t\x7f\xd6|\xc8\xe6\
\x84\xaaD\x0b\xd0\xa1p\x84\xadP\x0d\x08;G\x8b\xb2\
\x09;\xcc\xe52r\xe5\x83\xcbi\x17\xf3\x10fX\x1a\
\xe0\x89\x19\xf8\xd0U\xc8\xcb\xcf\xd9\x98\x061\xe564\
\xa3\xdeL\xa6\xf6\x02A\x9a\xdc\x01\xc2\x1as@\x0f[\
\x9a\xe5\xe5c\xf7@\xb7\xf6\xc2\xa2\x5cp\x18\x22\xca\x12\
\x15\xb6AH\x0d\x9d\x11564$\xeaq\xea\x0c\xa2\
,\xca\xabS\x16\x13\x19\x1c\x9f\xe5\x95\xf6\x1d\xbd\x8e\x94\
W)L^\xe8\xbd\x98X\x7f\x1e\xd7\x9d\xcd\xa3\xdd\xe2\
\xc5{26\xdb\x92}\xdb\xa1\x9b\x19\xdb\xab\xd7\xf1\xb2\
\xfb_\x82\xbbn\xbf\x03/{\xd9\xab\xf1\xe2\xbb\x9f\x87\
[O\x9f\xc7\x97|\xea\x1f\xc1\xdc\x15\x1f~\xea1\x00\
\x8a\x17\xdd\xf9\x5c\x00\xc0\xb5\x83}\x5c\xdf\x1c`\x7f\x9e\
p\xe6\xd8\x1evWk\x5c\xdb\x1c\xa2\x0d#\x8e\xadw\
!\x10\xac\xc7cP\x00\xeba\xc4\xde\xb8\xc6\xd8\x06\xec\
\x8e+\x0cL\xd9\xa8F\xb3+\xdb\x15\xcc\x9e\xee\xed\x0f\
}\x14\xbf\xfe\xbew\xe1\x97\xdf\xff\x07\xf8\x9d\xf7\xbc\x1f\
O\x1e\x1c\xe2\xfa\xb5\xab@[\xe1\xd8\xb8\x83\x83\xbd]\
\xc8\xce\x1e\xc66\xe2\xe4\xd4q\xe9\xeae\xe0\xc6\x16\x9b\
\xd5\x1a\xb2Z\x9b':M\x86\x19O<\x04\x9c\xb8\x00\
\xc8\x98\xde\x1b\x9b\xdft\xee\x0e\xe8|8\xdb\x1cG\xed\
\x98\xf3\xb0\xa8\xd8>\x02\x91\x06(t\x0fCk@\x80\
Vh)[O\xca\xa3Ct#\xaa\xe3\x0c\x13^%\
\x90k\xc9i\xfc\xcf\xae\xe7\x1a\xd0\x1bd\xb0\xbe\x09\x14\
b\xe3\xf0\x19\xf3\x0c\x8c\x9e\xa7\xefP\xf4\xd6\xd0Z\x03\
\xfbf\x0c\x9e6\xeb\x10X\x08\xcc\xd7v\xb7\x01r\x09\
\xc0\xf5\xc9\xda0O\x1d\x98\xb7@\xdfZ\xa8\xbf{\x0a\
\xc0S\x03\xd6\x07@=20\xf9\x12\xcb\x0c\xe3\xab\xd7\
\x01\xc4\x96\xc0\x04\xefH\x03p\x1d?\xffz\xfeQa\
\xa2\x14\xec\x81\xba\xafz\xee\x09\xde\x04-\xcb\xc5\xf2^\
\x9e*\xa8\xc0Nz\x83\xa9\x03\x82z\x15\xc6\xfc,N\
\x7f\x0b\x0b\xf3k\xbf\xbe\xbf\xd6#p\xf0\xe8%|\xdb\
7}9\xfe\xd6w\xffq\x1c\x1en0\x0c\x03\x86\xc1\
R\x02\x19\x18\xa2fIC\xa2 R\x8eQ\xec\x98\xd5\
0`\x9ag|\xd5\x97\x7f\x06\xfe\xc5\xbf\xfa\xcfx\xe0\
cOb\xdc;\x8e\xb9OH#&\xf5G,\x08\xa2\
\x8e\xad:\xda\xf5\x80\xba7\x11\x9b\xe1\x84\xb2r]/\
\xa4&\x02\xe0\x9a(\xfa\xf5\xab8\x7f\xea,~\xf2\x1f\
}3\xce\x9c\xdc\x01Dp\xe3\xc6!\xba*\x8e\x9f?\
\x16;\x94r\xb5\x85\xaa9\xf0\xdb\xed\x16;\xbb;\xf8\
\xfao\xfb\x1b\xf8\xd9\x9f\xfa\xf7\x18\xcf_(\xe0\xefQ\
\xe2\x02\xc0z\xb4\xdc>r\xf5\xc89[<\x17\x7f_\
hED\x8dM\xcc{EU\xa2@%?u\xa7\x9f\
\xcd\xa8\x9cj\xa1i\xd5\xb5\x15\xe4\x8d\x1fD\xc3\xc4\xa2\
\xbf\x05\x11Ev\x85X\xbe\xea\x13\xdc\xd4\x07@\xcag\
\x8d\x03\x1dleA\x8e\x00\xffx|\x1aC|\x1c\x16\
\xd8\xb5%m\x83\x0cR\xee*\x09f\x1c\x04\x034\xbd\
k\x01\xd6r\x055\x22D\xf1q\xbd\x5c\xfc+\x8bH\
B%\x02<\x05 \x90,\x16\x1e4\xcf\x99\x01l\x01\
}\xcfU\xe0\x15\xa7!+@7\x00\x06A\x1b\x1a\xfa\
\xd4\x81\xd1\x0a\xfbtp\xc5\xcd\xdd\xe6\x22\xe4YhS\
\x8c%\xeeq\x91v\x8dOK<\x03\xab\xc3\x09\x0cy\
-\xd3\x05)\xc8\xf4\xe6\xc5\x8d\x04i\x04\x07\xce\x97\xfd\
\x1e9`h\xf9\x5c&\xbf\xcc\x92\xf4\x9b\xe9f4\x95\
%sd\xecma\xf8\x06\xb32d\xd8\x816\x0at\
;[\xa6\xe5\xdaU\xec\x1e;\x89S{\xa7\xd0\xf6F\
|\xe77|7\xbe\xe5\xcb\xbe\x1e\x97\xae^\xc6\xfef\
\xc6K\x9e{\x1f\x00`\xb3\xdd`\x1cF<\xef\x96\xdb\
\xa0\x00\xa6y\xc2\xfe4\xe1\xfa\xe6\x00\xbf\xff\xb1\x0f\xe2\
\x13\xef\xb9\x1f\x83\x02}\x9ep\xe1\xf8\x89`\x9e\xb9\xcf\
P\x1d04\xd3H\xa3W\xc2\xaf\x861\x95\x05\x14\xd2\
\x14\x0f=\xfd\x04N\xee\xed\xe1\xfd\x8f>\x84\x93{\xc7\
\xf1\xf6\x8f}\x10\xbf\xfa\x87\xef\xc0\x89\x9dc\xf8\xb2O\
\xfad\x8cm\x85\xa7.]\xc2}\x17n\xc1]\xe7n\
\xc1\xdf\xfe\xb9\x9f\xc7\xeez\x07w\x9e<\x89\xff\xd7\x17\
|.~\xfa\xbf\xfc*\x9e\xb8\xb1\x8f\x0f?\xfe4.\
m'<5u\xf4y6\x0e\xbez\x09r\xe5)\xe0\
\xd4-\xc8\xad\x80mn\xb4\xcf\xcbB\xc0\xee\xf3\xdb\xb1\
,\xf4\xe3j\x80\xb9'\xcd\x8f\xac\xf4\xb0u\xf9TA\
\xcd%\xc4C\xe1\x05\xe0\xa5\xb4h\x8e\xf6\xaaL\xa5\x89\
\x00\x98\xad&G$\x00X\xe7\x09}\xee\xc0\xb8\x06\x86\
\x95\xa58\xd8\x0cH\x04\x90\x19\xd2\x14\xd3f\x03\xf4-\
v\xd7\x0dm5`\x9e\x05C\x1b\xb0\x8f\x01\xd3\x81\xa5\
F\xda\xb1\x15Z\x1b\x806`\xc6d\xf2\xf4\xf8!Z\
7\x02\xd0CoQ\xd8\xe7\xc5}\xd5\xdbW\x8b\x10D\
\x1b\xdeZ\x14\xe8DI\xcf]-z\x00Et\xf4+\
\x05}\x8c\x0e\x80\xd7\x81\x22\xc3\xfeL\x01\x90\xd0>I\
4\x1eB^f\xbf'\x0d\x09\x1e\xbf\xf4\xf2\xd3\xb0*\
 OA\x0aYd\x9a\x80\x82\x8b\xf2\xcak\xadG`\
\xf3\xc4\x93\xf8\xf2/\xf9,\xfc\xc0\xdf\xfc\x06\x1c\x1cL\
\xd8\xd9Y\x95|s\x16\x85\xf9]\x97\x97\xaa\x8a\xbe\xac\
#\x13\x981|\xee\xccq\xfc\xcd\xef\xf9\x1al\x0f\xf6\
\xf1\x83\xff\xf8\xdfD\xf4\x95c\x0dU\x02\xcd(c\xc9\
\x8fG\xf8\xb08r\x1c\x07\xf2\xd4\xa3A)\xb08U\
\xd00\xe8\x062O\xf8\x89\xff\xe5\xdb\xf1\x89/\xbb\x0b\
\x07\x87\x13n\x1c\xcc8sf\xd7\xe4\x1a\xa1z\x9ct\
F\x9b\x83\xcd\x16{\xc7v\xf1\x83\xff\xe0\x9f\xe1\x9f\xfd\
\xe8\xbf\xc0\xfa\x96\x0b\xd8l\xa7\x18\x81\xbd8\xbe\xa3\x04\
\xc9wm\xf0\xb1\xf5\x8e>;\xff\xb6\xb5\xc9\x86Xc\
0%6i\xbdv\xd1\xe5\xa2\xe1\x882\xbaV\xf5*\
\xa3\x01G\x97\x823\x82\x9ccr\xbc\x8c[0\xe2\x9a\
\xd4c\xb6\x85S\xd5\x17\xf9\xe2\xe5\x8bw\xbb)\x05p\
\xd3\xa1b\x0c\xd1Uoz>*|e\xebE\xe7\xf2\
\xc4\x04Y\x84z\xc2\xfa\x942\x02uO8\x0a\x98x\
~}x\x04#gu<)\xd8B\x88x^VX\
\x0ah1\xc7\xe1\xf5\x83\x83d\x17M\x07\xca\xe5W\x1a\
\xa0\xb3G\x0f>\xb0\x0fy\xfa\x00\xd8]A\xf6M\xd9\
\xb1'\xbc\x08\xac\xba\xbf\xa9?\x9a\xe7\x11E\xcc\xa3\x11\
\xa0\xb6\xcf\xb5mdA3\xcd\xf3\xe4\x85\x1e\xfe>\xc3\
Z\x99k\xaa)\x13\x08\xa2qY\x86\xde=\xef\xca4\
,L\xbdeq\x9f\xe4** \x80\x80\xe4\xcd\xea\xd6\
r\xdfE\xf5?\xe7\xb2\x02\x06=\xc5\xe2E\xfa\xab\x01\
\x90\xa1\xa1o:t\x9e1\x1d\x5c\xc7\xf13\x17p\xf6\
\xe4\x19<\xff\xf6\xbb\xf1\x97\xff\xe4\x9f\xc7K\xef\x7f\x09\
\x14\xc0}\xb7\xdd\x8d\xdeg\x9c:v\x02\x10\xc1\xfe\xe6\
\x00\x83\x0cX\xaf\xd68\x9c\xb68\xdc\x1cbg\x5ca\
=\x0c\xd8[\x09N\xacw\xf0\x05/y\x0d\xac\xc1\x87\
\xad\xb5\x9f\xbd\xe3\xe0 \x0dM\xda\xa2\x86D\xb5\x03M\
\xb0\x9d;\x9aXu\xf0\xe1v\x83\xf5\xd0\xf0\xfe\x87?\
\x86\xbbo\xbd\x15\xab\xf5\x1a;\xeb\x11_\xfd\xfa7\xe1\
k\xdf\xf0\x19\xa8\xaf\xfd\xe9:\xae\xefo\x00\x15\xfc\xd1\
\xd7|\x22\xc6\xd6p\xf5\xfa>\x9e\xb8~\x05\x9f\xf7\xca\
\x97\xe3\xa3O^\xc4#O\xfe\x1e\x8e\xafVxjs\
\x08\x99&hk\x10\x0c\x90K\x8f\xa3\x1f?\xedM\x80\
\xe0\x18\x22\x09\xfe\xe4\xbb\xf8WJ\x7f\x00M\x19\xe6\xfb\
b\x1cP\x9e\xd2x\x16d\x07\xbb\x22\x8c\xae\xa0\xb3a\
\x97x\xf9\x18\xa0:\xa3\xcf3T\x1b\x86\xd1\xda\xb1\x02\
\x83\x85\xe3\x9b\xe2\xf4n\xc3\x8bo;\x8e\x0e\xc1\xa9\xe3\
\xbb\xd8[\x0d\xe8\xd2\xf0\xe2[\x8faw\x18pa\xaf\
\xe1\xc7\xdf\xf1\x14^{\xc79|\xd9\x8bN\xe1w\x1f\
\xbe\x81\xdf\x7f\xfc\x06\x1e\xba\xba\xc5s\xcf\xac\xf1\xf6'\
\x0e\xf0'_q\x0b\xd6s\xc7\x8f\xbc\xfd2\x9e\xbaf\
\x95\xfd'O\x02w\xed5<1m\xf0\x94\x02\xdag\
\x8c\xd8b\x9e7h\xba\x050Y\xf7\xc5\xceu\xf9\x04\
 7\x16h\x14\xd4%y4\x12`Fx\xee\x10X\
\x8ecD\xa0\x18\x0a\x8bk\x08\xad\xb1\xbe\xb8\xa7\x19\x1c\
\xcc\xfd;_\x89\x1b\x12\xae\xc7L\x98<\xf2\x10\xd7)\
\xaf\x05P\xf0:s\x82=\xb5wU\xc4Z\xd2\x95*\
\x18W\x8a\xcd\xd5\xab\xf8\xb4O}=^\xfa\xa2\xfb0\
\xcf\x13V\xe3z)||E.YB\xf5fT\xd2\
5\xa5\x9an\x10U\xf7\x19\xec\x9ci;\xe3\xcd_\xf0\
\xc9\xf8\x91\x1f\xfb9\x1c\xd0\xfb_\x8c\x9bEk,>\
No|\xe1\x0d,\x22\x85\x11\xe7\xb4\xf1\x04X\x98\xb1\
`\xac:`\xbd\xea8|\xec*\xfe\xd7\xff\xe5;\xf1\
E\x9f\xfdJ<\xfe\xe4\x0d\x9c:\xb9\x8b\xfd\xfd\x03\x9c\
=\xbd\x83\xde\x15\xad9\x1e\xf4\xd4A\x07\x87\x078~\
\xfc\x18~\xea\xff\xf89\xfc\xd5\xff\xf1\xfb1\x9e=\x89\
\xedT\x0a?\x83.\xea\xa3h\x10\xb1h\x15;\xcc\xa2\
o\xd1\xe7C\xf4\xfd}3\xba\xdb\x80\xd3\xe7\xcfc\xee\
+\x5c\xbb\xbao\xd1\xbdy\x8bv\xe2\x04\xda\xb8\x87\xf9\
\xc6\x15\xa0\x8d\x90\xd5\x08\xe6\xef\x13\x96Ka\x9f\x83\xbf\
=c\x1a\x09\xc5MsR\x99\xd1@G4\xb1,y\
G\x8f\xf0\x04\xeb\xdd\x16\xd8J\x07\xf1\x08_T5\xfd\
\x8c)\x00\xbfE\xb1@r\x82\x22\xdc.\xae\xc4\xc4\xc1\
\x81!\x0b\xa1\xa2\xe1\x93\xd5\xe1\xe7@\xf8mT\x02;\
\x13je\x22\x92\xb09H\x1fy\x8a\x8e40\x95\x0a\
\x8eg\x91\xf7\x90c&\xd2\x0aw#c\x88\x81y\x7f\
\x01t\xf6\xb1w\xf7\xe8W\x02}\xaa\xa3\xbd\xff:\xf4\
u\xb7\xa0_\x9f\x80\x8d@\xc7\x012Z\xce2Z\xfe\
\x8a@\x07_\xdf=\xa8m,\xd4h\xcc0\xf4\xc7\x89\
q1\xe0[\xd1\xc8\xe7\x84e\xa7\x14T\xcdi\xf0[\
Eh\x88\xb3Uv\x91\xa3\x81\xa9\x80\xb5\x8a\xe5\x07u\
\xef0\xf4\xcf\xd2/\x90E\x98\xa9\x18 ]B`k\
\xae\xcc\xa6H\x22E\xc1S\xdaj\x84\xb4\x86i\xb3\x85\
>\xf54N\x9f\xba\x80\x0b'\xce\xe0\xa5\xaf|)\xbe\
\xeb\x1b\xbf\x13\xcf\xbd\xe3\x1e\xdcv\xe19X\x8f\xab\xb8\
\xf7v\xdab\x18\x06\x88\x08\xae\x1f\xec[3\x9ey\xc2\
\xc7.>\x81[N\x9f\xc4\xc5\x1b\xfb\xb8\xe5\xe4i\xec\
\xc8\x80\x11\x03M>\xa0\x09\x9a\x0eQTY7\xc6\x88\
\x5c\x1b\xbfQD\x98\x1f\xb0\x86?\xd3<\xe1S^\xf4\
\x0a\xdc\xe8\x87\xd0\xeb\xd7p\xe1\xe4i\x5c\xbcv\x05'\
v\xf6\xf0\xe8\x95\xcb\xb8q\xb8\x8f\xf7<\xfa \xf6\xda\
\x88Oy\xe1\xcb\xf0+\xef~'\x1e|\xe4q\x9c\xd9\
;\x86\x97\xbd\xe0\x05\xf8c?\xf8C\xf8\xe8\xc3\x8f\x00\
\x13p\xe2\xf6[qm\xd3!\xe3\x8eu\x16\x1cV\xc0\
8B\xaf_\x86\x1c\x5c\x87\x0e{\xde\xd5\xce'\xbdl\
\xf5\x9b\x1d\x02m\x8eh\x0ch\xe5\x05\xa6vz\xd2>\
_T\xb8\x12\x91\xb7\x983\x8f\x0e\xb1kgsE;\
mf\xf4\xfd-0oq\xfa\xd8\x80s{\xbb\xf8\xe8\
\xd5\xebx\xc5\x1d'\xf0\x9c\x93{\xf8\xfc\x97\x9e\xc3\x1d\
\xa7\xf7\xf0\xe2[\x8f\xe3\xd1\xeb3.\xec\xae\xb0j\x1d\
\x8f\xdc\x98\xf0\x05/:\x8f?|\xf4\x1a\xde\xfe\xc4\x01\
\x0e\x0eg\xfc\xa57\xdd\x89\xd7\xdcv\x1c\xf7\x9d^c\
\xf7\xd81\xdc~\xe6:\x0e'\xc5\xc5+\x87\xf8\xaaW\
\xde\x8aO8\xbf\x8b\xfd\x1b[\x9c\x5c\xef\xe1\xda\xfe\x16\
\x1f\xb9\xb4A\xeb3^~a\x8d\xff\xf3\xe1+xl\
>\xc0\x8d\x03\xc5\x83\x1f~\x1a;'G\x1c^;\x00\
\xfa\x8caw\x84\x02\x18\x87\x86y6Be\xeb^\x05\
7\xecI\xef\xd4k\x04\x8e\x02?\xd4k,\xfc\xf8\xee\
u\x01\xd5P\x00\xa3\x10\xfc\x9e\xf9}\x1a\x0b\xa5V@\
M\xef\xc5\x8a\x86Ed\x80\xc7\xbbA\x92\xca\xc8g\xca\
\xae\xa5|/Ex\x02\xfbi\xa8%`\x03\x0d\xc3\xd8\
\xb0\xbdr\x09\x9f\xf2\xda\x17\xe13?\xed58\xb97\
\xe2\xc2\xf9\xe3\x98&\xde\x93\x82O\x11\xaf\xe0\x91Z\x9d\
)W\xbe\x0f\xa7\x89\x80#\x82alx\xec\x89K8\
\x98\x80vL\xd07f\x08i\xb9\x81\xbd\xf3\x9d4]\
\xc7\x14\x05\x85\xe5\xab\x153\xc0\x8e\xc9T/yw\xc0\
\xeeJpp\xf1\x0a\xfe\xd2w\xff)\xfc\x99\xaf\xfd\x1c\
\x1c\x1el1\x8e\x0d\xfb\x87[\xdcy\xdbq\xa8vK\
/\x05\x98\xc2\x0c\xfa\xcd\x06\xc7\x8f\x1f\xc3\xaf\xff\xd6[\
\xf1\xad\xdf\xfa\x1dhCG\xf7H\x12D\xc0\xd6\xd4\xa6\
\xcdl\xebo\x11\xa0o\x0f0_\xdf\x82Kpeo\
\x85\xdb.\x9c\xc5\xddw\xbf\x14\xcf{\xee\xdd\xd8n;\
>\xf6\xd0Etm\xb8r\xe5I\xbc\xe9M\x9f\x82\xe7\
\xdes;~\xe6\xff\xfc\x0fx\xc7\xef\xfe&^\xf5\x86\
O\xc7\xe5\xa7\x9f\xc6\x87>\xf20do\xc7\x1a\x8fQ\
\x17i!\xc9\x02z\x13GY\x84\x99\xd6\x80\xe4ID\
O~\x0f\xa4\x91\x18\x0c%a\x10\xe4\x5cK<\xe93\
\xbd\xa8\xdd\x17\xab\x00\x96/\xbf@\xde#\xc7D\xd0\xe2\
\xc5\x027\xa2\x8e\xbc\x5c\xc5r\xe3Z\x00\xbc\xd8a\xe5\
\xa1\x10 \x5c\xc1:N`xI\x93\xc9-Z\xa4\x0b\
\x86\x8a\x8bI\x02\xe7\xd2p\xd0\xb8\x16\x05\xb3AJC\
 \xb5\x22\xbd\xe6!\x16\xf7\xc4\xe7?\xb8\x86\xf6\x89\x17\
\x80\xb5@G\x01\xb6\x1cS!PC\xa6*\xc4\xa2\x02\
\x22\x9e\x15h\xb0\xff\xd0\xe5_<\x9a?\xb8\x1b\x02|\
\xce\xf8\xbd\x1a1\xd5+<B?.\xc5\xe1\x06?\xa1\
S\x22\x02\xe0\xe2/b\x80\x89\xac=\xd0\x98d\xbbk\
\x18\xf1\x9eF\x08\x9e\xf3U\x13\xcc\xe5\xd3\x93m\xd2\xac\
pr;c\xbav\x05\x98g\xdcv\xf6N\xfc\xb9o\
\xfe\x0b\xf8\xe2\xcfz3n\xbf\xf5\x0e\x9c?{\xde\x00\
X-\xb4\xbf\xd9&\xe8\xaf\xdc\x18\xb8\xbe9\xc4\x95\xcd\
\x01.\xacV\xf8\x91\xff\xf038w\xe2\x04\xbe\xeds\
\xbe\x14\xbb\xc3\xe8B\x1f\xd3[\xc6\x8f(P]\xc8X\
a\x89\xe6\xcb\xa1\x9aX>\xf2p\xbb\xc5f\x9epr\
w\x0fO^\xbb\x84\xfdy\xc2Z\x1a\xfe\xe0\xc1\x8f\xe2\
\xca\xe1!\xb6\xf3\x84\xdf~\xff\xbb\xf1\xc2\xdb\xee\xc0\xee\
j\x0f\xf7\xdfr\x07v\x07\xf3\x8a\xc7\x01\x90Q\xf1\xb3\
\xbf\xf4_p\xf9\x91'\xb0\xd3\x1b\x86\x9d5\xce\xad\xd7\
88\xb8\xe1k\x90M\x99\xa0)\xf4\xf0\x00\xed\xe9\xc7\
\xa1\xe7\xef\xb0U\x02e9T\xa6x\x14\xec\x0d`\x9d\
\xe8l\x9e\x9b:\xe6P\x85D\x0a\xa1\xc8\x89\x16\x86\x82\
 \xba\xdb),\x9c\xdf,\xac\xaa\xdd\x14\xe5t8\x01\
]q\xc7\x99]|\xda\xcb\xcf\xe3\x15\x17\xf6p\xec\xd8\
\x0e\x1e\xb9t\x80W\xdez\x02_\xfc\xba\xbb\xd1D\xb0\
3t\x5c;\xec8yl\x07\xf2\xe8u\xdc{z\x07\
\xabApoWl\xe7\x8e\xfbo9\x86\xe7\xdfz\x02\
\x02`l\x16z\x15\xe9\xf8#\xf7\x9d\x00\xee;Q\xa5\
\x0e\xda\x15]\xf6\xf0\x9a\xe7\x9e\x8e\xef\xae\x1fLx\xf7\
CW\xf1\xbc3;\xf8\xd8cW\xf0\xc4\xe5-~\xed\
\x1d\xc0\xe5\x03\xc1\x9b\xdf\xf0<<\xf0\xe0e\xfc\xc4/\
~\x04;\xeb\x11\x07W\x0f\x805\xb0^\x09\xb6\x9a\xde\
\x7f\x22f\xf7\xa2\xc0\xb2\xd3\x1fS\x03n(\x04(\xf7\
\xba\xac\xaf*\xd3\xf4\xf8\xa3\xdf?\x80\xec\xc4WC\xaa\
\x5c\xb7^j\x0a\xc2j3~\x94\x9e!\xfe\x0c\xfb#\
d,\xee\x8f\x949\x0a\xad\xe9\xdb\x1e\xba\xcf\xbe\x13`\
\xda\xe0\xf4\xf15\xfe\xd1\xdf\xfb\x8b8u\xf2$\x9e\x7f\
\xff\xad\xe8\xaa\x16\x12w\xa1\x8dJ\x7f$\xd0\x07&#\
s\xde\xd4\x0a\xa5\x8c\x18\xe1\x15\x89\xe2C\x1fy\x02w\
\xdc\xf1\x1c\xec\xae\x07\x1cv@b\xc5\x89\x17\x01\xaa\x86\
\xee0:\x08\xe8\xfd\xc6\xbc\xa3\xe2F0l:%\xc1\
\xb5\xf6\xfc;#p\xf0\xd4\xd3\xf8s\x7f\xf6\xcb\xf0C\
\x7f\xedO@Uq\xb0\x9dp\xf1\xe9}\xdc}\xe7I\
L\xd3\x8c\xd6\xda\xe2\xe4\xd6\x04\x9b\xed\x16;;k\xfc\
\xc2/\xfe\x1a\xbe\xeak\xbe\x197\xb6\xfb\x18V\xc7\xd1\
\xa7\xad\xadn\x91\x11\xc30\xa2\x89`\xda\x1c\xa0\xcf\x1b\
\xe0\xfa!\xb0\x1ap\xe7=\xb7\xe1\xe5/y!\xee\xb8\
\xf3N\x5c\xbbz\x80o\xfe\xc6\xaf\xc4\xf93g\xf0\xa2\
\x17\xdf\x87\xf7\xbc\xef\xa3\xf8\xed\xdf}\x0f\x8e\xaf\x05/\
z\xd1\xbdx\xc5+^\x80_\xfd\x95\xdf\xc1\xaf\xfe\xe6\
\xdb\xf0\x19\x9f\xf6z|\xc5\x97}\x1e~\xeb7\xdf\x85\
\xf3gO\xe2\xe1G\x9f\xc4\xa6\xb3P\x9b45C\x8e\
+\xd1|\xa6CT#ZBJ\xd2(\xa2Z\x8f\xd0\
\xf5\x125-r\xc7(@%d\xd5\x05,B\x7ff\
#\x00x\xb6U\x00\xb0\x94\xc5M7\x00\xb2\x18\xd1G\
\xd2y\x0b\x86\xf0\xe3\xfe\x1aKY\x12nclYx\
A\xb0\x97\xcc\x8f42\xa5\x83\x22Ts\xd76\xcf\xc1\
\xe4\x16\x91v\x11\xca\x80&}\x9d\xc8\xfc!\xcf\x93\xf8\
\x11G\x1a7\xd8\xf7\x8c\xde\xe9\xa4\x16\x05\xf8\xc8\x01\xe4\
\xf1\x03\x0cgW\xe87&\xf4A\xbcA\x85\x04\xcd\xd5\
\xa5\xcc\x96\xfe\xf1;\xb5\x16\xb6\xdd\x0b\xe1|\x15\x00\x01\
:\xc4/\x96\x8e\x90\xb8\x82D]\x9fF5\x00X<\
6\x96\xc6`\x10@\x1bX\x0c\xa6\xda\xd1\xbc\x00P\xfc\
|\xc0\x86\x90\x0d~\x10\xbaT8\xf1ahd\x88-\
\x8c\x8c6`\x18\x07;g\x06\xb6W\xaf\x01\x1b\xe0\xd4\
p\x0co|\xdd\xe7\xe2\x8f\x7f\xfe\x97\xe1\xd3_\xf3F\
\xdcw\xf7sc\xca\xb7\xd3\x163\xccXX\x8d\xab\xe0\
\x97\x83\xcd\x06\xef{\xe4c\xb8\xe3\xdc9\x5c\xdd\x1e\xe2\
\xa9\x1b\xd7p\xeb\xc9\xd3\xf8\x8e/\xfc\x1fpbw\x17\
\xd3\xd4!,\xa2\x83F*l\x997C\xf0Kex\
\x11\x9b\xa7K\xd7\xafb\xd2\x19\xe7\x8e\x9d\xc2v\x9e0\
\xf5\x19s\x9f\xf1\x8b\xef\xfc=\xbc\xf8\xee{qjw\
\x17\xefx\xe8A\x0c]\xf0\x82\xe7\xdc\x86[N\x9f\xc2\
g\xbe\xe4\xe5\x98\xe6-N\xac\x8e\xe1\x89\xa7/\xe1\xb7\
>\xf0\x00~\xe6\x17\x7f\x05\x1f\xf8\xd0\x07\xf1\xf4\xf5}\
<\xf0\xd0\xa3h\xeb50\xaep\xa8\x1d\x1f\xfd\xc8\x83\
\x90\xe3\xc7!\xa3ZH\x10\x0d\x90\x0d\x80\x86~\xf1q\
\xc8\x89\xb3\xd0>\xc0\x9a\xceX\x8d\x87\x01\x12\xeb7z\
b\x88\xcf\x0d\xc0z\x0d\x7f\x1ee\x93 \x0d\xe3\x14\xb0\
g\xccc\x14\x83\x03\xdd4m\xa1\xc3.v\x8e\xedb\
g\xbd\xc2\xbc\x9d\xf0\xea\xdbw\xf1\xf5\x9f\xf4\x5c\xbc\xfa\
\xae\xd3\xb8|m\x83W\xdd{\x1em0>\xb8\xf5\xe4\
\x0e\xe6\xad\xb5\x8c\x9d\xb4\xe1\xd4\xb1\x15D\x80W\xdf~\
\xdc\xd9\xcbn\xb2\x9d;63\xb0\xab[t\x00\x87\x93\
`\x10\xc1jl\x98\xbbb&\xdf\xfa?\xa3\xeb\xecM\
\xef\xd8\xcc\x8au\x13\x8cc\xc3\xeb\x9ew\x16\xc0Y\x00\
\xb6\xaa\xa3\x7f5\xf0\xe1\xc7n\xe0\xfe[\x8f\xe1\x97~\
\xff\x11\xfc\x87_y\x14/\xb9\xef$>\xf5\x13\xce\xe1\
'\xff\x9f\x0f\xe1\xa3\x0f>\x0d\xd9C\x18A\x025#\
\xab+b9_\xe7r@\x86\xe7kN\x1f\xa0\xb7N\
O\xdc8\xbal\xf2\x03\xf7\x84]O\xa8\xaf\x0e\xb0Z\
(k\xf0\xc3b\xc2\xacA\xa0\xd1U@\x8e\xf7\x8e\xef\
{\xfc\x9c}\x07R\xce\x9f\xa9lK\x5c\xc0\x14\x0d\xe3\
8c{\xed\x06\xbe\xf9\xdb\xbf\x06\xafy\xd5\xf3\x8d^\
\xb3\xeb2\x8f\x9a\x1a\xc6\xb60l\xa2\x80XL\x177\
m\xcb\x827\xc9\xe1\x1a\x16\x19-[\x13\x5c\xbc\xb4\x8f\
\xbf\xfdC?\x8b\xeb[`\xdcq: A?\x8d!\
\x82\xbc\x02\x1ea\xe4\x98\x88\xfei\xdb\xc8\xb2'J,\
\x95\x04v\xd6\x03\x0e\x9f|\x1a\xdf\xf0\x0do\xc6?\xfa\
\x9f\xbe\x16\xbd\xcf\xb8xi\x83\xdd\xdd\x86\xfb\xee9U\
\xee\xcb\xb1\x8a\xeb\x95\x09\xeb\xd5\x0ao\x7f\xe7{\xf1'\
\xbe\xea[q\xe9\xcae\xb4\xddc\x98\xbbbl\x0a\x91\
\x19\xaa\x1bL\x976\x98\xd7{\xb8\xf7\xee\xd3\xb8\xf5\x96\
\xdb\xf1\xd9\x9f\xf9Ix\xd9\xcb_\x8aO{\xe3\xeb\xd1\
\xbbb\xbd\x1aq\xfbm\x17R_\xedo\xf0\x8a\x17\xde\
\x85Ox\xd9s\xb1^\xe5\x16\xc3o|\xd3\xebp\xe6\
\xec)|\xe4\xc1\x87\xf1k\xbf\xf2\xdb\xf8\xaf\xbf\xfe\xbb\
Pi\xe8\xa3@\xb7\xbe\x81\x8f\x90\x9f\x8a\xae\x0eK(\
\xcc0D|\xc6\xa3\xb1\xc2fuq\xb7\xca\x0c\x8ea\
X\xb0M\x5c-\x0e\x0b\xdc.\xc6\xc6\x82\xa7r\xfa\x17\
\x06@\xbd\xa1\x94\xff\xdet\x8c\xe6\x5c\x06\xbb\xab+*\
\x86\x1f\x85\xe0\x86\xb4\xb29r\x9a\xa4\xa0p\xd0\xbbA\
\x84\xc1\xd3{'\x87\x9a\x80E\x8d2\xad\xda4\x96\x82\
)\xa3\xfa\x5c-?\xc4\xbd\xe2\xf3\x01$Cc,>\
\x94<O\x19f\xed\xb00\xfe\x0a\xc0u@\xdfu\x19\
\xf29\xb7\x03\xab\x0dd\x14`\x10\xc8\xd0\x80y\xb2\xa9\
\xe4f5\xb3\xb7\x10e\x92\xd5\xa3\x03\x8bh\x81\x7f\x8a\
TYe\x12N\xb0\xc0\x84\xa5\x97\xa9d\xd8\x8b\xbbu\
\x15;>\xd7E\x12\xec\x99\x07\xae7)\xc4\x22\x83\xaa\
Ei\xe2\xd7\xee\xac),$\x124i\x804t(\
\x866\xa2\x1f\xcc\xd8L\xd7mC\xe9\x1b\x8a/z\xc3\
\x17\xe0\xdb\xbf\xf2\x9bq\xe7-\xb7\xe3\xe5/yY\x84\
\xda\x0f7\x87h\xada\x90\x86\xd5h\xed\x1bgU\x1c\
\xcc[L\xf3\x84i\xb6<\xec\xf1\x9d\x1d\x9c\xda;\x8e\
[N\x9d\xc5\xfd\xe7m\x18\xc7\xd7\xbb\x98fv\xba\x1a\
\x02\xfcofK\x8bF4\x00\x93v[\xff\xcc\xbe\xfc\
\x00\x0e\xb7[<v\xed\x22\xc6a\x85\xf5\xb8\xc2\xfe\xe6\
\x10\xb7\x9e:\x07\x00x\xc9\x9d\xf7`\x9a'<\xf0\xd8\
#\xd8n\xf6\xf1\xf6\x8f|\x10O_\xbb\x0b\xfbW\x0f\
\xf0\x0b\xefx\x1b\x1ez\xfa)\x1c\x97\x11\xbf\xf1\xd6w\
\xe0\xd1\xcbW0O\xdd\xbcx\xedX\xadwl\xb9Q\
\xefh\xaa\x90aD\x9f&\xe3\xbb\xe6\xf2\xd0\x152\xac\
\xa0\x07\xd7\x80KO\x02\xa7\x9f\x03L[\x9b7\xa6T\
\xbb\xcd\x91\x15\xbb\xc1\xdfkFn\x98\xebR\x97\x00\x05\
\x06t\x08&\xcc\xdb-\xb4\xad\xd0\x06\xcb\x01\xcb\xbc\xc1\
\xb4\xbf\x8fi\x7f\x02\xc6\x11/\xbd\xe7\x1cvW{\xf8\
\xf2\xd7\xdf\x87Oz\xc1\xad\xd8\x81\xe2u\xf7\x9c\xc2z\
\xb0\xa6?s7 \xe4\x16\xaa\x9bi\xc6 VD8\
\x8a\xe0p\x9a\xb1\xb7\xf25\xe7N\xfa\x1b\x93b\x80b\
\xd5\x1a\xb6h\xd8\xcc\x8a\xb15\xec5\xe0\xc9C\xc1\xc9\
\x95bg\xa0\xdc\x22\xe6\xad\x03X\x0d\x0d\xebf\xbc\xbc\
\xed\xea\xf9Y\x0f\xbe{p\xec\xfe[\x8fa\x9e\x15\x9f\
\xf6\x09\xb7\xe2m?\xf9f\xfc\xfb_\xfe\x08\xbe\xf0\x8d\
w\xe1;\xbf\xf2\x15\xf8G\xff\xf2]\xf8\xff\xfc\xcco\
\xe1\xda\xec;/\x86\xe1\xe4\xcb\xfb<=\xc0\x8e\x81\xea\
)\x80\x8c\x16d\xfe\xbf\x1a\x09\xe9\xad\x15\x83!\xc2\xfa\
\x19\x01\xd0\xee\xcd\x87\xa0\x88\xea\x5c\x1a\x13\xa1V\xbb+\
g\xde\x93@\xe9\xbf+\xa3\x07\xf6\xddbE\x01\xa9F\
0\xe6\xf5e\xc2t\xfd\x06N\x9d\xb8\x05\xdf\xf6M_\
\x8a\xde\xbb\x03\x5c\xd5k~;\x94\x94l\x01\x80\xd4\xc5\
G\x8cg\xfe\xee:{\x9eg\x0c\xc3\x88\x9f\xfc\xa9\xff\
\x84\x9f\xff7\xbf\x84\xf1\x8es\x987\x1b{\xfeHi\
hA\x12I\x90s\xa6\xb6\x94\x1b7\xce)\x16\x80t\
\x08\x9d\x13\x9e\xa2\x8a\xd5\xaa\xe3\xf0\xf2e|\xea\x9b^\
\x8b\x7f\xfc\x03\x7f:<\xfdS'\xd7\x18\x07Ak\x96\
\x8eO\xe0Q\xcc\xddd}\xbd^\xe1\xc9\x8b\x97\xf0'\
\xfe\xd4\x9f\xc3\xe5\xeb[\xec\x9c\xba\x0d\xd3\xe6\x1at\xfb\
4\xa6C\x05\x865\x8e\x9d<\x8d/\xf9\x8a/\xc4\xd7\
\xfc\x89/\xc5\xa7\xbf\xe9\x13\xb1Z\xef\xe0\xd4I\x1a\xb5\
\xc0f\xb3A\x1b\x1a\xa6\xedd6\xca0`\x18G4\
\x8c\x16\xcd\x9b;\xa6\xde\xf1\x1f\xff\xf3o\xe0\xef\xff\xe3\
\x9f\xc6o\xbc\xe5m\xd8n-M5\xae\xd7\x98\xa6}\
\xb0\xb1V,\xd5\xf4WDS\x17\xd0[fD\x8bA\
\xa0\xf9}\x1c\x1ds\x9b\xf5\x13\xd1i\x91\xfcR\x0b\xea\
yS-t\xaf\xe3)\xef?n\x04 \xd8\x95<[\
N\xd3\xfa\x1c*6\xa9\x85\x19\xa2 \xa16T\x08\xe0\
\xaeh\xc7\xe3\x8f\x0e\xd1\x0d\x89x\x16\x8d\xae{\xd6\x84\
\x08&\x9b\x0c\xd3\xfb\x03\xd3\x80\x88Mp\x0a<F\x88\
\xbfX/\xd1\xaa\xb3\xc1\x06\xcb6\xa6,\x9a\x9a\xd5\x0a\
\x1cg\xb5\xd6\xc0\xef\xbc\x82\xe1\xf5\x17\x80\xdd\x11\xd8\xcc\
\xd0\xa1C\xc6\x06\x9d\x18v\xa3\xc7\xe1\xf4\x12\x18-\xfc\
\xbe\xda$\x0aM\x94\x00Or\xd0\x90\xf9\xff\x11v\xde\
q\x93\x14u\xc2\xffVu\xf7\xcc<\xf9y6\xef\xb2\
\xcb\x12\x16XX2\x22I\xc1\x0c\x8a9\xe73\x1e\x9e\
g:\xd3y\xa7\xef\x19\xce\x0b^\xf6<_\xc3\x9d\xe7\
\x9d\x01\xc5\x1cPD\x01AP\x82 9\xb3\xc0\xb29\
\xef\x93g\xa6\xbb\xab\xde?\xaa~U\xd5\xcf\xa2\xef\xf0\
\xe1\xd9\xe7\x99\xe9\xe9\xae\xfa\xe5\x5cb\xcd\xfb\x0f\x94r\
\x05\x98\x82x\xa7\xfc=F\xa4e+9\xf5/\x9e\x1d\
\x9f \x12\x87\x8c`T\x05o\xc1\x87)\xc0\xe7\xfeT\
0X\x94g\x02m\x14\xfd\x03=L9\x03\xad\x1c\xa5\
:T\xbdi\x16\x8d.\xe3\xc5\x17\xbc\x8a\xaaW\xf1\xec\
'=\x9d\x97<\xeb\x85n\xa8\x08PU\x15\xa5\xa9\xc9\
\xb3<\x84\xf6QP\xd7\xae\xc2|\xef\xec\x0c\xb9\xd6\x0c\
w\xda\x14\x99\xa5\x9d\x0f\xb0hx\xd41\xb55!_\
\xad\xb4r\xf9~/0\x9dab\x08\x03\xa5\xb4\xcf^\
j\xc5\xfe\xee4\xf3U\x9f\x5c\xe7<\xb2o\x07\xabF\
\x16\xb1zd\x11\xb55\x18\x0b\x87/=\x84\x96\xd6<\
\xb8s\x1b;'\xf7s\xf3\xc6\x07\xb9\xe1\xb1\xfb(\xfb\
}\xce>\xe6Xn\xbb\xef>\xb6\xec\xdaG\xaf\xees\
\xcf#\x9b\xa8+\xcb\x92\x8e\xe6\xba\x8d\x1b\xb9\xf7\xee\x8d\
0>B\x9e\xbb\xbec2\x8d\xad\x0d\xb5\x18hXl\
\xed\xdb\xef\xf0\xf989\xb8\xa86\x90;\xe3\xc0\xee\xdd\
\x0e\x03#\x84v\x19\xab\xbc\xb1f\x5cT\xc7\xf8\xb0\xb1\
\xa7O\x1d\xe8T\x94\xa9Fg`MI5WBY\
\xb3h\xa4E\x95\xe5LM\xcf\xb9\xd0\xb6\x86\xa3\x16\x0d\
\xf3\x94\xf5\x87p\xfe\xf1\xaby\xdaq\xab\xc8\xb5f\xa4\
\x13Y\xbd6\x96~e\xd2)\x0eX\x14\x99V\xb4r\
\x7f\xae\x82ut\xd7\xc953}\xc3ov\xf68o\
\xd5\x00\x0fO\xf6\xb9io\xc9\xcb\xd6\xe4X\x9d\xb1\xb3\
\xaf\xc9-\x0c\xe40\xdcRd\x95D\xef\x94W\x8c\xd1\
p\xe8\x19wHS\xa1\x15\x95\xb1h\x05{f\xfb\x8c\
vZd\x1a\xda\xb9\x0b1\x1bc\xc92E][V\
Lt\xf8\xe3\x17\x1fC\xb7_\xd3\xca\xe0c\x7fr\x1a\
K\x16e\xfc\xd9\xbf\x5cN\xd6\x1a\xa0_\xe5\xce;\xf7\
i\x017%P*\xfb}\x08\xdf\xf7\xf6;\x85\x1aO\
\xf8\x93\x1a\x81\xe0\xc5\x13G\xf5\xba(\xc1\x82\x03\x80\xb0\
\xa8\x86\x01!\xca]\x06\x0b\xd9\xb0[\x17\xd9\xf12\xc1\
yH\xc40\xaeS\xd0\xd1\x13\x17\x0d\x11\x0b\xc4\xe2d\
Q\x85V\x05\xaa\x9ab\xc9\xd2e|\xe5s\x1f\xe7\x88\
\xd5\xe3\x18\xeb\xea\x22Bg\x8f\x84\xf4\x95\xdc.1\xbe\
\xbc\xfd\x1fr\xc9\x0b\x9c\x81p`\x91\xa4Y\x15t\xfb\
\x15\xbf\xb9\xe5>h\x1b\xa8\xe7\x13y\x1a\xd3\x1aXB\
\xd43- \x0e!\xf0\x90\x96\x13\xb9\xa3\x935I4\
\x16\xb2BS\xceN\xb3j\xe5J\xfe\xfb\xd3\xefdf\
\xb6\xc7\xc4\xf8\xa0\x9bXXd\x1et\xd6\x07\x0e\xa2A\
U\x96}2\xad\x98\x9f7\xbc\xe5m\x7f\xc9}\xf7<\
D60@w\xef~\xc8-'\x9dt\x0a\xa7\x9dv\
*\xe7\x9dw\x0e\xc7\x1f{4\xa7\x9e|\x0c\x00\x93S\
\xf3\x98\xbav\x87#)E\x9eg\xb4[\x85H\x5cP\
\xb8\xc9\x9d\x0a&'\xa7\xd9\xbbo?7\xdfr\x0fw\
\xdc\xb3\x91\x9d{\xa7\x18\x1e\x1c\xe3/\xfe\xe2\xadl\xd9\
\xbc\x9b\x99\xc9\xdd\xfc\xea\xea\x1b\xd9\xb1\xb7Dg9&\
\x19\x18\x15^AS\xab\xd8\x15\xe5en\x1a\x89VD\
|\xc9\xf7E\xb9+\x11\x17\x8e\xba\x12\xf3)1\x00\xbd\
1\xe8\xd4_\x12\x99N\xee\x95\xa8h\xe0q\xda\x00\x1b\
/!j\xf58\xd7\x88cI\xe2]\x07\xa5\xb7\xf0\xfa\
\xa8\xe9\xc2\x99\xc5\x89\xe5\x18\x17e\xbd\xf2Q\x81\x92\xd2\
\x02;\x94\xb3\x8a#\xcc\xa22Ml(bA\x8b\xbf\
\x7f\x08e'Z\xd7\x03\xc1\xca\xb1\xbc\xc6\x86K\x82\xf5\
#\xdf\xab\x81\x96\x82]5\xf6\xfe}p\xcab\xec\x8c\
v\xdeo\xaeQ\xb9\xc2\xd6\xa2\xdc\xadO\xc9:\x06\xd0\
\x99r\xdd\x04\xa80y\xd5*\x97\xb7rF\x89<+\
\xf1\xe7C\x0e\xcf3N\xd8\x8f_\x8fR\xa4\x13\xfe\xe4\
}k%^\x22\x8c\x17\xaf\x91=\x85\xe8\x88\xb4py\
\xe6\x8a5\x9b\x1a\x9d+\xc82\xaa\xb9\x19\x98\xaf8\xee\
\xd0\x0d\x1c\xb7n=E\x9e\xf3\xdb\xdf\xdd\xc6S\xcf>\
\x8f\x0f\xbd\xe9\xfd\x1c\xb1\xfa\xb0\x80ac\x8c+\xe4\xd3\
\x99\xefEv\x85zbTM\xf7z\x0c\x15\x05\x99\x85\
%C\xc3!B`\x95\x13\xf8\xe0\x0e\x1e\xd1\x08\x9e\xd3\
\x94\x91\xb3z\xacu\xca?\xf7\xdekU\x97h\xe5j\
\x08\xee\xdc\xb7\x89B\xe5\x9c\xb6t\x1d',?\x8cv\
\xe6\x8a\xc7j\x1f\xf6}`\xc7f\x0e\x19_\xcc\xc3;\
\xb7\xb2m\xff^\x8eZy\x08\xe7\x1d\xb5\x9e\xe3\x0e=\
\x94\x01\xddf\xcd\xf0\x22\xb6m\xddJfk\xbes\xe3\
\x8d\x5cv\xed\xf5\xf4\xbb}\xf6\xcd\xf7(\xc6G\xdc@\
\xbe\xda\x17\x8f\x99\x98[\xb3FB\xb0\xda\xe7\x96\xc5\x10\
\xc3\x19\x9c>\xbdd\xadA\xf5z\xb0o',Z\xe1\
\xe8M\xe8<\x1c\xf2\x03\xe2=\xc6\x01?\xce\xa8\xd3*\
\x03[Q\xcdV,\x1ej\xf1\xccS\x0f\xe5\xc9G\xad\
\xe2\x88e#\xfc\xfc\xbeml\xdf?\xcb\xc8`\x9b\x0b\
\x8f_\xcd9G.c\xc9P\xcb\xe3\xc5)\xf2\xd2\x0f\
\x22\xd2X2\xad\xddi\xd5bl(E\xbf\xb6<:\
]\xb2f8\xe7\xe1\xe9\x8aV\xa68t0\xa3\xb2\xce\
\xa7;d8'\xd7\xb0v\xb4`\xf5pN[UX\
\xa58lHGC\xc2*&\xda\x09\xcdy\x5cjO\
s\x1d\x1d\xa3X\xb9r{\x1d\x1f\xc8\xc9%Zc]\
\xe8\x19\xff{\x96i\x8c1T\xb5\xa5\xc8\x14eU\x93\
+\xc5\xd2%\xe3\x18ZT\xdd>(K\xae\xa1.\xe5\
\xf4?\x99\x16(E\x82\x960\xca\xd7$\xcc\x90\xa4\x05\
\xc2\x82\xad(\xfe\x85\xde\x7f\x9aNp\xd7\xc4&%\xa9\
5 \x11\x1cI\xc4\xc1\xef%\x8d\x10\xb8T\x82(\xb2\
h\x80GE)E\xd0\x0a\xad3\xf2\xac\xa6\xbfg\x86\
\xd7\xbe\xf5u<\xeb\xbc\xf5\x94eI\x9e\x17\xe1\xfe1\
z\x19\xe5o\xd0\xf3\xd0\x98\xa9\x22\x85s\xa9\xeeX(\
\xfc\xb5V\xcc\xcf\xf5\x19\x19\xef\xb0l\xf98\xbb'\xa7\
]Ak*7\xad<7*\xb3\xa0\x96\xc4)\x0cN\
G\x22\xe7\xc3c\xdd\xf5YQP\xf5\xfaL\x8c\x8e\xf3\
\xd5\xcf}\x80\xa5\x13#\xf4\xfb\xfdh\xdc$\x06E\x1a\
\xd66UM\xab\xc8QY\xc1+_\xf1F~\xf8\xed\
o0\xb1\xe2x\x8e[\x7f\x04G\x1e\xb1\x96\x97\xbe\xe4\
9\x9cw\xeeY\x8c\x0ew\x02z\xa7\xa6\xbb<\xf2\xd8\
.\x96,\x1aa\xc5\xd21\xb2\x5c\x0c(\xc7\x03R\x87\
 \xb0\xd3\x19\x1c\x98<\xc0\xe4\xd4,\x1b6\x1c\xc5\xf1\
\x1b\x8efhh\x84\xb1\xd1\x0e\xf7?\xf0\x00\xef\xf8\xf3\
\x7fc\xfb\x8e\x1dt\xab\xd2\xeb#1\x0c=T\x16(\
\xccp\x1e@\xa0\x01\xa2\xe1\xe4q\xd8\x8c\xeb\x0arT\
Xg\xc8\x0c\xcb==<\x82\xd3\xed7+\xb0\x12\xd5\
\x19W\xd1\x5c\xd6\x1f\xa8\x01p\x04+\xca\x15\xeb|H\
\x13>\x8d\x8a)\xec\x99\xb8q\x19\xa7\x1cu\xbdJj\
\x95T4\x14\x9c\xd6\xf1\x96\x97\x22\x1c\xc9\xa9<\x90|\
\x8bC\x08\x99\x89\xf7\x1av\xe5\xf3\xa7\xca\x86\xb5\xc8\x8e\
\xdd\xadM\xb0\x9e\x80\x04H\xee\x1f\xed?t\xa9\x02_\
y`-\xf1\xf0 \xa0V\xfe\xa8m\x85\xb9\xe5\x00z\
\xc30\xba\x95c\xfa\xb5\x1bd#'\x01*_\xf2\xa1\
\xe3\x01<\xc2\xf6J\x84\x9c\xb6n\x98\x90\xc5\xdd_\x8a\
}5\xc8\x99\xec\xca&e9\xe9\xb8J\xe5\x95FR\
\xe9O\x12*NY,\x8e=\x8e\xb6b\xe0BEb\
@x\xc2\xf1\xa1\xe7\x5c\xe7\xf4'\xe7\xa1_s\xde\xe9\
\xe7\xf2\x86\xe7\xbd\x9a\x13\x8f<\x91\x07\x1f\xd9\xc8\xe1k\
\xd6r\xe4\x9f\xafc\xf1\xd8\x04\x00\xdd^/X\xf2E\
\x9eQdE\xa4\x9c4\x95aa\xa4\xddv\x05x\x9e\
\xb4\x8dx\x1cJ\x8c\x12\x99\x14d\x85$\x821\x07.\
\x1aa\xad\xa5\xb4\x86\x9f\xdf~\x03c\x83C\x9c\xb0v\
\x1d\x99\xb6\xb4u\x8bsW\x1d\x1f(7\xb3\x9a\xd9\xee\
<\xdd\xaa\xef\x95\x8a\xa6\xa3s:E\xc1\xf9'\x9e\x11\
\xae\xdb\xb9w/w\xdd\xb7\x91O|\xe6\xd3\xec\xdc\xb9\
\x8d\xad\xbbw3\xd3\xed\xc3\xc0 \x0c\x0d9\x8f\x5c)\
\xaa^\xd7\xb5\xf4i\xdfC\xef\xb7f\x5c\x18\xca\xe3\xac\
\x0e\x8a\xdc\x19\x96\xc6y\xfd\xda\xe7\x8f\x95\xefC\xde\xb3\
\x19\x86F\xb1y;Fk\xf0\xe6\x9e\x22\xe4\x86]\xd0\
\xa8v\x9eH\xaf\x87)\x15\x03\x03\x03\x1c\xbdh\x94/\
\xbe\xe1)\x9c\xb3n%\xbb\xa6\xe7\xf9\xc9\xfd\xbb\xf9\x93\
'\x1f\xcdQ\xcbF\xc3\xbejc\xe8\x96\x15\x99vy\
\xf9L\x8e\xb1\xf6|\x5c\x1agL\xceT\xae(r\xb4\
pG\xe3\x08\xdf\x1c>\xec\x0e\x10\xc93g@\x8c\xe6\
\x8a\x0d\x13\xce\xa0\x18\xc8pG\x18\x98\xdc)vc=\
\xcd\xabP\xa3\x81\xd0&\xc2\xd9\xe2;\xc6\xba\x1e\x17\xe5\
q\x15\xdfQ1\x86%\xbaoy'\xa0\xc8\xdd\xefE\
\xee\xd2@/:o\x0d\x97\xfe\xeb\x8b\xf9\xb3\x7f\xbc\x94\
\xbc\xd0\xdc\xfd\xf0~t\x91al\x8d\x1b5\x94\x14\xfc\
\x85\xa9\x7f\x82\x1bG\xecnHP\x9d\x18\xd6i\x1a@\
\x14~\xda)`}\x1d@\x125\xc0\xe1\xcbz/_\
\x06\x02!\xb2\x0b\xc2\xce\x83\x81\x90\x08\xf2\xc0\x7f\xa9\xc1\
o\xa32WJc\x8cB\xf5\xfb\xfc\xf1E\xaf\xe2\x93\
\x1f~=\xfd\xbe+\x9c\xc5\x1b\xc3!q\x17\xe3\xcc\xc8\
\x81A\xa2\xe3\xa3\xbc\x5c`(\x08\x8e\x12y \x229\
\xd3\x8a\xc3\x0eY\xc2\xddwt\x81\x0a\xc8bt\x82\xa6\
7\xee9\x14\x1axtQ.-2\xcb\x01+\x0a\x04\
\xe5j\xa2L]3\x9ci>\xf6\xa17\xf0\xb4'\x1d\
K\xafWQ\x14-\xa6g\xe7\x19\x19\x1a\x08\x83~j\
c\x03\x1d\x8bq93\xdb\xe7M\x17\xbd\x8b\x1b\xae\xbf\
\x89w\xbe\xfb\xbd\xbc\xf65\xaf\xe4\xa4\x13\xd7\xd3n\xb7\
\x02\xf5=\xbce\x1fC\x03-\xc6\x87\x07\xc8\xf3\x8c\xf5\
\xebV\xd0n\xe5\x18\xe3\x0cz\xa5\x92\xca\x02\xaf]-\
\xd2)\xa38\xf2\x88\xb5\x1cV\x19v\xee\xdc\xcb\xfe\xc9\
)\xee\xb8\xfb\x1en\xbd\xfdA\xbe\xf6\xf5\xef\xf2\xc8\x96\
\xed\xae0\x19\x8b\xb7\xa8\x83\xbe\x8a\xc0\x8dx\x16\xd8X\
k\x91\x03\xef\x82\xbb\xa6\x94wB\x0d)\xf5\x88\x02U\
\x1e\xdeN\xd7E\x9c\xc7(R\xa2P5\xa4\x07V\xfd\
\xa1\xd7\xef\x9d\x03 \xc4\x93\x86\xf0\xc2\x98\x0do\xfdY\
Ol\xc1\xe2\x14\xd3I)\x1f\x06$0\x83e\xc1\x8d\
\x93\xa7E+Fl\x9a\x98\x8f\xb6\xa9\x95\x89\x9b\x9c\xe6\
t\xa2\x84\x82\x13\x9bF\x0c\x11\x15\x01\x1d\x80\x1b\x9eg\
S\xe3\xdcY\x96\xc6+e\xac\xf7\xca\xbd\x142\xcau\
\x04(\xa0\x04\xd5\x02\xbb\xa9\xc6>2\x83]\xb7\x08\xd5\
uS\xd1T\xa1\xb1\xa5\xa7h\xe5\xdad\x94\xd7b\xd6\
W\x85\x06\x18xeoC}\x80\xfco\x91\x0e\x80h\
\xc3x\xa6Mk\x06\x10\x85\x9el\xb6\xb1\x1f\x9aHW\
 \xa3\x09\x1aF\x9avV\x9a2\xbe5N)\xaa\x99\
>\xfd\x99i\x8e=\xeaD^\xfb\xdcWs\xd2\xba\x13\
\xb8\xf0\xfc\x0b\xd8\xb4\xf91\x067\x8cp\xd4a\x87\xa3\
\x95\xa6_\x96h\xad}a\x8c_\xac\x08V1\xbeB\
.\xccEq\xc2\x89Ua]\x226\x9cYiS\x1c\
\xfaej\xa5\xe9U%E\x96s\xff\x8e\xcd\x8c\x0et\
\x18i\x0f\xb2k\xf6\x00\xab\x97.\xa7S\xb41\xd4\x94\
uE\xaf\xae\xd8\xb8o\x1bGL\xac\xa4\x9de\xf4L\
\x9f\xd1\xce\x10\xb9\xd2\x90\xc1\xd2\xe1q\x1e\xd8\xb2\x89\x9b\
\xee\xbe\x93\x9b\xee\xbe\x95-[\xb7\xf3\xeb\xebod\xf7\
\x9e=X\xa5\xa1\xd5\x22kuh\x8d\x8cc\xdb9\xb5\
/\xd8\x0aCU\x82\x87\x96\x84q\x90\xf0\xaa\xf1\x1e\xbb\
\x05?lFyoWy\x0f\xdf\xaa\xcc\x9d\xcc57\
\x05\xfb\xb7\xa3\x96\xac\xf5\x1e\xa8\xc7\xa7r\xf4\xad\xb4&\
S\x96r\xbe\x0buM\xab\xa59i\xf5\x12\xce]\xb7\
\x16\x9b\xb5x\xd3y\x1b\xd8\xb0|\x84\xf9~\xc5H\xa7\
\xe0\xf5\xa7\x1dJ\xa6\xa0\xac\xe2i{Z)Z\x99\xa4\
\x87\xc4Pt\xeb\xab,\xec\x9c7,\xeb(\x06\xf3\xe8\
y\x0f\x15\x8a#\x8b\xdc#\xc0w\x0dx\xe1n\xac\xc5\
\xd4\xc6\xd9\xad\xc1p\x16<\x0bM-\xa09\x91\xf5\xc2\
o\x01\xbf\x02'\xbc\xc1O\xe3>\xe9\x90\x141\x02\x02\
mx\x9a@Y\x9e}\xf6ZV~\xf2\xb9L\x8c\x0e\
\xf1\x8f_\xbe\x96\xcf\xff\xe0.\x8avNUF\x17E\
\xda\xffb\xff\xbf\x13\x98\xaaa\x18\x10>s\x08\x97\x83\
\x80b\x1d@l\x11\xb4H\xda\x00\xd2\xe7x\xa3'D\
\x17\xa2\xf2\x97\x7fU\xe3}\x02\xcfJ\x8bps,\xb0\
\xf5\xbca\x184\x8a\x8f}\xf8]\xbc\xf7]\xcf\xf3y\
q\xe5;Y\x22L\x16\xd6\xf4\xf18J^V*\xc6\
\x98\x8a\xf6B\x90\xd9\x0awR`\x96e\xdc~\xd7\xbd\
\xec\xd9\xb1\x9b\xc3\xd7,e\xe7\xae\x87\xd0C\xad\x80\xfb\
\xb8\xb3\x14\xe7\x09\xe3\xca\xe3\xe5!\x8d\xeb\x1d\x0fi\x05\
\xa6\xea\xd3\x22\xe7\xf3\x9f~7\xcf{\xe6\x13\xa9\xea\x9a\
,\xd7\xccw+\x86\x06[\x18c\xc2~\xf2,Q\x98\
\xd6\x90\x159\x97\xff\xe4W\x9c\xfb\xa43\xf8\xc2g\xff\
\x9e%\x8b\xc7\x00\x97~\x8c\xa1\xfd\x9cEcC\x0c\x0d\
\x14\xe4\x0a\x8cu\xa9\xd2\xaarm\x84)x\x02\x1c\xfc\
_\xfd\xb2d\xf2\xc04Um\x98\x9f\xefq\xeb\xed\xf7\
\xf0\xeb[\xeea\xfb\xce\xbd\xf4f\xf6\xb0s\xcf\x1eg\
\xe3\x88\x5c\x0b\xf8\x10<\x0bL\x9b\xcf\x90Z+\x07\x1f\
\x07\xa8h\xacy\x0c\x05e\x1a\x89\xc5F\xa6\x88\x98\x94\
\x9b\xabPi\x11\xf8\xfdq\xa3\xf6\xc9BD\x0d\xe7!\
\x1e\x14\xe9\xc9\xa3\xc8[\xecF\x0c7\x1fvV\x0b\x16\
\x93**\x0bF\xa9`\xad\x04ZN\xf4o\xda\x0e\x18\
_\x9e0\x8d\x95\x03\xc9\x9c\xe7\x86\x0a\xddl\xe1\x10\x0d\
\x95(t\x0bI\xe9~\xb8O\xb0\xb2\xd3\x9f\xd6)\xfb\
h(Gv\x90\xdb\x00n\xcc\xa9\xf4\xd4g\x80\xd5h\
\x83;\xc9M\x83\xaa\xc0\xde<\x8d:r\x1c\x9b+l\
\xe6'\xdc\xe5\x0a\xdb\xb7rF\x87{\xb9\xba9\x94\xcc\
\xf9H\x19.X\xc2*\xe8pQ\x96\xf2w\xd0\xab\xd6\
F\x82I\x0c\x81\x86A \xe1\xb2\xf4\xcbF\x18\x86\x18\
\xe2\x97')\xe5\x8c\x97\x5cSN\xcdA\xd7\xb0~\xd5\
\xd1\xbc\xfe9\xaf\xe5\x95/~\x0d?\xba\xfc\xe7,]\
\xba\x94~\xd9g\xed\x9aC\x01\xe7Y\xa2\xa0U\x14H\
\xde0@8\x08%\x1bP\x1e\x89YZ\x22|\x1e5\
\x89IE\xf1\x1e\x8d\x84\xda\xb8Z\x81\x07v=\xc6\xa3\
\xfb\xb6\xf3\xf4\xa3Oc\xac3\xc8Hg\x80\xc1V\x87\
\xd7\x9e}\x01\xa5\xa9\xd8\xb4o7\x8bF\x86i\xa9\x8c\
n\xbf\xcfH1@'/(\xb2\x9c\xa5y\x8b\xcd;\
w\xd2\xaf\xba\xdc\xf3\xd0\x83\x5cy\xe3u\x5c\xfc\x93\x1f\
\xb1{\xeb\x0eBrl`\x90bd\x18\xabs\xacV\
\x18\xa5\x9dW_\x96A\xc9;^\xf4V\x9bX\xe8\xa2\
\xacQ\xb8Q\xb9\xae&@)\x5c\xa7\x8a\xb1X\xb2\x86\
\x9d\xab\xb4\xf7\x7f\x95F\xed\xdb\x8e\x1dY\x0cY\xc7M\
\xbcC\xa1\x94K%\xd5e\x89\x99\xeer\xd4\xf2q\x86\
\xf3\x16S\xbd\x92W\x9c~,3=\x18\x19\x1ab\xa2\
\x93S\x95\x15-).\xb5\x96\x1aW\x5c'J;6\
\x07Xj\xeb\xbbyD\xa9(X5\xa0c*\xcd\xf3\
\x97\xb3E$\xb5\x81\xc8\xaf\x90\x22\xd0V\x8cY\x89d\
\xe9\xa0\xf8\xa4\x10\xd7\xa4B\xcd\xd3\xa1\xf2\xeb\x90\xba\x15\
\xe9\xc4\x8e\x82\xacI;q\xec\xb5\x09\x82\xcd\x09$\xf1\
v]j\xa0\xac\x0d'oX\x0b\xc0\xa7\xff\xe2y\x5c\
\x7f\xdb6~w\xffn\xf2\x91\x8c\xba/\xca\xdc\xfd\xdf\
T\xe06\x1a\x03\xa2\x85\x93\xfe\xfef[_\xf3\xe4@\
g\xccH=AR\xe8\x15x\xc1\x12O\xfa\xf3BE\
\xa2y\x9e\x8f\x95\xc8O+\xa9\xa1\x04\xe0\x22\xec\x8d\xa5\
\xdd\xd6\xf4\xf6\xcd\xf0\xf6\xf7]\xc4Eoz6eY\
\xa2\xb5Kw\xc5\x03\xd6\x13\x83\x22p\x93\xe7w\xdd\x0c\
9\xa7\xb28=\xeeA\x89\xd2\x0e\xabv\xebX\xbat\
\x9cW\xbd\xea|~r\xd95\xdcp\xfd=\xa8a\xe5\
\x15r|fpr\xc2~,6$\x84\x5c~\xd3M\
\xa3\xcb\x08\x92K\xaa\xd8\xad\xa1(+\xfe\xeb\xb3\xef\xe3\
5/9\xd7\x17\x1e\xba\x03\x8c\xc6F\xda\x0d\x83B\xa6\
Y\x8a\xae\xd2\xda\xa5\x86\x9e\xf7\xec'3\xd0iQW\
%\xf3s]\x8aVA\x9eG\x9f\xd6Z\xeb\xc6\x07\xcb\
z\xad\xaf\xb1\x11\x9d t\xa7|z\x0f\x97\xfe\xc0\xc2\
\xee\x1d\xbb\x99\x9b\xeb\xb2}\xf7>6n|\x84;\xef\
y\x90o|\xe7\x97\xcc\xcf\xeeejr\x1f\xaa=\x84\
U\x05!\xdc\x1ed5\xc1\x98\x8a\xb4#[I\x0c\x02\
k\xe2\xbaD\xae+\x91\xdf\x12\x16\xf6\x04\x92\xe8O\xb9\
G\xb2\x0b\x16\xbeB\x1a\xe3q)\x84\xc6\xefyb\xd6\
-\xbc\x0d\x81\x83\x13\x05\x1b\xc3d\xf2\x08\x11\xf9n\xf1\
\xc1\xa6\xb7\x22g%\xec\xe7\x8d\x84\xa0\xb0\xfc\x1d\xd3\xf5\
'!j\x11f\xa0B\x01`8\xf0 x\xf6\x82D\
WD\xe5Z\x99\xbc\x00\x12z\xc1)B\xeb\xfb\xd7C\
\xd1\x8cD\x12\x0c\xcd1\xc3>\xbf\x1b\xce\x0f\xb0\xd6\xb7\
\xee+\xd7\xfb\xdf\x02{_\x1f\xf5\xe8,\xea\x906\xcc\
\xfa\x08\x81W\xa6T\x16\xea\xdaO\x07T\x8d\x11\xc0\x81\
>\xa4\xb2\xdf6aG\x0a/1\xaa4\xbe\x08,Z\
Ri\x94$\xado\x88t\x92\x10\x94\x0fK\xbb\x13\x12\
-\xf8\xc9Wd\x9a\xaa\xaa\xa0\xdb\xe3\xf4cN\xe7\xd4\
\xa3OE\xf7;<\xffY/dbd\x8cW>\xff\
\x05,_\xbc\xc4\x1d\x08R\x1b/8\xdc\x13\x8c\x91\xca\
|\xc1Kbl\x05\xa1\x9f|(\xdc\x91\xe6\xa9\xc2\xc7\
\xd1r5X\xa6\xfa\xb38pj\x96\x0c\x8d\xb2v\xd1\
rr\x95\xb1hx\x84\xe9\xee\x1c\xed\x22g\xf7\xec\x0c\
\x85\xce\x19n\xb5\xb0eMg`\x80\x81\xe1\x0eK\x86\
G\xd9\xb6k'W\xdc\xf0\x1b\xee\xb8\xf7\x1e\xbe\xf5\xd3\
\x1fS\xf6\xe7\xd8\xb1w\x9f+1\x1f\x1a\xa6=:\xe1\
\x04\x9dVT\x16*1\x80\x0d\xc8\xf9\xe0\x8e6\xc5\x92\
\xf3\xb0\xd3\xb8\xf5\xab\xcc\xd7\xbe\xc4s\xb8\x1d\xa1I\xd8\
\xd9[}A\x1a\x88\xc7\xe8\x0e\x9bP:\x87\xde\x1cj\
\xff\x0e\xd4\xa2U\xa8~\x0f\xa5\xa0\xack\xa8`\xfd\x8a\
E\xbc\xec\x8c\x938f\xd9\x04\xdf\xbe\xf1>V\x1c\xba\
\x92\xe3\x0eY\xca\xf1k\x96\xb0f|\x08\xb0\xd4UM\
\x18\x1a\x85\x18y\xd6o\xc3&\x94\xa0\xbc\xf2O\x8cD\
\xd9U\x10\xfc\xb2C\x1b\xe8*\x22\xc7\x7f\xc7G\xb1*\
\x08C\x84t\x12}\x0b\x11^\x9a\x86*\x16J\x13K\
h\xc4\xd8\x15\x11!4\xef\x843a-)\xfd\xcb\xaf\
B#R\xe7RhM]\x1b_0\x98\xf1\xef\x1f\xb9\
\x90?\xfd\xeb\x1fq\xfb\xc3;\xc8\x0aM];\xcf\xdf\
\x19h\xf1$@i\xdf;\xa8\x08PIE\x7f\xeda\
\xea\x8dY\xdf%\xe1\x80\x9b\x14\x16J\x8b\xa0\xeb\xa5u\
\xb8\xf5\x8eC0\x14<L\x82C\xe2\xb7$FFL\
\xaf&La\x0dyn\xe9\xed\xd9\xcb\xc4\xf2#\xb8\xf0\
\xfc3\x18\x1a\xce\x9d\xf7\x1fP#\xb2\x94\xc4\x93t4\
\x98\xca_T\xe2\x99BP\xaa\xd6\xff\x1eX\x13B\xbd\
\x94|\xbe\xee\xb0U\x0cv\x86\xf9\xeb\xbf\xfd<\x0c\x0f\
\x04\xd9\xdb\xe8X0i\xc1Z\x10\xb81\xdah\xfd/\
\xdaF\xe5\xa7\x14J[\xcc\xcc\x1c\xef~\xc7\xab\xb9\xf0\
\xe9\xa7S\xd7.\xda6=\xd3c\xd8\xd7\xae\xb8u\x08\
}Ey\x87\xd71Zk:mM\xbf\xd7\xc7\x05\xf0\
\x0a,\xca\xa7\x0cd9\xf1\xef0kEG\xdb\xc2\x84\
9\x0b\xee>U]\xd1\xed\x96\xfc\xee\x8e\xfb\xd9\xb5\xe7\
\x00\x8f<\xb6\x85\xef}\xf7\x87\xdcq\xeb=`r\xe8\
\x0c\xa0rK68A\x1d\x8c!\xb7\xc7\x84b\x0f\x8a\
\xc8X\x94\x7fS\x9e'\x1f8\xb8X\x15y,\x1d\xd7\
\x1e\xbc\xd5\xa0#\x88\xf2\xd4\x7f\xdf\xd1PZ;&:\
Qp\xb5\xd0\x5cL\xd7\xf58\x93\x00\xe5\xa2\xa8n\xa2\
\xe0p\x7f$\xb9>\xffw\xc2\xd1\x0e=!<oC\
\xda'T\xbc\xf9\x90\x97V\x89-)\x04\x13\x1fB\xdc\
\x96\xffP\xc2\x1c\xd6\x8d\xab\x8c\x07\x04\x11\x88\xcb`b\
\xea\xc1\xf3\xab\x96q\xbc\x9e\xd1\xc4CQ>w\x13\x91\
HT^\x16\x99\xf4\x8b\xc0\xdcBH\x0f\xaay\xe07\
\xfbQ/Y\x01\x85v\xbd\x9fZa3\x15Z\xffT\
\x86\x9f\xa0\x17\x8d\x18\xab|\x91\x93\xb5\xc8\x1c\xb0\x94\x7f\
\x04\xd6A\x10{\x03DX\xdb\xfd\xbd\xa0\x00P\x04\x88\
\x95\x85&\xc2_\xe4\xa7\xdcG+t\x9e\xb9\x90\xb71\
\xac\x1d_\xc5\xcb\x9f\xfaR\x16\x0d-\xe5\xe1\x8d\x9b8\
y\xddzV-[\xc1\xe8\xd00j\x08J\xc97\xaa\
\xc7\xa1\x05/x\x02\xda\x02\xd1\x0b\xd1\xfaU(\x0f8\
\x1b\x19C\xee!Q\x18\xa16ck:y\x8b\x96\xce\
\xd0XF\xda\x03\xf4\xab\x92\xda\xbaQ\x8d\x9d\xa2\x05F\
1\xdevCf\xda\x83NX\xdc\xb7e\x13\xd7\xdd|\
\x13\x8fny\x8c\xaf}\xff{l\xda\xfc\x98\xbbgg\
\x10e-\xc5\xd0\xa83x\xac\xa1/-Z\xb5\x07\xba\
\xcc\xb4O4\x91[\xa7\xf1\xc6XSi\xd9PS\xa2\
<\xf3j\x97\xb7\x17\x06\xf0F\x9b\xab+\xf1\xb8\xd19\
\xdaz#C[l\x96\x91\xcd\xecE\x0d\x0f\xd3\x9f\xeb\
B\xaf\xe4\xe4CW\xf1\xa4c\x8e\xe4\xb45k\xd8\xb4\
\xaf\xc7LU\xf0\xf1\x97?\x8d\x93\xd6,\x0d\xb0\xecW\
\x86\x5c\xbb\xc2\xb0\x00A\x1b9EV\xa0\x12\xa4\xb8p\
1\xe9\x06\xdc\xf4\xc4\x05\xca>\xe5q\x8b\xf5\xb51\xfe\
\x80\xa4\x0c\xea\xaa\xa2\xc8s\xfa\xc6mc_\xafd\xa8\
\xd0\x8c\xb52\xa6\xfc\xe9l]`i+#\xb3\x96\x9d\
=\xc3DK3]\x1a\xf6W\xb0fP\x91\xe3\x04S\
\xa6-{f*\x06Z\x19\x1d\x9f\x86\xa8\xadk\xf4\xc4\
\x12\x0crk}\xb1lBg\x22$\xad_\x9b\xf2\xc3\
\xb7\xday\xcd\x89\xeb&xh\xeb.\xe6\xcb\xca;\x09\
\xeed\xc1X\xec\xe7\x04bhg\xb3\x92\x22p\xc2\xd9\
u\x98\x18_\xcba\x82\xb2\x8e\x05\x83\x92\xaf_\xe0\xd1\
[\x7f}\xa0iQ\x8cr\x8e\x80\xe0*\x91\xaa)\xe3\
\xf8\xeb-\xd0*,\xfd}S\xbc\xe8\xf9\x17\xf2'o\
})O>\xeb\x18\xef\x1d\xfb\x99#H\xe4\xb2\x893\
\xe9\x1a0!j\x92F\xaf\x12]\x02\x0b\xf2\xc6\xd6G\
v\xddZ\x8c7\x1a\xf7\xec\x99d\xdb\xf6\xddh\x9d\x83\
*\x9c\x0c\xb0\xb1\xdb!(\x15+\xe1\xe8T\x9eE\xf9\
\xadD'\xf8\xc7ie\xb0\xdd>\xaf}\xc9\xf9\x1c}\
\xe8!h\xedZv\xe7\xe7k\xff}\xe5\xa2\x06\x8a\x05\
\xce\x82\x0d\xf5\x00\x22\xfa\xe7\xe6+\xe6\xba}\x16\x8fu\
\xc2~\x03p\x93hc\xa8\xcd\xc09eUU\xa1\xc0\
\xa5\x1c\xb2\x8c\xee\xec<\xadN\x87\xed\xdb\x0ep\xcdu\
\xb7\xb0\x7f\xea\x00\xf7?\xf0\x10\x97\xfd\xf8Jv\xed\x9b\
\xa4\x18\x9d\x004U\xed\xce\xa4\xa8M\x82k\xaf\xc7\x1c\
H\xfd\xbe\x95\xfc\x880\x8e\xbfI\x94\xcdG\x03=r\
\x5c\xe4\xc6+ \xe3\x91%\xe9\x84\x10!\x90\x98u\x98\
\xbcC\xd3\xf4Hh-\xc8\xe1\x05\x06D\xa08\xf7z\
\xdc9\x00ry\x1a\xac\x0fs\x92E\xa5y3\xcf\x88\
u%p\xf7\x0f\x0em,\xe1n\x8eHl \x08\xeb\
\xdb\x04\xc5k'(I\x09\xa0HA\x9e\x0c\xf2qJ\
\xdb\x04c\x0a\x99\xbf/\x06\x89u\x02&\xaeQ%\xcc\
\x99\x18.*!\xe1\x94A\x92\xa1\x1d\xc1\xba\xf5\x10\xd1\
\xda)\x0d\xdb\x07\xda\x0as_\x8f\xfc\xd1\x19\xcc\xea\x01\
\xd7\x12\x98+\x94\xd6\x98\x0c_\xf0g\xe2\xb3\x94\x0dS\
\x02\x95\xaf\xbe\x96q\xc9\xc1[\xf7\xeb\x0d8\x13rR\
\x02!\x8fpI\x11\xb88_\xa0\x8f\x10\xa5\x08\xec\xe6\
\xc2\xca\xeeN5\xdaB\xdd5\x98z\x96lt\x98\xb6\
\xcd\xb8\xf0)\xcff\xd5\xa2CX=q\x08o\x7f\xc9\
[\x18\x1dv\x8a\xd5\xf8\xca}Q\xfe\x0dK4eh\
\x11\xd8$*(x\x09\xb2\x0d\xff\xa9JI5\x1a\x5c\
b\x9c)\x85\xefk\xce\xc8\x94\xc6\xd8\x9a\xba.\xd1V\
SU\x8eQ\x87\xdb\x83\x81\xa2\xb6\xee\xd8\xce\xa5W^\
\xce\xafo\xbd\x91\xcb\xaf\xfa%\xbb\xf7\xec\x82,\x83\x91\
QZcc\xa0\x5c?\xb3\xb5\xae\xb5\x90\xda\x84\xb5\xcb\
\xb3\x9d2Q\x81e\x1cMk\xbf\x9b,\xd0t\xe8\xdb\
\x16x*|\xc7\x8avxV\xd6}f\x9d\xf2\xb0\x99\
\xdb\xbf\xeb.\xd5X[\x07\xe6U\x99F\x15\x9ar\xf2\
\x00\x94\x8aS\x8e;\x81?9\xef4\xea\xac\xc5\xad\xdb\
f0\xad\x01^x\xfa!\x9c\xb4\xda\x0dC\xe8W5\
Z)\xf2LS\x84\x9c\xbd{~\xcc\x03\xda\xb0\x97\xc0\
7\x10\x8a\x0c\x1b\xf0\xc6\xd3NRy/\xf8\xd2\x81\xde\
\x14\x07\xba5\xb9\xb6\xcc\x955{\xe7k\xd6O\xe4\xdc\
\xb0m\x86\xfb\xf6\x95lX\xd2aWi8v\xbc\xc5\
X+\x0b\xe4\xd1B\xb9\xc2:cY\xd4\xd2dX\x16\
\xb55\x13m\xa1\xc7\xc8k\x13\x83\xb9\xb7E\x5c\x81W\
i}\x1dU\xe2\x01\x89\xd7\x16\xbb\xc9\x12\x05\x0a!\xb2\
V\xd7\x86u\x87\xad\xa4W\xf6\x19\xca\x9c\xa1TIk\
\xa0\xf5\xa7\x07&\x8a<\x14\xf2\x05\xd9\xe0\x0d\x01\xef1\
\x11\xde\xb7^8Kz\xc0\x7f,U\xb3bXY\x09\
\xfd\x8b\xe2\x8f\xc0\x8e\x1ey\x5c\xbb\xf5\xdf\x11\x02\x13\xdc\
\xb5\x0aM\x7f\xcf$\xcf\x7f\xee3\xb9\xe4\xab\x7fM\x91\
+\xe7\xf9g:<+\x14G+\x8f_\x89.\xda\xc0\
~\x91\xcb\xac\x18\x00Q\xa6\x0a]\xa4\xdefP\x92\xe0\
\x8bW3\xae\xb8\xfa\xb7l|d+K\x97L\xc0C\
\xdbP\x85u-n\x81\xd3c:U\xde\x8b\x95\xea\x0a\
\x17\xf1R\xb1`\x0d\xc83E\xdd\xed\xf2\xb2\xe7\x9e\xc7\
\xa9\xc7\xaf\xe3\xb9\xcf>\x95\xd1\xd1\x01jc\x18\xe8\x14\
^6&E\xdb!ba}\xb6T\xf9\x96h\xc5\x5c\
\xb7\x22\xd7\x8a\x91\xc1\x0e\x0a\x91s\x11\xc2q\x0c\xaf\xa5\
\xaaj\xea\xba\xa6\xdd.\x02\x0f\x18\x1f\x0d\xadk\xcb\xc8\
\xc8 \x93\xd3s\x5cw\xed\x0d\x5cv\xe9e\xdc\xf7\xe0\
\x83\xdc\xff\xc0\x83\x94f\x00\xf2\x01\xdfZ\xeaF\xbe7\
\x0a6\x91\x8a\x0a\x16\xe8\x1b\x81I\x94\xe1)\x82\x22\xe6\
=w\xa6E\xdf\x86\x86\xac\x0c:U\xae\x0fJA\xf4\
X\x14\xcd\xd6;\xe7\x8e<\x84\x06l\xd8\xb3\xc0(}\
\x1dT\x04\x18\x0d\x80 :\x02\xc0\xe2a\x17\xa9rJ\
\x17*\x1f{+G%\x85\x0a\xc9\xfd\x03\xf1X\x09\xd5\
\xcb}\xfd\xf3\x95(P\x88\x07Mx\xa1\x8bvVz\
P\xe2*\xb4\xf29\xe3\xdc+q\xb1\x9a\x10\x82\x17#\
A$\xbf\xbfi\xc0\x86%$3\xad\x87\xaf\xd4hY\
\x85\xadm\x04\xac\x01\xd5U\x98\x1b\xa6\xe1\xe5ml+\
\x83\xcabs\xe3\x06\x03i\x1fvQ\x0a\xb47\x1e\x8c\
\xf1\x9d\x0a\x11p\xd6\x1bJ\x0d\xc8K\x984|\xe6\x15\
\x8dJ`lS\x86\x16\x01\xae\xddp \x15\xf7c\xb5\
E\x1b\x85Ec\xfa5\xab\x06\x96r\xe6Igr\xeb\
\x83w21\xb2\x88\xd7=\xe5UlX{\x1c#\xc3\
#\x18c\xe8\x97%E!#w\xe5\xd9\xe0]\xda\xa0\
\xcc\x9d\x97\xecUM\x8a\xdf\x84\xd8\xd2:\x0d\x85\xc6\xf8\
\x90\xe9t\xafG\x91\xe7\xb4\xb3\x5c4p\xa0\xb6Bg\
h\xa5\xa9L\x8d\xa9]h7+r\xf2\xa2`jf\
\x86;\x1e\xb8\x97\x1bo\xbf\x99\x1f\xfc\xecG<\xf0\xd0\
\xc3l\xda\xf80\xb4\x0a\xd4\xf00\xed\x89\xc5\xd8LS\
Y\xd7\x1f\xec5FT\x17\xca\xe5\xecm\x22xm\x22\
\xa8\xdd\x1a\x1c\xdd5\xe2\x84\x9e\xd0U\xb0:U\x98?\
\x10\xc7x\x0a]\x11\x8c\x0014\x82\xbf\xa6]T\xac\
\xee\xce\xa1\xba\x19/|\xe2\x138\xf9\x88#y\xfe9\
O`\xd1\xa2%\xfc\xf2\x81\xcd\xfc\xe5\x05G\xb3v\xf1\
\x08\x80?\xb4\x08\xdf\x97o\x99\xadjZJQ\xe8\x04\
\xe0\x91\x5c\x83\xe1K\xf8]\xde\xb7\x91\xf6%DKT\
\xaa\x89\xbe\xa04\x96^U\xf3\xd8d\x9f}s%k\
'\xdaT\x16fK\x8bAs\xd4\xa2A\x8e^\xac\x18\
mg\x8d\x014cm\xed\x15\xaa\xa1\x16\xfc\x1bwl\
\x8e\xa4\x0a\xfa\xb5Akh\xe7\x19\xa0\x90\x13\x85\xad\xb5\
d\x0a2\xc9\xa9'4\x81\x18\xc2\x01\xc4Q\x00\xcb>\
D\x00\x8f\x8f\x0e\xf2\xa9\x0f\xbc\x88\xb7\x7f\xfc\xc7\xfc\xe2\
7\xb7\xa12\xe3k!,P{\x9d\x9c\x84\xfcC\xcb\
 \xc4\xa8\x00H\x0a\xc0)\x1d\x89\x1a\xd8\xf8\x1e\x92F\
\x90\x93\x08\xa3Bn\x0c\xf8\x09^g\xfaJ\xe9Q<\
o\x97\xbe\xccrM\x7fz\x96\xe36\xac\xe73\xff\xf2\
~\xf2\x0cz\xbd>\xad\x22_\xa8\xddC\x07M\x8a\xcb\
 \xba\xac(\xa6\x08B\xf9\x5c\x12\xb7\x0bDrT0\
\xd6\xa5Q\x01N>\xf1X\x1e\xdd2\xc9\xe6\x9d{!\
\xd71\x02\xd20h\x84\xd6\xea\xe4\xae\x12q\xf2y{\
\x9f\x12\xcb\xb2\x8c\xb2;\xcf\xd1k\xd7r\xe1\xf9O\xe2\
\x8cS\x8f\xe0\x90C\x16SUU\x18\xed\x1b\x0e@K\
\x0cu\x9b\xee\xc4\xe2\xe5\x82b\xa8\x93\x07c'-\x14\
u\xd1+\xcd\xd4\xf4,UY3::D\x9e\xbb\x0e\
\x06\xd7\x12[\xd3\xefU\x0c\x0f\x0f\xb0u\xdbn\x1e|\
p#w\xdf\xfb _\xf9\xdf\xafq\xf3\xadw`z\
\x16\xf26\xd9\xe0\xb0\x97\x83R\x14\x8a\xd731Q\x16\
\xc8+\xa0\xc6\x06\xf2\x0d\xda\xc7\xeb\x0c+\x06W\xd0\xd8\
\x0a\x89\x1aE\xfaqJ,u\x9d%\xadn\xe5{I\
:Y\xf0\x1f\x10\xdd\x00\x95\x18M\x89\xcaO\xaf\xf1\xaf\
\x83\x0c\x80\x94d\xd3\xb5\x86\xf0\xb2\x8a@\x88C \xe4\
\x01\x0eI\xda+\xfe\xd4J\x8a\xcaC\x05@\x89\x90^\
(D\x95\xb1!*+q\x08+\x97j\x0f\x16\xa1C\
\xe3C\xae\x1eHN\xd9{\xc9\xed\x01 \xc2:\xe4\x9b\
\x9dU\x10\xbe\xb3\x10@\xca\xc6u\xab\x83.\xc0E\x01\
\x0a\xb0\xf7\xf7\xd1\x8f\xcc\xc3\x11C\x98^\x85.4\x94\
\x19V\xfb\xd6 !L\xe1\x0d\xad\xdc\x80\x18#F\x0a\
qR\xa0\xc2\xcf\xd6\xf7fM\xc3\xb2\x17\xf8ybP\
\x0a\xc9;\xc5\x1b\xb9=Y\xdf\xa6\xa62w$k9\
\xdb'S\x19\x03\xaa\xc5y'\x9e\xc7\x99\xc7\x9d\xces\
\x9e\xf8l^t\xfe\x8bX46\xe1\xfa\xac\xab\x8a<\
\xcfi\xf9\xc32B\xdf\xb2\x84\x8f=!\xa8\xe4Y\xa9\
\xd1&\x0a2L3\x96\xf5x\xdcZ|\xaf\xbf\x85\xc1\
V\xcb\x11u\x10`\xae\xb8\xd0\xfaZ\x05\xa3!\xcfr\
\xc8`\xcf\xe4\x01\xbe\xfa\xedKx`\xe3}\xdc|\xc7\
\xed\xdc{\xdf\xbd\xccv\xe7\xa0S@\xabCg\xf9r\
j_\xe8\xd67\x95?\xf8\xc8\x13\xac\x8ak\x90$J\
8a\xab\x81M!]\xebIF{\xef^h@\x11\
\x8aP\x04UI\x8d\x8e\xf2\x82\xdc\x0a\xec\xc1\x0f\x9e\xa9\
\x9c\x87\x9bitV`5\xb4\x8d\xe1\xb8\x95+y\xf6\
9Od\xac=\xc2\xea\x15\xcbX42\xc2!\xe3C\
\xbc\xe1\xcc\xe3\xc0\x1az\xfd\x8a\x22s\x8a\xde\xa2\xe8\xd5\
\x86\xbe\xb1\xcc\x94\x96Em\xe1\x13y\xbe\x0dl)\xa6\
F\xca\xfc\xc2\xaeVp\x14\xd4\xa5+UA\xc2\xe8\xb2\
/\xeb\xfa\xed\x8fX\xd4a\xfd\xd2\x01\xaf\xbc-\x87\x8f\
ZJcY<\xe8\xc4\x85\xb1\x0e\xe6\xd2\xcdj\xfc\xd9\
\x00\x07\xe6{\xa0\x14\xed\x5c\xd3\xef\xd7\xd4\xd6\xb0h\xb0\
\x8dR\x8a-\x93]\xca\xaaf\xb4\x9d\xb1t\xb8\xcd\xa6\
]\x93L\x0c\x0f\xb0hd \x86g]\x00\xdaG\xfa\
\x84\x1dU\x03OA)xPh\xa5\xb0\xda\xcd\x088\
\xec\x90E\xbc\xf4\x19'p\xf5o\xee\xa6o\xfa\x84(\
\x1c\x84\xe8\x9e\x0a\x03~<\xcc$\x0d \xfd\xfe\xe0y\
\xd7K\xc2$\x12 N\x09~\xd8\x8b\xb3\x09k\x1f\x01\
\x12\x83S\x04\xb8\xd4\x02D\x01o\x83r$\x18e\x0a\
\xe3\x22\x87\xbd>\xab\x96\x8e\xf1\xf2\x17>\x9dm[w\
\xb2f\xd5\x22\xf2<\x0fJ\x80`\x80D\x8f]\xd2\x7f\
F\x11\xd2}\xd6\xcb\x01\xf9\xc7\xc9N\x15Do\x0c\xd7\
{\xd8\xfa\xf7\x0d.E\xd8\xeb:'`\xef\xde}l\
\xda\xbc\x85\x033\xb3!j)\xc2 \x8ep\x17\x8d\x12\
1%\xb2>(B\xadP:\xc3\x1a\xcb`{\x90\x7f\
\xfe\xc4E\x9c\xb4a-kV/\x09\x91=1\x96d\
\xf8\x97\x93a1Z,8W\xb8Q\xd3\x02\x930\xd3\
 y\x95\xa5KU\xb5Z\x05\x9dv\x8b,\xd3\xf4\xfa\
%\xd6X\x06\x06\xda@\xc6\xf6\xed\xbb\xf9\xef\xff\xfd&\
\x9f\xfb\xcfo\xf0\xc8\xc3\x0f\xd0\x9b\xeb\x01-\x8a\xe1q\
t\xc7\xd5\x96\xd4F\xf4T\x92\xee\xf6\xf4`=\xfe\xc4\
\xa2JG+G\x03K\x84\xa1\xa7\x05cp#\x9aM\
\xe0M+\xb5B\x89\x92N\xed\xdf\xa8;\x13\xc3Q\xac\
\x8b\xd4\x02\x09r\xb9\x99\x0at\x1f\xab \xab\x1av\xb5\
\x7f\xfd\x819\x00\xe2c\xca\xc2D\x88z\xc2\xd3\xc4\x5c\
EP\xbe6\x09a\x0b\x92\x08\xc2\xde-\xa2\x89\xb4\x10\
\x8aR\xc4\x10\x8a\xff=*j\xd9\x88\x8dV\xbdJ\xb6\
j!\x9a.b]E\x05%\xf0i\x88\x92 G\x93\
|\x96q\x02\xdd\xfa\xf0h\xd0\xbb\xa1\x08/\xfe\x83\x02\
*\x8d\xbdn\x16\x8e\x18\x84\xc1\xdc\x1d\x13\x99\x1b'\x19\
}K`\x08\xd9+\xb7\x17\xeb\xa5m\xa3[\xc0\xef'\
\x86\xcem\xfc0\x18[\xd6)\x1e\xb1m\xd2\x10\xb0\xf6\
\xc6A-\xcaGcKK9?\xcdq\x87\x1f\xcf\xa3\
\x9b\xb7\xb0zx%\xe7\x9d\xf8\x14^x\xe1\x0bX\xbe\
d\xa9W\xfc%yV\xa0\xfd\xa0\xf6\x94@\xac\x87\xb7\
(\x15\xc4\xf0 \x0a\x8f\x08\x0c\x1bIA\xd6\xda\xdc\x05\
\x99\x0e\x95\x9c\xb8Ju\x97\xc7*\xab\x8a\xa2\x88\xa7\x02\
\xee;\xb0\x9f\x9f_s5\xbf\xbe\xe97\x5cy\xe3u\
\xdc{\xf7\x1d\xee.\x9d\x0eY\xde\xa65>\x8e\xc9\x9c\
\x10\xe8\x99*\xe2;\x92\x88_\x7fj\x98\xfa\x7f\x12\xef\
_\x04\xb2\x84\xd5\xe2~Dh\x8b\xa1C\xb0\xdcUB\
^X\x1a\x93.\xf1\x0a\xd4\x15\xcd\x81\xb5\x15\xba\x00U\
+\x8c\xd6\xa8^\xcd\xb2\xf1Q\x8eY\xbb\x9a\xa1V\x87\
S\x8e=\x9asN<\x96v\x91S\x1bCY\xd7h\
\xa0\x95i\xe7\x8fZ79/W0\xa0\x15#\x83:\
*?Q\x086\xd9C\xca\xab\xc9\xb2b\x0d\x83\x0d\xd2\
\xc5\xa0\x82\x02\x97\xef\x06O\xdc\xd3\x92\xc1\x85[\x8d\xa9\
\xa9\xcb\xda\xaf\xc9\x19\x0cZ\xb90\xfb\xa6\xdd\x93\x1c\xb6\
l\x9cN+'\xd3\x19+\x0a\x97\xa21\xd6\xa0\x07\xda\
\x91\xb6Q,\x1ej\x81\xb5,\x1ar\xef\xaf;dq\
r2\xa3\xcb\xaf\x96\x95E\xe3\xe0\x90g:vB\x09\
\xcfG\xd4\xa5\x22\x19p3\x02\xca\xb2\xe6M/?\x95\
\xed;\xf7\xf0\x91\x7f\xfe6\xc5\xc4 e\xa9bx^\
\xbcr\xa9\xe3\x90\x89\x81\xd6\x92v\x09\xc4v>\xef\xa1\
\x05o?\x0a\xe3\xb4\xe7\xdfmZ\xe6\x05\xa8x?\xeb\
\xe5I\x22\x81U0\x04\x84\xd6\x14\xb9.Qu\x9fO\
~\xf8\x03\xacY\xb5\x8c\x13\x8f?2DnR\x8f2\
}\x85n\x0c\x0f\x940\xe7\x04\xe2we\x9d\x08oz\
\xe5\xef\x95\x82Zp?\xf0y\xf1<\xe7\x81\x87\x1e\xe1\
\x98#W\xb0dl\x90={\xf7\xbb)wA\xf8D\
\xbc\x86\xe7!\xb4\xe9\x9f\x83B\xa1\xc9\xb2\x16`\xa8\x0e\
L\xf1\x8f\xff\xfc>\x9e{\xfei\x80\xa5\xae\x0d\x99\xef\
+u\xf2Y\x11\x22\xb3A\xf9\x13>S^\x17\x04Y\
\x1dt@4\x06\xad\xc5\x8d\x1b\x07\x8a<\x0bz\xa4\xd3\
n\xb1o\xdf$_\xfb\xc6\xf7\xf8\xd9\xcf\xae\xe2\xfa\x9b\
na\xfb\xe6\xed08J\xd1\x1a\xa6\x18\x1b\xa6\xae]\
+m\x22@PJ\x8c\x8d\x86\x09\x00DY\x1d\xa1N\
\xa0)\xf7\x9b!\x14\xe3\x85\x9a\x86THF\xd9\x09b\
\xf0\x88!\x9c\xd0\xb7w\x0e\xa3!\xe9\x15\xbdM\xae\xb1\
 ^\x89\xb5\x09\xce\xe5\xfb\xc9RU\xf2\x15\xf8\x03\x06\
\x80 4\xad\xd2\xc6\xc4\xc5\xc5\x90\x847\x15D\xef\xca\
\xa3\xad\xb7\x14e\xc3^\xf1y\x1b(0Gx\x96\xbf\
N+\x15\xe7\xe6[\xeb\x14\xa9(\xa7 \xcb\x12\x05/\
\x9e|\xca,\x16\x5c\x187\x16K\xc8\x9a\x8c\x07\x9e\x10\
U\x14\x9d\xd12\x0e\xbc\xafq\x85|\xc1\xc2\xc2W\xf5\
\x83*\xad+m\xbe\xbf\x8f\xbdk\x0eu\xca\x10\xcc\x97\
\xa8\x1c\x97\xcc\xcc-\x94~\xfd\xda4\x0e\x08\x22A\xa4\
U6D\xd8\xe3\xf8N\x12\x03%2w\x0a\xdb\x86\x99\
\xe0\x0d\x0b\x9b\xf9\xa9k\x95a\x5c\x8f\xf3\xde7|\x98\
\xb7\xbe\xf0\xcd\x5cy\xc3o8\xeb\xb4\xd3Y\xbbr\x0d\
\xa6\xae)\xcb\x92,\xcb\xc9t\x8ex\xe7\xc6\x182\xad\
\xc3\xf3\xc2p\x90@1\xd1S\x94\xe1\x89\xa9u\xa9\xd2\
\x85\xfb\x9fJ\x0c\x13/s\xac1\xd4\xb5\x9f\xfd^[\
\x8a<\xa7(\x0an\xbf\xf7n\xee\x7f\xe8~\xae\xbd\xe5\
&\xae\xf8\xd5U\xdcw\xff\x83\xa0j\x18\x1c\xa0\xb5d\
\x09\x16\xe7e\xca  U\x1ag=\x07\xba\x22\x95\x03\
\xe1g\x14\x824\xf2\xc8!\xe0$\x9fA\xa0\xd3\xd0d\
%\xf4\x96(\xfa\xb0G\xa1}\xeb\xf6\xa4\xb4\x8em\xa4\
\x00\xb6&\xc3R\xcd\xf7\xe8\xd4\x03\x1c\xbal%\x0fo\
\xdd\xce\x93Oy\x02\x7f\xfa\xb2\x17r\xda1\xeb\xc8\xb3\
\x0cc\xdc<s\xad\x9as3\xe4`\xa8N&\xb0\xb7\
\x11\xe6B\xf3V\xf8\xc5\xe1!\xa4bRZ\xc5m\xdc\
X\x95\xe0\xc7\xf5\x91\xb7\x93\x1c\xa2T\xba\x1bc\x5c\xbe\
Y)\x8c\xef4\xc8tF\xdei\x8a\x89nU\xd3j\
\x17\x1c\xb2d\x94}S\xb3<\xbc\xeb\x00{&\xe7\xe8\
\xf7\xbaL\x1e\x98\xa234H\xaf[b\xaa>\xf3\xbd\
>\xf3s\x15_\xf9\xf9\xdd\x98:\xe3\x85O>\x8eC\
\x96\x0c\xf3\xc8\xd6\xfd,\x1b\xedp`j\x96\xa7\x9f\xb9\
\x9eS\x8f_\xc3\xe2\x89\xa1\xf0\x0cS\x1b\xd7\xd5\x93\x0a\
Z\xc1G*S\x888\xce\xb4\xa6_V\xbc\xff\x8f\x9f\
\xca\xd7~p\x0d\xf7o\xde\x8bn\x15\xc4\xb9\xfe\xa2\xfc\
\xbd\xc7)\xc5}X\xe2,\x80\xd8\xba\x15\xc6\x02\xcb\x14\
@l\x08\xe5*?\x5cC\xc2\xdd\x8d<m\xa2$\x9d\
\xde\xb2\x82\xc6\x94;\x00E+\xb7\xf4\xf7N\xf17\x7f\
\xf5n^\xff\x9a\xe7RV%\x9dv+8BX\x19\
\xb1#\xc6\xaa\x8d\xb4\xe7q\x1f\xe9\x82\xa0\xf4\xc2\x12\x02\
\xc9(\xaf@\x13\xf2H\xf3@^q\x8c\xf8\x8a\xff\x17\
^\xf84\xbe\xf0\xbf\x97\xf2\xe8\x96\xedd\xb9k\xbb\x8b\
\x0f\x915\xc4'X\xd9 \x82\x1fE\x9e\x19\xca\xe9\x19\
\x06\x06\x06\xf9?\x7f\xf1&\xde\xfe\xd6\xe7\xd2\xef\x97\xe4\
y\x16\x1c\x02\x89\x96\x08\xe4D\x0e\xda\xf0\x99\xbc\xe9\xf7\
\xaa\x02h\xa3<W\xbe\x96\xc4Z\xaa\xba\x0a\x93Hg\
g\xe7xl\xcb6\xbe\xf3\xdd\x9f\xf2\xf5\xaf^\xcc\xfd\
\xf7?\x04z\xc0\xc9\x95\x89\xc5T5\x94\xa5\x14w\xe2\
\x9bwT\xa3vF\x9c\xd8\xa6\x05\x96\xe8D \x0c\x00\
\x0a\x1f\xdb\x80\x83\xa0\xac}\xf8>u,\x04\x89V\xf4\
\x80\xe7\xe34:\x1e\xa3\xd1\xe2\xfd\xa5p\xf2\x14\xe7\xbf\
+)w\xd1\x1b4\x9e\x95\xe0)y\xfd\xde\x1a\x80\xc4\
n\xf5{\xb2!T\x14*L\xfdfc\xfeI\x88\xd2\
\xc6pS\xe0\xda\xa6\xa2\x17K\x18\xbc\xb5*\x02z!\
\xe5\xfa{\x06cA9`\x1c4\x0d0\xdd^\xc2<\
\x01y\xc6=TN[R\xceQv\x00\x14#\xc7_\
c=1\x88=\xa0\xc4\x98\x09\x86\x8b\xdf@\xe5\xfeP\
\xd7L\xc3Q\x03\xa8\xa1\x0c\xfa\x06[((\x14\x94*\
\x8c\x8dmX\xab\xb2O\xe2g\x9e\xbe\x83\xb5\x19\xf2\xb4\
\xf2\x97X\xca\xd6k$\xa7QC\x98-kk\x94\xce\
PV\xd1\x9f\xec\xf2\xef\xef\xfd\x0c\xaf~\xd6\xcb)\xfb\
%\xaf|\xee\x8b\xa1\x86~\xafO\x9e\xe7\xe4\x99S\xfc\
\xa9\x00\xcd\xb3\xac\x81\xd3\xa0\xed\x1bp\x8d\xbaO\x10*\
\x02N\x8a\xdc\xe4:1O\xe4\xda\xba\xae\xc8\xb3\x0c\xad\
\xa3\xb7\xff\xf0\xa6M\x5c\xf2\xc3\xef\xf0\x0f\xff\xfaO\x1c\
\x98\x9dr\xd488@1>\x0cZ9\xcf\xb8\xec\x07\
:\x8a\xd1\x08\x99:\xa6\x12\xa9\x1a\xa3G\xe9\xab\xe1\x9b\
\x08w\xd9\xf8I\xa4xoA7\xa9\x1e+tA\x93\
\xc7\x952>\xe5\xe0\xe7c*\xedR<\xc6\x15;\xf5\
\x0fL\xb3dt\x9c\xcf~\xe2c\x8c\x8c\x8c\xd0\xabj\
^x\xeeY\x1e\x165U]\xfb\x91\xc6*\x9e\xe8\xe6\
A\x9f\x85\x5c_\xc2\xc48o1`L\xaeg\xc1+\
]\xa3\xdf\x9b\xcb2\xc5\xa2\xad 8\x02\x0fY\xaa\xda\
P\x14\x19{\xa7\xe6h\xe79\xc3\x83mz\xb5e\xe3\
\xd6\xbd\xdc\xf1\xe06\x96,\x1ab\xcb\xce\x03\xfc\xfc\xc6\
\xfb\xd9\xb8{\x92\xb1\xc1\x16\xf3\xdd\x1e\x8fn\xde\xc6\xce\
\xfd\x07\xe8\x96\x95k\xbb1\x06r\xd7\xad\x81)\xa0_\
AYC\xab\x0d:\xe7S\x0fl\xf1\xdb\xca\xa0.\xa1\
*\xf9\xf4W\xaf\xe0\xa8\xd5\xcb8\xe7\xf4\xa3\xc8zs\
\xbc\xe5\xf5O\xe7\xe4\xe3\x0e\x0b\xed\xa6\xce{W\x01\x07\
\xe2pH\xee7\x16\xb5\xbb_\x1e\xd8\xb4\x8f\xa7\x9cy\
\x0c\xf7=\xf0\x0b\xf2\xf60\xa5\x0c\xef\xb1\xfe\xb0 \xef\
\xa1K\xe8_B\xf1\x8d\xb1\xc0$\xd7\x04%\xe5\x04J\
P\xc4\x80\x0a\xf5\x05B/\xa2\xa4\x09\xb4\xe9\xdeK\xea\
J\xbcP+\xda\x9a\xfe\xfc,\xc7o8\x81c\x8e9\
\x11\xad]\xe1\xad\xb1\xbe\xf2\xc9\x86\xa7\x06d\x07]\xa4\
\x92\x0f\xd2:\x22+\xe2n\x81l\x09\x16C\x84\x93\x10\
]\xd4\xdb\xa2\xe8\x15{\xf7\xcf`\xac\x82\xaa\xef\x0bY\
\xc3\x80\x96\xe4y\x892Vr_/\xd7\xea>U\xd9\
\xe39O{\x0a\xcf\xbd\xe0<\xfe\xe4\xad\xe7\xbb\xf0|\
\x91GG\xc7\xc6|w\x90\xdf\xe2\xe1Fi\x12\xee/\
 \x0d\x86\x8e'\x88\xba\xae1\xb5\xa1\xd5n\x91e-\
\xb6n\xdb\xc9UW\xff\x9a\xcf|\xe6\x8bl|\xf8\x01\
\xf6\xed\x9a\x81\xf6\x00\xad\xf1%\x18\xa3\xa9\x0d\xf4{U\
p\x10\x04\xb0\xb6\xb1\x061\xa2\xcc\xe3\x1aT\x0bS\x8c\
*,\x0e\xd2\xe2\xee\x08{\xb9\xa5\xec7I?7\x84\
*\xce\x08\x09\xf5b\xb2>\xe5\x8d;\xa2\xfe\x95i\x7f\
IdV\xd9\xe8\xd8\x06\x01\xfd\x07^\xc1\x00\x10\x83.\
\x92R\xf4\xf8\xe4o\xb7\xadT3\xa6\xb9u\x1d\x80\xe0\
<HAa\xdc\xa5m\x84\x9eR\xc4\x07(\x10\xfa\xfa\
\x83\xa0\x8a\xb9%\xc9u\xbaG\x07\x15\xe3\xee-\x95\xf5\
\x99(L/\xb7\xad\x14\xdb@0j\xa4zVj\x0d\
\xfcB\x12\xf1\xea\x95\xab\x8a\x88\x93h_F2\x04\xcc\
BG\xc1\xe6\x0au\xfd\x0c\xeai#\x98\x99\x0aZ@\
_\xb9s\x02J\xe3\xbeS\xab\x18\x01\x90VA\x89&\
X\x1f^\x0d\x84\x9e\xd4X\x90\xf0k\xb2\x0f,\xfe\xc4\
BE\xd6\xca)\xfb\xbd\x80\x97\xd5\x13Gp\xf4\xeac\
\x9d\xb7\xad\xa1*K\x14:\xe4\x14!\xa9\xc1\x90\x1d+\
\xe1]\xc9-\xfa-\x06\xab\xb5\x99\x02\x086\x80\x90\x82\
|b\x9b\xb4QUn\x04nQ\x14\xec\xdd\xbb\x97\xff\
\xfd\xce\xd7\x99\xeb\xf7\xb9\xf3\xde\xbb\xb8\xe6W\xd7\xb2s\
\xe76\xf4\xe8\x08\xed\xc5\x13X\x7f\x00LU\xd7no\
\xfe\xce\xa2\xd8%\x12c\x95\xc1\xdah\x04D\xefL\xfa\
\xefch\x7f\xa1A\x10)M'\xf7~\x1c\x03\xd2O\
\xfc\xb3\x89\xf1\x1a\xa4\x9d\x02S;\x81\x89\xf6\xf7\xca\x14\
:\xcb\xc1\xd4\xf4w\xed\xe7\xb8u\xeb\xf9\xc8\xbb\xde\x89\
\xc9\xda\x5cp\xf6\xe9(\x14\xdd^\x9f,\xcb\x5cx\xd2\
\xbf\x8c\xf1\xd1\xa1&\xf3\xf1xg}'\xe0\x8f;\x11\
\xe1\x11\xc0\xae\x02\xc1\xd8\x80\x0e+\xd1kP\xca\xf7\xcf\
\x1b\xf2L\xb3\x7ff\x1e\x95e\x8c\x0e\xb6\xd9r`\x96\
{\x1f\xd9\x8a\xaa\x0d7\xdc\xfd(W\xdc\xfa0w=\
\xb8\x89}S3\x14yF\xbf\xf2Vs\xae\x9db\xc0\
B\xee\x8e\xf5m\x0f\xb4\x08\x939\x95Fe-T\xa9\
\xb1\xbd\x0ak-u\xe5\xa2q\xba] \xdd+\x98\x0c\
e[Tu\xc9\x9d\xdbvs\xe77\xb7\xc2\xfc^~\
|\xdd-\xfc\xea\xdb\x7f\xcd\xa1+\x16\x05\xfc\x04/\x07\
\xd7\xee\xab\x8c`L\x18\xd4R\x99\x9aV\xab\xe0\xcb\x17\
_\xcde?\xbb\x99l\xa8\xa0*K/\x03d\xc0\x8f\
\x09\x82\xd39\x12\xb1=0\x86zm\xf8\xdd\xd1\x91\x18\
\x02\x22\xb8\xe3\xb9\x00\xa2p]\xb1X\xa4\xff\xa8\xac\x04\
\xaf\xb5\x04+\xb1\x0a\xf2\x1c\xca\xfd\x07x\xf2Y\xa7\xf0\
G\xaf}-\x87\x1e\xba(\xe0/\x1c\x85\x1e\xc2\xf7\xa2\
l\xa2ZlD\x92\xfd\xa1`\x12\xa2w\xc1w\xf1\x14\
\xa3\xf6t\xf7\x8a\xb4!\x151A\x81\xe1\xa6\xe4\x15E\
\xce%\x97\xfc\x98\xd9~\xc5\xc8`\xc1\x9e\x99.\xe8,\
\xd64\xf9}E\x15\x97\xf4\xb7c\xc9)Q\xf3\xf3|\
\xf8C\xef\xe4\xa3\x1f\xb9\x88\xf9\xf9\x1e\xc6\x1a\xb2,k\
\xa4y\x03\xbd\x06\x19\xe2C\xd8\x1e\xa8!\xb6\xa1ld\
\x8f\x84\x9f\xab:\x9e\x06H\x0e\xf7?\xb0\x91\xaf|\xed\
;|\xfd\xe2\xef\xb0\xe9\x91G\xdd\xa0\xadN\x8bbb\
\x09u\x8d\xa7_\x13\x15i(\x8bL\x0c\x8b\xc0b)\
3&\xb2\x98\xe4\x1ak\x1b\xfb\x8e\xdd5\x89SiE\
W%ay\x8fKy\x85\xb3o\x02\xb9\xf8z%%\
5X>u\x14\x0a}\x93\xb8\x89\xbfw\x10\xc0\xfe\xdf\
\xf0\xc4\xff\x8f\x0d\x90\x8cMjn..\xb7\xa9\xa2\xa5\
\x12:z\xfa\x9e-$w\x22D\x15r;\xb2&\x09\
ox\x82i\x00\xd3&\xdf#\x08da\xc0H\xd6\xc2\
\x5c^q%\x96\xafR\x84\x90\x98(+\x11\x17\xf2\x9d\
4M\x11\xc226\x0a\xd6p7\xb9\x8f\x95\x22\x10\xaf\
|\xfd\xc0!1\x8c\xacU\xd8\x12'\x10\xaf\x9fA\xad\
/\xb0\xe3\x1a\xba\x0a\x95\xe1\x14\x7f\xa60\x95\x82\xcc\xf8\
93B\xdcR\x0f\xe0\x8d\x009\x1c\xc86\xb3\xeb\xc8\
\x96d\x0ek\xb0\x8c\xac[\x8bQ\x94;\xbb\x9c\xb0\xee\
d\xce>\xf1\x0c\xee\xdar/\xff\xf5\x9e/\xb1~\xd5\
:\x8c5\xe4~Z\x156\xd6o\xa8p\xd3\x04\xb3\x01\
YiUD\xa2\xcfS\xceK)\xb9aH\xe0\xda\xaf\
\xaa\x0a\xab5E\xbb\x8d\xd6\x9a\xbd\xfb\xf7q\xfd\xcd7\
\xf0\xf1\x7f\xfe[n\xbe\xf3w\xce\xf2\xc9\x80\xce \xad\
%\x8b\xa9lM\xcfV\xa8J\x05\x83\x22P\x84,-\
\x84\xd8\xad\x00?y\xb4Py4V\xd2\x0d\xa4i\x94\
\xf0Q\xa8\xea\xf7\xe2\xd6\xc4{\x05c@\x8c\xa1\x05[\
\x0d\x96\xbboY\xd2E\xe6:\x17\xfa}\xb2\xbc\xe0\x82\
\xa7?\x95\xff\xf8\xf0\x879r\xcd!\xccu\xbb\x94\xfd\
\x0ac-\xad<\xf7i\x11\x82\xf7\xadu\xdcc\x10\x14\
\xc1\x83\x8cJ.\x0a\xc3(\xf9\xe5;2\x14(-t\
\x95\xa8\x9c\xb1`|\xdaE\xeb\xcc\xa5\x1b\x5c\xb2\x1f\x80\
[\x1e|\x8ck\xefx\x88\xfb7n\xe2\xb7\xf7ma\
\xd9\xf80[\xb7\xedb\xcb\xf6\xbdP\xb4`\xa0M\xd1\
naP\x14\xed\x1c\x8b\xc2\x98\x1a\xe5\xbb\x13\x8cQT\
\xc6\x8d\xdbq\x8a\xda\x0d\x9aR\xbd\x1az\xb5\xef\x9e\x89\
\xaduu\x05\xb1\xb3G\x0a\xa24Y\xbbC\xd6i\xa1\
\x07K\xf6\x1c\xe82\xdf-\xbd\x12M8A%\x15\xf0\
*\xa5\x11\x1fE\xf44\xf2\x94s\x8e\xe3_\xff\xe3\xdb\
\x14\xcbG\xa8\xfb\x067\x9e\xdbD\xbc\x22!\x7f\xb1\xea\
m\x8c\xd4\xa5S\x02\xa3k\xef\xe1\xed\x8d\x00I\x0d \
4\x97\x0c\xe0\xf1\xdf\x0d\x91z\x9b\x10\xb4\xffT\xa3\xa8\
g\xe6\xd9\xb0\xfe0>\xf2\xc1\xb7\xd1\xee\x0cr\xfai\
GP\xd7\x86\xdc\xcf'\x89-uM\x1b6\xf4\xf5\x0b\
m\x8b,\xf0\xeb\xb2\xca\xb5\xd3\xca\xc8\xe4`\xc4x\xf9\
\xa7l\x9a\xd1\x8e\xc6S\xa0?\xff\xdc\xe9\xb9\x19n\xbd\
\xf3\x11\xba}_gc\xea\x00oH\x142\xd1\xcbU\
^\xf6\x9a\xaa\xc7\xc8\xd00/}\xf1\x05.\xb5\x98;\
OG\x0ezj\x141\x82\x9f]\x9f\xc0\x8cd\x8d\x22\
\x9f\xbdCi\xacu\xa7\x8a*\xe5\xa7\xfee\xfc\xe0'\
W\xf1\xb3\x9f^\xc1w\xbf\xf7\x03\xf6\xec\xd8\x03\x83\xc3\
\xb4\xc6\x17S\xd5n\x10\x90\xa9L\xb8O\xa2#\xa3\xe1\
\xa1\x22\x8cB\xfa/\xa1\xb9P\x03\xd4\xf8b\xaa\x83T\
pn\x05\x96\x82\xeb\xd8\xed\x11\x10\x18u\xa5\x15\xadg\
\x1a\xb0o\x18B\x0b\xee\x15t\xb2\x18`Q\xed\x06:\
\x90n\xb3H\xc3a+\x0d\xd1m\xf9=s\x00\x1a\x0f\
m\xbc\x13\xd1-'\xd94\xac\x0b\x7f0J,\x8e\xf2\
\x8c\xea\xad\xce\x98\xb5\x16\x06\x16\xab:\xfe\x10\xc7.\xcc\
\x8f\x97n\x80D\xd0[\xdf\x9f\x17<bI9$!\
\xeb4\xd7\x1bvg\xe5\xdej\x01h\x85\xd8T\xfc\x8e\
\x18\x05\xd6z\xa1\xed\x22\x18J\xea\x0fdN@\xad\x1c\
\x14'-\xf5\x15\x93\xf0\x92\x09(4\xe4\x15*\x07S\
h\xbc\x84\x8c\xca>A\x88D\x03\xfc\xac\x1bG\xa4a\
\x8e\xbc{#\xc8|\xf9\x92\xb6\xae\xc5Oe\xe8\x12^\
y\xdek\xf8\xf7\xf7|\x1a\xad\xa1\xb2\x96\xa5\xe3K\xa8\
\xea\xca\x87\xfa=\x5cB\xf4@\x08\x97`\xa4i\x95\xa8\
N\xeb\x19\xd0\xafS\x0b\x84\x82A\x15\x85\x0fJ\x05\xc2\
5\xfel\xee\xa2(\xc0\x17\xf5\xddq\xcf]|\xee\xcb\
_\xe4\x8a\xeb\xae\xe1\xd1\xad\x9b\xa8\xa8i-\x9a@(\
\xa1\xaajW\xbd/\xe6\xb7D\x8f\x12\x85\x0eM\xba\x17\
\x1a\x88i\x07\xb9N\x0c\x1b\xc7\x11\xd6(b\xb9~T\
\xa4X\xc20\xa6\xe0\x1d\x13\x0d\x8f\x90\xd7U\xf2\x5c\x0f\
\xaf\xa0\x14<\x15+\x82\x02\xab\xe6fY6\xbe\x98\xa7\
\x9d{\x16\xd7\xdfr\x1b\x9fx\xc7;8r\xcd!t\
\xfb}\xdaE\x1bW`\x97p\x8a\x15\x9c\x88@w\xb0\
\xb4\xe2\xa6\xc78}\xd8\x7f\xf0(\xfcJB\x96\x80\x83\
\x95\xa4\xe0\xb2\xf6u\x1d\x92o\xdd?=\xcb\xc6-;\
\xd8\xb4e'\xd7\xfe\xee^\xee~\xe0Q6n\xdd\xc9\
#\xdbw\x82*\xa03\xc8#\x8f)(4\xad\xd1A\
\x8cr\xc5\x82eU\x82\xca\xc0\xd41\xca\x87\x18P\x09\
\xdc\xfdx!j\x8b\xed\x822\xbe\xa3\xc2\xba\xa3z\x03\
s\xfb\x22<\xac\x9c\xa4(\x83\x8d\x0c\xfdY\xc3\x97\xfe\
\xfe\xcd\xac?|\x85\x1bD\x95ga\xdf\x01)\xca\x0b\
Ii\xff\xf5E4y\x91S\xd7\x86\xa7\x9e}4\xcf\
y\xcei\xfc\xf4\xea[\xc9\x06\x07\xa9kQ\xe4I\xb8\
?Q\xf0\xb1\xe58\xce\x04po\xc4b\xc1\xa8\x96L\
\xb2\xdff\xca \xe2/y;\xd0\xa4\x97\x1f\x18\x0a]\
\x81*y\xff\xbb\xde\xca\x9a\xd5\xcbY\x7f\xcc\xa1\xbe\x22\
^\x87g\xa7\x85\xd3\x81\x13\xfc\xbeQ\xceS\xc7Z\xf2\
<\x95e\x0ae\x0c\xda\x8f\xd4u\xc6\x8a\xf2`\xb3\xc8\
\x8a\xd3\xda\x98h\xec\xbb\x9fY\xee\xbe{\xfe\xf9Oa\
\xf3\x8e\x03\xccNN\x91\x8d\x8c\xe1\x03y\xe2_\xf9?\
\xa4\x1d;*2\xad\xc1Lw9\xe1\x9c\x93X\xbel\
\x9c\xaa\xaa\x03~bpPE\xc2N\xe1\x144t\xa2\
4\x03,\x0deY\xd1j\xb7\xd0Z\xd3\xed\xf5\xb8\xe4\
[\x97\xf2\xb5\x8b\xbf\xcd\xe5W^\x8b\xed\xd602L\
k\xd1R\xaa\xca\xd2/\x93(MzkQ\xe8a(\
\xb5\xf0\xb4\x0a<\x1d\xab.t\x90\x11bh\xca\xcd\xc4\
\x90\xb2\x88@\x8f\xe5\x89\xf1\xa7\xec\x93D\xbe\x10\x8c\x89\
\xe8\x94\xa4FY\x04E\xc0\xbc\x8aQ\x9a\x98\x0a\xf60\
\x0f\x05V\x09}@\xa0\xc5@\x93\xcd\xc7\x87\xd7\x1f8\
\x0eX\xca\x08\xbc\x85#\xaa_\x81\xeb\xa9\xb6\x0b\xbe\xe7\
n\x1dg\xd9\x8b\x06\xf5\x8b\xf6\xf9v\xe55\x8e\xb1\x92\
\xdf\x93o{f\xf6\xe9T\xa9\x1d\xf0\xb0\x0d\x84\xe7B\
\xd2\xda\x7ffc\xa8\xd4F\x05\xa2pE!\x06\x1b*\
\x8d\xa3\x92\xf7\xe4\x9ah\xfa\xe8p\xf94\x85\xb5>\xb4\
\xeb\xd7'\xa9\x02\x8b?\xaf],f\x1cr\xfa`[\
\xa0\xee\xaaPG\xccaO\x1a\xc4\xce9\xc3@e6\
\x1c\x17l+\x03\xda\x85\xb0\xa5`Ck\x89\x04(\xd2\
)\xdfJ{y\x99\xcc\x1fP:\xe6\xa8u\xe6\xee7\
>\xb6\x9cs\xd6\x9f\xcb\xc4\xe8\xb8\xf3\xf8\xf3\xc2\x87w\
\xdd\xc1.\x91\xc6\xfc\x9e\xadI\xde\x15A\xe0\xbd\x16\xe5\
\x85C\x08G\x89\xe7\xac\x02\xd3\xa6\xcc\xaa\x80\xba\xaa\xa9\
LM\xbb\xd5Bi\xc5U\xbf\xfe\x15\x0f>\xf4\x00\xd7\
\xfd\xf6z~|\xf9O\x99\x9c\xda\x0bC\x83\xe4\xed6\
\xb9\x82\xb2\xd7\x0f\x8a[\x85\xb9\xe1:V\xd0\xa7\xd4\x94\
\xb6\xdf\x09\xb1IU\x9e\xf2Ti\xa19\xc6Th.\
\xeaR\xc1\xbe\x04<\xdd0\x918\x5c%J\x19\x1f\x11\
Hr/\xd6\x18\x9f\x0dP`]?\xb4R\x8e\x0e\x14\
\xa0\xe6\xbb\xac[\xb1\x92\xff\xf3\xaew\xb2u\xfbn^\
\xf5\xf4\xa7q\xfc\x91GP\xd55\x9dV\x8b0\xc8J\
^\x81\x86\x15i\xb7D\xd8g\x8889U$b*\
\xecA\xc8\xd6\x8a\xe7/\xe1}\x1b\x94\x83R\x84\xa2\xce\
\xcd;\xf7\xf0\x93\xdf\xdc\xc1c\xdbv\xf3\x83\x9f]\xc7\
\xe6=\xbb\x98\x99\x9av\x9a \xcb\xa1]P\x0c\x0d\x82\
*\xb0*w\xb5\x17\xd6\xd2\xf7\x12_)\xed\xd7TG\
\x03\xcc\xd3k:sCyel\x15\xd0\x07*\x05\xc4\
\x13\x12\xa3\xd1`\x1dq{a+\x86\x8d\xce\x0a\xfa3\
}.|\xf2\xc9\xbc\xe1\xc5O\xa6\xac*?\xfd.\xa2\
Gy\xbc\x09/\xa7\x02W\xa2\x02\xd4\x96\x91\xa16\xef\
\x7f\xcbs\xb9\xe2\xaa\x9b\xb0\xaa\xa6F\xc5\x82\xbfd\xd8\
\x97\x0c\xf7\xb1\xa1\x82\xdf\x1b\x04\xe2\xf9\x07e\x11\xe7\x07\
Ht3\x5c\x17\x083~\xa7\xa1\xba\xad\x8d\xc5\xc5X\
\x8a\xdc\xd2\xdb\xb9\x87g^\xf0\x1c\x9e\xfd\xac'1>\
1\x80\x13\x89*\xd0oP\xc8\x22\xb2\x84J\x95\xfb\xdc\
\x1a\xe8\x96\x86\xa1N\x9a\xd2s\x1d5J\xc1\xc5_\xfd\
>/|\xc13\x19\x19\x19\x12\xa6\x10a\xd5\xa0\xb6t\
\xa6\x82\x08Y\xa5\x14UY\xb1\xf6\xd0\x95\x9cz\xd21\
|\xf3\xeb\x957^\xdd\xf9\x11\xf1\x9c\x03\x82\x0c\x88\xca\
K\x81)\xd1yA\xde\x1e\xa6=\xd0\xf6g\x12D\xb9\
\x11\xed\xdd\x90|\x088\x0c\x9aQd\xbfRa>I\
\xbb\xdd\xa6\xd5n\xf1\xe8\xa3\x9b\xf9\xe2\x7f_\xc2e\x97\
\xfd\x94\xdb\xee\xb8\x1flA><\x8a\x1atFQ\xbf\
t5\x1e!\xaa\xeey<y\x02AW\x11T{b\
\x04\xc5w%E p\x179\xec\x891\xde0i\x0b\
N#\xd8\xa9\xe1'\xb7\x0f\x81r\xc9\xfd&\xb0K\x9d\
\xb2`\xb4YB\xd4\xd0-A\x05#\xc0\xa5\xc5\xfcZ\
\xbc\x1c$.%\x1a\x00\xc9k\x81\x1d\xb2`\x14\xb0\x22\
\x00.\x90{\x02\xb9@l\x0d@&\xb7\x15\x01!\xde\
J\xd2\xd7.\x1b\x0e\x93\xfeT\x12\xb6Gd\xbbu3\
\xf8\x834\x97\xfcF\x0c\x17\x89\x10w0L\x04\xa3\xbf\
\x89\x0a\xef\x87\xca\x81\xc6\x12\x1d~\xa25\xean\xea\x07\
]\x089*\x01r\x92+\xf7JE\xd6b}\xc1 \
X\xe7hj\x87T{\xf5\x1cjM\x1b;\x98a\xcb\
\x1a\x95)o\xa0\xf9{\xc9hb_\xfdo\xe5\x08`\
\xaf|\xad ^n/F\x92(\x12e\xd1\x19\xae\xbe\
@g\xec\x9d\xde\xc3\xde\x99}(\xad\xa9\xcb\x0aU\xd7\
h\xa5CX4x\xb3\x9e\xb8\xd2j\xe0h\xc6\xc5\xf4\
K\xf4.%\xcd#(\xb5\xe1\x9e\xe2\xf5WuM\x9e\
\xe7dd\xdcv\xf7\x1d|\xf4o>\xca\xe5?\xbf\x82\
^5\x0bC\x05jh\x84b\xf1\x22jc\x5c\xaf\xbf\
D\x0d\x8c\xe0O\xea\x0d\xbc@M\x84`\x03\xd3b\xbe\
\x0b\x02}\xb1D\xa0\x0a%9\xd3\x80P!\x04o\x04\
\xc4\xcf\xc2\xfc\xfe\xe0\x19(B\xd8.<G\x18K\xf9\
nW_e\x10\x04\x8bWh\xf3\xf3\xd8\x03\xd3\xbc\xf2\
m\xef`\xd5\x8aU<\xf5\xac\xb3X\xb3je\xf0\x1a\
\x8c1\xd4\xa6&\xd7\xb9'\xe7T\xe85\x15\x85\xf2\x5c\
/\x06J\xa6d\xadx~R\x01\x0f\x91\xeb\x9a\xfb\x12\
\x83\xc7\xf8.\x82\x8d\x9bw\xf0\x9c\xf7\xfc-\x0f<\xba\
\xcd]\xd7j\x91e9\xad\xb1Q\xb0\x06c]\xf0\xba\
\xaaAiw4\xae;\x92:\x1a\xd5V\x0aSB\x11\
\x8cJr\xfd\xc2w\x9e\xc7\xbd\xc1\xaaJ\x95\xe8D\x09\
\xff'\xb8\x09\x9d\x16\xae\x12_iEN\x97v\x9e\xf1\
\xd7\xef{\xa97\xc8cjC\xf8\xaf)\xf4\x84\xa6#\
\x5cD\x88\x02\xf4\xaa\x92\xdaVhSy:\x10I-\
\x03mj?\x8f\xc3&\xebI\x82\xcf\x16\x5cX\xcex\
9-9\xa8F\x80:\x18\x03\xe9,w\x91G\x22\xc8\
e\xfd\xad\x96\xa2\xbfs7/}\xd9\x8b\xf9\xec\xa7?\
\xca\xd2%C\x84\xe9\x8d:\x04\xea\x03M\x04ZQ\x10\
\x18\xd9\xc3r\xb8\x93\x85U(\xa5(\xcb\x92\xa2(\xf8\
\x87\x7f\xfbo~\xf6\xd3+y\xedk^\xe0Zl\xf3\
\x22F\xfa\x82\x04\x17\x19\xa3\xe2B\x85-\xfc$\xa7_\
\xfe\xea&f\xa6\xa7Py\x16\xd4c\x98\xc4(\xf5S\
\x10\x1d\x0b\x00\xb4\x8bB\xaa\x9cw\xfe\xe9k\x18\x19\xea\
\xf8\xe3\x8bu\x5c;\xe2\xb5\x12\xe4\x88J\xf8\xd7\x22\x8a\
\xdfR\x96%\xadV\x8bv\xbb\xcd\xbd\xf7m\xe4\xd3\x9f\
\xf9\x12\xdf\xff\xe1\xa5\xec\xda\xb6\x03\xda\x83\x14C\xa3\x18\
\xb4\x8b\x868m\x85\x18\x11\xd1[\x17\xb8\xc9\xce\x09\xd7\
\x08z\x02i&\xd7DEi\xa3!\xa1T(\x06W\
^F\x88\x9c\x0e)\x80\xd4QR\x096\x05vX\x9f\
z\xb6A\x06\x89$\x08\xd1\xa5T\xde\x09\xe1\xa7\xb2X\
\xe8\xc1\xebG\x15`IXC\x94\x11*\xb9\x7f|\xc9\
\xef\xcd\x14\x80M7\x0e\xa9\xd5\x1e,*\xe2\x83\x82\xb2\
\x0a\x8cJ\x82\xdc\x88\xe4\xb4(\xc9=\x5c\xec.\x9f\x9b\
\x11\xa5/\x97Z\x1b\x04\xb3\xc2\x8d\x1bv\x1e\x8bm\xec\
\xc2\xddV!\x83\x7f\xa2\x0f\x1d\x05\xbc\xb5*x\xf0b\
\x16\x84\xe8\xc5\x02\xebHTOt\x0eE\x18(?\xc0\
\xc7\xe5\xef\x9c\xc7.\xc6\x85\xbf_\x0f(\x80]`\x7f\
9\x83z\xde 6\xb7X_\x07\xa02\x99`h\xc3\
@ d\x10\x99\x96\xfb\x09\x9e\xa3a\x83'\x88\x88\x07\
\x07\xe8\xbaWR\x14-V\x1e\xba\x8a\xd7\xbe\xf8\x95(\
\xa5\x5c\xde\x0f\xb7\xce\xd0\xba\xa6\x16\xdc+Qn\xcd\xce\
\x86\x050\x0b\x16\x95\x18\x81QqY\xaf\xdc\xf2<\xe7\
\x7f\xbe\xf3u\xbe{\xf9\x0f\xf8\xd5\xaf\xaeaj\xdf>\
\xf2\x91Q:\xc5\x12\xaa\xcc\xa1\xac\xaa\xeb\x04g\xa2l\
u`\x80h\xebI\xe4!\x92n\xf0rEX\xf9O\
C\x84\xc2\xe3\xc2&\xcc\xe5\xa5[\xf8\xae{L\xac\xff\
\x88t\x13\x05a\x22\xa9\x93}Z\x17\xca\xd6I\xb1a\
\xd0{\x1aU\xf5\x19\x19\x1c\xe0/\xde\xf3>^\xf3\xd2\
\x97\xb2z\xd5r\xac\xb1\xa1\xd2Yn\xab\x95Fi\x85\
\xa9=\xc3'Z?\xddmX\x1b~\xb0\xa9\x92y\xfd\
\x22\xac\x12\xc370\x8a\xf0{\x13f\xb51\x14y\xc6\
G\xbf\xf8m\x1e\xd8\xb4\x95\xe1\x891z\xb5q\xc5\x7f\
\xb5\xa1\xae\xf1\xbc%\xbd\xaeQ@\xba%\xea\xa8\xb8j\
Q\xaa*(\x0c\xa5tX\x93\x03\xa4\xf0\x1c\xd0\xb3n\
\x22\xa5\xe0\xc7&Q\x80\xf0\x1d\xf1\xaa\xdcX\xde\xbaW\
R\xef(\xf9\xd0\x9f\xbd\x8cS\x8e[MY\xd5\x14\xb9\
k\x93\x8c\xdex\x8cVE\xf8E\xffM\x8c}k,\
\xf3\xfd\x1e?\xb9\xfa\x16j\x03Z\xe6\xfa;\xc6 N\
\xf1\x93\xaa\x7f\xa1\x04\x99\x07\x90z\xf9r@P\xf4\xfe\
\x91:\x1eQ\x0c@\x18 d\xe5\x07!r&\xafV\
\xa1\xe9OM\xf1\x9c\x0b\x9f\xc5\x7f}\xee\x13\x8c\x8d\x0f\
R\x955Y\xee\xe9;\xc6|\xbdPWaW\xd2\xe2\
\x85\xa7\x0bH\x1c\x1b\x5c\x15<J\xf3\xb3+o\xe0/\
>\xf8W\xbc\xf3=\xefpS\xec\xaa*\xd9\x9f\xf0\xb1\
\xbfkB\x87\xe9K)\xe8\xf7\xfb\x1cy\xf8Zn\xbd\
\xf5~lE\xc4\x01D\xe5\x1f\x94\x10!*\xacuF\
\xdd\xb5\x9c\xf9\xc4S9\xe7\xb4\xe3\xe8\xf6\xfa\x14\xbe\xee\
\xa5!k-\x0d\xf9\x14t5\xae\x86\xc8T5\xadv\
\x8bV\xab\xc5\x8d7\xdf\xc1\xd7\xbf\xf6=\xbev\xf1%\
\xec\xdf\xbd\x0f\x86FhM,\xa66\x8a\xb2\xb6\xd0\x18\
O\x1c\xe1/\xeb\x8d\xa1{\x95\xd0\x10\x11\x7f\x12BW\
\x02Z\x7f}Z_&2\xdf#\xd6]\xe6x0\xfa\
\x16\x91;\xc35\x0bdx\xf8W\xc0'\x98\xf1\x8b\xb2\
\xe8F\xd1\xb1\x18C6\xdd\x93\x95ex\x1e\x93\xbfE\
7HZE6dS\xd9\x9f\xe0\xd9\xff\xfc\x03\x83\x80\
\x92\x0b#t\x937\x13\xc0\xf9\xdfCTC\xc9\x02S\
s\x22\xd9\xb5R\x09\x83<\x9e\xc5\xec\xdf\x15`\x08\xfe\
l\xbc:\x84e\x92\xed4+\x12\x16(\xd4 mm\
@r#\xcf&F\x8c\x10\x84\x08\xde@$\x8e\x14L\
M\xf0\xe2Q*\x1c\xf5\x1b\x1e]\x00\xb7\x95\xb0\xb6\x8b\
=\xae\x80\xbeA\xe7\x0a?\xef\xd4\xd1\xab\xb6\x8d\xc7Z\
\xe5\xd3\x02~/\xcd\x16\x10\x15q\xa0\x00ci\xa9\x01\
\x9ez\xe2S\xb9r\xcb/X{\xd4\xe1\x0c\xea!j\
S\x05ei\xb0d\xd6\x8f\xf3U\x840\x5c\xcc\xb9E\
\xc1\xe2pe\x03^\xdc\xb6\x03\x95!\xa18\xe1\x00\xe5\
\x05\x8eR\x8a?\xff\xdb\x0f\xf3\x0f\x9f\xff'\x18\xc8\xd1\
z\x80b\xf1\x04\xa5\xa9\xa9T\xe5gFH\x08?a\
\x8aF\x12\x91\x84\xf9\x13%\x1f\xea\x15\x22\xca\x22]$\
\x7f\x0b`R\x04\xa8\xe6\x85\xa1\xd8s\xe1\xcb\x8a(\x94\
\xe7\xbb\xba\x92&\x0dB\x88faqV n\xdc\xb3\
\xd1,^\xbc\x84\x0b\x9f\xf5\x0cV\xafZ\xce\xec|\x97\
VQ\x90\xe7\x19R\x13\x91e\xae\xda\xbf\xac*2\xad\
\x1b\xfa_\x96,L\x0exA\xae\xfc\xb5b|\x13\x85\
\xad\x221\xd4\xa25\x13\xfe\xf2\xc2\x22\xcb\x14\x8f\xed\xda\
O\xaf\xdb\xa3\xc85s\xdd.\xee$g\xeb\x0b\x17c\
\xaf\xbb\xcc\xbb\x8e\xe2Rc\xc52U\x0ae\xb5O\x0d\
I\x1eW\x81\x16oK\x05\x1d\xaa\x94uFp-#\
\x97=\xbd\x19\x1f>\x17\xe5c\x95\x8f\x84\xe0\xa6\x1d\xce\
\xf5x\xf2\x19'\xf3\xea\xf3\xcf\xe4\x15\xcf9\xcd\xaf_\
'\xa8\x8c\x10\xf3\x9c\x1fP\xa8\xe2*\xb0\xb8\x9a\x92\xa2\
\xc8\xf9\xdc\x7f\xfe\x98\xff\xf8\xcc\xb7)\x96\x8fQ\xf6\xeb\
\x84\xa7\x0da\xb4\xab\xf5\xc6\xb8\xf7\xfa\xc3a@b\x5c\
\x86\xf9\x00D\xa5\x8e\xc8\x01Y\x9b7\x04H\x1c$\x89\
P\xc8\xf5F\x91y\xe5\x7f\xcc\xba#8\xf3\x8c3\xe8\
\xf6\xba\x0c\xd7\x03\xe8,K\xee\xdf\x8cr\x0a\xce\xc3\xc4\
\xccD\x98\xa7Et\xb5qQ\xb8\x87\x1e\xda\xc2\xdb\xdf\
\xf3QL\x9d\x91gm!\x0d\x04\x82\x8d,s\xca7\
)kx\x85n\x0c<\xf6\xd8fFF\xe3\xd9\x1b\xa4\
{L\xef\x13\xfe\xb6n\xa2\xa1\xc9X\xb1|1\xcbW\
,\x0a\x97\xc9!>i\xa1\x9f\xe4\xd0\x95\x97\xe5u\xed\
\x86N\x15E\x01Y\xc6\x9dw\xdf\xcf\xbf~\xfa\xbf\xf8\
\xe6\xb7\xbe\xc7\xfcL\x0f\x86Gh-ZBYV\xf4\
\xfb\xe9\xd0\x8d\xb8\xf4\xa8R\x93\xf7\x05a\x09\x0d\x85\xbf\
\x83s*J+\xa1\xd3@Y\xa2\xdf\x04\xe9\xc2\x97A\
E#\xc5\x97aQ)\x9c\x84\x8f\x88\xd4\x12\xc1\x96\x0a\
\x1a\x89\xc2:\x00Ei\x98\x18\x08*\xc1\xa9\xa7\xb5\x88\
BI\x1d\xaa\x06\x8eT\x03\xc1)\x5c\xdc\xcf?0\x07\
@\xf6\x22\xe4#Kt\xbd\xe7:X\x1bi5\x80Z\
\xf0[Bv\xaa\xf9\x8c\xc0\xd0!d\xe2A\xa2D\xf8\
K\x9e\xd6&p\x8a\x96\xb0\x91\x02\x9d\x14(\xb2\xb94\
\x1c\x98Zs6Y\xabx\xd5XB\x82\xdf\x8a\xb9\xe0\
\x9f\x99Z4\xc6[\xe9\xda\x86\xfb\xa8d\xfc]X\xa6\
\x17\xd2\xf6\xea>jU\x86\x1d\xd40_\xbbJ;\xed\
\x0a'\xc1\xf8\xe2?\x11\xa6~\xf1\xda=/X\x97\xde\
r\x96\xc1\x14\xeek\x9an\xd9\xe5\x8a\x07\xafd\xd5\xe2\
5\xfc\xdb\x0b\xfe\x89\xe5\x13\xfe\xc48\xafo\xab\xaab\
\xbe\xec\xd2):\x09Q'\xc4\x90\x86\xc4\x03\x9e\x04.\
\x04e\xbd\x10gVYj\xe3\x8az6>\xba\x91\xcf\
]\xf2%\x8a\x15\x8bQVQ\xf5K\xaa~\x1d\xf1)\
\x94\x14\x18!\x89\x97\x04fJX\xcc\x0a\xa3\x05\xb2\xf7\
\xca?H\xd3\xa8\xae\x1b!2\xd9\x92MR7\x91\x09\
#E\xea\xf0\x9d\xa6y\x15\xe9\x22\xe0=\x11\x8e.\x0f\
\xa7|\x886\x11\xc8\xc3\x83<\xbas\x17\x0f>\xfa(\
\xeb\xd7\x1d\x89V9\xa6\xb2\xf4\xeb\x92v\xbbE\x96e\
\xec\xd8\xb3\x97\x89\xb1\xd1X\xb6 \x0a\x5c\x96\x84\xa3U\
\xe3\xbbK\xf2\xdc\xf5\x80O\xcd\xcc02<\x14f\xa3\
\x07\x85\x10\x16\x1d%\x8c\x13@b\xe4\xb8\xf4\x815\xf0\
\xeb;\x1f\xe4m/}&\xbf\xb8\xe1f\xa6\xca\xca}\
\xc7X\xdcT\xff\xb8\x00'pbD&\x18\xdd\x08\xfa\
l0,\xdc:t\xa8\x08w\x82\xcd{(\x15PY\
d\xf2\x9d\x12\x9e\xb1\xb5\x97 \xcai\x16\xa5\x9cR\xcc\
5U\x7f\x0e\xbb\x7f\x9ew\xbf\xe6\xd9\xbc\xe8\x19\xc7\xb9\
h\x111\x1f\x9eF\x9c\xe4\xc0\x94T\xe9X\x02\xcbb\
\x8d%\xd3\x9a\xc9\xa99~\xfc\xcb;Q#Cav\
\xbb\x83\x95\xf7\xfe\xc3@ o\x04\x88\x02\x17/\xd7\x8a\
\x98\x96\xee!\xf1\xe3\x12cA\xe0&t\x19h9*\
&I\x0dh\xad\xa8\xa7\xe78\xed\xd4\x0d\x9cu\xfa\x99\
\xe4\xb6f\xf1\xe2q\xac5h\xed\xc7\xe0\xa6\xa1\xe2T\
\xcb&8\x97\xc9\x99\xb2}\xa5T8/c\xdb\xf6=\
\x5c\xf4\xaeO\xf2\xc8\xb6\xfd0\xb8\x98%\x8b\xc6\xfc!\
B\xce\x00\xb5*\xd2P\x08i'\xf7\x0f\xba\xd3[6\
u]180\xc0\xd4\x81I\xa4\x10Rx1$\xe6\
\x04\xb4\xf2E\x0b\xa6\xae``\x80k\x7f{?\x7f\xf7\
O_\xe7\xb1-\xbbx\xef\xbb^\xc6\xba\xc3W\x87\xf5\
\x9387J\xb9i\x93U\xbf\xa2\xd5*\xc82\xcd\x7f\
}\xf9\xdb\x5c\xfc\xcd\xefr\xeb\x9dwq`\xc7>\xf4\
\xd88\xad\xf1A\xca\xca\xd2/\xeb\xe8\x98\xfb\xf54\xe0\
d\xc1M\xefK\xe8d\xa1\xd5\x1d\xea\x1el\xa0\xb1\x85\
\xca;\x5c\x1ahm\x01\xff\xa1\x22\x9a$z#\xcf\x09\
\xbaG\xe4P\x1a\xb9\xf2Rf\x81s\x1c\xa2\xbb\x81\x96\
D\x0f\xa5\xfa3~G\x8c\xcfX\xff&\x11*\x7f]\
R[\x10p\x1bw\xddx\xe9\x05\x7f'\xcbJa\x98\
\xdcL\xc8P5\x1eA\x94\xb8\xa9B\xb7\xc1\x9a\x88!\
,aha\xbd\x98\xff\x8e\x10OB:J\x80\x147\
\xea~\x0fd\x89(.\xe5\x09X\x05F\xf5H6\x09\
\xfe$\xea'\xdf\xf4H\x14\x81\xe7\xaa\xfcc\xd8\xbb\xb1\
Ek\xc3\xf7\x95\x93).g&\xf7\xafq]\x01\x80\
\xdak\xb1\xbf\xe8A\xa6\xb1m\x85\xca\x5c\xd8\xdfEO\
c\x8f\xb9\xc5\xc6c\xd8\xb0\xfe\xec\x0c\xaf\xfc\x95\xc3\x90\
\x95S\x0f\x0bW\xa0s\xd8\xd2u\x9cv\xc4\xa9\xdc\xf0\
\x89\xdf\xf0\x84\xc3O\xe5\xca\xdb\xae\xe1G7\xfd\x94;\
\x1e\xbe\x97-\x076\xf3\xad\x1b\xbf\xcfto.(-\
g\x04\xd8\xa0\x84\x17\xea9 X\xe5Qe&\xf8\x93\
\xbf\xac\xeb!\xd7Z333\xcd\x5c\xbfG\x8d\xa5\xaa\
\xcad,\xb4\xd0H@e\x02\xbfHK\xd1X\xf3\xdf\
\xf0\xde\x07*5(mrM|W%_\x96\x16\x1d\
\xb9G\xd8O\x08\xc3yz\x95p\xa5(\xba\x06\x01\xf8\
\x10\xae\x18\x16\xb2\x94pY\x02?\xf9\xbe1\xe8v\xc1\
\x0f~~\x15\xd3S3hm\xc9rM\xbb\xdd\xe2\xfe\
G6\xf1\x7f\xbf\xfbC\xee~d\x13y\x96Q\xb4\x0a\
B\xbb\x1e\xc2\x0b~\xf2\x9e\xd6d\xda\xb5\xd4]\xf6\xcb\
_\xf2\xeeO\xfc-\xbb\x0f\x1c \xf8 ih8Y\
w\xdc\xa7\x00\xd3-Z+M\xb7_\xf2\xd2\xa7<\x81\
\xbb\x1f\xde\xc2\xec|\xd7\x91\x97\xa9\xc0\xfa\xe3q}=\
F\xe0%\x19\xe0\x13\xf6\x19\x95\xa4\xb2\xc6\xcd1O\xc2\
\xe8\x02\x03e\x0c\xb6\xae\xdd\xe7\x95(S\xe3\x9fSy\
\xe5\xe1\x87\xefP98\xd7\x15\xad\xccPO\x1e\xe0\xd0\
\xf1E\xfc\xfd\xc7\xde\xc4\xd9'\xacrG\xb4\xa6\xc2R\
xCx2}\x89\xd7\x96\xf2(NI\x16E\xc1\xab\
_p&P\x92\xe6?\xdd\xbakT#\xec/\xbfZ\
oh'\x04+\x86\x80o\x17\xf4\xc3\x91cdF\xbe\
,\xf2L\xe2\x8f*\xf9\xdfZ2z\x14\xf4y\xd7\x1f\
\xbf\x8a\xf5G\xac\xe2\xbd\xef}\x1dZ+\xd7\x13\xef\x88\
A8\xbfqOR\xbaF\xc54@p\x80\x1c\x8c\xca\
\xb2\xe2\x8f\xff\xf4\xa3\x5cs\xf5\x8dt\x86\xc7QE\xc6\
\xee=\xbb(K9d\xc7\xdd\xc1$\xdb\x8d\xf4$\x22\
[\x05\xc5\xa3p\xc3\x88\x0e?l\x0d\xd6\x1bd\x0e\x12\
\xb2\xf787\xc1\xa6\xf0\x12X)\xd8?3\xc7_\xfe\
\xedg\xf9\xfc\xa7\xff\x87\xef\xfd\xf0:\x94\x82\xaa\xac\xb1\
!\x05\xe5h\xa9\xf4']\xb6Z\x05w\xdf\xf3 \xef\
\xff\x8b\xbf\xe7\xado{?\xbf\xbc\xfaF&\xe7\x0c\xc5\
\xc4\x22L\xed\x86\xf6\x08=I*&\xb6\x80'\xfc\xac\
 \x14)\xa6\x82M\xa0\xa8 u0\x04w\xee~\xa2\
lM\xb8\x9f\xd3\xe9My\xd4H\xb7\xc9}\xc2\xc3S\
\xf9\x99\xfe&\x7fIJ3\x92\xae\x15\xfcz\xdc&R\
\xee \x5c\xa5\xd6\x89\xf5\xb2,\xca\xd3\x88\xe0\xf4{\xae\
\x9b\xee`\xdc\xcb\xeb\x0f\x8c\x02V(\xa5\xdda!\x81\
8\xfc-$\xa7\xe3\x05Y\x90\x9b\x9ep\x9d\xa5.9\
C\xd9R\x0a\xb0&\x03\x8a\xa0\xb3Ru\x99\x5c\xdf\xec\
\x06q\x9f\x19\x99\xce\x04\xa1\xa8-(7'\x05\xa3\xa2\
K\xab5\xb14\xf0gI\xfa\xb2i\x1a5\x0d(\xc6\
\xcf]\xc4\xd4\xfa\xe1-\xde\xd2\x13\xfaS`k\xffw\
\x01\xea\xde\x0a\xb5\xac\x0f\xa7g\xd89\xe3\xe6\x05d\xb8\
\x93\xca*\xe2P\xa1\xda)~\x99$\x17Z\x1f%0\
\xa1]\xc1\x9e\xe9ZNXq\x02\x97}\xfcg\x8c\xb5\
\xc7\xb9\xe4\x97\xdf\xe2+\xd7}\x83\x9b6\xfd\x16[W\
\xbc\xeb\xb9\xef\xa2\xd3n\xf3\xa2'>\x8f\xe5c\x8b]\
\xa8\x9e$$\xa4\x14\xd6\x1a\x8c\xa9\xc9|\x97\x80`\x84\
\xc4\x12\x0e\xd5\xc1\x91\x8a\x11\xe5\x90\xe797\xfd\xf6f\
~{\xdb-\x9c~\xec\xc9\xdcp\xf7-\xe4\x03\x03\xee\
\xc8\xdd$d)\x04\xea\xfe\xd2\xf1>\xc1s\xb2\x91\xa2\
\xc4k\x07\xaf4\x1e'\x8c\xe55\xb2|\x96\xc4\x13\xfc\
\xeaT\xc8\xe2X\x92\xcf\x13\xe5x\x90\xd5\x83\xa5Q\x8d\
\x1bd\x8a\xf1\xb0J\xee)JO\xbb\xcad\xf6N\xf2\
\xacs\xce\xe1\x1d\xaf\x7f-\xfbff\x98X4\xce\x83\
\x8f>\xc2\x15\xbf\xf95u1\xc0!\x8b\x97\xf1\xf4\xd3\
OuG+\x1b\xebO\x10\x8cL\xebB\xdd\x19\x9b\xb6\
o\xe7\xa1\x87\x1f\xe6\xba\x1bn`\xeb\xce=\xbc\xf1\x95\
\xaf\xe4\xc8\xd5\xab\xb16v\xb0\x84\x80M\xf0\x8c\x03T\
bA\x10q\xf3\xc3\x03m6\xef\xda\xcfG\xfe\xf9\x0b\
T\xc6\xa2\xad\xc1'\xfe\x83n\x91\xa3\x8d\xa3}!\x87\
%\xa5\x22\xcb+\x1c\x9b\xa4\x06|\xb4 u\xa4\xa8p\
D*\xc7g\x06#+d\xb1\x03\xfeZ-Mo\xdf\
$G\x1f\xbe\x96o\xff\xc7\x9fq\xe2q\x87RW\xb5\
?\xce\x22\xf6<8\xec\xc4\x8a\xf3\xb8g_\xf7\xe1\xd1\
\xd7h\x17\xb3\x8a\xdb\xef\xd9\xc2\xa5W\xdc\x8a\xade\x82\
\x9b\x18 \xd2\xe2\xe7\xf1\x1b\x04\x80\xac5\xb6\x06F\x0f\
+5\x06<M\xa9d=~O.\x9dhA\xf9\x1c\
\xae\x1f\xad\x9c\xe5\x96r\xcf\x01>\xf4\xa1\xf7\xf0\xdc\x0b\
\xce\xa3,K\xda\xed<\x99p(\xb8M\x8a\xfdR\x1e\
\xf1\xaf~YQ\x14\xde\x9b\xf7<\xe6J\x88\x14\xefx\
\xff\xa7\xf8\xc9\x8f\xaf\xa6\xb5b\x19u\xd5\x85~\x8fg\
<\xf5l\x06\x06\xdaTeE^\xe4\x9e\x0fmC\xd6\
\xca\x1e\xac\xbf\xa7\x96\x14\x8f\x82N\xa7\xcd1G\x1f\xc6\
\xee\xbdSnbQ\x90\x1fQ\xd1\x86h\xa9Z\xe8,\
\xd5\xee\x1e\xe3\xa3T:gvf\x92\xe9\xe9Y\x06\x06\
;!%f\xaden\xb6\xcb\xd0\xf0\x00[\xb7\xed\xe2\
\xa3\x9f\xf8w.\xf9\xee\x0f\x99\xd9\x7f\x00=:\xee(\
\xad2\x94\xa6F\xa2>A9\xfb\xe7\x87y\x17\x9e\xb6\
\x94\x8a\xe1s!r\xf7\x8f\xf2\xac\x11+\xfae\x0d\xc1\
Y\xf5?\x03\xad&z-\x08\x0e\x07\xb8@\x13i*\
3\xfc\x16\xe4\x8b\xc8\x15\xff\xbb\x22\x05v\xb8\x9f[\x9a\
\x0dwQ\xa4)\xcb\xa6\x8el\x88c\x15\xf7\x1c\xd6 \
\xca\x02\xd1\xdd\xfe\xb1\x89\x03\xd1X\xab\x7f\xfd\x81\xe3\x80\
U\x00f:\xb9\x09\xbf\x87 \xb8\x83D\xf1\x8f\x96x\
g\x98\x0e\xe5\xef\xd84K\x08\xb9\xcct0J\x00b\
\xfc\xc5\xdd.Zh\xb1@\xd0A\xc6\xc9oa\x1e\xff\
\x1c+\x82G\x22\x0c\x89\xe5\x14E[\xb2!\xf7Cn\
\x1b*\xe5\x13E\x11\x0a\xca$\x9f(\x86fjP\xe8\
\xe62T\xa6\xb0\xd7\xf6P\x8bZ\xd8C\x94\x1b\x1d\x9c\
\x03\xa5B\xf9\xf6?\xa5\xf0\xa9\x00\x82\xe2\xb7J\xa1\xb2\
Dpz\x05b\xcb\x9a\xf3\x8e}:w\xdes\x17\x7f\
\xff\xbdOq\xcd\xef\xae\x82ah\x8d\x0dRQ\xb1c\
\xf7^>\xfd\x96O112Jm\xdc\xc9j1\x97\
\xec\x8a\x9ft\x96y\xe5\xef\xeb\x02H\xf2WV\x04\x91\
\x10\x98{\xdb\x08\x0c=\xec'\xa7'\xe9\x97\x15S\xfb\
\xa7\xc2I_\xc1)\x0b\xd1\x14g@\x8a2\x08\xde\x9d\
\x17|\xa2lR\x16`\x01fD\xbd7\x8dG\x12N\
\x08\xa2\xd3\xe3\xcb'\xac\xa2[Lc\xe0\x88\x05\x09\xf6\
7\xa3\x00\xf2>~\xd3\x11\xa96\x89l(\xa5\xa0\xac\
X2:\xca\xd9g\x9f\xcd\x8b\x9eq>\xdf\xbd\xe6\x0a\
\xee\xb8\xe7.\x8e;\xf4P\xfe\xfb\xfb\xdf\xe7\x94\x13N\
\xe6\x8a/\xff\x0f\x0a\xe8\x97%Ze\xce\x0a7\x22\x13\
\xdc\xbdjc\xf8\xdeO~\x86E12\xd4\xe1\xa2\xd7\
\xbf\x9e\xc7\xb6l\xa5\xddvs\x03\xea\xba\x8e\xf3\xd2\xd3\
t\x89\x8a\xc6m\xd8A\x12\xa2\x17\xfe\xf8\xfe\x15\xbfb\
vf\x8abx\xc4\xf5\xf1/\xf4\x8cD\x00\xa6\xe9\x0f\
\x9f\x9f\x87h\x9c9\xbd\xac\xfc\xf9\xe9 \x06\x9a\xf3\x9a\
q50\xb5\xb0y\xa4\x1dQ\xaa!\xbc\x9d\x17\x14\x99\
\xa179\xc7\x93\xcf8\x95/\x7f\xeam\x1c\xb9v\x09\
\xf3\xdd>\xed\x22\x1e\x0d-\x82T\x85\xffH\xdes\x1b\
\x90\x22\xd6\x84P\xa8\xac+|\x9c\x9c\x9e\xe6\xf6;\xee\
E\xe5\x85\x1b\x80$\x86\xa9\x08\xed\xb4\x06 Q\xeeQ\
\x81X\xbf\xb7f\x8f\x7f\x14\xc6\xfe\xf3D\x89\x22\xe1^\
)jV\xa0\xb5\xc6\xcc\xcd\xf1\xcc\xe7\x9c\xcfK^p\
>\x83C\x1d:\xed\xd1\xa8\xfcm\xeau6H1\xd0\
\xab\xc5`\xea8\xa6Y\xbe\xb3\x7f\xff\x14\xf7\xdc\xb7\x89\
\xab\x7f\xf3[\xfe\xf3\xf3_\xa6X\xb2\x98\xb2\xd7%\xcf\
\x0c\xca\x96\xe1Hf\x1b\xe8B\xe0\xd5 \x1a\x8fg\xf7\
\xbbAB\xf4\x8a\xaa\xaa\x98\x9a\x9ca\xa0S\xb8\x91\xce\
\xa2SS\xba\x09d\x94\xe6\xb4\xdd\x9d\xacU\xf4z5\
\xb4\x0a\xbe\xf4\xf5\x1f\xf2\x8e\xb7\xbe\x88~\xbf\xe2\xe1\x87\
\xb72;;\xcb\xedw\xdc\xcf\xbb\xdf\xf5Z~u\xdd\
\xad\xbc\xeb=\x1f\xe6\xf6[nGOL\xd0\x1a\x1f\xa7\
_\x19Ok>*'\xb0O\xd9\xd5\x92\xe8\x00\xb9*\
\xf2mh\x93\x8b\x1a3Y\xbb,4*u\xc9\xbd\x07\
;\xda\xd3r\xb4k\x12\xc7\x06\x08\xc3\xc3\x9c\xb2\xf0\xf2\
#\xf5\xde\xfd\x9al\xca\xaf6\x11;\x82{\xf9=\x8a\
\xa3h\xd0\xdb\x83\xee\x19\xa0\xde\xf08\xe3\xb3\x16*\xfb\
t5\xbf\xef\xef\xdf_\x04(\xc5\xc1\x09\xb3Ya\xfc\
D\x90\x89u\x16\x05\xb7#\x07\xf1\xc8\xc2z\x13e\xef\
\xde\x13d\xf8\xe9zb\xb2\xa0\x90^u\x85\x0d\xed1\
6\x01`4\x14\xe4YD\xcf9Ij\x04\xb1\x19\xa8\
\x01\xe4\xe8\xd6\xb0?\x11\xcc\x1e:\xc2,B;\x011\
\x02\x81$\xe2\xd0x\x90\x97)\x22\x1cU\xad\xb0~,\
\xb1\xbd\xbc\x84\x97\x160\x80\xeb\x91\xce\x81J\xa1*\x09\
\xf9+?\x1a\xd8\x09\xa0\x80W\xe5\x99\xcb\xb8jz\xd5\
V|\xfe\xaa\xff\xe0\xff^\xfa\x19\x8c\xaa)\xc6\xda(\
\xad\xe9\xef\x9e\xe3\x94c\x9f\xc0\xa7\xde\xf01&FF\
\x99\xefwie\x85oC3dy\x86F\xa1s\xe7\
}h1\xa6\x10a\x13\x05\x9cRq\xdaZdj\x07\
I\xad5eU\xf1\xcc\xa7=\x9d\x9b\xee\xba\x95{n\
\xfb\x1d\xad\xd5\xcb]\xff\xb1Hi\xdb4(\x02\xec\x12\
\xc5\x13\x05F\x0c\xd3G\xa5\xde\x00i|z\xc2\xefJ\
\x89\xb2\x8a\xb8Y\xb0\x0b\x8f;\x0f\x7f\x15\x8b\x8dRo\
%\xd6)\x88\x82\xf7\x02M\xa5BX\x9e\xa9\xb0u\xcd\
\xe2\x81!\x8e;\xfc\x08n\xbc\xf9V.\xfb\xd5u\x94\
\xad\x8c\x81\x5cq\xd9O\x7f\xcc\xf3^\xf4R.\xfe\xc7\
\x7f\xa1\xea\xf7]\xe3I\x18pc\xa9\x8c\x1b\xb1\xda\xed\
\xf5\x98\x9b\x9dc\xd1\xa2\x09\x9e~\xceYL\x8c\x8fq\
\xdf\xc6G\xf8\xe8?}\x9ao\x7f\xef\x87\x5c\xfa\x8d\xaf\
4\x19Y\xa5\x05A\x11\x08\xa1\x1d\x0e1\xd6b\xe4\xcc\
Z\xf8\xc5\xafn\xc4\xd45Y]#E\xa5\x0d<\x10\
8Gn\x08\xa2\x04\xac\x8a' [\xc1Y\xf4~\xf0\
<$\xca\xdf\xf1X\x1c\xba\x14 g\x1d\xbf\xe8\xbcE\
e\xa07\xd3\xe7\xc5O\x7f\x12_\xfc\xbb\xb7\xb2xl\
\x80~Y1\xd0*B\xe5s0\x00D\xc0\x13P\x13\
\x95~\xeatx\xbcT\xb5\xeb\x1a\xb8\xf9\x96\x07\xf8\xb7\
\xff\xfbm6m\xdf\x8d\x1e(0azMM:\xf2\
\xd7\xad+\x1a\xc6\x91\xd2\xbdr\x0f@6Ao&\xd4\
\xe2\xb7\xd94\xb8\x82l\xf2\xc4\xaa3M\x9du\xd8\xbf\
g\x92\xce\x80;\xf4\xaa,\x93\xd9\x06\xc9+\xc8\xcf\xa0\
\x80T\xf0\xca\xcb\xba\xa2\xc8\x5ca\xa51\x86\xda\x1a~\
\xf7\xbb\xfb\xb9\xe3\xfeG\xf8\xd4\xdf\xff+\xf9PN]\
\xf6q\x13#j\x14e\x12\xfa\x8f\xa9Tc\x85\x07\xdc\
\xee\xd2XK\xe0\x0f\x14\xd6X\xf2<chd\x88\xed\
\xbb\xf6\x83/jM\xb9K\x8c\x9c@O\x09\xb9\x86\x9e\
wS\xa1\xc8\x98\xa9r\xbe\xf1\x83k\xf9\xee\x0f~\xce\
\xefn\xb9\x15\x9d\xb78z\xfdQ\xdc\xbb\xf1Q\xfe\xfb\
\xbf\xbfNY\xceQ,\x1a\xa5\xac*\xfa\x95\x0e^\xad\
(\xcd(\x07\x12\x03\x8c\xc4p\x0a\xfa\xc9\x1b`\x0d!\
\xe2\x17\xb7\xc0\xd8oX,!*$\x9a\x1f?\x17B\
\xe6_\xf8\xa7\xdb\x05_\x0c2\xee`\xa5\xeb`\x13\xb4\
\x0f\xe1d\xd5\xb4\x06-\x14\x9a\x13\x00\xd9\xd4\xeb*\xd0\
\xa9('\xb7\xd5\x94\x0f\x1b\xbb\x0dr\x22\xe5\xf3\xa6\x14\
;\xf8\xf5\xff\xe9\x02P^\xb0\x04\xf1\x13\xc3\x13\xd6\xfa\
\xa2\xb6t\x11\x11UJ\x89P\x90\x0b\xa2\x96\x0d\xce\x07\
8\x0bS'\xdf\xf6\xdf\xd1*\x12\x81\xbb\x87\xdf\xb0N\
\x81\x90\x18\xa3AK\xc8\xda\x88\xf2\xd2\xe2\x0fn\x91e\
\xa8\x10\xcd\x221^D\x86)\x1d\x01)\x86\xc1B\x8f\
C\xf6\x13\x0a\x8c\x11\x03E\xd6e]M@aa/\
\xd8\xcbJ\xd4\xf3\x0bl\xc7\xa2*P\xb9\xc2\xd4\xcaO\
\x08\xf4\x98\xd4\xb8\xa3\x88}M\x81s^<a\xd4\xa0\
*\x85\xedXtG\xa1m\x81\xa9\x0cf\xb2\xe4\x99'\
>\x8bO]\xf4)\xa6&\xf7\xa3\xfa\xb0b\xf9r\x1c\
h\x15yQ0;7\xc7/o\xbd\x96\xaa_\xf3\x8c\
'>\x85\xe1\xa1AG\xe4A\x9f\xa8\x84&\x1f\xdf\x92\
\x8c\xc0v\xdf\xb8\xea\x9akP\xed\x16\xb6W\x91\x16\xf6\
\x08\x22#\xec\xa2\x1f/\x08H#JI\xf0?0\x8a\
X\xf8be\xcb$F\x82\xa8V\xc9Cb\xbdA\xb4\
\x09\x13\xe3F\x09\xb1\xd9\x10\xa1\x88V\xa20X<\x17\
 \x92w\xa8\x1eH\xb6\xaf\x98\xecv\xf9\xd5\xcd\xbf\x05\
\x0c\xf9\xc0 y\xde\xa2kk\x9e\xf6\x94g\xf0\x95O\
\xfe\x1d\xc3\xed\x0e\xb3ss\xd4U\xc5@g\x10k\x0d\
\xf3\xdd.\x03\x03\x83\x1c\x98\x9c\xa6\xd3*\x18\x18\x1c\xe4\
\x1f?\xfbEj\xad\xd9\xb6};_\xfe\xf2\xff0\xb3\
{\x0f\xcfx\xf1\x8b8\xfb\x09\xa7\xb8c\x9a}\xff\xb6\
\xc0S\x08\xcf\xe1\xccx|\xa9\x80\xaf\xb4\x98V\xeb\x8c\
\xf1\x91!\xbfg\x8b\x14\xe2E\x1e\xf4\xf7\xf2\xda\xccE\
\xf4\xe4\xfb\x827\x0f'\xe15[\x13\xa3C\x16U[\
\x1f\xf9\x91Y\x91\x0e\xde\x96\xb4\xa0\xd3U\xf4\x97\xb3\xfb\
\x98\x18\x1e\xe3s\xff\xfcN\x9e|\xda\x06r\xe5*\xc3\
\x8b\x5c\xfb\xdc\xb4\xff\xa6\xc7\xa5\xb1\xcd\xdc\xa6\xb5b\x9a\
\xc4H\x94D\xf6d\xbd\x9b\xb7\xee\xe1\x8f\xde\xf1w\xdc\
s\xffV\xb2\xc5\xe3\x98\xb2\xe7\x19:\xce\xfd\x0f\xde|\
2\xd9/\x1a\xf36\xca\x8e$\xd4\x1d<\xdc\xc4\x08\x00\
\xb7w\xab\xb5\x07G2\x1c\xc7*\xb2\x5cQ\xce\xcc\xc1\
l\x9f7\xff\xd1\x0b9~\xc3:\xa7\xfc\xf5\xc1\xca_\
\xe8*\x1a\x19^\xe9h\xc5\xec\x5c\x0f,\x0c\x0d\x16\xee\
\xc0\x1bc@k\xd6\x1e\xb9\x86\xf7\xbc\xff\xcf\x99\x9e9\
@>\xb4\x08S\x1b\x1f%\x85z\xbe\xe2\xbe\xfb\x1f\xe3\
9\xe7\xe3\xd6\x98\xc93<\x1d\x85\xea\xf5\xf4\xf9\xa2\xde\
\xdd\xf33\x9d\x91\xeb\x8a\xa9\xe9\xe9X\x1f\x9d(\x9d\xa8\
S\xc5\xe2Q\xa2\x1c\x02_YS\x83\xd6L\xcd\xf6x\
\xcf\x07\xff\x15\x06\x0a\xb2\xf6\x08u\xd9\xe3\x96\xdb\xee\xe2\
\x96k\xaeF\x0f\xe7d\xed\x16e\xaf\x92c-\x13\xef\
>\x16y\x93\xcc\x5cY\xa8\x83\xa3BM\xe4\x08A]\
\x04\xd9\x1a\xea\x80\x84\x9eC\x87\x99w\x08\x855\x94P\
\x86\x0db9\xddj\x90+1\xbc\x90\x18\xa9N\x96X\
Q\xce\xd1\xa6\x13jK\xa2\x0b\xd1\xb0\x88\x0eG\xe2\x96\
%4\x1e\xf0D \xc4\x05/\x9b^\x91\xb2\xf8A\xaf\
\x86\xed\x83\x9bU\xb7\xe0\xadx\xe1A\xdfO\xaa\xc7e\
w\x8eX\x13E)\x9b\x94\xbbD\xb9O\xf4\xdal\x80\
\xaaR\xcd\xe7\x07el\xf1\x96i\xb2p\xa13\xf1,\
\x15!\xfc/Lj\xc3\xc6m\x93^<\xce\xa2\xf7+\
\xc25\x0a\xcf\xe0\x81\x88!\x00M\x83GE\x15\x14\x88\
,\x01\x92m\xe2!\x5cC\x01<l\xe0\xaa\x0a\xf5\x8c\
\x02\xdb7\xa8\x1a\x17\x05\xc8\xac+\x1c\x14E\xd5\xa8\x99\
P\xae\x9d\xceo\xcc\xe5>E\x99\xbab\x1dZ\x96\xb9\
r\x9e\xff\xf3O\x1faxx\x9cw\xbd\xe2]\xfc\xe2\
\xfa+\x99\xed\xce\xf1\x84\xe3N\xe5\xc0\xdc$\xdf\xfc\xd1\
\xb7\xf8\xd1\xe5?\xe2\x9c\xd3\x9f\xc23\x9e\xf8\x14\x17\x1a\
M\x95\xbcM\xf7\xeb\x09\xd9\xbf\x11\x14\xa1r\xc3FZ\
E\x8bo|\xef[\x5c\xfb\xeb\xab\xd0\xc3CT\xb6F\
\xac\xe7\xd4\x93\x89\xf7\xb0)z\x03\x8eSO\xdc\xed;\
\x06\x9d\xa3\xe5\xed\x05,q\xff\x016\x81[\xe5\xd9\x9e\
\x9e\xc2]\x22\x1e\xe2\xf3\x1b\xe6C\xc0\xa5 J\x0c\x96\
\xf0\x14o\xb5\xa7@\xaam\x8d\xca\x1d\xdb\xd4@\xa63\
\xec\xdc\x1c\xe7\x9ey\x0e\xe3\xa3c\xf4\xcb\x92\x22\xcb\xa9\
\xaa\x8a\xbc\x95\xa1PL\xceL\xb1y\xcbv\xc6'\xc6\
\xd8\xb3\x7f\x9e\x0f}\xfco\xf8\xeeO/sy\xf9\xda\
\xd0\x1a\xee\xd0Y\xba\x94\xf7]\xf4VOG*\x084\
'4\x12\x1a\x0c\x10$\x084\xf7\xab\x13\x9eeYq\
\xc7\xbd\x1b\xf9\xd9\xf57\xc3\xf0\x10\xb5\xc0\x0ep\xca\xd0\
\x1b;4y+H'\xe1\xadP\x1bap#\xbe\x13\
\x01dU\x18\x04\xd3\x5c\x97\x0e\x82[)\x85\xb2}\xca\
\xe9>G\xaeX\xc9k\x9f\xffT^\xf1\xdc\xb3\xa8k\
_\x9d\x1e\xb6b\xc3\xb3\xa3\xa0MB\xe4\xc2\xbcIZ\
'M\xe9\xd5\xc6\x8d\xd0\xbd\xee\xb7\xf7r\xcf\xc6M\x0c\
,_\xe4\xcf\x11\x88\xc7\xfe\xda \xd2\xd3bF\x1b\xdf\
\xc5\xff\xd8\xcf\x00\x01\x00\x00IDAT\xb7\x22\x9ec\
\x85pC\xce\xd84L\x1b\xb5O\xea\x9d\xc96\x8aB\
\xd1\xdf\xb7\x9f\x97\xbe\xe49\xbc\xfe\x15/\xe0y\x17\x9e\
\xebgfd\xde\x0b\x8f\x8a6\x1a9\x9e\xde\xbd\xb3\x15\
<9\x0b\x9dN\xe18\xde?Kk\xcd\x9f\xbe\xeb\xcf\
\xb9\xeb\xb6;)\x96\xae\xa2\xec\x03\xb9\x022W\x049\
<\xc8\x09'\xacs\xd8\x90C\xa6$:\x14\x14U\xc2\
\x04\xf1\x1f\xf7\xbb\xb2\xe8L\xb3m\xdb.v\xee\xda\xe5\
\xe7\xf4\xfb\xb4\x09\xcd\xd0uC\xbeGJ\x8a2\xd2\xd4\
(\x0d\xf9\xf80\xc6*\xea\xaaFemtQ\xa2G\
\x07(+?]R\x99P\x0b\x11\x8d\x0b\x82\x93\x1c`\
,wW\xe2\xb4-\xd8\x80\xc8\xa0\xa0(T\x12\x04\x88\
\xb8\x12\x98\xcb3b\xcc\xca&\x9f\xa4\xf7\x95OU\xa4\
I\x11o*\xde\xd1&9y\x88)\x85\x80\xccdS\
\xc1\x89\x0d\xbc\x19\xb1`\x1b\xbf\x93\xe8\x9e\xc7y\x05\x83\
\x02\xcf;\xc9\x1e\x17\xe8V\x0e\xfa\x0bru\xd0\xe3\x17\
\xbcD8*<\x7f\xd8X8\x97\x16\xd8\xc9\xe8\xdc\x84\
QS\x00\x89\xacJID\xc5\x07\xa4\xbbu\x88\x14\x1c\
\x92 /AtC\x19{!\xa1\x1a\x94-5\x03\x04\
\xc1&!^\xb9\x87\xc2\xfa\x9a%\x1bZ\xb5\x22B\x16\
By\xc1ZS\xa8\xc9\xf3!\x0a4\xeb\xdeQ\xb5\xbf\
\x7f\xae\xb0w\xd4\xa8q\x05\xa7f\xd8\xd2\xa0\x0a\x85\xad\
T\x80S\xb0b\x15\xbe%p\xc1\x12$\x8c\xe4\xef_\
\xdb\x1a5\xa0\xf9\xf5\x9d\xd7\xb2jl5\xcf<\xf2Y\
\xfc\xd1\xa7_\xc3\xcc\xe6y>\xfc\xf6\x8f\xb2y\xdfV\
>\xf3\xcd\xff\xcb\x0d7^O=W\xf1\x91w~\x90\
\xe1\xa1A\xea\xaaD\xeb<\xea\x8f\x86\xd7\x9d\x18T\xc9\
\xe3k\xdf\xa3\xbbi\xeb\x16\xfe\xec\xaf\xdeOY\xf8\xf3\
\x89\x84\x15\x7f\x9fe*\x02\x5c\xae\x09\xad+\xc4v\x98\
\x85\x96\x93\x08H\xe9s\x15#/\xa0\xd73\xba7\x0e\
\x0ez\xb2\xe4d\xd35)\x88\xc3Ub\xa8\xdb&\xcf\
\x0fBE\xf6/\xba)\xf5.\x94\xac[\xa3\xb4\xa6\x9a\
\x99fdb\x9cU\xcbW\xb2s\xe7.&&\xc6\xb1\
\x0aFF\x86\xd9\xbec\x17\xb7\xdfs/[\xb6\xee\xe0\
\xd0U\xcb\xf8\xca%\x97\xf0\xd5\x8b\xbf\xce\xf6\xbd\x07\xc8\
FG\xc8\xea\x1a\x9dgt\xf7\x1d\xe0\x8f/\xba\x88\x0b\
\xce;\x87\xaa\xaa(\xf2X\xa0\x19\xd7/0L@\x95\
X\x9fuU\x93\x179\xdf\xbf\xea\xd7\xfc\xd3\xd7\x7f\xc8\
Ti\xd1y\xe1*\xb9\x8d(\xb6\xa6E\xd4\xa0\xe6\x83\
\xacW\xd7\xa2\x16ZWC\xbf\x9duQ;|\x8d\x87\
,\xc3\x87\xa9\x94\xb5\xae\x1f\xbc\xaa\xc8\xcb>\xef{\xe3\
\x8b\xf9\xcbw\xbc\x9a\xa1\x81\x22V\xa67\xe0\x9d,I\
\xec9+\x19]\x95lQy\x9a\xb1\xd1HPN\xc1\
+\x95\xf1\xdb\xdf\xde\x8dV\x8a\xb2_F9\x12\x0a\xfb\
R\xef_\xde'\xa6\x01\x84\x86\x12!m\x93\xd3\x01\xa5\
>@@\xae\x02\xac$l\xeb\xe8-/r\xfa{\xf7\
\xf1\x94s\x9f\xc8\xbf\xfd\xed\x9fs\xc8\x9ae\xc1\x90\x89\
\xe9\x82&\xe0U|:\xe1NJ\xb1{\xef\x14C\x83\
m\xf2\xcc\xd5\xf1\xd4~\xae\xc4\xeb\xdf\xfc\x1e~\xfe\xd3\
\x9fS,YEY!\x07y\xf8\x11\xce5K\xc7G\
9f\xddZ\x80\x98\x0a\xb0@:>\xfd \xe4\xfb\xb5\
(7\x81Ok\xc5\xe0\xd00\xc6T`K\xac\xc9\x1a\
\xfa^\x8ade\x07\x8e\x87\xa2\xbc\x8au\x07\xaee\xbc\
\xac\x12lW]\xea\xde\xac\xabS\xd0\xf1\x1e1,\x9c\
*\xd1\xe6\xab\x99\xb2\x92T\xb4\xc8\x9e\xc4p\x12\x83\xc1\
\xcb'ltL\xac\xd7\x13!e\x95\xa8\x1eqL,\
\x01\xd1\x81\x1e\xc23\x1d\xa0\xe2\x8a\xc2\x03\x93\xe8\x0d\x90\
\xa6\x88\x22\x0d\xc5hY\xa0\xb5p+\x1b\xefkR\xc3\
\x22]\xa6(\xf6\xa8\xf3B\x04!UE\x1e\x17\xb1\x08\
\xfb\xf7\xbf\xf2\x86<i\x00\xfbq^*\x85V\x12:\
W\xf1\xbd\xb0\x8f\xf4\xe1\xb2\x81@\xf4M\x01$\x1e\x9e\
\x10s\xb4\xc8\xe5\x0bQ\x98\x0br-b\xddy%\x12\
\x1e`\x02\x22\xe2\x14\xbc\xc7\xd9\xa5\x8d\xef\xda\x05\x1f\xf9\
\x8f\x93\xf0\x8b\xf2\xca7\xf9B\x08-\xcbj\x9a7K\
\x85\x84r\x1d,h\xad0\xd7\xd5\xe8\x01\x85=RA\
\xcf:-\xaa\xe2\xfa\xacZ\x10\x15q\x9209N\x5c\
\x0c\x0ca(K6\x94\xb3\xab\xbb\x83\xff\xbd\xec\xbf\xa1\
\x05\xcbV\xae\xe0\x9f~\xf4)v\xee\xd8I]Z\xca\
\xde\x1c\x7f\xf3g\x7f\xc7i\x1bN\xa2_\xf5)\xf2B\
\xf4\x9c7.c\x92G-\x00\x82R`\xea\x1a\xa55\
[\xb6l\xe1\x15\x17\xbd\x9a\x9d\xb3{\xc9\x86;\xaez\
\x1b\x9db*\xc1j\xaaSlT\xbe*\x81w\x8a\x81\
D\x86\xd8D\xdb\x07\x5c6rmI\xa4!AQ|\
\xfa\xc1R6D\x0dls\xad\x09+7x\xf2`\x93\
D~\xea\x10\xf5\xb4u\xcd\xaa%\x8b\xc9Z-~w\
\xcb\xef8\xe5\xf0\xc3Y\xbe|\x19\x00W]s-?\
\xbb\xfa\x97\xec\xdcw\x80\x1bn\xb9\x9d\xac\xeeq\xef]\
\xf7\xc0\xe0\x00\xf9\xe0 UUR[E\xd6\xeb2<\
6\xc6\xdb^\xf7\x1a\x82\xcb\xe0i\xb9aT=\x0eC\
J\x98\x12\x05Jk\x0eL\xcd\xf0\x0f\xffy\x09w<\
\xb6\x15\x9d\xe5\xae\x801(<\xe5i\xbe\xd9O.\x5c\
\xd00\x88\x94\xf2\xedr\xca\xb5\x0d*\x85\xb4\xc7\xca1\
\xd9\xae\xc0\xd3\xd7\xea\x04~w#\x8c\xb1\x86\x89v\x8b\
?y\xcb+\xf9\xf8\x9f\xbd\x02lMm,\xb9\xce\x0e\
V:\xc4\x02\xb4\x83\xf0\x96`3\xf2\xad\xe0\xd3\x0f\xf8\
\xd4\x19\xff}\xf1\xe5\xfc\xefw~\x82m\xc5\xc2?\xf1\
\xee\xc5\x08H\xdb\xd7\x9c\xe2\x16\x83\x00\x82A\x80\xa4-\
\xeb@\x05\x8d!/R\x93#\xd0\x17M\xaa\x14:\xcf\
\xa8\xe6\xe69\xf6\xd8u|\xe4\x83\xef\xa0\xac\xab\x90\xf3\
\xd7~\xb0\x93\xfeC\x1eY\x02\x97\xbd\xfb\xa7\xd9\xb7\x7f\
\x86%\x8bF\xb0\xd6\xd2\xef\xbb\xd9\x12\x9f\xfe\xcc\x97\xb9\
\xf8\x7f\xbeN\xb1h\xa9\xf3\x9e\x11\x0d\xa8\xd0\xaa\xc6L\
\xcf\xf2\xc4'=\x91\x15\xcb\x17S\x96U\x18J\x15R\
\xe4\xa2[\x13\xed\xe2\xc6\x05ga\x01J\xc1\xd4\xe4\x0c\
\x9b\x1e\xdb\xce\xa2\x89\x09\xb6n\xdb\x81*:\x91\x16\xd3\
\x7f\x15\x09\x036e\xb9\xbbJ\x0a\x1e}\xd4\xa5.\xa1\
7\x8d\x1c\xbe\xe4\xbec\xa3\x92\xb4&\x81\x8e\x84\xc1#\
\xce\xe5^*<\xedq\x84\xb6\xbc\xabR\xfd\x22\xfc\xef\
y \x0a\xa0@s\xe1\x94D\xd1#A\x9f$\x02\xc3\
\xa6J^\xe8'\xea\xa6\x06\x1e]\xe0,\xbcg}.\
\xa3\x99\xa8H\xbe\xa0h\xd0V\xfcga\x94<I\xa1\
[\x1b\xa3Si8:u\xc2\x03\xff<\xfe\xabq\x18\
P\xe3B\xb1\x9a\xd2\xf5\xca\xc3<0\xa3\xf0\x90\xb5&\
Jw\xe1S\x83\xb6Q\xd1+G\x10\x9f\x18\x11\xc8u\
\x0b`\x14\x8a\xef<\xb0\xfc5!\xb2\xe0dsc]\
\x04%\x1e\x05`L\xb7\xf9\x07X\xfcp\x9ft\xa1\xde\
H\x09\x84\x07!\xcc\x82g(T\xc2\x03\xb2'\xff=\
#J.!\x10\x036s\xd7\x9a\xab*t\xab\x85]\
\xaaP}\xe3\xe20\x15q(\x90':\xebi\xdcM\
\xf2\xf3D*'\xa0A\xd2\xb9\xe4\x1e^\x0c\xb5\xb0\xc0\
\xae\x99\xdd`w\xd1n\x0fR\xe4\x19u;\xe3\x8c\x13\
\xcet\xdb\x0bJ!Q\xf6\xcdd\x15\xb1\x9d\xc6\x1b8\
\xd6\x81\xe8\xbeG\xee\xe3\xceG\xefA\x0f\xb6\xdd`\x8f\
L\xfba5\x09\xb2\x83\x90I\xa0\x99VY&\xd7\xc4\
pg\xd3$\x14\xd8Go\xbby\xff@>\x1eFi\
H\xd8E\xe1\xbc@W*\xa9\xd6N\x05\x86\xd0\x9eE\
\xa1\x13\xda\xb3\x8de\x86K\x03\x03{\xfc\xca\x1ak\xcb\
\xa2\xc5K\x98?0\xc9{\xdf\xf6\x16\xc6\x06\x07\xf9\xaf\
\xaf~\x8d\x9f]\xf1K\xee}\xf8\x11\xa6g&\xd9\xb2\
\xe7@\x88`\xb5\x96.\xa1\xaakj\x8fK\xdd.\xa8\
w\xef\xe3\xa8S\xce`\xc3\xfac\xa8\xea\x9a,\x97V\
)~\xcf+\x02\xd7\x15\x1a*\xac/\xec\xdc\xbeg/\
\x87\x1e\xb2\x94\xbb\x1f\xda\x08E\xe1F3X@\xe9\xd0\
\xf1\x11C\xdf1\xeb\x98\x88n\x7fm$\xfc\xa0\xf8E\
\xeb\x06\x9c:\x05\xa4|\xfdD\x96il\xbf\xeb:\x0e\
\xa6J\x9e\xf7\xba\x97\xf0\x8a\xe7\x9eK\xaf\xdb\xa3\xddn\
\x91g\xc4H\x9b\xd0\x5c\xa0\x11O\xf5\xa2\x94%\xda\xe1\
\x8d \x03d\xc9L\x0b\xac3\x1a\xca~\xc9\xdf\x7f\xe6\
[|\xfcS_ \x1b\x1a\x00\x9d;\xaf\xb5\xd1>(\
\xa7\xfbE\x03\xc0\xa5\xfd\xa5\x0e\x00l`\xd8\x84\xc0B\
_\xbfm\xc8\x9e\xa0?\xfd5\xb2\x09mJ\x86\x8a\x8c\
\x0f}\xe0\xed\xf4\xca\x9aCV/#\xd3:\x86z\xf1\
\xc6\x13\x91^\xc5\x80\x08i+\xe5\x8c\xa9\x91\xe1\x01\xc6\
G\x87PJ\xd1\xef\xf7i\xb7[|\xe9+\xdf\xe1=\
\xef\xf90\xad\x89E\x94R7$L\x02.\x9dT\xce\
\xd3iA\x96iwd\xf3B\x05\x09\x81\x1f\x84\xd0\x05\
\x7fx\x0aPJ199\xc5C\x8flf\xf9\xf2\xc5\
\xdcyk\x85\x1a\x88d\x97z\x9f\x02\xae4\x9b\x18\xdf\
t\xd7\x84|\xbbq\xca\xdf\xda*\xc8\xc9\x85!\xf2\xd4\
\xbc\x12\xef]y\x05\x11\xf2\xea\xc4\xb5\xa4\xca\xd0E\x04\
T\x03\xa6\xe1\xf9a\xc3MY\x95F\x84\x83\x8e\x15>\
Q\xe97\xfc\xf3\x95?M\xc1\x1a\xe2AiB\xb3:\
|5\xea/Y\xb3\xbfK\x9a\xae\xa6\xf1@\x87Jm\
\x13\x1d*8v\xf4\xa9\x22\xc1$)2\x1ba@\xbc\
w\x8a\x86?\xa8\xfd\xf1\xd9\xa3\x85\xf2.<$Q\xf0\
\xee\xe6!(\x96\xe08\x09\xc7\xda\xc8\xb8\x89H\x897\
\x97O\xb5\xecXn\xdc\x08\x9e\x84\xfb\x13,>\xd1\xc2\
\xe9\xf7\xc2W\xdd\xbbV\xbc\x16\x1a\x0a\xcd&\xc2\xcc\xdd\
6\xe6\xe1\xdc#\xbcw\xea\xaf\x0d\xcaE\xac\x8b\x00\x81\
\x08|\xc1\xad\xbc'\xd6\x9d\x18\x09\x91.\x16\xfe\x8dS\
\xf2\xf3P\xff\xbcO\xf6\xac\x16\x8c\x80\xf5F\x00\xa5\x8a\
\x9d\x0c\xda\xc3\xc9\xcf\x0aPV\xf9\xd0P\x0c\x8b\x06\xef\
+\x03\xab\x09\xadZZ\xe5N\xc0+\xcd\xdc\xbe)\x9e\
}\xd6\xf39\xfb\x09gP\xf6{.g\x1d\x88\x5c5\
\xc0%L\xd4|\xb9Iuy\x96\xf3\xedK\xbf\xcf\xfc\
\xd4\x14\xd9\xc4\x18U]EBnx\xaei\xe1\x8a\x08\
(\x1b\xf0\x11\x0a\xcf\x12\xb0\xa6\x96\xb7\x08\xc2TP\xc6\
\xa5\xd8d\xd9\xfe\x1a\xadb+im\xd1\xd6ym\x18\
\xa8\xeb\x1e\xb4Z\xa8,\xf39k\xaf@\x04\x87\x89\xe1\
\xd1\x14\x95\x12q\x88)\x88\x94>-\xd6\xe3Bs\xd7\
-\xb73\xb4h\x11\xff\xf0\xd9\xcf\xf1\x9b[o\xe7\x81\
G\x1e\xa1\x9a\x9eu\x0aRgd\x03\x03\x90\x17X\xa5\
(k\xdf\x8f\xae\x80LCY\xd1\x19\x1e\xe7C\xef}\
\x0f\x99\xc6\x9f\x17\xc0\xc1\xaf\x06#;\x9c\x1b\x8f8\xa5\
\xfc\x80\xbdLs\xe3]\x0f\xb3e\xc7.\xea\xb2\xe7\xaa\
\xcd\xad\x17\xf8\xc9\xd6e\xaf\xf1n\x161\x09\xdc\xb3\x0c\
\xb1\x15\xd0\x154)\x13\xba\xa8\x91\xe1\x14\x22\x18\xc1u\
;T3\xb3\x8c\x0d\xb5Y\xb5|)\xe7\xbd\xf4T\xfe\
\xfcO^\xcaak\x96\x85\x94{@\xb1_\xb7C\xa7\
\x0f\x8f\x8b@#\xaeW\xf8Q\xecPy\x99\x1a\xac\xad\
1\xc0\x97\xbe\xfec>\xfe\xa9/P\x8c\x0c\xf9\x09\x88\
\xd2\xe2'X\xf2\x18\x96(\x88\xb5\x84\xc8\x9f\x7f/\xc5\
y3d\x9a\x06\x9cMb\x90E\xcaqlo(2\
(\x0fL\xf2\xea\xb7\xbd\x99uG\xac\xe5\xb8\xf5k\xfd\
p\xa7\x05HT\x84\xf3\x1dB\xb4\xc9\xc3\xba,\x0d\xed\
V\xce\xbe\xfd3\x0ctZ\xb4\x06rz\xfd>\xedV\
\x8b\xaf|\xe3G\xbc\xfd]\x1f&\x1f\x1d\xa1\xb2:\xe1\
9\x22\xcf\xf9\xe3\xaf\xb7n\xdbE\xaf_\xd1ne\x81\
\xa7\x22\xd8\xfd)\xac>z\xe8\x0e\x82\xaa\xc9e\xf42\
n\xcc\xf7\xd2e\x8b\x99:0\xc3\x9dw=\x84\x1a\x1c\
$\xd8\xf86BE\xf9\xb6\xdb\xd4\xdb\xb4\xa1\xc6Dx\
\xda\xc3\xaa\xeec\xfb\xb3 'JZ\xc1I\x12\x89Y\
\xa8\xa9$\xe2\x8b\xa3\xb3\xe0$\xa4\x025\x09u\x07\xbc\
\x84p\x87\x5c,`\xb0\x09\x0ei\x8a\xf7\xdf\xf3j8\
\xf6\xc1H\xf17Lc\xee\xc9\xfc\x8a\xf0\xb9\xfc\xa5\xc4\
\xdcF\xb20\x0d\xbd\x9a\xd2_\xaa#\xed\x82\xcfCD\
\xda\x0a\xcc\xfc\xed}$.\xb1\xc7@\x9e\x17\x94\xf9\xef\
\xdfc#\x05\x10o \x0f\x8d\xe1\x99p\xc7$\xb4\xed\
\xbe\x98B)\x0dODA\x1e\x04\xacx\xfdr\x0f\xad\
\x92\xef\xa7yx\xa7\x88\x94\xa4\x19l\x146\x96X\x04\
\xa2\x88B$\x1c\xe5+\xc4\x12\xb4\xae,-\x06nd\
\xc3\xe1P\x19e\xdd\xa9|b\x06\x86\x14W\x02p\x15\
\xc0\x9aX_\x02l\x9b\xe88\x95`.Z\xa2JY\
\x97\x8a5\xa0r\x85\x9e\xb6\xd8+\xfa\xf0\xcc\x0c\xdb\xb6\
\xae(0\x830d\xc8+\x7f\xe5CI\x92v\xb3\xe9\
&\xac\x87\xb9\xcc\x80\x10A_\xbbA?\xbd\xf99\x8e\
_}2_\xfc\xab\xcf\xd3)Z\xd4u\x15\x05n\x80\
C4\xe6\xc4\xc3J\xbd\x167]-g\xfb\xce]\xdc\
y\xdf]\xa0\xb5\xeb \x08\xdb\xb7\xb1\xce\xcf\xc6\xfb\x09\
l\x9a\x85<\xc4{\x07\xcf\x1c$*\x14UnT\xfe\
a\xb4\xacx\xa3\x80\xad}\x88Wit\x9e9\x01\xa5\
5\xadL\xd1\x9f\x9a\x86\xd9Y\xc8\x0aV\xaeY\xcbt\
w\x9e\xd9\xf99\xd7\x8f\x8f\x04@\x0c\xa6\xaaPy\x11\
\xc0\xe8A\xd9`ME\xa4\x91\xb0&\x13\x87P\xd9\xba\
B\xb7[\xcc\xce\xce\xf0__\xf9*\x0c\x8d\xa0\x8b\xdc\
y\xa3U\xe5f<aQ\xa6\x0e\x08\xb3>\x9a\xa3u\
\x86\x99\x9e\xe5\x0dox\x03\xcf|\xea\x931u\x8d\x16\
\xe3,\xe5\xa9\x04f!\xad\xa5\x14\x18\xd7\xf8%\x05f\
7\xdcr\x07\xdf\xfb\xc1\x8f\xb8\xf3\xbe\x07Q\xad\x02c\
j\x02\xc5\xda\x88c\xa1\xdf\x00\xfb\x05\x0aB\x0e\x92r\
|g\x84\x1d\xfc\x9d<\xa1y^\xd0:C+0\xfd\
\x1eO8\xf6H\xfe\xfd\x13\xefd\xc3\x91\xab\x19\x1d\x1d\
\x02\xdcl\xfeL\xc7\x013!\x92#\xa2#\x1d\xc2\xe5\
\x97)\x1f\xd7>\xaa\xa1P\xa1\x06\xc4\x0dO\xd2\xa0\x15\
S\xb3=\xbe|\xf1O)\xda\x19\xb5\xb1n\xde|P\
\xe8rCO\xcf\x88\xb2O\x98\xa4i\x155\xe4ZP\
r\xf2\xbe\x8a\xcf\x0f\x97\xfa{gYM95\xcd\x86\
\x93Nfll\x11\x87\xaeY\xca\xf8\xd8\xb0\x9f\x98\xd9\
\x94\xbcQ6D\xcf\x16\xa0\xaa]G\x84\xb5P[\x83\
\xb2\x96\xaa,i\x17\x057\xff\xeen\xde\xff\x81\x8fQ\
YPy\xcb\xb56\xc6\x12\xf7\x80A\xa5\x81\xbab\xed\
\x9ae\xb4[9u\x1d'\x01\x8a\xceM\x19\xd1*P\
F\xd1\xca\xb2\x18\xc7\xb0\x16k\xdc \xa0\x136\x1c\xc9\
\xd4\xf4$\xba\xdd\xa6\x0e\x07B\xc5\xb4\x87\x95\xbd\x04x\
\x85'y\xd9\xeae\x99-\xb1\xbdY\x16Fb\x1a\x8a\
\xcf\xff\x9bB+\x8d\x07\x04\x9c6h\xd8\xc9\x86\x189\
p\x9b\x8a\xa9\xdf\xa6\x0e\x12\x13\x05\x129\x1aUs4\
Xl\xbcW\xf2\xe4\xb8\xcc\x86N\x0a\x9a-\xa4\x10\x1c\
\xaf\x8a\x02\x14\xa5\xbdp\xaf~;ih?\xb1rm\
\xfa\xdc\xa0;\x89\xf7D%\xb4h\x0e\xda\xef\x82'5\
_M\xab\xe3\xffs\x16@\xfa\x12\xa2Ol\x0c\xdb\xc8\
\xf9\x93\xfcB \x98\xf0\xf5H\x85q\xb3\x9e\x88C\x84\
M\x11\xbcq\x88\xef\x05\xde\xf4#s\xa3\xc2\xb1\x8d\x0d\
\xb9>\xfa$r\x11\xf8D\xc2\x87McH\xac\xca\x85\
\xa1\xb8xAb5\xca\x92m\xdc?)\xf1x\xa2H\
=bQn\xe1\x5cg\x09\x85\xd7\xb8B\xa9}\x16\xae\
\xaa\xe1)\x1a\xdb\xb2\xa8\xbe\x82\x5c\x87\xe13\xd1\xa2t\
\xd1\x00+\x93\x03\x8d\x0dD&\xfb\x0b\xab\xa8\x15\xaav\
kkUm\xfe\xf9=\xff\xc0\xea\x15+\xe9\xf7\xdd\xc9\
\x5c\xa1u,\xc5C\xb4^\xc2\x9fi%\xf6\xbe\xfd\x07\
\xf8\xcc\xff|\x96\xeb\x7fs\x1d\xf9\xe2Qwh\x8dp\
9\x0a\xab%\xb4\x9b\xa8\xf0$\xcd\x90\xaa\x1b\xf7X\x95\
<6X\x06\xc4;\xb8}\xba\xfc\xa9\xf3>\xeb^\x0f\
\xaa\x0aTF\xd1\x19\x08\xf0\xed\xef\x9fap|\x8c\x1a\
\xe8\xed\xd9\xcbak\xd7r\xd6iO`\xd1\xd2e\xdc\
\xf5\xd0\x83\xdcv\xeb\xed\xd8\xd9.u\xd9\x87~\x1f\x06\
\x06\xd1\xa3C\xacX\xb2\x8c=S\x93TF\xd2C)\
]\xf8}\xa5\x8a2\xf24\x12\x89\xb0\x80\xad*\x94\xd6\
d\xa3\xa3\xce\x0b-K\xcc\x82\x02\xa3\x86\x90\x92}W\
%\x03#\xc3\x8c\x8e\x8f\xb0w\xf7\x1e&\x8e<\xdc\xc3\
U\x1eF\x14(Xb\xdf?\x89\xe7\x0cU\x0de\xbf\
\xe4\x1f?\xf3\x05~\xfc\xb3_R,Y\x82\xb1rT\
\xac\x18\xdbN\xb0\x85\xe1[\xc1\xd3\x95b7\x1de\xb7\
\x84\x14Pbg\xf8\xeb\x9c\x22u\xb0\xc8\x5c\xc1\xdb\x5c\
\x8f\xbaVtZ\x03\xfc\xe9\xeb^\xccY\xa7\x1cCU\
\xd5\xf4\xfb%\xda\xe3.\x86X\x13\x9e\xf7\xcfJ?\x0b\
'P\xda\xe8\x89\x8b7g\xc1\xa59\xb4\xe6\xb1-\xbb\
\xc8\xdb\x05\x7f\xf7\xaf_\xe1\x96[\xee$\x1b\x1b\xf3\xc6\
N\xa2\xcc\xc3#\x0c\x12>\xb5^\xb1\xc6\xebl\x80q\
J\xb9i\x9c\x87H\xcd\x04\xfd\x90<C+\x8b\x99\x9d\
f\xed\xa1\x87\xf0\xbaW\xbd\x94#\xd7,g\xf5\xaae\
>\xf7\x9fEC\xd7z\x87E\xe4P\x14\x1d\x8d(\x08\
X\x96.\x1a\xc5T\xb5\xab!\xe8\xf5y\xcf\x07?\xc6\
\xee]\xbb\xc9\x17-\xa1\xea\x97\xcei2M\xfa\xb2\xf8\
Q\xbf:g\xcf\xde\xc9p\xf8N\x803\xb2\xee\xa6\x00\
4\xd6\x8d\xe5\xcd\xb3\x1c\xac\x83VYU\xe4E\xc6\xbd\
\xf7>H\xd9\xb3\xe8\x91\x16\xb5\xa9\xa2\xacI\xe0+\xc8\
L\x1d\xa4\xe8\xdciT]B9C\x8c\xa0\xd8D(\
C\x18\xbe$\x10\x17\x99\x11\x0c\x8b\xf8\xa4@'\xa9\x12\
\xf7\xbf(\xafL\x03M\x0b\x8d\x05\x9d\x93\xf0bB\x80\
N\x87\x09\x90\xfc5^\xe94&\x0b\x06\xf9\xa0\xa2\x9e\
j\x84\xe19\x88nR[7\x86\xe7\x93Tg\xaa\xfc\
m\xb2\x9f\x85\xcbl\xc0\x9b\x06\xcd\xe2\xf5\xa5X(Z\
p\xbe\xc0\x94j\xdcx\x81bo\x1e\x07\xbc\xe0\xab\xe9\
\xad\xe2s\x04\xf5\xcd\xa1\x0b\x01\xbf\x8d\xb0\xb2\x8d\xa9\xaa\
\xf0U\x7f\xa4.\x0a\x09\xc1\x05/9Y\x5c\x1a\x80\x0b\
}\xe0V\xbc\x7f\x81\x98SB\xa2\xdc1*\xcc\xcdo\
\xec;i5r7\x97)S\x81?\x03\x06b\xe1 \
\x12gE\xc6\xfd\xa6\xa9\x8d\x80H+u\x05J8-\
\xde4%d\x1b\x09\xd3M\x85\xf3a\xff]\x0a\xae1\
\xa8'i\xe8\xe0\x86\x03\x85\xa3\x82\x13kV\x08F\x86\
\x06\xf9\xa8G@\x83u\x9e\x92\xad\x15\xb9\xd1\xd4S}\
\x9ex\xec\x93y\xe6\xd9\xcfp\x95\xe5Eq\x10n\xdd\
\x8d\x13%\x91 ]<\xce\xb2*\xf9\xc5\xaf\xaf\xe0\x8b\
\x17\xff\x17zp\xc0)9\xd9{\x12JO\xccj\x22\
\x01\x88\xf7N\x03W!z\xa3\xa2\xb2E\x81\xca4\xda\
jTm\xb0\xbd\x8ajv\xca\x9d\xe9\xbeh\x9c\xa3\x0f\
?\x92\xf1\xb11\x96\x8c/\xe2\xa7W\xff\x1cf\xe6 \
k\xb1r\xf9r\xce<\xe3l\xce8\xedT\x8eX\xbd\
\x96=\xd3S\xdc\xff\xf0C\xdcv\xf7\x9d\x5cs\xe5\xcf\
\xa1=\xc4P\xab\xcd\xa9g\x9c\xc1S\x9f|\x1eW^\
\x7f\x1d7\xdet#\xcf\x7f\xe6\xf9\xfc\xef\xf7\xbfKY\
\x9b@\xab\x81\xd0\xfd\xfe\x5c\x9e2*&\xf7\x8f\x0d@\
r\xb2\xc1\xed\xb3\xea\x97Q\xceX\xc2\x00\xabHgi\
\x08\xd2\x90\xa3\x99\xdb\xbd\x97\xfeL\x97uG\x1e\xee\xda\
\x06s7\xb6U`\x15\x0a\x1f#!\x93\xca$c\x0c\
y\x96q\xc7\xfd\x0fp\xed\x8d7\x90\x8ft\xa8z]\
(\xda(\x9dc\xa5\xfa\xddOd\xb4V\x90+\xf4/\
BH\xa8:\xa9\xb7\xb0\xce\xabv\x8f\x95\xa1\x1a\xd6\x9d\
iaj\xfa[wq\xd6S\xcf\xe1%\xe7?\x8d%\
\xa3#\xbc\xf4\xd9O\x0cEon\xd2dSY\x92\xe0\
9\x01\x83;[\xc8\xc6\xb1\xc73\xdd\x8a\x22\xd7\xb4s\
\x1d\xaeS\x0a\xfa}gh\xbd\xf7/\xff\x89\xcd{&\
\xb9\xe9\x86[\xd0\xc3\x83\xd4U\xd50\xb4\xa4P\xcc\xf1\
\x5c2\xf27\xf5\xf0\x83w\xe6\xdfOi\x9a\xa8\xdc,\
\xc4\x1ctB\x17\xa0PZ\x93kK\xbf\xdb\xe7\x03\xef\
}\x07'\xac_\xcf\x13N;\xdaE=|\xe5>\xf8\
\xec\xd4Ai\xb5\xb0\x5c\x00\xb2 3\x15UY\xd3\xaf\
J\x06\x07:|\xf0C\x9f\xe4\xd7W^Ck\xd9J\
\xfa\xfd\x92\x942\x85\xfe\x82O\xa5s\xb0\x9a5k\xd6\
P\x14\x99\x9b\x9f\xbf@\xa3\xc4\xb6J\xb7\xcb\xda\x94\xcc\
w\xfb\x8c\xb6r,PW6\xcc\xe9\x9f\x9c\x9e\xa32\
\x90\xdb\x0c?\xeb\xd9\xeb\x16Q\xf2\x0e&1\xe2n=\
\xbd\xf98w\xdd\x83r\x0e\x19\x13)z)\xb2\xcf\xe3\
D\x01\xe4\xba\xd4p\x0a2t\x81sFj\xb4)\xd2\
\xd6e\xf7Y\x9af\xb4\xd1w\x15 \xaa\x05\xf7[`\
\xc0\x84\xcfRc\x02\xef\xc8\xc5\x87$^\xb7\xc8\x87\xe4\
>\x0aT\x08\xcfF~\x88Q\x07\xcf\x7f\x0d}\x9d(\
w\x16\xd0\xa5\xf2G\xae\xa4\x16CbH\xb8\xa5FW\
C\xe4\xd5B\xb8E\xd8-(\x02l\xbc\x12\xc5\x9d\x0a\
6Q\x836\x11F\xe9\xe3=\x98\x90\xc2\xa1\xd4\xf3\xf7\
d\xee\xef\xe9\xdf[`yI/\xa5\x92\x1e\x0f\x7fk\
\x99\x09 \xe1v\x85\x00\xd8\x83I\x0e{K\xab\x09\xd3\
6\x0e\x89V\x08\xf0\x1a\xf0\x8efH\x10\x06~\xe3!\
\x84\xd3\xd0\x91\x89wn\x09\xf7\x0dzT*\xf4\x05\xa8\
\x89G\xef\xacw\xdc\xdc\xff\xcac`\xa7\x82k,\xea\
L\x85i\xe3\xe6\x02Han\xd8\x8a\xbb\x87\x15\xc3\x0a\
\x82\x95\x1f\xe4\x5c\x0d\xcax\xd3j\xaa\xe6\x9c\xe3\xcf\x08\
\xf8\x08adO4*\x11\x84\x0e$\x8ey]+\x90\
W\x10\xd6\xf2\xb3+~\xc1\xd6\xad[\x99\x9b\x9a\x85v\
\x9et#\x10\xc6\xdbFFH\xf6\x1c\xbc\x82H\xe8a\
\xcd\x16\xd7^\xe6\x01\x96e\xee\x94\xa4\xba*\xa9f\xa7\
a\xbeK^\x0cr\xce\x99g\xf2\xca\x97\xbf\x82G\xb6\
n\xa6\xd7\xed\xb2c\xef\x0evm\xdf\xc3\x9b_\xf9:\
N>n\x03+\x17\xaf\xe0\xb8\xe3\x8ea\xe5\xe2et\
Z-:\x9d\x01\x1e|\xe4Q\xc6\x06G8}\xc3\x06\
\x9et\xf2i\x9c\xff\xb4g\xf2\x8dK.a\xe9\xb2e\
,\x1a\x9f\xe0\xc0\x9e=T\xfd\x8a/}\xed\x7f\xa9Z\
E\x10h\x8d\xa8R\xa0\xf2Ho\x01\xa1QV\x05c\
A<\x81\xa8`UlQ\x0a4\xe5\x8d\x1c\xebB\xf7\
\xfd\xc9\x03\x1c\xbf\xe1\x04>\xfc\xc1\xf7\xba\x93\xdb\xb4N\
\x04D\xc2\xb46\x81YB\x82\x0a\xa8\x8d\x8b\x0c]|\
\xc9\x0f\xe9v+\x97\x9a\xc9]\xbd\x15\xb9Ei?\x9b\
\xde\x9a\x84\xb6U\x22\xe8\x043\xbe\x0a_\x10h@*\
\xb7\x05\xa5Zk\x8a\x22\xa775\xcb@\xa7\xe0\x1do\
\x7f=\x7f\xf9\xce\xd7\xb2t\xd1h\xe0%cL\xa4{\
%\x82\xd1\x0b\xe9\x06}Dy`\xad\xbb\xf7\xa6\x1d\x93\
L\x8ct\x18\x19r\xa3\x90\x8d\x8f\xb2\xe8L\xd1\xed\xf5\
\xe9\xb4[|\xfd[\x97\xf1\xc3K\xaf\xa6j\x17\xce\x18\
\x0d\xed\x8d\x91\xe4\x9a\xf7\xf7\x03\x93|\x8e\xd4}n\x01\
\x13;\x1b\x91\xfa\xa5\x08\x0f\xb9Y0\xb2\x1br\xce!\
?o\x15\xf4\xb7\xef\xe2m\xefx\x0b\xafz\xe9\xf3\x99\
\x9f\x9ba`\xa0\x13\x14\xa8;\x0eZN3M\xd2n\
\x81~\x84v\x04\xa9\xae\x05on\xbe\xcb\xe8\xe8\x10\x97\
_q-\x9f\xff\xdc\x7f\x92\x8f\x8dP\x96Ro\x93F\
\xeeT\xe0e\xc0\xa7\x0ds\xfa}1&4\xe9\x0c\x0f\
\x828Ua\xcf\xfd\xb2bf\xb6\xcb\xd8\xd8\x90_\xaf\
\xa2\xd5v*\xa1\xd7\xeb\xf9r\x8f:,:\xf5\xbe\xa3\
b\x0c\x1a\xdd\xffcP\xa6\xc2\x96s\x8e\xaeR\x87*\
\x0aK_\x88i\x13\x1e\x89\xf7JDr\xa2`=\xb0\
B\xf7\x99\x18 A\xc8\x10\x1cNT\xb87B\xef\xc8\
\xfd\x05n^\xe6\xa7\x8a\xef\xf7\x19kA)G\xb9\xa9\
\xd24L\xa2\xb4e\x1d\x91Q\xfd\xf5^P&Ut\
\x89>\xb4\xf1\xcb!\x22\x11A\x9a*\x82\x83\xcc\xa0(\
\x92\x12u\x19\x0d\xa7\x043\x0b\xbf\x06\xfc\x7f'\x016\
\xe5\x9e\x88\x8f\x90#\xf3\x04\x10t|0\x8c\x04AD\
A\x10\x98\xac\xb91\xeb\x95\xbdR\x0a\x93\xb4\x16\xa6G\
\xc9Gq\xec\xd7\xa2\xa2\x0d\xb5\xc00\x8f\x9b\xf6\x94\x95\
6^\x88\x02rr\xc0\x17\x18\xc9\x9d\xacm\x84\x91d\
\xf1\x01\x84\xa9d\xb3\xe2\x11\xa4\x04\xab\xa2G\x11\xaeL\
\x8c\x07\xff\x8e\xf5S\xad\x94x\xee\xa5\xdb\xab\xdd\x05\xf6\
Z\x83:#\xc3\xb6@\x95\xd6\x19\x01\xda\x03CEd\
\x86\xeav\xa5\xdcdD\x0fV7\x05N\xd1\x9f\xebq\
\xe6igs\xd1\x8b\xdf\x0a\x8a\xc6\x04\xb2\x18\xf1Z`\
m\x13\xd9\x14\x9cP\xde\xb3w\x0fZk~q\xfd/\
\x99g\x8e<\x1f\xa6\xf2\xe3Q\x83\xe1%Bh\x01\x1f\
\x04jT\xc4\x962\xdc\x88T\xa53L\xafDiE\
\x96g\x94\xf33`sVN,\xe5I\xcfx6\xa7\
\x1dw\x12\x87\xae]\xcb\x8a\xc5K\xb8\xf1\xb6[\xd8\xb9\
k''\x1ey,o|\xf9kX{\xe8a,\x99\
X\x14\xd6\xf9\xd8\xb6-\xd4\xb5\xa16\x96\xd9\xb9.G\
\x1d~\x04G\x1d~\x04s\xbdYT\xeb\x17l\xda\xba\
\x99\xdf\xdcy+\xf7\xde\xfc;\xfa\xdd\x1e\x149zx\
\x04\xa3}9\x967\x98\xa2\xa1\xe5c\x12\xa9\xc6\x12\x98\
ya$\x03<<\xd0\x9b\xc6\x00\xc9\xfd\xe4\x16B\xfb\
\xfe\x90\x18;5\xc9\x11\xab\xd7\xf0\xfdK\xbe\xca\x92E\
c\xbe\xf7Z\x87\xbc\xb7\xdc\x97H\xe5\x01\xcc\x22\xc0\x8c\
u}\xe1\x9b6oe\xd7\x81)V\xacZ\xc5\x83\x8f\
>J\x96\x17h[c\xaa\x1edE\xec\x13\x0f\x9bH\
\xb9\x81\x860L\xbdd\xb7\x07\x87\xb7,s^uo\
\xcb\x0eN:\xf34>\xf2\x8e7\xf0\xd2\xe7<\x09k\
-\xfd\xb2D)M\x9e\xc5\x8a\xf7\x14\x9e$<\x16\xe9\
\xc1\x9d-\xa0|\xe6a\xefd\x97\x9b\xef\xdb\xc5\xd3N\
[\x13\xf9E)G\xcb^\xf9_\xf7\xeb\x9b\xf9\xbb\x7f\
\xf8\x12\xa63@\xd1\xca(C.\xdc&\xeb\x8ekw\
<n\x02\x04\x03\x0f\xa6\xbd\xbc)\xafJ\xc8WxI\
\x8c\x03\x0f\xfb\xe0((\xed\x8a\x1e\xe7\xe6Yw\xdc1\
<\xeb\xbcs\xb8\xf7\x9e{9\xe7\x9cS\xe9\x97%y\
\x96\x07>L\xf9 \xad\x1f\xd0Z\xb1\xff\xc0,\x9dv\
Ng\xa0\x0d\xb5\x05m1\xa6ftt\x88\x077>\
\xca;\xde\xf5A\xa6KK6\xd8\xc6\xd61\xda\xeaj\
\xa3\xfc.\x83\x91\xa6P\xb6\x86\xac\xe6iOyB\x02\
\xea&_\xa7$m\xad\xa5\xddj\xb1xq\xe1\x0d7\
\x15\x8cJ\x80\xc3\x0e]I\xa6\x0c\xb6\x11EI\x11\xeb\
\xef,\xdd1\x82\xe2\xba\x84z>^'E\xdc\xa2\x0f\
 \xa6b\x02m\x06,\x84{5u\xaaM\xf4bT\
\xf8\x91\xdb\x1cL\xc2\xf7\xc2>S\x19\x94\xae\xdc\x86k\
b\x9a\x0d\x82\xd1\x97\xd0\x90\x14;\x06\x9a\x92U\xdad\
\xed\x81\x7f\x14\xf1\x0c\x1c7\xd6\xd8\xdd\xc3\xd5\xd6\xc4z\
\x041D\xa2\xa1\x10dib<,\x0c\xcc&\xa2\xc8\
?\xb2\x19\xd1I_*Z|\x0bM\x86\xc6\xeb \x03\
\xe0\xf1.v\x05Xb\xbf\x84\x98s\x02\x0c\xb1\x96\x9b\
w\x09\xca6Q\x14\xe9\x06B\xcf\xbbG\x5c(\x92!\
!\xd6f^ `9t\x96\x19\x97\x1f%\x8b\x0aW\
\x90\x19\xc0\x92\x0ah+\xeb\x95\xe7\xc4\x0a\xca\xc6}\x91\
hD\x5cW\x14\x04\xa9P\xf5\x08\xb5\xc9gAP7\
\xa88\x86\xa9<\x03\x8a\xe2t}N\xb8\x91\xc1\xd7\x19\
\xd4\x132\xec\x00\xe8\xca@\xa60\xb2\xb7\xdaD\x06\xd0\
\x9e\xa9\xa3\x86Ag\x0aJ\xcbDg)\x9f\xfb\xf0\x97\
8b\xcd\x91\xe1\xc8\xd9@\x886\x1aD\x89\x16\x93]\
\x06\x03\xa3\xaekF\x86G\x99\xed\xcf\xf2\xcb\x9b\xae%\
\x1b\x19\xa5.K\x12\xc0\x85\xdf\x1b\x86\x84R\xc8i$\
*\xbc\xed\x8e\xbc\xb5eMu`\x16L\x8f\xe1\x89e\
\x94\xd6\xd0\x9b\x99\xe1I\xa7\x9f\xc3'>\xf0\x11\x96L\
,b\xd7\xae\x9d\xec\xd8\xbe\x9d\x93\x8e\xd9\xc0\xf6\x9d\xdb\
9\xef\xacsy\xd7[\xde\xce`g\x00p\x93\xee\xfa\
e\x19\x8a\xdf\x0eY\xb1\x12S\xf61\x06\xda\x03\xee\x9a\
+o\xb8\x96\xabo\xb8\x9a\x8b\x7fr)\x0f\xdfv\x17\
\xd9\xf0(u\x91\x93\xb7\xdbT\xb5;\x0dQ\xe5Y\xd0\
\x07\xcd\x89l\x82\xe4\x84\xc6C\x18M\x85\xfa\x8cP\xb5\
.\x1e\x9e\xf0\x80\x8d\x027\xc2\xc5\x85\x01\x951h,\
\xd5\xd44\xaf\xff\xc0kXw\xd8\xa1\xf4{=Z\xfe\
\x00 Q\x9c\x8d\x96\xd8\xa0M\x17*\x12\xa7@w\xee\
\xdeK\xb7\xd7e\xe3c\x8f\x91uZ\xce+V\x891\
\xaa5~~v\xe4\x9f@\xb7*\xec\xc5\x9a:\x11P\
n\xbd\xb9V\xa8r\x8e\xfe\xbeYF\x96\x1d\xc2\xbb?\
\xf4\xa7\xbc\xfee\x17r\xd4\xe1+\x99\xef\xf6h\xb5\x0a\
ZE\x11\xa9)\xc0 \xf2l\xaa\xfcE!Z,\x99\
\xd6\xcc\xcc\xf6\xc82\xf7\xf9K\x9er\x94\xa7D\x07\x87\
\xba6l\xda\xbc\x9d\xc3\x0f_\xcd\xcf\x7fq=/\xfd\
\xa3?c\xda(tg\x98\xb2\xea\xf9\xba\x1a\x11\xc9\x09\
\x88\x1a\xef\xa5!\xd4(`U\xf2^\xf8\x5c\x14\x8a7\
P\xc4SM\x95\x82|'\xd3\x15\xe5\xfc\x0c\xef\xfa\x93\
\xf7q\xdf=\xf7q\xd6\x9b^I]\xd7\xe4\x99;\xd6\
9\x9d\x1f\x12d\x87\x87\x89\xab\x8b\x00\x94u\xd5\xf7\xc6\
W\x1e\xd4NQ>\xf2\xe8\x16^\xf6\xea\xb7\xf0\xd0#\
[\xc8G\x16Q\x95e\xa2\xd8l\xa4\x0f\x95\xcaW\xbf\
\xf7\xca\x15\x97\x06`\xfb\xf5\xa7^\xb4\x9cL\x89\x85,\
S\xb1PQ\x11\x86\x00\x01\xcc\xcfw\xa9\xcb\x1e\xf9\xd0\
0u-\xe0\xb5\xbe&\xcb\x09-E\xdc\x8b\x05W\xed\
_\xf7IV\x85\x04\xef\x1b6\x1a\x92{'\x5c\x17\x15\
a\x22\xb3Es7\xbe\x13#m\x89\xe8k\xdc\x0a!\
\x83\x83\xbc\xfc\x88\x97\xc7\xf5\xf4%\x8a\xb7P_@\xe3\
z\xa9\xf3\x12C,8\x06a\x84l\xb0V\xa2\x1f$\
\x86E\xe0\x8f\xa8\xe8\x13\xb04\xf9>\x90\xadm~\x94\
\xc8\x1fqt\xa3n\xb2\x9e\xeem\x03\x1e\xbf\xefu\x90\
\x01\xe0\xe7~\x05\xd6 !\xe6\xc0<!\xdci\xc3\x86\
e\x02`0\x0bR\xac\xc4\xd8DP\xaa!g\x8e\x17\
\xbcJ\x98\xcf\xdf\xd2[XVK\x0e\xd96\x88\x01\xef\
\xb1\xa3,\xe1\xd4\xb9\x94X\x84\xd9u\xb3M\x22\x0aA\
\x1c\xf3I\x8f\xbdJ\xd2\xe9a\x0d\xfe^\x8a0\xfa4\
\x15\xfa\xa9\x11\x10\xbfD\x22\x9c\xe4yQ\x0c5 \x19\
\xf5L\x108\xf6\x80\x85_\xd7\xa8\x932\xec\x84r'\
\x08j|\xdb\xb5\xf3\xf8mMl}\x13\xa2\xd2\xa0\x0a\
E5]\xf1\xfe7\xbf\x9f\x13\x8f\x5cO\xbf\xec\xd3*\
ZD\xa2\x10\xe2\x8b\x05~\xc8~\x84\xc8<L\xea\xba\
f\xeb\xee\x9d|\xf6\x1b\xffI_\xd7d*\x83\xccE\
.\x12\xdd\x0f\x09\x1eE\x88\xa2\xfd\x98b\x03\xaa4\x94\
u\x85\x99>@\xde\x19\xe6\x09'\x9c\xca\xf1\xc7m\xe0\
M\xafy=W^}\x0d\xe7\x9cs\x16G\x1er\x04\
\xb5q\xb3\xd2W\xadX\xc5\x89\x1bNd\xe9\x92\xc5\x1c\
\xb7\xfeX\x00\xba\xdd.\xdd^\x97,\xcb\xd0\xda\xe5\x98\
\xad\xb5Tu\x8d\x06\x8a\xf6\x00\x16\xc3\x8f/\xff\x19\x97\
_\xf1S.\xf9\xd1\x8f\xd8\xb3c\x07\x8c\x0e\xc0\xc0\x00\
cCC\xb4\x97.a\xfb\xce\xddL\x8c\x8fQ\x96\x15\
3\xf3]\xd7\x1e\x18\xbc>A\xb8\x87O\xe84\xf1\x12\
WE\xea\x0e\xcaB\xe0 \x11\x8e\xc0p\xee;\x81\x9e\
e\x16\xbf\xb5\xd4\xf33\xac:b\x1d\xaf\x7f\xddk\xdd\
\x89\x7fE2\xf3_\xf0\x99\x18\xc2\xa1\xc0I\xc6\xba\xca\
u\xc6\xd0\xaf\x0d?\xfc\xc5\xd5\x5cu\xcbm\x98V\xe1\
mB\xaf\xf8\xc5\x1b\xa9\x81,\x87\xd0\x96\x96\x05\x9a\x09\
t\xeb[$\xdd~2\x0f\x97\x9ar\xff~:\xc3\x03\
<\xe5\xbcs\xf8\xd0;\xde\xc8\xf9O=\x0bp\x85b\
\xedV\x11\x0c\x1e\x09\xa1G\xc1\x94\x84\x5cS\x98(\xe5\
\xeb\x0a,\xf7>\xb2\x8bN\xab\xe0\x90e\xa3,\x1a\xc9\
)\xeb\x9a\xcc\xb7SUU\xc5\xf7/\xbd\x8e\xf3\xce>\
\x89\xfb\x1f\xda\xc4k\xde\xf4^f\xeb\x1eEg\x98\xb2\
\x9c\x0fk%\x8c\xf6M%\xa9Mx\xceFE\x1e\x99\
\xd1\x0b\xc7\xe8\x99\x068\x08s\xc6\xb4m\xa2\xbc\xdd\xbd\
\x8a\x02\xca]{y\xe3[_\xc7\xd8`\x9b\x93\x8e=\
\x9d\x15+\x96RUU#\x8d\x93\xbe\x04\xa7\x06\xcb\xec\
l\x97;\xee\xdd\xcc\x13O9\x82L\xe90\x1e\xb8\xdb\
\xed34<\xc8'\xff\xf6_\xb8\xfd\xa6\xdbi\xaf8\
\x84^\xafL\xc2\xd8\xa91\xa3\x02?+o\xdc\xa34\
*+\xfc\x80 \x01C\x94Y\x8d\xf5x\x5c\x95\x95\xa1\
\xdf\xaf\x18\x1at\x06\xa8\xc5\xb0\xff\xc0,K\x97\x8e\xb3\
\xfa\x90en&E0\xa8\x22o8\xb0\xe9 \xda-\
@\xddw\xde\x7f\xd4\x1c^\xc7\xc5\xb4n|\x89\x81\xa5\
\x1a\xef\xa5\xb275\xc8\x04=\xc108H\xa1\xdb \
O\x95\x12vM,\x0a\x16x\xf5\xe9n\xd4\x02Y(\
\xb0\x0b[u\xdf\x0d\xf4-\xc6s\x22\xbe#\xeb'J\
&\xb1N\xdcY\x03:\xd1\xd2\xf2e\xeb/\x15|&\
0\xb2\x0b\xe0\x95|vp\xe1\xa4{\xa6J\xd6`#\
T\x0e\xc2\x7f\xba\xd2\xdf\x1b\x01Pba%\xca\xc9\x09\
\xb5\xb8\x98\x10\xe2\x16\x85-\x0aX\xd1\x00w\xd3h\x90\
JJ\x0f$\xe5\xaaO#\xc2U \x9af\xae\x07\xf0\
}\xc9\xe1\xf9\x0d#\x83(\xa8m|O\xd9\x88\xfa@\
\xac\x09l\xe3=b\xc0,\xb5\x00\xf1r\x94d\xdf\x91\
J\xfc\x05*~\xdf\xe5\xd9S\xa3 \x01\xb7(\xf9\xe4\
Y\xb1O\xda\xa3O\x83\x9aS\xd8\xdf\x1a\xd4\x09\x16\xbb\
L\xb9t\x00\x92\xff\x07\x95)BA\xa4v\x88\xd6\x05\
X\xa3\xd0\x83\x05;\xf6L\x83u\xe7\xcd\x07*\xf5F\
\x8cx}*\xe0U\xf6\xe9\xbc[c!\xb3\x8a\xf9\xaa\
\xcf\xc5\xbf\xf8\x0e7=p\x0bz\xa8\x83\xe9W\x01\x06\
\x01\xd4\x02\x12#\xf4\xe2\x04\x92\xce\x14\xfd\xc9)(5\
:\xd7\x8c\xe6\x03|\xe2o>\xcdi\xa7\x9c\xcai\xa7\
\x9c\xc2@\xabC]U\x9c\xb4\xfex\xaa\xda\xa03\xc5\
\xec\xdc,\x87\xacX\xe5\xc1d\xe9\x97}\xca\xb2&\xcb\
s\xb2<'\x8e5\x17\x06T\x14y\xce\xf4\xdc,\x9f\
\xff\xea\x97\xb9\xf2\x9a\xab\xb9\xfc\x9b\xdf\x85N\x8e\x1e\x1c\
\xe2\x88\xa3\xd6s\xccI\xc7\xf1\x94'\x9e\xc3\x92\xb1q\
\xae\xbf\xf5\xb7|\xf9{\xdf\xa3\xd4P\x19\xe7\xd2\xd8P\
\xed\xee\x19\xd0\x06\xb1\x91\x18\xb8\xc4=\x87\xda\x0e\xc1\xa3\
MY#\x18\x92\xa9\xb7\x16d\x1d\x96,\xcf\xa9\xfb\x15\
\xaf\x7f\xcd\xab9|\xcd*\xfa\xfd>\xadV\xab\x11\x81\
\x10\xb6\x09\x82*Y\x90\xe4S\xab\xda\x8de~`\xe3\
F\xbe\xf1\xa3\x9f\xb0\xf3\xc0\x01T^`\xcb\xd2\xd34\
\xb8\x06\xc4D\x0ff\x16\xa5]\x1b\x89\x8a\x8b\x8c\x83\x9c\
|zBa\xa0\x9c#k\x0d\xf1\xd6\xb7\xbc\x86\x8b^\
\xf3\x226\x1cs\x04\xadL\xd3\xed\xf6]g\x86ZH\
\xcf$\xc6@\x22\x04=.\x83\xe0V\x0a\xad\xa0_\xb9\
\xa3{\xd7\xae\x1c'\xcb\x9c\x22\xc2Z\x8cr\xca\xeb\xfa\
\x9b\xef\xa5O\xc6\xd5\xd7\xdf\xcc\x9f\x7f\xe4\xef\xd83{\
\x80|`\x98\xb2\xdfO$\xae\x8dt\xed\x87\x12\xb9\xa2\
]\xcfP&\xc5\x9b\xfc\x9ex_@\x0co\xfbOC\
\x8e8\x8a\xf3hhX\xb4\xb6\x94S\x93\xac=|-\
\xefx\xeb\xebX<1\xcc\xda\xc3V\xfbh\x943J\
kc\xd1*U(1m\xaa\x95\xa26\x86u\x87/\
C\xa3\xa8kW'P\xd75C\xc3\x83l\xdd\xbe\x9b\
_\xfc\xf2W\xe8\xe1Q\xfa\xbd\x12e\xeb\x83\xc5\xba\x92\
<4\xc1\x09P*\xc3\xa2\xc9\xda\x05+W.\x09\xfc\
\x1c\xe4\xa7R(\xd3L\x97J\x87\x85\xf6\x07\x1a\x813\
\xce\xf6\xec=\xc0\xd2\xa5\xe3\xcc\xcf\xf7\xdcQ\xdfXo\
\xce\x99\xf8],\xd6\x1fz\xa3\xac\x01S\xb9\x01\x0d\xe1\
%\xdaZ\x0cf\x91\xbf\x0b#dQ\xe5\x05%\xd5\xb0\
\x09\xd4\x82\xb7l\x14\xbbD\xd9\xae\x12\x8b-\xce}\x89\
\xf0\x12o\xd8\xfa}\xa6\xce\x99D\xa1\x9b\x1d)\xfe\xc3\
\xc0\x8f\xa2\x87\x82\xca\x0f\xddT\xa9\xce\x8f\x16\x01H\xe4\
%\xee%I\x8d)\x11\x1a\xf2\x06\x09$\x12\x03Z\xf0\
-z\xa6a\xbex\x11\xe3e\x8eJa\x95D\xec\x1f\
\xef\x95\x9a\x13\xff\xdf\xd3\x00\xd3\xa5E\xc7Y\xbc\xa3$\
d\x9aT=G\x15\xa7\x0e\xc2\xac\xf4u\xa7\x1b\x8a\xdf\
L\xf2\xab:>/\x1aL\xa2|R`$BF\xd6\
\x92<\xd7U\x18\xfb{\xcb\xe7\x01\x138E*kV\
D\xe5\xdd\xa8\xda\xb6\xd1.\x08o%Vy\x90)\xca\
\xeb\xd94\x0f*J3\xae)\xd2_\x0cO\x05\xda\xaa\
\xack\xab+\x15\xf6V\x0bG\x83=\xc41\xb02\xca\
\x8d\x0e\x0e\xe0L\x90\x9e+\xf4\x8c\xe6\x15O~\x1d/\
9\xe7\xd9h\xad\xa8+\xeb\x8e$N\x0d\x1ea\x88\x05\
\xdf\x17\xb0h\xa5\x98\x9a\x9d\xe2\x87\xbf\xf99\xdf\xba\xf4\
\x12w\xa6\xbdv\xc9Z\xa5\x94?\xef%2\x90R\x8a\
,\xd7TS=\xcc\x5c\x0fr\x03\xfd\x8ag=\xebB\
.z\xcd[X\xbeb\x05\xc3\x03\x83\x9ct\xc2\x89\x00\
LMO3\xb9\x7f\x8a\x89\x89q\xda\x9d6ym\x18\
\x1c\x18p\x07\xe9\xf4\x9d\xc7\x93\xe79y^\x90g\xce\
\xcb4\xc6`\xad\x0b\x1b\xa3`zf\x86\xcd\xdb\xb7q\
\xe9/.\xe7\x17W\xff\x92\xe9\xa9i\x16\x8d\x8d\xf3\x85\
/\x7f\x99'\x9ds\x16\xf7=\xf4\x00g\x9cr2\x00\
W]\x7f\x03\x0f<\xf4 +\x96.'S\x8a\x99\xb9\
y\xd7;\xa7\xe3\xa6#\x1f\x1b\xd2\xe2\x93\x18\xeas\x04\
(\xc6bT\xac\x89\x80\xf5J\xdf\x06\x9c\xab\x90\x03\x14\
\xbc\xeb<\xa3\xca;\x0c\x8fO\xc4(\xd2\xefy\x09u\
-dbc\x0cE\x9es\xe3\xef\xee\xe2\x83\x9f\xf8\x14\
\xfbgg\xdc\x15u\x1d\x95z\xe2\xb1:\xa26\xbe\xab\
$\x1a\x8f\xe9\xb4D\xa52\xb2\x5ca\xe7\x0e\xd0\xca\xda\
\x8c\x8e-\xe1\xa8\xc3\x0f\xe7\xf3\x7f\xf3\x01\xc0\xb5\x19\x96\
\xa6\xa6U\xe4N\x89\xe1\x14]\x1e\x96\xe6\xfb\xcd\x93n\
\x9b\xe8\x1c\xb8\x82\xbeL)\xba\xdd>Vi\x06\xda9\
G\x1d\xba\xc4\xd3\xbd\xe3\xcf\xd2X\xb4\x85\xca*.\xf9\
\xfe\x95<p\xef]\x5cy\xd5u0\xdcFw\x86\xa9\
j\x8b;X#\x1a\xac\xfe\x06\xc1(\x0b\xd5\xe9\x82%\
\xff|i\xddrp\xb5\xe1\xb3\xd4\xe3\x0a\xc5\x9eD\xa3\
\xb0\xe1l(\x05\xfd9\x16\x8f\x8d\xf0\xf6\xb7\xfd\x11?\
\xf8\xe1\x15|\xfc\xa3\x7f\xea\xda\xe6\xb28\xf4'O:\
\x00\x82\xf2\xf7\x7fo\xda\xb6\x97\x95K\xc6\x18\x1bq\x07\
\xe1dZS\x96\x15\xadv\xc1\xff^\xfc}>\xf6\x7f\
>\xc9\xf6}\xfb\xa0h!'8\x86\xbd\xa5\x8a%\xd9\
\xbf\x077:+\xe8\xcf\x96\x5c\xfe\xf3kx\xee\x85\xcf\
\xc0\xd5?dAn\xca\x9c\x14\x05A\xe1\x15\xb9\xa6\x95\
\xcb$@KQ\x14\x1cs\xd4\x1a\x00\xae\xfb\xcdM\x98\
:\xc26\xc2W\xe4\xba?+\xc1\x94\xe0\xa7\x0e\x86\x89\
\x8aAPF\x89\x19\x14k\x22D\x1f'X\x12_\xca\
\xf3@\x10N\xdeS\x0f\xc6\x0b\xa10\xdc\xc1A\x85\xef\
\xc4{\xc7\x14L\x5cX\xaa\x93\x92u\x88\xae\x179\xaf\
\x94\x97\x0db\xac\xc8Z\xc2\x03\xc3/\xa9\x13\xd0\x14\xf2\
\x9e\xff\x14Q\xce\xb3\xf0\xfb*\x91\x19v\x81H\x10\x1c\
{}\xab\xa2\xcd\x10u\xb2B\xa2\x07\xb2n\x87\xe3\xb8\
\xb6\x85`N\xff\x0e\x06\x80Z\xf0A#\x05\xa0\xe4o\
\xdb\x08\xf1\xb9*\xcf\xd8\x22\x14)6\xbd\x83W2A\
\xc8F\x0f?|%<#\xf2u\x1c\xdc\x93\x98\x0b\x09\
.\xa5\xddG\xfa\xa1S\x80\xa6\xd5\xff*\xb9G\x1aG\
J\x83j\x02\xa8x8E\x02\x09\xeb\x15u\xb09\xa2\
4q\x82?*\x8a@*b\x99\x09U\x19\x1f\x06\x13\
/?\x85s\xb0 \xe2=T\x85kgDa\xef\x07\
=cQk56\xb7\xce@P\xcau\x11X\x0b\xb5\
B\xdb\x8cz\xaa\xc7\x99G?\x95\xbf{\xdd'X\xbe\
d\x91{\xbe\x84$\x15\xa8\x05\xb0H\x8cY\x1a\x86\x8b\
Rt\xcb\x1e\xdf\xf8\xde7\xb8\xf3\xf6\xdb\xc9'b\xe1\
\x9f;\xb7\xc0}O\xa3\xc8*E9\xdd\xc3L\xcf2\
\xbe|\x05G\x1ds\x02\xa7\x9cr\x0a\xe7>\xe1,^\
\xf2\xbc\x17\xd3\x19t9\xf9\x99\x99Y\x1e\xd8\xb8\x91\xf9\
\xf9y\x0eY\xb9\x8a\xc5\x13\xe3>R\xa0\xe9\xf5f\x99\
\x9d\x9depp\x90<\xcf\x90\x9ehe\xbd\xb1\x91x\
\xd5\xdbv\xed`\xa0\xd3a\xc7\xce\x9d|\xf5;\x97p\
\xe4\x9a\xc3\xf8\xb7\x8f\x7f\x92\xa3\x8e\x5cG\xab\xd5\x0a0\
]\xbfn\x1d\xb33S\xfc\xe0\xf2\x9fs\xc9\xf7\xbe\xc7\
\xc6\xcd\x9b\xd9\xd7\x9d\xa6\xb4\xb5\x1b\x9d\x9bZ\xfc\x1e&\
\x911m\x82\xab4j\x94\xe4\xfc\x83\x82\x97\xaf\x84\xc4\
\x17\xd1\x1a\xd4\xe1\x1fP\x90\xe7\x94\x95e\xf1\x8a\x15\x9c\
\xf5\x84\x93\xdd\x1e\x01+\xb3\xf5\x89\xc6\x88\x96Pc\xe2\
\x95\x80\xaf\xb2W\x8a\xd9\xb99n\xba\xed\x0e\xce}\xf2\
\x13\xb9\xf6\xd7\xd7\x90\x8d\x8eS\x07/\xc5\xe7\x99C\xca\
\xca\x0b\x07k\xe2\xd9\x00\xda\xb5}i\xad\xd1YN\xd5\
\xebcf\xbbP\xf6\xb9\xe8\x8f_\xc5\xfb\xde\xf9f4\
\x86\xba\xaa0\xd6R\x14y\xd8_\xb74T\xc6\xd2)\
T\xdc\xb3M#w\x91\x9c\xf1\xb8\xd4\xd609=O\
\x9e\xe7\xb4\x0a\x07\xfb\xaavQ\x80\xda\xb72\xf6\xfa\x15\
\xfd\xd2\xf0W\x7f\xf7\x05\xbe\xf1\xcdos\xe0\xc0\x01\x8a\
\xa5\x13\x18\xdf\x9a&i\x86\x05\x8cI\x903\xc1\xe8!\
\x0as\x91[\xa9\xf2\xf4\xd7\x097\x04\x11\x9b\x0a\x1f\x11\
\xea^VX\xa5\xc83(\xf7\xcf\xf1\x86\xb7\xbf\x85\x87\
\x1e|\x94w\xbf\xeb\x8d`-Z\xc5\xce\x19I\x014\
\xda\xed\xbc\xac\x9a\x9e\xeb\xd2\xed\x96d\xb9\xf6Q\x02\xed\
z\xf0\x8b\x8c\x8d\x0f?\xc6{\xdf\xffa\xf6\xed\xddK\
6<\xee&;\x865\xc5\xfb\xb0@\x864\xcc\x17k\
QE\xce\xfa\xf5G\x03PV\x96<\x93\xe9a^V\
)K\x18P\xef\xf7+RV\xea~\xe6\xe7\xba\x0c\x8f\
\x0c\xf1\xd0\xa3\xdb\x5c]\x03\x069\x0d\xd0S\xa1\xa3}\
c\x9d\xd1\xa9\xa2A!\x0bK\xf5\xbf\xc2\xc9*k\x22\
~\x9aEw4\x94Tb\xd6\xb8gZE\x98\xb4'\
\xcaT\xf4\x90\xe0\xfaq\x0d\xe9\x05\x9aoAdJ\xc8\
\xc2&\xef\xd9D\xae\xc7E\x09\xfc$\x8e,\xc3\x95,\
6\xc1\xb3\xf5\x04'\xef{\xc1\xef\xae\x95\x9a\x12\xed\xdf\
\xff\x03\x96O\xf8HEy\x1d\x8c\xbdTW\xa4\x9b\x13\
9\x94|G\xda\xb8\xdd\xe2\x7f\xff\xf3~o\x04@\x98\
\xd9&\x7f\x8b\xe7\x1f\x0d\x82\x84a\xe4;\xc1\x9c\x92w\
\xe2\xa2\x1b\xebO85\x1a\x15\xa9\xc0\x13\xabF%\xdf\
\xf6\x00\x94\xfe3\xa5\x5cz_'\xb7\x15\x05oS\xe6\
_\x10l\x92\xcf\x90%\x04\x08>\x0e\x93\xf9\x1ee\x11\
\x1e\x0d\xf8\xab\xc0\x97\xc1\x82\xc1\xdb\x19\x22\x09%\x17\x1b\
\xbe\x94DJlb\x9c$\xeb\xb3\xd6\x86.\x01\xad\x15\
lV\x98\x19\x8b:\xd2\xcf\x0a\xb0\xd67\x06(\xd7f\
\xab\xc1N[^w\xce\xabX\xbdr\x85\x1b\xdcAd\
\xccX\x88$\x8fH\x98A\x09n\x0dJ+z\xfd\x1e\
\xbbw\xef\xe2\xee\xbb\xeet+\xee\xd7\xa8\x1ct\x91\xa1\
\xfd\xbckm\xa0\xbfo\x1a35\xcf\xe1\x87\x1e\xc3\xf9\
/\x7f\x06o{\xf3E\x1cw\xccz\x8a\xcc\x15\x85\xcd\
w\xbb\xf4\xfa%\x1b\x1f\xde\xc8\x8e];9\xf5\xa4\x93\
\x19\x19\x1e&\xcb2z\xbd\x9e?4\x06\x8a<'\xcf\
s\x82\xa7-\xf4\xa0\x94\x1f^T\x00\x9a\xaa\xea\xd1\xee\
t\xc8\x8b\x82c\xd6\x1d\xcd\xdf}\xf8c\x81V\xcb\xaa\
\xa2,K\x8c\xb1\xec=\xb0\x8f\x9f^\xf1K\x8e;\xf6\
(~|\xf9/\xf8\xc9\xb7\xbf\xcd\xf0\xd1G2_\x96\
\xae\x9a\xda$\x91\x1d\xb1\x84DyA\xd3\xca'*\x1d\
QtI\xf2&\x11@4i*\x12\x05\xa0\xd0Y\x86\
\xad*\xd6\xad\x5c\xc5S\xcf:\x9b\xf1\xc1!\xff\x89\x0f\
\x9b\xa7\x5c\x16\xc8\xa8Y\xa3!\xbc\xa5\xb5\xa6\xaej^\
\xf9\xfc\xf3y\xd3;\xdf\x87-KT]\xc9\x0a\xfdu\
~AA0K\xd8\xdf\xf1\x85\xb1\x96\xacp\xd3\x02\xab\
^\x9fu\x87\xaf\xe5\xfc'\x9f\xcdK.|\x16\xe7>\
\xf1\x042o\x08\xd7\xb5!\xd7\xde\x8bT\x8a\xf9^E\
\xb74\x0c\xb5sw\x12d\xc3\xd3\x0d\xa0\xf4\xd3\x16\x1d\
\xdf\xcc\xcc\xf5yl\xe7>\x96M\x8c0:Rx=\
m)\xf2\x8c\xb2\xac(\x8a\x9c\xa9\xa9\x19\xe6\xbb%\x97\
\xfe\xfcz\xfe\xe7\xeb\xdf`\xb2_\x93/^\xe4O\xf6\
s=\xe8qON)\xb8\xd4\x7f\xc2p\x09\x0f\x85@\
D\xc2q\xd1p\x8b\x86C\x94A\x0b\xe4\x0f\xa9\xf4Q\
\x14EF\xb9k7\xaf|\xdd\xcb\x19\x1d\x1c\xe4\xc9g\
\x9e\xce\x86c\x8f\xa4\xec\x97\xce8\x92\xc8\x8f\x18\x89\x81\
\xb4\xdc\x1d\xeb\xda\xd0.2\x8e9bE\x83\xa6JS\
\x91\xab\x0e\x1f\xf9\xd8?\xb2o\xc7.:K\x96\xd2\xed\
\x19o;\x8a\xech*\xc3\xc6NE\x84)MU\xf6\
Y}\xe8r^\xfc\xc2\x0b\xa8\x8d\xa1\xae]\x94&\xf3\
a\x9aP\x80,\xdf\xf6\x0e\x94\xb5\xae\xd5\xd2zzk\
uZ\xeedI,\xd8>\xb6\xea9\xfaL\xdcdk\
*7\x11S\xe4\xb1\xd0\xad\xb5!\xda\xe0\x0cyI\xd9\
\xba\xd4 \xc6\x84\xe7\x84\xdaC\xa5\xa8+\xe3\x06\x07)\
\x5c!\xa1\xe9\x03\x19h\xc7\xfbZ\xbb6a\x97\xc2\xb2\
\x98\xba\x0f\xa6B+\xe3a\x9f\xa3\x94o\x99\x0a\xfa\xc4\
)m\x11\xcd\x0dX\xfa\xba\x91\x88\xad\xa0\xae\x1ap\x0d\
\xd6L\x80\x9aj\x92PB-\x91\x85S\xa5)\xf37\
\x22cH\x07\x97\xe0#\xe8\xb8\xa4\xad\xb0!OT\xa4\
\xa5\xa8\x95Dg-0\x02\x1aQE\xd1\xa5\xd1@Z\
\xf0\x0d\xe0\x0f\xcc\x01\x10\x81\x87\x10\xb7_L\x08\xff\x8a\
\xce$\xcd\xd5\xdb\xa0\xa3\xado\x8bK\xa3F\x89\x9a\xf6\
\x1b\x15K\xdb##m\xa3\xf3\x8aI\xbe\x96\x96\x18\x00\
.L\xee\x91\xe2\x9ek\xf1.\xe3\xe3\xee\xa7A\xfc)\
0\xd2\xc8Ej\x8a\xeaxm\xd3[L^&yV\
\xe3\x03\x81\x87\xfb\xc0y\xb3\x07\xa9\xf9\x18\x90H\xd6\xd6\
\x08a\xc9\xff\x99\x85\xfd`\xef\xb6\xe8\xc33Xd<\
\xb3i\xb2B\xd3\x9f\xed\xf2\xf4']\xc0\x05g\x5c@\
\xbf\xf4J3\xe8\x00AT\xaaP m\xdf\xb4\xc9>\
\xad\xb5|\xf3\xd2o\xb3\xf9\x81G\xc8&\x86\xb0eM\
\x9e\xb7(\xbb%u\x7f\xdeQT\x1f6\x1cz\x1co\
\x7f\xed\x1f\xf3\xb2\x17\xbc\x94\xa5\x8b]8\xb7\xdb\xedQ\
\xd7}f\xe7\xe7\xc83\xcd@{\x80c\x8e>\x9a\xe3\
\xd6\xaf\xa76\x86n\xb7K'T\xbc\xbb\xb5t:\x1d\
\xb7\xd6df\xbc\xbcz\xfd\x1ey\x9e;\xc1\xd4j\xb1\
\xa8\xdd\xc6\x98\x9a\xdaT\xd4\xa6\x0e\xf3\x0a\xf2,\xc3`\
\xd9\xbek\x07#\xc3\xc3\x9cs\xc6\xe9\xec9\xb0\x8b\xfb\
\x1f\xbc\x8fld\x84\xee\x81I\x8c\xf2B(\x08\x07o\
@)\x11\x8e\x04o\xe4\xa0\x97g\xac0\xa7\x1e\x90S\
\xe2\x94XV\xa9\x22\xf72@<\x01\xddnQ\xed\x9a\
\xe4\xe5\xcf~6\xcf~\xd639j\xdd\x91X\xef\x05\
\x06\xda^\xe8\xc5\xc8\xfa\x12%\xab\xb5\xc6X\xc3\xe8\xe8\
\x08\x97]q5\x97\xfe\xe8\xc7\xe4\x13\x13\x94U\xed\x8d\
'\x15x\xc9\x12\xf7%\xc4\xa4\xac;D'\xcf2\xaa\
\xbd\xfb\x19\x1c_\xc4\x0b\x9f\xfb,N8\xf6\x18\xde\xf8\
\x8a\xe7\xb3|\xa9;E\xce\xd4n-r\x00\x8f\x0c$\
j\x15.|\x0fqH\x90\x087i}\x93\x08\x84\xd0\
tm\xad\x0b{\x0f\xb7)\xcb\xda\x9fQ\xaf\xb1uE\
\xa6\x15\x9f\xfd\xc27X\xbcx\x82\xd6`\x8b\xb7\xbd\xf3\
\x030\xd8Aw\xda\xae\xfa\x9d\x9a\x83\xbc\x98$\xe2\x16\
\xd2$\xc1\xee\xb24%\x92\x5c/\x9f\xcb\x08\xeb\xa6\xa2\
\x17\x06\x8e\xdd\x90rC\x85.ZTs\xf3\x1cz\xe4\
\x1a\x9ew\xfeS\x99\x9d\x9e\xe3\x05\xcf\x7f&\xbd\x9e\x9f\
\xac\xe9\xf7/\xad\xb6\xd1\x87\xf0\x91K\xad\x99\xefv)\
Zy\x94#J\xd1\xed\xf7\xe9t:|\xe7\xbb\x97\xf1\
\xcd\x8b/&\x1f\x9b\xa0\xdb\xaf\x13\xa3=\xd2Q\x90\x0e\
I\x8a%\x08\x07k\xfc\x19\x08\x15Zi\xc7\x13\xc62\
\xd0)\xc8\xc4I >7\x903N|\x19c\xfd\xe0\
\x22W|933\xcb\xc8\xf00\xfb\xf6\xed\x03j0\
\x15\xca\xc6Cp\xac;\x8c!\xacO%|#\xe3~\
\xb5\xd6h]\x84\x1a\x82\xaa\xdfw\x91bm\xc9M\xdf\
\xcd\xfa\xa8K\x5c\xebSA6\xb1\x94\xba2\xd8\xb2O\
\xbb\xc8h\x15\x1d*\x14\xfd\xaaD\xab\x8a\xba\xac0=\
\x05\xb5vk\x1a\x1e&\xd3\x19uw\xce\x0d\xbc\xd2@\
\x9e\xb9\x9a\x9e\xbeAu:`\xdd\xec\x04g\xf0G\xa9\
\xeb\xfe\xf1]9\x81\xd7R\xdeS\xc2|Q\xfe\x8a\xc0\
HuYZ/$\x9a(\x91\x1f\x0dm\xa3\x92{\x06\
\xbaK\x9fw\xf0\xaf\x89\xad\x11td@^\xbcs|\
\xa6\x0d.LX\xb48\x184\xbe\xd1|\xe5j\xc1\x07\
M=\xa6\x02p\x9a\xdec\xf3\xae\x81Ie\xa3\xa1\xff\
V6\xd5\xf4D#\xc8\xfc2\xa5\xa0\x0d\xd5hq\x11\
\x0b\x09\x7f\x1dJ\x84%q\x90G(\xae\x88\xeb\xb2\x16\
w\x98N\xea\xb9\xcb\xf4<{\xf0\x16\x0ezy\xeeX\
\xd02\x1d\xbe\x1b\x03\x01\xf1\x8f\x94Q\xe3mD\xe9\xdb\
\xa8d\xfc\x8fx\xba\x5cDr\xf2\xa8\xe4^\x0a[Y\
W\x1c8\x0f\xe6\xfe\x1a\xb5F\x91\xadR\xd8\xccb*\
\xc3\xe8\xf8\x04\xe7\x9f\xf2b\xb6\xed\xdc\xc1\xea\xf1\xe5\xde\
\xfb\xd2\xfe\xbe\xb1W8X\xe3\x09u6\xdaI\x80=\
{\xf7\xf0\xd5o]L>\xdc!3\x0a3o)\xf7\
\xefa\xd9!kx\xcb\xeb\xde\xc9\xc4\xd8R\xc6\x87\xc6\
y\xc5\xf3_\xcc\xc8\xf00\xd6Z\xba\xdd.\xca\x0f\x8a\
A+\x86\xd5\xa0\x0f\x8bZ\x94\x11+\xdd\xd2n\xb7\xd1\
J\xd3i\xb7\xc3\xa0\x17\x88\xb0s\xf0\xf5\x1a\x11\x18\x19\
\x1e\x09P0\xc6PUU\x1c\x0fl\x1c\xce3\xad\xc9\
\xf3\x82\xca\xd4\xec\xd9\xb3\x9bo]\xfa}~|\xf9\xe5\
\xdc\xf0\xeb_\xbb\xe9|\x03\x03\xb80Q\xe6O\xcd\x81\
\x88X\xffP\x9b\x84\xae\x03]8d\xab\xc6u\xf2\x89\
\xf2\x991\xeb\xdb~%U\x90\xd4\xbex$\xea<\xa3\
\x9e\x9f\xe7\x88#\x8e\xe0\xc2g?\x9b\x15\xcb\x9614\
2\xe2\x8eR\x0e\xb3\xdaU$.\xc1\x95u\xc5\xb1B\
\xab\xb5u\xdex\xaf[\xa2\xa8\xf8\xec\xff|\xddM\xfc\
\x0bk\x14\x86\xd0\xe1\xd9v\xc1\xfa\xb5\xb2\xb4\xa8\xe9\xee\
\xdd\xcb\xb1\xc7m\xe0\x93\x9f\xf8+\x0a,\xab\x97/e\
|t\xd4M\x8c\xcc\xf3\xa88\x93\x88\x97\xc5\xe5\xf1\x9b\
A\xb0DJ)\xc2<\x83G\xb6\xecaf\xae\xc7\x09\
G\xafbl\xb8\x03\xb8\xa13\x99vFT]vi\
\x0f\x0c\xf2\xe5\xaf\xfd\x90\xbb\x1f|\x94\xce\xe6\xed|\xf1\
\xbf\xbf\x82\xedd\xa0\x14\xa6,\xbd\x81\xec\xab\xfc\xc5\x8b\
H\x0f\xfbR\x9e\xb6\xbd!\xd6\xd4\x94\x8dx_C\xa9\
\xbb\xcb\xe2\xef\xf2\xbd(+\x02c\x80\xd2(\xd3\x87\xf9\
Y\xfe\xfe\x93\xff\xc4\x9a\x95\xcb9\xed\x94\xe3\xa9\xca4\
\xef\x9f\x14\x8d\x89A\x18\x9e\x09\xfb\xf6M22<H\
\xab\xc8\xa9\xeb\xday\xc5\xd6\xd0n\x15l\xdb\xbe\x8b\x0f\
\xfc\xe5G\xd1E\xe6\xf6bp\xcfT\xaa\xb9\x9d\x10A\
TQ\x8fx9j\xb1\xbe\x08\xaf\xc4\x98\x8a~\xdf\x1d\
\xddm\xcb\x0a\xb2\x0cc\xac\x1b\xf2\x93\xeb\xc6\xfa\x94\xc6\
\x95TDF \xcf3\x06:m\x8aV\xce\xb3\xcf\x7f\
2\xbf\xfe\xd55dCC\xb1h\xd6\x82;\x7f#\x0f\
0\xca2E\xbf;\xe3;t,\xa6\x9c\xa3\x9e\xefc\
L\x1b\x8c\x82v\xce\xe2\xe5+\x98\x9b\x9f\xa5*]\xbf\
\xf3\x13\xcf>\x8b\x95+\x96b+\xc5\xf0\xf8\x18\x17\x7f\
\xe5b\xc6\x96\xaf\xe4\xc4\x93\xce\xe0\xb4\x93\xd6\xb3s\xfb\
\x0e.\xfb\xe9\xcf\x98\xdf\xbf\x93\xba\xe8\xb0b\xd5*N\
9\xf1d\x9es\xe1\x05\xec\xd9\xbb\x9bo|\xfb\xa7<\
p\xdb\xf5<\xf5\x82\xe7\xb0\xfe\xa8#\xf8\xe2\x17\xff\x07\
C\xce\xa2\xf1q\x96.[\xca\xfd\x0fnB\x17\x85+\
L\xd4\x169\xd3\xc2Fd'2;\xad]\x8bx\x94\
\xeb\x9a\xa9\x98\xa6\xb2\xb6\xf2V\x1a]\x8aw\x89\xc6\x9a\
\x0d\xc0C\xb0\xd6T\x16\xa99 E\x8bQ\x7f\xa5\xaf\
\xe6z\x93h\xe6\x82\xa9\xbaij\xe7\x0f\xbdr\xbb\xe0\
\x8dT\x0e\x8a \x88\x82\xcf\xa6j$\xbcg\xc1\xcf!\
\x0e\x19G\xa1\xcf\xc4\xb8R\x8dM\xa7VMj\x85\x87\
\xab\xe5^\x1e\x88*)Z\xc2\xf8\x82\x13\x7fti\x9a\
s\x0b\xc286\xf4\x13\x0a\x92RKJ\x84\x80\x8ak\
\x95\xef\x06\xccZRn\xf3\xebN\x14\xb9\xdc\xfb\xf1\xa6\
B\x91 \xabA\x1b6\xc0\xc5\x81\xd6\x8bR+\xd0m\
\xe2\x22\x98\x0951\xec\xbf\xc5b\xe6\xa1}x\xc1\x5c\
=\xcf\x0b\xcfz=\x8b\xb3\x09V-Z\x9a\x18Y\xe9\
\xfad\xed>T\xe7\x0f|\x01\xc2\x8c\x80\xda\x8f\xa2\xbd\
\xf6\xb77\xf0\xd8\xfd\x0f\xc3\xa0\xa5\xea[\xf2\xac\xc3E\
o\xf8S>\xf4\x9e?\xe7\xb0\x95k\xc2}kc\xe8\
\xf9\xf3\x05Z\xadv\xe8\x1f\xeeW%\xf3\xbd\x1e\x83\x9d\
N\xb8\xbf\x06\xd7Z\xe6\xe1\x17\x18O\xd9H\x16\x1e\x8c\
*Q\xcesss\x18c\x18\x18\x18@kM\x8e;\
`F)\x5c\xce\xbf\x80\xe9\xd9Y\xbe\xf4\xd5\xff\xe1\xca\
_\xfd\x8a\xfd\xbdi\xae\xbc\xeaJ\xd0\x19y\xbb\x8d.\
Z\x81-\x12\x0b\xf6`\x86\x0dL\xcc\x82k\x04n\x09\
,-I\xfdJ\xc4\xbd\xfc\x1d\xba\x01\xb4\xe3\x07]d\
T\x07&y\xd5\x9b\xde\xc2-\xb7\xdd\xca\x8b\x9f\xf7<\
\x14\xa0\xb3xXx\x9c% \x08\xb7T\x95\xeb\x8ep\
v\xb0B\xe3Rp\xdbw\xec\xe6\xbe\x077r\xd5\xb5\
\xd7\xa2'\x16Q\xd6\x95\xe7\x8dTak?>[\xea\
)\xc0V=\xaa\xfd\x93TU\xcd\xb1'\x9e\xc0O\xbe\
\xf35\x0e_\xbdr\xc1\x1e#>\x0c\x0d\x99\x15\xc3\x98\
\xa2\x80\xc2\x17\xfd\x0f?\xdcgv\xbe\xcb\xe6\xed{Y\
\xbed\x0cPa2^\xabp\xc1\xc6}\xfb\x0e0>\
:\xc8u7\xde\xce\x0f.\xbd\x82;\xee\xb8\x8dGw\
\xec\x85,C\xe7\xda\x1d\xd2DR\xfc\x95\x1e'(\xff\
'\xf5,\xf13E\xe3\xcf\x80\xdb\xa4\xde\xc3\xca\x1d\x92\
\x0b}\xfa'\xb4\x13\x86(\xa4\xa5\xd05\xe5\x81)\xfe\
\xe4mo\xa4\xeeW\x9cr\xf2\x06\xda\x9dV\xc3\x11p\
\xb9\x7f\x15\x9e\x05nH\x93V\x9a\x9d\xbb\xf61\xdf\xed\
\xb1x\xd1(\xbbw\xed\xa1\xd3j126\x8c\xb1p\
\xd7\x1d\xf7\xf2\xfcW\xbc\x91\xc7\xb6\xef\x82\x81qo\x1c\
@\x22Q\x1b\xf2(\xc8b\x15S\xa9\xceXv\xc5x\
\xa6\x9cg\xf1x\x9b^\xb7t\x91\x18\xa1c\xe5\xeb\xa4\
\x12\x03\xc2\xdd\xca\xd1V\xae\xa3L\xd3Z\x93\x17r@\
\x96\x9b\x0c\x98i\x93\xd0\x95;\xdf\xa0\x9a\x9bq\xb3>\
2M\xdd\x9da\xc9\x9ae\xec\xd9\xb1\x8b\xba,\x19\x1c\
\x1fa\xc3\xc9'\xb0l\xd9J\xce>\xf3t\x8e?\xf6\
h~w\xfb\xbd|\xfc\x93\xff\xc1\x8aCVq\xf1\xff\
\xfc#[\xb7\xed\xe6\x81\xfb\x1fb\xcb\x96m\xec\xde\xbd\
\x93C\x0f;\x82\x17=\xff\x02\x8e?\xe9xn\xf9\xdd\
\xefX\xbdr\x19\xef\xf9\xb3wr\xe2\x09\xc72>2\
\xc4\x89'\x1e\xc7\x8em\xbb\xb8\xf3\xae{\xd9\xbam\x0b\
G\x1dq\x18O8\xf5dV\xacX\xcc\x03\xf7\xddC\
18B\xdd\xef266\xcc\xe1kW\xb0\xe9\xd1\xad\
\x94Y\x0b\xa3j\xec\xfc\x94\xc3i\xdeF\x86\xe7\x04S\
 \x18ZI\x0d\x83g\xc1\xb4\xde,\xbc\xbf\xc0\x06\x95\
\xb4\x92Dm\x82\x0cHL\x0b\x1b\x14@\xc4\xdfB\xea\
EI-\x99<?I\xbf\x07#$F.E\xfbF\
\x9d\x97\x8a\xfc4\xed\xbe\xc0\xceH\xf7\xe7\x7f\xff\xc3\x83\
\x80$t\xe8\x85\x902I.],\xef\x00H!\x12\
a\x22/\xe0E\xc1-X\x89%\x15*.\xc7\x17\x02\
wA9\x8a\xb1&EF\x919S!m\x83\xa2&\
\x80V\xa1\xc2\x09z\x01\x0a6\x01V\xb8_\x130\x0b\
\xa0\xd9\xa4\x04\x0f\x07\x88\x8a*\xcd-*\xfc\x08Sb\
NYT|\xe3)\xc1\xa8R\xc9{\xde8i  \
\x1a\x08\x10\xf3\x9e*\x03\x0e(\xfaw\x95\xac:\xec0\
\xde~\xf6\x9f\xd0\x9d-Y\xbdt\x95;S>T\x22\
\x8b\x04\xf7F\xc7B!\x99DH2\xad\xd9\xbcu+\
\x1f\xfa\x9b\xbf\xa0\xb5d\x88\x97=\xe7\xc5\x0c\xb6\x07y\
\xc3+_\xcf\xd9\xa7\x9d\x895\xd0\xed\xf5|\xfeN\x91\
\xe79m_xg\x8c\xe1\xc1M\x9b\xe8\x97\x15\xeb\x8f\
8\x9cN\xab\xe5<\xf3\xa0\xe3\x92\xb0f\x82\xe3h\x9c\
(\xd1\xa0\x94eEY\x97\xb4;m\x0c\x96V\xab\xe5\
\xc7\x94fdYFU\xb9\x13\x0do\xbb\xebN\xbe\xfd\
\xfd\xef\xf1\xb3_\x5c\xce\x81\x99\x19\x9e\xff\x82\xe7\xf2\xe8\
\x8d\xbf\xa1=6F\xa54UY\xbaj\xffF\xa8.\
\x10\x0b\xd1KL\xebC\x02k\x855\x07&LC\xa9\
\x81\xc5\x04\xae\x89Aa\x89\x95\xb8@5?\xc7\xd1G\
\x1f\xc5\xfe\xfd{Y\xb3r\x19\xabV\xad\x0c\xb9\xef\x85\
\xa1I\x09g[T\x9c$\x87\x0a\xfb\x7f\xe8\xe1G\xe8\
\xf5J.\xbd\xfa\x1a\xe6\xe7\xe6)\xc6\xc70\xbe\x0e\xc4\
\xd1$\x84\xe3\x86mFV\xe4X\x14\xf5\xdc\x1c\xed,\
\xe7e\x7f\xf4:\x9e|\xd6\x19\xbc\xe0\xd9\xcfd\xc9\xc4\
\x08\xf3=w<\xb4\xd6\xca{\xb4n\xcfe\xe5\x86\xda\
\xa4\xb58B\xeb\x8e\x05\xdc\xe13\xcaw\x848r6\
T~\x98\xcd\xb9\xa7\x1f\x13\xe9\xd7:\xcfr\xf7\x9e\xfd\
\xdc\xfb\xc0#\x9c{\xf6\xa9l|l\x1boy\xfb\x07\
\xb9\xff\x81\xfb\xa1\xdd!o\xb7\xa8\x0d\x98\xba\xf6\x0a.\
\xd2\xa9J\x9e-4\xa2\xe4\xef\x84\x7f\x95\xc7\xad\xb0k\
(\xc1\xb1\x0b\xf8\xef Ao\x83\xbcB\x0cqk\xc9\
sM\xb9w\x17/x\xf1\x0b\xc8tM]\xf6\x18\x1a\
\x1a\xa0\xef\xf3\xfe\x8e\xee\x9dG\x1fy\xc9\xd1\x88Dv\
\xc6\xc6\x86Y\xb6t\x82~\xbf\xe2\xde\xfb6r\xf2\x89\
\xeb\x1d\xee[-\xfe\xf7\x9b\xdf\xe7\xd1\x07\x1f\xa3\xbdd\
)\xbd^\x1f7\x8a;\xca\xae\xa0 \x82\xccJ\x0b\xe7\
R\xd9b\x81\x1a\xaa>C\x83C\xe8\xa2\xa0\xdb\xed9\
\xdeT.\xe8UK\x04\xc0\x1bO\xa9\x06\x08J\xc4F\
\x18\x00l\xda\xb2\x8f\xba\xee1\xbfo?\xd4~f\xb9\
\xcahO\x8c\xf3\x94\xa7?\x89\x81\xc1\x01\xa6&\xa78\
\xf7\x9c\xd3X{\xf8\x11\x5cs\xf5u\x9c\xb0\xe1\x18\x9e\
\xf3\x9cg\xb0j\xc52&\xc6\x87\xf9\xd1\xa5\xd7RS\
\xb3g\xdf\x14\xef\xfb\xf3ws\xd2\xfa#8\xf5\xc4\xf5\
\xd4\xfd\x92\x89\xd1\x13y\xeaS\xcfb\xc5\xb2%\xac^\
\xbd\x92\x22\xd3t:-\xde\xf2G/\x0d\xf8\x99:0\
\xe7xO\x19\xfe\xe5?\xbe\xc2\xc8H\x8b\xb2T\xac;\
\xf20j,m\x0do~\xe3\xeb\xb9\xf67\xb71\xb9\
\x7f\x92G\xee\x7f\x84\xd1\xb1aV\x1c\xb2\x92\xc7\x1e\xdb\
\x09Jq\xc4\x11\x87\xd1\xef\xf5\xd8\xb2m'\xf8\x94\x8d\
\xf0UC\x81\x06'\xd2\xab\xef\xd0\xcaM4\x1a\xa4\x1d\
<\x8d\xd6\x99(#\x10=\x14-4\x19\xde\x1f\xa6\x1e\
\x86(\xc4\xe3\x90\xa4\xa8\x99\xa6jP\x11\xe7\xb2v\x1b\
y\xb2Q?\x14\x96\x91*\x91&\xbd/|\xc5.\x80\
\xa6\xd3\x93|\xa1\xa1\x0dI80nT.\xf3\xef\x07\
\xc6\x82`25\xc6\xf7J}@\x08\xc9{# ,\
\x22%R\x9b\xf2g\xb2\x86\xf8~X\xa1mn=\xaa\
N\x88\x9e\xbb\x17\xfe\xfaq\xc0\x91\x00!E\x93\x14\xae\
4\xbcB|n4\xbc\x95\x14t4\xbe\xad\xc4\xdaI\
n\x98(\x9d\xb0\xaf\xd40Hw \xeb\xf2o\x19\x85\
-Aw4\xd5\xbe\x1e\x17>\xe9y\x9cq\xcc\xa9.\
D^\xd7.\xaf\xec\xf7k\xac!\xd3\x82b\xdb\xb8e\
\x0ab\xe9\x18\xf8\x97\x7f\xff4'\x1d{<\x7f\xf1\x81\
\xbf\xe4\x9c\x13\xcf\x08\xab\xe8u\x9d\xa2h\x15\xad\xc6\x11\
\xa7\x07\xa6\xa7\x99\x9d\x9b\xa3\xddn1>2J\xab(\
\xd0J\xd3\xce\x8b\xa8\x1c\x13#1,C\xf6)}\xcc\
~\x8f\xdd^/\x80\xab\xaa*\x06\x07\x06\xc2~\xb6\xec\
\xd8\xce\xd4\xf4\x14\x8fm\xdd\xc2\xaa\xe5\xcb\xb8\xe6\xc6_\
\xb3u\xd76z\x99\xe1\xc0\xf44_\xfc\xc2\x97\x98\x9b\
\x9fA\x8d\x8d\xe2b\x9b\xd6\x9f\x9c\x16q\x7f\x90R9\
(\x9d\x15\xbdqH\x04\xadWp*\x8c\xc9\x22!\x10\
u\x10\xd6C\x05nm\xd1X\xa6'\xa7\xd9\xbe}'\
\x9f\xfa\xeb\xbfv\x85u2\x850\xb1\x8a\x05^\x22\x84\
\x16\xf2\x9e\x05\xe6fg\xe9\xf7+\xae\xb8\xfa\x1a\xd4\xe0\
\xa0\x1b\xdb\x9aF\xc0\xbcG\x88U\x14\xca\xd2\x9f\x99\x02\
\xabx\xcdK^\xc4\xcb\x9f{>\xcf\x7f\xce3\x03m\
\xf4\xab\x8a\x22w\x07D\xc9\xa9}\xfd\xb2\xa6(\x9cA\
\x10\xa6\xb4\x0a\xad&\xb8\x94|?\xb8i\x03Um\xc8\
3E\x9eiZ\x85\xa6\xe7\xdb9[EA\x96i\xee\
\xb8\xeb>.\xbd\xfcZ^\xf6\xa2\x0b\xb8\xee\xc6\xdf\xf1\
\xba7\xbf\x87G7=F12Be\x14\x95\x81\x18\
\xea\x7f<c,y\xcfJ\x0d@b\xbaI\x07D\xc3\
\x00KdA\x22xSCA\xe4Mz\x9dR\xa0\xf3\
\x9cjv\x96\xa3\x8e?\x9e\xe37\x1c\xcd\x8e\xcd\x8f\xf1\
G\x7f\xf4rJ\x9f\x82RJ1?\xdf\xa3,+F\
G\x870\xb5\xc4\x99\xa2\xec\x98\x9a\x9acx\xa8\x8d\x05\
\xee\xbe\xe7\x01\x8e;\xf6(:C\x83d\x99\xe6\xda\xeb\
n\xe4?\xff\xf3\xcb\xe4c\xe3\xf4\xcb\xda\x13\x8d\xa7\xad\
D\x1b\x84\xa2?\xd1\x0c\x09-\xf8m\xa0Ph,\xa6\
_s\xc8\x9a\xd5|\xe1\x0b_\xe6=\xefz#\xab\xd7\
\xac\x04\xebp\xab\xb5(>/g=k<\xbay7\
\x07\xa6\xe69\xe5\xf8\xb5\x98\xda\xa0\xb4\xef\xb8\xd0\x86\x91\
\xb1!\xce}\xfa39t\xcdj\x8eY\x7f\x0c\xad\xbc\
\xc3\xaaUK9\xe6\xe8\xc39\xed\xd4\x0dh\x05S\xd3\
3\x8c\x8e\x0c\xb3u\xfb.\xde\xfc\xba\x17\x85\xf5\xd5u\
\xcd\xdc\x5c\x17\x9dk\x0e;t\x0dO;\xefl\xc6F\
b\x97\xce3\x9e~v\xf8\xdd\x18\xc3\x8e\x1d{Y\xb2\
x\x8c\xbd{\x0f\xd0\xed\xf6\x99\x9e\x99\xe5\xd6\xdf=\xc8\
i\xa7\xadg\xeb\xd6]\xacY\xb3\x9cg=\xfd\x5c\xd6\
\xac^\xce\xcd\xbf\xbd\x83b\xa0`\xe3\xc3\x8fr\xeai\
'\xb2db\x94?{\xe7\x1f\xb3\xf5\xb1\xcd<\xf9\xac\
38\xfb\x9cS\xf9\x97\xff\xfbe\xbe\x7f\xe9\xd5\xec\xdf\
?\xcb)'\x9f\xc2\x81}\xbb\xd9\xf2\xd8\x16TQ4\
\xc2\xf9Q?\x08\xbf\x0b\xbd\x07\x8eL2j\xc9\xac\x01\
\x95\xc8\x94\x85z!\x15\xeb\xd6\x86)\xee\x0d\xe7!5\
T\xfd\xb3\x22\xc5\xda\x86lN\x8f#O\xe9 \xfd)\
\x84+[\x8b\x11\x9f\xe6\xcb\x1e\xf4N\x1a\x01\xb0\x0d\xc3\
0y\xcfk\xf6\xe0\xd9Z/\xe0\xbc\x12G\x0a\x8f\xbc\
\xf4\x0a\x1e\xb2l&\x86\xf3\xac\xdcK\x94\x88\x15\xc5\x9a\
>P\x85\x0az\x17ju3\x95UC\x88\xfb\xdfu\
\xb4\xfc\x05BM\x8f?\xb2e\xf0\x0a\xf0\xbf\x04\xceJ\
6\xbe@GF\xc5\x1f\xee\xee\x85\x89|j\xc3\xf5\xe9\
\x90\x88\xc4~'\xfaq>\x7f*^\x8c\xdcW\x22\x9c\
\xf2\xcd\x04\xa7B\xa8\x0d{\xc2\xe0\xe6\x01\xf4\x14\xba\x9b\
\xf3\xa2\xa7>\x0fS\x1b\x0c\xae\x0dI\x85/K\x8b\x92\
\xdbo\xea\x11%\x8d,\x0e\x8c\xbe\x08\xe8\xdd\x7f\xfa\xa7\
\x1cv\xe8Z\xc0\x15\xe0\x01h\xa5)\xf2\x1c\xa1\x81\xb2\
_Q\x99\x9a\x81N\x87^\xaf\xc7\xf0\xe0 \xa3##\
\x09\xc8m\x80\xadJ\x8d\xb3\xf0\xd9B \xfb\xd4\x87u\
\xc3T\xb4R\xe8V\x1b\x80n\xaf\xcb\x96m\xdb\xb8\xe4\
\x07\xdfehl\x88\xed;vp\xc6\x89\xa71;:\
\xc2\x9d\xf7\xdf\xc5e\x97]\xc6\xbe\xee<U\xbft\x91\
\x89\xa1A\x8cT\xc4\x87\xc8Gj\x06F\xd0J~?\
\x08\x00\x9b\xe2\xd0\xd3\xcd\x02\x8b\xd8\xb5\xbd\x0a\xaal\x80\
\x89\xc0\xd8I\x5c\x9cWP[2\xad\xa8\x0eL\xf2\xc6\
\xb7\xbc\x8d\x17=\xf7\xb9t\x06\x5cZ$\x8c\x05%a\
\x19\x1b\xdfO#\x04\xd6\xba\x22\xad\xc9\xc9)2]p\
\xed\xf5\xbf\xe2\xa1\xdbo\xa3X\xb9\xda\xcd\xc3\xc7+<\
\xad\xc9\x94B\xd9\x1a\xd3\xeb\xd1?0\xcb\x9a\xc3\x0f\xe7\
\xa3\x1f\xfa \x17<\xfd\x5c\x0eY\xb1\x8c~\xbf\x0f\xca\
\x1d\xbeTd1\x02\xd1\xeb\x97\xe4yN\x91;\xfa\xc9\
u\x9c\x16\x98\xa6\xe7b\xe9&\xec\xd8}\x80^Yq\
\xe8\xaa%\x81\xe6\xaa\xaa\xa6\xdf+\xe9\x0ctPZ1\
33\xcb\x15W^G\xdf\xd4<\xe7\xfcs\xf9\xd9U\
W\xf3\xbe\xbf\xfc\x14\xa5\xad\xc9\xc7\xc6)+\x83\x94,\
ZQ\xf4\xc1\x13\x05\xab\xd2\xe13\x9eV\x92r\xed\xb4\
7\x9eT\xe9\xdb\x98\x1b\x15\x8fH\xd6\x18\x82\x8e\x81K\
E\xb6D\xcb8\xa3\x82\xba\xe4\xa2\xb7\xbc\x86\x1f}\xef\
\x07|\xf63\xff\xec\xbc}\x94o]\xed\xd3\xef\xf7\x19\
\x1d\x1dvEwZ\x05\x1bE<\xb5\xe1\xa1\xb6\x1b\xc4\
\x05\xac?f\x9d\x8b\xca\x19C\x85\xe6\xdd\xef\xfb\x0b\xa6\
&\xf7\x93\x8d.\xf3\x05|\xb2Aa\x98\xa8h\x92r\
\xc6\xb0\xa1Xg\x90\xc8/\xad\xe9\xcd\xd7L\xcfL\xb9\
]Y\xdfjh\x0cU\xe9&7:\x99\x1a\xbf?>\
:\xe4S3\xd6\x9f^ii\xf9\x09\x8f\x7f\xfb\xb1\xf7\
\x92\xe59{\xf6\x1c`\xe5\xf2x\xf6\x06\x80\xa9*J\
,y\x96\xd1\xef\xf5Y\xbet1\xf7>\xf0(\x8fm\
\xdd\xcb\x09\xc7\x1d\xce`\xa7\xe0\xc6[7r\xee9\xa7\
\xd1\xed\xf5\x99\x9d\x99e\xea\xc0\x14K\x97\x8e2=3\
\xc3UW\xff\x96\x0d\xc7\x1e\xc5\xfa\xf5\x87\xb1\xf9\xb1\xed\
<\xf4\xf06\xce}\xd2\xc9\xec\xdd3E\xde\xcaX\xb3\
f%\xabW\xaf \xcf\x14;v\xecf\xeda\xabX\
\xb7\xce\xa5\x1f\xcf>\xf3\x84\xb0\x8e\x9f\xfd\xe2Z~~\
\xe5\xafh\xe5\x8a\xbc\x9d\xf1\xc3\xcb.\xe7\xe2o\x7f\x87\
\x876ma\xf7\xae]X=\xc0w\xbf\xf7\x13\xa0\x82\
\x81!?&\xfb`\x1d\xb7p\xe4\xbb\xa33\x1d\xe4z\
Cw,|)\xd5\xb4\x01,\x90\xf0\xb7\xb7\xe4\xc2C\
E\xf6\x04\x0da\xe3\xdf\x92\x16MS\x81\xd1q\x8cQ\
E\xd1j\x8dG&\x8e+\xf2\x5c\x91\x83\x0b\xc3\xef\xc9\
\xeb\xf7\x8e\x02\x8e\xf0\xb1\x8d\xdd\xd9dQA\x11&\x9b\
\x08}\xb0\x91k\x03\xf4R\x0fb\xa1h\x0d\xce\x98\x8a\
[\x0byb\xc0\xfa\xf2\xda8\x09\xae)\xa4\x95_\xbc\
\x08\xd5\x90\xaf\x94\xe7y\x8b:\xb0\xbdX\xc4X0i\
^F%\x96[3<\x1cm\x06\xdb\xb4\xfc\x84y\xe5\
~\xa2\x00\x1bPT\xc1b\x8f\xb1\xa7\x05\xd9\xa0\xd4\x10\
\x12\x00\x07\x89\xe5\xbfg\x9dR\xae\xb6\xce\xf3\x8a\xe7\xbc\
\x8a\xb3N{\x22(\xc8\x94\xeb\xa96\xd6\x19\x02\xee:\
H-Ukk\x1f\xba\x8d'\xf19\x989\x22>\xec\
\xd0\xb5\xf4\xcb>Zk\xda^\x09[\xef\xddX,U\
]\x05o\x07`\xf9\x928\xccE\x14\xa9B\xf9\x13\x03\
\x93\xe7*\xc1\xb1\x83\x91\xf1E\xa2\xdd~\x0f\x8be\xb0\
=\x80R^@\x9a\x9a\xdb\xef\xb8\x8d\xef\xff\xfc'\x8c\
\x0ctx\xc9\x85/\xe4)O:\x97SO>\x89M\
\x8fm\xe1\xa7W\xfe\x9c\xf7\x7f\xec#<\xb2\xf5Q(\
Z\xeep\xa1vT\x96\x01!\x0do\xf2q\x18\xc0\xd3\
D\x1aB\x8a\xa1\xd5\x88\x83\x80\xe6\x84\x11\x1b\xcaG\xae\
\x16>\xb7\x8e9\xb5\xb5\xd4\xfb\x0f\xb0~\xddQ<\xf7\
\xd9\x17\xb0t\xc9b\xb2,\xf3\xc3\x8er_{\x91\xd2\
3\x81wd\xec\xaf\xb5\x84\xf0\xff\xe4\xd44\xedN\x9b\
__\x7f#\x14\x99o\xcfR\xa0]Q\x9625\xd5\
\xd44\x18K\xa7]\xf0\x97\x1f\xfe\x10\xef\xbc\xe8M,\
]4\x01\xb8V\xc9\xa2\x90\xf1\xbd\x117\xa6v]\x01\
Z\xa9xt\xadm\xc2B\xe1i\xc6\x7fw\xdf\xe44\
eU\xb3|\xf1h0\x80v\xef\xde\xc7\xd0\xd0 \xc3\
\xc3C<\xfc\xf0\xa3\xd4u\xc5\xa1k\xd7p\xfa\x13\x8f\
\xe7\xb2+\xaf\xe5\xfc\xe7\xbd\x8c]{g\xd1\xa3\xe3d\
X\xaa\xda\x15\xfa\xb9}.\xf0\xfe\x13Z\x0f\xf9\xd9\xc4\
\x18Q\x88\xfc\x09\xe6\x1b\xcd\xe8_\xb3\xf8I\x9c\x96\xa0\
N\xad\x93\x1f2\xd3>^e\xc83M\xb9k\x1bo\
z\xdb\x1f\xb3\xf1\xbe\xfby\xf5+^\xc2\xf1\x1b\xd6\xd3\
\xeb\xf7i\xe5\x05\x0a7\xcd\xaf(\xf2\xe4\x19Q\xe0O\
N\xcd\xd2\xe9\xb4h\xb7\x0a\xe6\xe7{\xcc\xcd\xcf\xb3x\
\xd1\xb8\xeb\x80\xe9tx\xd3\x9f|\x80[o\xbe\x89|\
t\x09UU\x22\xdd\x1bM\xd6\x8f\xe1\xe9Pc\x827\
rD9(\xed\xd2\x0f\xca\xa5\x8bt\xd1B\xe9\x92\xce\
\xe08\x03\x9d\x81@\xf3um\xa9\x8c\xa5\xed\xef#]\
\x10V\xc1\xc4\xf8\x10\x13\xe3Ca\x22&\xc1\x18um\
\x9a`Y\xbed\x0cc\x0cs\xf3}\xe6\xe7\xbb\x8c\x0e\
\x0f\xb2o\xff\x0c\x0fo\xda\xc5/\x7fs\x17'\x1d\xbf\
\x96\xa7?\xe9\x04\x8c\x81u\x87\xadB)7\x06\xfc\xb0\
\xd5Ki\xb54\xc3\x03C\xd4\xb5\xc1X\xd7\xf2;1\
>\xc6\xf3.<\x8f\xb6O\x13\xae\x5c\xb9\x945k\x96\
\x93\xe79G\x1fs\xe8Alz\xee\xb9\xa7q\xc3\x8d\
\xb7q\xe3ooe\xeb\xd6m\xdc\xfb\xc0\xc3<\xf8\xc0\
&\xb2\x5cq\xcf\xfd\x1b\xa12\xa0j\xe8\xf7q\x85R\
\xb8\xb1\xd7\xba\x80\x01\x8bn\xe5(]`\xea*z\xdd\
\xd6\x0f\xfcJ\xa2\x92\xb1CB\xda\x1b\x131\x1d\xfe\xf0\
\xf2M\xec\xae\xe0\xc9\x0b\x1dH\xfaMp\xe4\xc3\xf6\x89\
\xac\x88\xfa)\xfe\x11>N\xa3\xc4\xc1\x10q\xf5\x01(\
\x91\xc2\xcdW44\xf0\xc6HS\xf1+\xa5y\xbc\x97\
|\xe7\xf7\x1f\x07\x1c\x16\x91\xfe\xad\x22 \x1egW\xa1\
B\x9f\x14(I\x0e1\xd9\xbd\xd8<\xcdM\xc7b\x88\
F.,\xdc7\xb1\xfeql\x97\xf0`\xc8\x9f\x8a\x91\
\x12\xbf\x83\xbf\xda\xff\xed\x8d\x81h\xday\x06\x0e\xc6F\
\xa2\xfc}\xb1\x8ck\xa1\xf2\x8a-D\x05d-\xa9F\
P\xf1\xa7(\xc6FT\x84D?%\x94\x10\xc0e\x13\
\xb8\xb87\xb5\x7f\xdf\x00\xdaj\xea\xb9>\xabW\x1c\xca\
\x8b\x9f\xf7bfgg\x19\x1f\x1bs\xca\xdf8\x0f\xd5\
\x9dI\x9e\x05\xc2\x8d\xd3\xa2\x08\x0a \x10\xa6Q\x22\x15\
\xb0\xd6\xfa\xbe\xfb\x08\x7f\xa5]\x0e\xdaXC+/\xa0\
P\x8d{\xe0\xef\x99\xe6\xa8\x5c\x8e8\xae_ZT*\
[\xb1\x7fn\x9a\xc1b\x80\x8en\xd1)\xda(\xad\x98\
/\xfbl\xdd\xbb\x8d]{\xf72?\xdbeb`\x88\
W=\xff%l8\xfa\x18\x1e\xda\xf40S\xd3\x93\x9c\
\xf7\xdc\x0b\xb8\xf7\xf6\xbb\x98\xe9\xcd\xc2P\x9blx\x08\
c\xac\xeb\xed\x0f\x8a\x5c\x84Xj4B\xec\xb9\x15\x98\
\x13\xaf\x15\x03\xd6\x0a\x1a\x12\xe6W\x0b?\x13\x14\xdbH\
?:EU\xf4\xea3e\xa9\xba=^\xf9\xf2Wp\
\xd7\xddws\xe8\xeaC0\xc6P\x96\xbew\xdc\xd3\x8c\
\xc3\x89\xa4\xc5\xdc\xd1\xb7\xca{\xf4\xda\x8a\x92\x82-[\
wp\xf9U\xbf\xe4\xf2\xab\xaeB\x0d\x0cPYCV\
\xb4\xc9\x94\xa5?9\x89\xca4/\xba\xf0\x02\x0eY\xb1\
\x82\x97<\xffB\x9er\xf6\x19\xd4\xb5a~\xbeG\xd1\
\xca)<=X\x5c\x98\xd7uR8\xda\xd0\xc1x\x97\
\x08\x9a\xa7\x15i\xc9\xd1\x8a\xd9\xb9y&\xa7gX\xb5\
|)\x13\xa3\xc3,\x1ew\x82\xa5\xae]w\xc6\xd2%\
\x8b\xd1\x99\xe6'\x97\xfd\x02\xa5\xa0\xacJ\xfe\xf6\x1f?\
\xc3\xe4\xec\x1c\xdf\xff\xd6\x0f`t\x84\xd6\xd8\x88;\x17\
\xc2\x1a\xcf\xe7\x02\xdcD\xd2*PD#3J\x83(\
<\x03O\xf9\x88\x92\xf5\xc26\x88\x17\xf9F\xea\x1c\xa8\
(\x01\xd2)\x8e\x22\xa4\xc1\x15]V\x93\x078\xfe\xa4\
\x938\xe6\xe8#x\xf4\xa1\x87\xb9\xe8\xa27y\x9c\x15\
`\xa1\xae\xdcDD\x99]!2K)\xe8\xf7+\xfa\
\xfd\x8a\xe1a7\x00kjj\x96\xa1\xe1\x0eeY\xd1\
\xe9t\xf8\xe6\xf7~\xc6\x97?\xff9\x8a\xd1q\xca\xda\
\xe5\xb6\xc3\x14E|*)\x15\xabB\xc7\xa2\xf8\xb1\x91\
6\xb2\x0c\xac\xa1\xaaK\xaa\xdab\xfas<\xf2\xc8&\
>\xf6W\x1f\xa6\xdd\xe907\xd7\xf7Q\x08\xddh\xcb\
\x0cFS\x92\xda\x09\x82\xbe\xe1\xca:\xe3\xb0WVt\
\xfb%C\x03m&g\xe6\x19\x1f\x1b\xa12\x96#\x0f\
_\xce\xb1G\xafbv\xae\x8b\x056\xac?\x0c\x80=\
\xfb\xa7\x18\x1e\x1a\xe0\x98u\x83T\x95\x1b\xd1\x9ce\x19\
\x99\x7fL\xa65\x83Y;<VkM\xbf_\xf3\xd8\
c;@)n\xb8\xe96\xc6FG\xe8\xce\xf7\xf9\xe9\
\xcf.g\xc7\x8e-\xfc\xee\xd6{X\xber5\xfb\xf6\
M\xb2y\xe3#P\xb4\xa0\xec\xb2\xea\xc8#\x98\x9e\xed\
2\xbdk\x1f\x03\xe3C,[\xb6\x88\xe9\x99.\x0a\xc3\
\xca\x95\xcb\xb8\xf7\xbe\x87\x19\x1a\x1d`jrN\xaa\x1d\
=\x05\xe8`t\xa9\x84\xc6\x1c.\x94\x97\xcf\x1e\xb7\xc1\
q\xb31\xf4/\x06r\x22\xb3E\x8e\x07\x95\x92\x18m\
\xa9\x0ej\xfc.s\x01\x92\xd3R\x03_$j\x91p\
\xbf\x86\xcd\xe2?\x8a\xbf\xc5\xdf#\xdd\xdb\x84\xa0T\xf2\
\xa9\x5c\xf9\xfbG\x01'a\xb4\xe8\xa1&\xab\xf0\x04\x99\
z\xec\xe9\x16\xd3,\x9c\xf4[\xe3\x19/\xd5\x9f\x0d\xa0\
\xd8\x05\x00\xf3\xcf\x8a3U\xa27\x10#\x06\xa9`\xb0\
\x8d\xb5$\xb7@B\xef\xc1\x0b\x17\x01\x11\x04@\x02H\
\xb9^\x96\x18\xda\x14\xe3MSd\x04J\x10\x02K\xac\
>\x05IH%1*\x88 $\xfd7\xae.T\xad\
\xca\x9a\x15\xb8Q\xae\x15<\xed\xc9Og\xf3c[\x19\
\x7f\xfaX8\x87\xbdU\xb8\xa3=\xb3\xc4\xe8K\xcd\xb0\
8}.\xedv\x88\x86\x81\x14/a-\xa6v\xe1V\
\xd7\xd3\xab\xd1I\xd1\xa3\x9c\x88\xb70<\xa9<>e\
`\x8d\x5c_\xdb\x0ak,\x955\xe4\xad\x82Lk*\
[3\xd7\xed\xd2-\xbb\xdc\xb7}#\xd33\xd3\x9cs\
\xd4i,\x1es\xe1\xc6G6=\xc2\x9f|\xf0\xdd\xfc\
\xef7\xbeIo\xff\x01\xc85\xba\xd3\xa1\x18\x1e\xa2*\
\x14u%\x07\xec$2K\xccB1z\x82\x80\x13\x85\
\x900E\xb2\xf7\xb8\xf842$Q\x92H\xcd\x92J\
\x89\x1e\xa8\xc3Q\xccU;\xaf^kE=5\xc3\xba\
\x0d\x1b8\xf6\xb8\x0d\xec\xdb\xb3\x97C\x0eY\xc5\xdc\xdc\
\x1c\x83\x83\x83N\xe1\xcb1\xc4)\x0fXE\xbb(\x9c\
\xd1%\xd1\x00O\x8b\x9b\xb6m\xe7\x1f?\xf3Y\xba\xdd\
.\xd9\xc0 \xaa\xae(\xe7\xe7\xa9\xfb%\xcf\xbe\xe0Y\
\xbc\xff\xedo\xe3i\xe7\x9e\x13pQ\xd7\xce\x1bj\xb5\
\x8ahpz\x03Gkgld\xbeZ<\xf5Rb\
4\xc7\xfd0\xc6M\x10\xec\x97%\xad\xa2E\xb7\xdb#\
\xcb2\xe6{}\xe6f\xe7\x99\x18\x1f\xa1\xddnq\xef\
\xfd\x0fq\xfdM7312\xc2\x9a\xc3\xd6\xf0\xea\xd7\
_\xc4\x83\xf7m\x84\xbc _4Am\x15\xfd~\xd9\
\xe0W\x15\xda\xdb\xe4\x1f\x919M\x1e\x8e\xecj\x17\xe0\
i\x01\x0fy\xda\x0d\xed\xbeD>NT_B+Q\
6)\x14\xca\xd4\x0c\xb6[\xbc\xfa\xb5/g\xc7\xd6m\
\xfc\xe3\xa7>AY\x96~\x16\x85\x1b\xa0T\xd5\x86\xa2\
\x95E\x1a\xb3\xae\xf0WY\xa8\x8ca\xf1\x22\xd7\xbaZ\
\x965\xcb\x97/\x0a\xd7m\xdb\xbe\x93\x8f\xfc\x9fO\x90\
\x0d\x0ccU\x9e\xd0\xad\xc0 \xf3\xb8\x96\xd4\x99\xa3\xa7\
L'\x09\xbb\xbaG\xd5\xefB\xa5\xa9K\x8b\x1a\x19f\
\xc5\xb2\xc5\x8c\x0e\x0d\xd2i\x1d\xc6\xeb_\xfdBN:\
\xe1h\xd7.\xab\x5c!p\xaec\x92%*3G\xb8\
\xa9\xb2\x0a0\xf1\x8aQ\xba\x12\x1c\x9dh\x06:\xff\x8f\
\xaf\xf3\x8e\xd7\xa4\xa8\xf2\xfe\xb7:<\xe9\xc6\xb9w\xf2\
03\xcc\x0ca\xc89\x07\x01E\x01e\x15\x05D\x05\
\x8c\xe8\xaei\x93\xbb\xeak\x5c\xb3\xae\x8a\xd9\x151\x07\
DA$\x09\x06\xa2\xe4\x9c\xf3\xc0\xe4a\xd2\x9d\x9b\xef\
\x13\xba\xbb\xde?\xaaNU\xf53\xe8\xc3\x87\xb9O\xe8\
\xae\xae:\xe1wN\x9d:u\xaa\xc2n\xbb.\xa0\x93\
e\x0c\x0d\xf6\x91&\x11i\xa4\x18\x1a4\xe3\x95*\x95\
\xb3g\xf5\xbb\xc9\x81Y\xf6\x08\xdb6\xed\x15E\xc1\xd4\
T\x93\xde\xde\x06\x0f<\xf0\x04IZ\xa1\xafQab\
\xba\xc5\xf6\x91\xedD*g\xcf=v\xe3\x9c\xb3\xff\x89\
\xd5\xcfo\xe0-\xe7\xbc\x89\xe7\xd7\xaeb\xd9\xae\xbb\xd1\
iw\xf8\xd8'\xbe\xc6\x01\xfb\xaf\xe4}\xffr\x1eE\
\x91\xb3m\xeb(/\x7f\xc5\xd1\xdc{\xefC<\xf4\xc8\
S\xdc\xf4\xb7\xbb\xd8\xb0~#Q\x1cSd\x1d\xe3P\
\xbam\xd7>\xaa\x0c\x12r\xf7\x09\x80r\xd5N\xafp\
\xa6)&T\x84\xafLDOW\xcbGgs\x02=\
\x14\x05\xf3\xd18\xc9i\x0bp\xca9}\xb8\x03\xaa\xc4\
\xbe\xb8\xed\xefA\x7f\xca\x9b\x90\xc5~\x85\xb6m'\xcd\
\x22\x09\x0dp8li\xd2\xf6\xcd\xbb\x0d\xe1\xcc\xce*\
\xa3\xdf^a\xefu\xdag\xbfw\x95\xb6\xec\xef\xce\xf1\
\x0d=\xa3\xe0^\xf9Nyp5kuv;T\xd0\
G\xa9! \xe1\x12\xcc\xe3\x08K\x0d\xbb\xe6\xec\xecZ\
<\xbe2\xa1\x94\xe3\xa5\xf7\xe5\x02\x1a\x08\xe1\xf1\xe3)\
3\xddz\xf0\xc2`\xc7i\xfb\xd7\xf6I\x9eC\xf8s\
\xe0\xc9\x94\x22+\x01)4\x1a\x95(\x0a\x9d38o\
6kV\xaf\xe3\xa3\xef\xf9\x10===dy\x86\xce\
\xb5s\xe7|_q!$7k7_:\xc3R\xa0\
Ibsc\xbb\xd3a|f\x8a\xdeZ\x9d4N\x02\
\xb0\x0ci\xe8\x18UJ\xc0\x0c'\xd6Y\x9e\xf1\xc4\xf3\
\xcf\xb2\xcb\xdc\xf9\xcc\x1a\x18D\x17\x85Y\xa3\xd6\x11\xbd\
Q\x8d\x91\xc91\x8a<'\xcbsT\xa18a\xcf\xc3\
Q*\xa2\xd9jq\xfd-7\xf1\xdb+.\xe3\xda\x9b\
\xaeg\xcb\xc6\xf5T\xfa\x06\xa9\xcc\x19\x22/rr]\
P\xe8\x1c:\xca\xca\x15N\xb1=\x0d\xb5\xef\x8f\xab\xf8\
\x15\xd01\xd0\x07W\xab\xdf\xfd \x1c\xb7r-J\x8a\
\x17{\x9f\xdbb\x7f\xd3\x98\x9a\x13(\xb3\xe6\xa2\x22\xa2\
4!\xdb\xda\xe2\xcc\xd7\x9d\xc1\x9c\xd9\xb39\xec\xa0\x83\
(\xb4\xdd\xd1\xa0\x0b\x8a\xcc\x84\xf5\xbd\x1c\xf9.\x14Z\
\xcbI\xcf\x9e\xecJ1:\xba\x9d\xa85I5\x8di\
\x8e\x8dB\xa5\xce\xa1\x87\x1e\xca\x07.x\x07\xe7\x9f\xfd\
z\xc7?]h\xe2$v\xfb\xd45\xb8\x1c\x11\xb3\xd4\
\xa3\xdc\xd6O\xc0\x851\x9dsZ\xf8-\x8a\xa6\xee\x82\
YZ\x9a5\xd0\x0f\xc0\xf6\x91\x11\xd6\xad\x7f\x91\xddw\
_\xce\x9c\xd9\xb3h\xb7\xdb\xdcy\xf7\x83\xdc|\xe7\xdd\
\xbc\xe2\x84c\xd8\xbec\x94S\xdf\xf06\xb6\x8d\x8cR\
\x9d?\x9f\xbc\xd36u\xfc1\xfcp\x09Q\xceH\x07\
\xcb\x8a\x8e\xfe\xda\xeb\x87\x1d\x84LN%: \x13\x0c\
\x17\x09(\x02yt3\x17\x01\x83\x10\x07\xe471v\
\xe6\xf7(I\xc8'g\xd8\xff\x88\xc3\xf9\xd3\x9fo\xe4\
{\xdf\xfc\x0a\x8d\x9e\x06y\x96\x1b\x07\xc8&\xd8\xc6q\
Tv*1\x89v\x9dN\xeeJY\x17\x85\xa6\xd5\xee\
\xd8\x9d\x1c\x9a\xa9\x99\x16\xef\xff\xcfO\xb3\xea\xe95\xa4\
\x03\x03t\xb2\x0e\xb2\x85\xcf\x88\x93\xb2K,\xb1\xd9z\
\xa7\xcc\xb6\xbe\xac\xd5&k\x19G\x80<\x83j\xc2\xa2\
\x85\xf3\x99;w>o9\xf7,\x16\xce\x9f\xcf1G\
\x1eB\xa3^\xa3R\xad\xd2\xdf[\xa7\x13\x9c\xdd!\xfc\
\x0f\xb1(L\xc6}\xa9umm\xc5x\xfb\xf6)z\
{j\xf45\xaa\xf4P\x05\x8dM*\x8eHS,\x0e\
+Tn\xb7Z\xd9\xbc.\x13U\xc2;a*\x98\xd1\
\x06`\xdc\xd3Sczz\x86\x83\x0eZ\xc93\xcf\xac\
\xe6\xe1\xc7\x9fc\xc3\xa6\x17\xa9T+\x14E\xc4A\x07\
\xee\x0d\xc0SO\xac\xa6\xd09\xfd\x03=\x1cr\xf0~\
,X0\x97\x03\x0f\xd8\x97\x81\x81\x1eF\xb6n\xa7\xd5\
j166\xce\xff]\xf4K.\xfe\xd9o\xd9\xb1c\
\x8c\xb8\xd6Kkb\x0c\x95Ft&g I\x1c\x16\
X\x85\x12\x95\x0b\xa0X\xec\x0c\xa5\xad\xc8a\x02q8\
\xfb\xf6&N\xb9\x86\x5c\x00%\xc0v\x1d<O&\x86\
&\xe0\xa4\x83\x89p\xd9\x96\xb8]q\xa1\xb3+\xcf\x97\
\x89l\xa9\xf7\xa1c\xab\x5ctY\x07\x85\x9b\xba_\xd2\
\x8f$4\xfe\xa1\xce\xa9\x00\xdc\xcb3nUR\xa8\xc2\
v8\xb4e\xfe\xbd$6\x98\x1fvr\x14,\xea\x85\
\xe1\xferC\xcao\xa3\x10 \x8f\xba\xfb\xea\xc3\xd9>\
\xdb2\x94l\xe1\x84\xf2\xdd\x0f\xfa\x11\x86o\xfd\xec\xdc\
\x0a\xb3%\xb6r\x80\xe4\xc3\xdcZ\x81*\xb0\xfb\xad\xbb\
h\xac\x03\x83\xa2\x94gV\xe0)\xca\x10\x9d=\x91u\
_\xff\xabx\x22\xee\xbdV\x05\xb5Z\x83\xbe\xea,\xce\
;\xf3-\xac\xdcko:\x1dSeK;:H\xe6\
\xb0\x17r\x19\x9d_R1\x7f\xe5$\xb0\x17\xd6\xae\xa6\
\xb7\xa7\x97\x1ch\x15\x1d\x86\xfb\x06l\xd7\x03:*G\
m\xe1\x9c\xe3\xa7\x80qQ\x14\x14h\x1e[\xfd,[\
G\xb6\xb1\xfb\x92e(\x14Ilf\xa1SS\xe3d\
ENOR%Jc\x1a5\x13*]\xfb\xe2F\xbe\
\xf0\x8d\xafr\xc7-\xb7\xf2\xc4\xb3O\x91w\xa6ax\
\x16\x959\xb3iw:Hv\xb4w\xca\xb0\x02\xae\x02\
\xd9S\x01swf\x7f\xc9\xc8;\x11Q\xdeo\x08\x97\
\x0d\xf0\xd1\x9e\xd0\x97\xed\xdeRVZ\x0eRV&\xe2\
\x88\x22\xeb0{\xd1b\x8e?\xfeD41\xcb\x96\xef\
J\xab\xd5&\x8e\x83\xb0\xb1\xa4\xd9\x07\x061\xcbs\x92\
8Br2L\x22\x97bdt\x8c[\xef\xbc\x87\xa9\
\x1d; \xa9p\xf4\xcb_\xc9G>\xfc!^~\xcc\
\x914*\x89K\xee\xab\xd8=\xdc\x22?Y\x96\x93\xe7\
\x99\xab\xa6\x08\x98\xc8\x83\xb2\xee\xb8\x841\x0b;\x13\xb1\
e\xb5GFvP\xe8\x82^[\xba9M\x12\x07\xec\
\xba\x80\xa5K\x16\xd1S\xaf\xf1\xc4\x93\xcf\xf2\xd3__\
\xc9\xcbN:\x86\xd7\x9cr\x22\x1f\xfb\xd4\x17\xb8\xfa\xea\
\xbf\x10\x0d\x0e\x11\xf7\x0d\x9aD\xd2\x92^\x14^?\x9d\
q\xc0\xf2V\xf4A\xf4]\xfb{EO\x1c\xa9\xbd\x83\
\xe0]8\xf9E{\x1bo\xaf+\xdd\x13h\x84+\xce\
\x15'\xe4\xa3\xe3\x1cq\xcca,Y\xb2\x80\xe3\x8f:\
\x9c\xbd\xf7\xda\x83\x99\xe9i*\x95\x1aS3M*i\
B\x81]\x1bw\x98d\x807\xb7\x95\x18\xe5  \x85\
\xa6Q\xaf\xd0\xe9\x98#\x82?\xf0_\x9f\xe1\x8a\xdf]\
K:<\x87\xac\xddDE\x891\x9f:3\x7f\x15\xe8\
\xa2\x8d\xcec\xf2\xa9\x82\xbc\xdd\xa2\xd2\xdf\xc3\xee\xcb\x97\
\xb1\xcf\xfe\xfb\xb3\xdb\xf2\xa5\xd4\xe2\x0a'\x9dp4\x0b\
\x16\xce'*\x22\xf6\xd8k)\xdb\xb7\x8d0<{\xc8\
\x1d\x96\xd5\xe9t\x5c\xe2a\xa8\x97ni!\xf0\xab\xbc\
<{\xbd\xf1\xcb_\x9a\xa1\x81\x86\xabt\xa81u^\
d\xf2\x92\xc6\x11\x85\xc3\xebp\x8dY\x11\xd9\xba\x02\x12\
*7\x11\x00\x91=\x83a\x82\xa5Y\x96\x93\x17\x05\x0b\
\x16\xcc\xa3\xd1\xd3\xc31\xb5\x03\xe8\xef\xef\xa3\xaf\xb7\xe1\
\x96\xa9V\xee\xbd+\x00+V,\xe1\xcakn\xe4\xc7\
?\xfb=\x1b\xd6\xbe@'\xcfh\xb5Z\xe4YFc\
\xa0\x97\xcd\xdb'\x98=4\x9bz\xdf0k\xd7n \
\xaa\xf7\xa0\xf3\x0e*\xb1N\x96\x18\xea@\x83Kxi\
i\xe6aZ\xa3\x82\xd2\xc2FNw\x9a\x129\xdb\xe1\
\x0c\xaf3\x8e\xde\x9e\x89\xdd\x0e\xedf)\x8a\xee,\x84\
w\x94\xbc\x1d\x08\x9c\x03\x1d|'\x8e@\x08AA{\
n\xa4\x81\xfe\x95T\xd1~(-\x01t\x0fNn3\
\xc6\x057S\x90o\xcd\xa7r\x90A\x94Mf\xc4\xe1\
\xd3\xdd\xa0BPvD$\xa0\x14%\x01\x06\xbb6\x22\
\xb3zEi\xe6\x1f\xee\xe1\x94vd\x0b\x8dL\x02\x84\
H!\xa0\x83\x07\x0e\xe7C\xb9%\x81\x9dq\x08\x82\xa4\
-\xdbx\xf98r\xafe\xaev\xb9\x98'-\x94\x0c\
\x00\xc8\xb5\x1f$\xfd\xe0\x15\xd1['\x8d\x8a\x22\x8af\
\x93\xddW\xac\xe4\xb0\xa5\x87\xf0\x967\xbc\x91,3\xb3\
\x92v\xd6!\x8ab\xe7y\x87F\xd0\xcc\x92\x22k\xac\
\x84c\xa6\xe9V\xa7\xcd\xcf~\xf3kzz\xea\xbc\xfc\
\xf8\x13\x99?w\x9e\xbdI;\x800$\x11`\x90\xaa\
\x82 \xc5f\xa44\xafd\x1ck\x0a\xf6^\xb6\x9ct\
\xb7\x95A\xf8\xcf\xf4\xa9\xa7\xda03\xe1\xd4l\x09Z\
\xb3~\x1d?\xfc\xe5\x8f\xf8\xe1\x8f~\xc2\x96M\xeb\xa0\
\x96\x92\xd6\x1a\xc4\x03\xb3\xc9\x22M\xa7\xd5\xda\xb9\x22\x8d\
\xed\x9fL\xf7J\x19\xdc:\x08\xa3Y^:\x83\xebD\
\xcby\x8ax\xef\xdd/\x05tG`\xbc~;3R\
rD\xdc;\xfb\x8c(M\xc8\xb7\x8f\xf1\xba7\x9e\xc7\
\x1e{\xecF\xad\x92\xda\xc4L\x03\xc2Ea\x8cz\x18\
\x8d\x8a\x949\x88%\xcfsW\xd6X!Ef\x22\xee\
{\xe0A~\xf3\x93\x9fs\xc4\x09'q\xc2\xf1'\xf0\
\xcf\xefz\x1b\xbb.^H\xb3\xd5\xa69\xd3$\xad\xf8\
S\x13%\x1f\xa3(\x0a\xf2\xdc\x9c\x91\x10\x1e9,2\
\xe1\xf0\xd0\x92\xb6\x08\xf4\xa7\xd9j\x82V\xc4\xfd~\x19\
G\xeb\x82<+\x98=\xdb,\xd1\x5c{\xdd_\xb9\xeb\
\xee\x879\xfe\xb8\x03\xb9\xf8\x07\xdf\xe7\x8f\x7f\xbc\x8ev\
\x0b\xd2\xd9s\xc8\x81\xbc\xd3B\xe9\xae\x13\x0a\x9dn\xdb\
^hO?\xdd\xcd2\xe9g\xf8\x0a\xb6\xfb)1\xf4\
\xd6\x98\x98\x1b\x0a\xc7\x17\x19\xa9\xd3%\xab\x7f\xce\x09\xd6\
r\x90\x19\xa8\xa2M5\x81\x0f\xfc\xf3[y\xea\xa9g\
y\xfb\xf9o\xa2\xddn\x93$)y\x9e\xd1\xd3\xa8\xd1\
ng$\xb1\xcfQr'GZ\x5c\x91\xed\x81ng\
E\xabC\xbd^\xe5\xc2o\xff\x88\x9f\xfe\xe0GTg\
\xcf%/r\x92J\x15\x8a\x8c\xac9N\xd1\x9c\x84\xcc\
\xec\xb6\xa9\x0f\xcc\xa1\xaf\xa7\xc1\x01\xc7\x1f\xc2+Nz\
\x19\xa7\x9c|<S\x93S\xcc\x993\xcc\xb2\xa5\x8b\xed\
>~\xf3\xca\xdb\x05\xedf\x9b\xa1\xe1Yh+#\x80\
\xcd\xfb\xd1\xde\x06\x04\xf8\xe8\xdd\xda \xc2\x15\xc8\xbf\x22\
\x80_\x15Q\xad\xf8S\x0d#\x87\xaf\xf6~\xe5\xf3\xa2\
B\xa8\x12\x0c.\xb46\xbb`\x92\x88(1\xb9\x04\x85\
\xd6\xae\xd6\x84\xbc\x06\x06z\xcd\x9b>h4\xaa\xb4Z\
m\xd6\xacY\xc7\xf8D\x93\x03\xf6\xdb\x938R\xfc\xfe\
\xf77299\xc3\xc2E\xb3I\xd2\x98\xddW,\xe1\
\xc8\xa3\xf6\xe3\xfeGW\xf1\x8d\xaf|\x84\x9bn\xfc\x1b\
\xdf\xfa\xd6w\xa8\xd5\x12P\x9a\xac\xd3B\x159Z\x9b\
\xf5|\x99I\xcb\xac\xd8\x19G\xe5\xa3$!d\xfa\xf7\
]\x91b\xdb\x868Sa\x22{7\x1a\xb8\x88\xb7\xc6\
9M\xf2\xbd\xd1\xb7@\xbaC\xc7L\xda\xd5\xb2\xe4h\
\xe4L\x22\x91f9\xc1<\xc3\x17{\xb2r\xaf\xb0;\
\x17B\xdb!\x8eo\x97\x1e\x05\xaf\x9d\x92\x00_\xca\x09\
\x90\xd0\xa1r\x1640\xee~\xcc\xb6t\xa9\x13%k\
t\x83\xc4\x08\xf1D\x11\xe3\xe2\x0d\x8c;B\xd7\x12[\
!\xc4\xb0\xac\x88\xfc\x9a\x87\xf1\xdc\xb4[\xbf\xd3/\xd1\
y\xed\x14\xa0{$\xd8\xf4x9\x98\x22\x1c\xbd\xbc\x15\
\xe3\x1d89\x0a7\xb3p\x8f\xea\x16,qZ\xc2\x10\
\xa4\x95\x8b\x9d\x1d\x8f\x90\xd2~6b>\x89Sc\xee\
\x88P\xe8\xe9\x8cy\xc3\x8b\xd8\x7f\xe9\x01\xbc\xe3\xccs\
\xa9\xd5\xeb\xe4y\xce\xf8\xc4$\xd5j\xc5\xec-\x0f\x9f\
\x1d\xf4\xd4\x0b\x17\x16\xf8M_\xa3(\xe2\xf4SNc\
\xc1<c\xf8\x8b\xa20!@\xb9\x01\xcf\x07\xa1\x8d\xcc\
z[Y\x9b\xe9\xe6\x0c=\xb6\x1f\xb5j\xcd\xcc\x80P\
h\x9d3\xd3\x9c\xa1V13\xfcN\xa7M\x14\x9b\x92\
\xbdS\xadi\x1e\xb8\xffa~u\xf9\xef\xf8\xf5%\xbf\
ddt\x0b$\x15*\xc3\xb3\xc8\x14dh\xe3\xb9\x17\
J\x84&0\x06A^\x89\x18nA-\xdfE\xff\x8f\
\x1bx\x08{b\xfc\xc4\xa9\x09\x147\x1c+\xf8\xfa\x13\
\xf2\x8c\xc8\x9b~I0t\xedjsd\x03\xad6\xfd\
=\xfd\x1cx\xc0~<\xf1\xf8c\x9c\xfe\xea\xd3\xe8d\
\x1dw^\xbc\x18\x0a\xfb0wo\x9e\xe7$I\x84\x84\
\x85\x95\xac\xfd*\xc5\xd4\xc4\x04\x97\xff\xee\x97\x9c~\xfa\
\xabI\x93\x84V\xabM\xb3\xd92\xcb4I\xe2\xfa-\
5\x13\xe4\x8c\x84J\xa5B58{Ard\x14^\
N\xc3\xca\x98\x05\x9a\xac\xdd\xa1^\xab\xd1h4l\xcd\
\x02S\x91Q\x17\x9a\xde\xbe^\x1ey\xf4\x09~w\xc5\
U\xec\xb5\xd7J\x16,\x1c\xe4\xdf\xff\xed\xdfy\xee\xe9\
\x17\x88\x07\x07Ij\x15:\xed\x96\xc9\xc2\x16\xf2w\x1b\
q\x05J\x17\xc1\x1e|\x0fv\xdd|.%o\x8a>\
\x96\x9c1\x8d\xcb\xcd(q1\xe0\xa3\xf3\x01\xe5W\x9b\
`hA8\x89\x13:;vp\xc1\xbf\xbc\x93\xc9\xf1\
\x09\xdev\xde94\x1a&q\x0f \xad$l~q\
\x84\xa1Y}\x0e\xa0\xbd\xa0\xd9\x22;\x01O\x95\x8a\xc8\
\xf2\x8cz\xbd\xca\xed\xb7\xdf\xcf\x17>\xff%\xea}1\
\x9d\x99\x1ddm\x05:\x86\x14\x96-\x9e\xc7\x82\xb9{\
\xb3\xf7\xde{q\xf8\xa1\x87r\xc8\xa1\x073{h\x80\
\x85\x0b\x17\x189\x00\xb6o\x1d1\xb8\x13A\xbb\xdd\xb6\
\x11\xbb\x88\x222Kjyn\x92}\xf3\xbc\xb0\x0ed\
A\xb5Z\x11\xd5u\xe3\xf6HV\xe6C\x00\x08\x86\xb4\
\xca\xbb\xb7!\x1e\xcb\x98\x1dd\xcb\xbda4W\xc9*\
\x80Y\xa6\xcdt\x87B+\x9e{v\x1ds\xe6\x0c\xd0\
\xd7\xdb`\xdb\xb6q\x9e|j\x15\xcbw[\xc6\xa3\x8f\
\xbe\xc0\xc2\x85\xe6\x0c\x80\xddV,\xe0\xde\xbb\x1f\xa6]\
h\xc6&\xc6\xe9\xef\xa9\xb3c\xc7\x04;vL\xd1\xd1\
\x1d\x9e|\xf6):\xd1\xaeL\xcdtx\xfc\xa9\xe7\x99\
;:\xc8C\x0f<\xc0k^{&[7oc\xfb\
\xc6\xadP\xeb\x81b\x13D\x09\xaaR\xb1\x93\x15\xed1\
\xda\x0e\xda/w\xc97;\xe7\xaa9GN\xfb{\xbc\
\xa3\xef\x8d\xb8\xd6\xae\x1e\xbdmL\x9c/\xc1\xdc\xe09\
\x8a\xe0:\xc9e\x0b\x7f\xd4\xce\xf9\xb2\xcc\xf0\x5c\x0b\x85\
\xdbM\xf9\x03\xa7M\xd0\xcc\xf1Dyy\xef\xb6o]\
\x22\xf0\xf7\x93\x00\xf1\xa1\xf0\x92\xf2yR\xba\xc7\xfb>\
*\x1f\x16\x0d\x88\x5c\x9e\xa4y\xc5t]\xd3~mD\
\xf97/\x01 JxJ\x18\xfe-\xa3\x7f\xf8Yf\
\xf5\x1e\xe85\xda\x1ce\x09^\x80\xb5.\xdd\x1eY`\
/m\x11\xd3~\x8c\xfe7\x1dPA\xf9Y\xb68\x11\
\xd6\x10\xf9\xd0L\xf0<W\x19\xca\xd2:t\x14-\x9d\
\x0cH+\x94\x8e\xd1S\x1d\xfa\x17\x0ds\xee\x19o\xe6\
\xd0\x83\x0eq\x02\x94$\x09\xf5Z\xdd\x1b\xea\x92b\xab\
r\xff\xdc5\x86\xc6i\x92\xb0`\xde<\x13I\x10\xe3\
\xa6\x03\x81\x0a\xf6\x5c;>+\xb3\x0dj\xba\xdd\xa2\x9d\
e\xccJ+>\xf7@E\xe4\xda\xd4,\xae\xa6U\xf2\
,#\xaeT\xa8T*\x8c\x8d\x8fq\xd9\xd5W\xf2\x93\
_\xfd\x94\xfb\x1ey\x88V>\x83\xaaT\xa9\x0c\x0e\xd2\
\xd1\x19m\x9d[:)\x0f^\xce@\x86\xa3\xc0\xfd\xbe\
3\xcfC\x13\xe0\xe5\xc3\xd3E\xf8)\xc6#$\xb8o\
\xc7%_\xca\xbe>\x9b5\xac\xba@/\xcc\x03\x91\xbe\
f\xa3c\x9cp\xcai\xac_\xb7\x81\x13\x8f=\x16\x80\
$\x0e\xb7\x8c\x05w\x8b\x13\xa3\xb5\x03w\x9f\x84h\x0c\
\x0b\xc0\x19\xaf=\x1d0\x86\xbd\xdd\xe9\x10'I\x09\x84\
2[\xfb\xa0\x9aF\x8e.r4m\xc9!t\x02f\
%Y)\xb6l\xd9\xca\xac\xc1A\xe2$fbr\x82\
$N\x98\x99i\xd1\xd7\xd7GQh6m|\x91\x85\
\x8b\x16\xf0\xc4\x93\xcfp\xe5\x95\x7fd\xa6\xd5\xe4\x89g\
\x9e\xe3\xf6;\xef\xe2\xa6\xbf\xde\x0a\xbd\x0d\x929\xf3\xc9\
:\x19\xc8\x8e\x0cW1-\xc41\xef\xec\xec\xbc\xe6\xaf\
P\x12\xf7\xd0\x1a\x15Y\x07K\xae\x0daH\xa4S\x22\
\x0bB\xfbR\x8c\xdb\xcbmw\x14A\xf0F\xd63\x8a\
\xce\x0c\x8d\xfe~&\xa7\x9a\xdc}\xd7\xbd\x9c\xf7\x967\
\xdaut\x13J\x7fa\xcdFFG\xc6\x99;w\x96\
\x93Ca\xa5D\x5c$\x82$\xfcH\x92\x98v+\xe3\
\x83\xff\xf1a\xb6m~\x0e\xa2\x1e\x06\x86\xe7p\xdc\xc9\
\xc72o\xee<\xcex\xdd\xa9\x1cr\xd0\xfe\x0c\x0d\x0e\
R\xa9\xa6\xa5\xfeu:\x1d\xda\xed\x8cm\xdb\xc7\x18\xe8\
\xeb\xa1\xa7\xb7arh\x94q\xae\xe3HQd03\
\xd3\xa1R\x89mt\xcf\xc8\xd3\xe4T\x93j\xd5\x9c\xa0\
\x17\xe2\xb2\x8bp\x89\xe3\xdbe\xf8\x8d%Q\xee\xbd\xe4\
\x8b\x186\xd9%\x00\x8boZC\x94\xda\xd9\xb5]2\
j\xb5:t\xb2\x8c\x89\xf1I\x9a\xad6\xcf\xaf^\xcb\
\xe6\xcd[\xf9\xa7W\x9f\xcc\x9au\x9b\xc8\xf3\x8c\xde\xdd\
\xea\xcc\x9e=\x8b}\xf7\xd9\x83Y\xb3\xfa\x99\x99j\xf2\
\xd4S\xcf\xa1T\xc4\xd4\xe4\x08\x8f=\xf9\x18\x8f=\xf2\
(c\x93S\x8c\x8el\xa7\xa7o\x16\xeb\xd6ob\xdb\
\x8ei\xd6m\xd8@>=\x0dE\x02q\x1d\xf2\x16T\
S\xc8\xa6!\x06\xd5\xdb\x87\xd6\x11*\xb5\x11\x86\x22w\
\xea\x1e&:\x843o\xd1e?y\x0c\x1d\x05\xf7U\
\xd9\xca\xd9I\xb0/ \xe6,xp\x93\x08\x9a\xe0\x82\
\xb5\x9e\xdd\xf8\xe2.\x0f\x90H\x81\x9f\xcd\x97m\xb7\xbc\
\xf70R\xc6C\xe9\x9b{Y\x0c+\xe3\x95\xffI\xfe\
\xeet\x18P\x99\x02\xd80\x99\xef\xa0\x08\x923\x0a\xa2\
L\xce\xa0\x07\xb3wi\x039k^hc\x89\xe3n\
S\x1e\xfc]\xa5\xb5pM\x0a\xc4\xabBYa\x0c\x8d\
\x80\xa3\x82\x5c\x1c\xf8u\xc1\x00\xfd=:Xs\xf7d\
\x09\x95\xd9\x19x\xdb\x88\xb8C\x9a\xf0Y*x\xb4\xbf\
V\x80\xc8\xe5<\x04\xcfq\xff\x86!l'G~\xb6\
.\xb2\x10\xa1HUB\xb3Y\xf0\xfa\x97\x9f\xce+\x8e\
<\xce\xad\xf9E*r\x07\xf28#)\x9e\xab\xedF\
i\xd6\x82\x08\xa4vt\xd2\xda\x94j\xd5\x85\xdfz\x15\
L\x0aKdu`\x10)f\xf5\xf4\xa1z}\xd8Y\
kM^\x98\xd3\xdb\x8a\xa20u\x04bX\xb7n-\
\x9f\xfb\xda\x17\xf9\xcb\xad7\xf2\xc2\x8b\xebAg$\xbd\
\xbd$\xaa\x97\xac(h\x179*\xdc\x19\xe2\xb8\x1e\xf8\
\x1d\x0e\xcfU\x10\xf2\x0f\x98_r\x02\xe4\xbb\x00\x00\xc3\
\x90\x9b\x1dLi?\xfcN\x8a\x13\xd2\xcc\xcfP\xddZ\
*\xa0\x94\x0e\xba!\xc5\x954i\xa3N\xbb\xddf\xd9\
\xaeK\xd8{\xef\xbdM\xf5\xb8(\x98\xf5\x074\x0e\x01\
\xc7\xed\xc0\x90N\x88\xbcS\xd0\xe9\x98\xf2\xc7I\x92P\
ISd'\x86\x8a`b|\x9aJ%\xa5V\xab\xd8\
B'\xca\x8d\xcd/\xdd\xd8\x99\xbf\xfd\x0d\x05\xadV\x8b\
\xa2(X\xf5\xfc\x0b\x1c|\xd0\x01\xe4\xed\x9c\xf1\xf1\x09\
\x16/ZD\xbd^\xa75\xd3\xa2\xa7\xaf\x87J\xad\xc6\
W.\xfc\x0e\xd7\xfd\xf1z\xce}\xeb\xb9<\xf2\xd0\x83\
\x5c{\xed\xb5\xb4\xda\x05\xe9\xdc9d\x9d\xcc\xecg\x0f\
\xbb\xae3\xfc\xda\xb0h\x8eB\xfb\x95c\x5c\xf4Ch\
\xeb!\xc4n\xa7\xd6\xf8\xa2?\x96\xd6\xca\xca\xaf\xad#\
\x11L\xb8PA\xf8\xdf\xb0\xc6G\x87\xa4\xe8\x96\x07r\
s}%*h\xed\x18\xe1\xf4s\xcfc\xed\xea\xd5\x5c\
\xf2\xcb\x1f\xd1h\xd4\xccAS\x18\xa7L\x17\x9a=v\
_\xea\x1c*7\xccB\xd3\xec\xe44*\x89H\x1ch\
\xbfk\xe2\x83\xff\xf1i^\xdc\xb4\x99\x13O>\x9dc\
\x8e>\x8aw\xbc\xed\x5cv\xdduq\xc9Em\xb7;\
4g\xdaD\xb1r[\xf5$_crz\x86j%\
ug\x0fh\xad\xa9$\x09\xedNF\xa15\xbd\xbdU\
w\x22\xa3\x8a\x14i\x1c3g\xf6@\xd9\xe1\x0b\xedR\
\x97\xca8bA\x97\xc3\xeb5Pk\xb3d\x95\xa41\
En\xb6\x8fj\xa5iN6y\xf6\x99u,Z4\
\x87\xc9\xa9)f\xcf\x9e\xc5U\xd7\xde\xc4>+\x97\xd3\
\xe9d,]\xb2\x90\xc5\x8b\x17\xd2\xdb[\xe7\xf8c\x0e\
d\xf3\xe6\x11\xee\xbd\xf7\x09\xc6\xc7&\x19\x18\xec\xe3\xf2\
\xdf\xff\x99\xa7\x9fz\x8a\x17^x\x96\xbdV\xee\xc6g\
?\xf7q\x1e\x7fj5\xfdC\xfd,]\xb1\x94%K\
vel\xc7\x0e~w\xc5uTg\x9a\xcc\x9d7\xcc\
\x96-1q\xa5f\xb6\xfd\xab*E\x9e\x9b\x89Q\x91\
\xb9I\x8d+\xfd\xee\x86\xa6\x82\x81+\x87\xeb>/\xcd\
\x09C\x19\xeb,\xa8;\x04\x11Pv\x18\x12\xe4\xbc9\
K\x13\xda\x07KO\x0f\xc0\x8e\xae\x02g\xbe\x88\x9d\x7f\
F\x98/'\xa3\x10\x5ct\xcb\x11]6\xd4\xbd\xb4Y\
\x9a\x89T\x89\xed8\xc5\x09\xfb\x86\xd7\x85r\x9f\xc1\x85\
\xe3\x07\x87g3k\xfeB&\xc7Gi\xb5[\xb4t\
\x87\xbc\xc8\xcb\x0dI\xe2\x94\x98}\xe5iUZ#q\
\x8e\xc3\xce\xc4vFP\xf6\xaajm\xcb\xf4\xfa\xb6\x1d\
#U@\x04aH\xc0c7c\x93\x0ax\xae\x8f\xca\
\xf5Q[\xcb,\xb3,m<\x0ag,\xfdx\x02\xda\
J\xdf\xd9\xd9`;C\xa3J\xaeD\x80\xee^8\x9c\
0\x81+1\xe9-5~,\x91\x82H\x91\xa8\x84l\
\xa2\x85\xde\xde\xe6\x94W\x9e\xc6\x1f~\xf6{\xe2(6\
N\x90\x1c\xf6\xe2:\xee\xc1\x1e\xcbG\x11.\xb7u2\
\x88\x82H\xff#\x11J\x07\xb2\xca\xc9A\xd8\x9e\x0b\x89\
\x05\x84\x91\xe4\xcb(\x8a\xc8\xf2\x9cV\xabMO\xa3\x01\
\x1a\xfer\xebM\xdc\xf3\xf0}\xfc\xe8\x17?\xe6\x85\xd5\
OAO?I\x9c\xa0S\x13A \xd7\xae\x7f\xde\xf9\
\xf3X\xef\xc2\x8dN\xf9\x9cHP\x9a\xc58\x19\xf1\xbf\
[\x86\x94\x11?`\xa6/\x02\x83\x93\x8f\x92\xa7\x13:\
k\xf2(1$\xa1Gm\xe9\x1eE\x8al\xa6if\
\xc0\xf5*+\xe6.\xe4\xafW\x5c\xc9\xd2eK)r\
s\xea_\xbb\xd3\xa1\xd3n\xd3k\x1d\xb6\x90\x86\x99]\
\xfb\xf7\x83P\xdeyTXc\xef\xc3zy\x9e\xd1j\
u\xa8U+\xe6\xdaH\xf9c\xba\xf1<\xf4\x02)2\
\x111=3M^\x14T+\x15\xb2,'M\x13R\
\xbb}T^Q\x141>6\xc1\xcd\xb7\xdd\xc1g\xff\
\xf7\x1b<\xf7\xc2\x1a\xfe\xe9\xd4\x93\xb8\xe9\xaf\x7fe\xdd\
\xaa\xd5\xa8\xc1!\xa2\xb4Bn\xe9\xe2\x8cyi\x86l\
\x8d\xbe\x03$\xd9y`\xad\xbd8\x03\xde+\xc3\xe7\xf2\
\x08T\x12\xfc\x1b\xc8\x80\x14k\xb13n\xd1k\xb7d\
\x13D\x04\xc4!\x10\xbaH?\x92$\x22\xdb\xbe\x89W\
\x9dz*\x1f\xff\xc4GX\xbff-\xe7\x9cs\xa6M\
\xdc3\xcbc\xd7\xfc\xf1f^u\xf2qT*>y\
S\x1al6s\xd24r%\x93\x9d\xdb\xaa`\xdb\xb6\
\x11n\xbd\xednNx\xd9\xd1\x0c\x0e\x0e\x10Gf\xbc\
\xadf\x1b\x8d2{\xf3UdO\xc44\xf4JR9\
,\xcb\x0cRk\xb3,\xd4\xc9\x8c\x83\xddl\xb5\x19\xec\
o\xb8k\x94\x1f\x94\xd7sEi]\xdeG+-\xf6\
\x95\xea;\x04\xf2\xe1Y\x10\xa8\x81\xb6'\x0b*6o\
\x1eahV?Q\x1c\xa3u\xce\xdd\xf7=\xce\xdc\xd9\
\xb3\xd8c\xf7%\xe4\xb9\xa9\x8b\xd0jw\x98\x9en\x92\
&\x09\x03\x03\xbd\xdcs\xf7C<\xf9\xecZ\xe6\x0c\x9b\
$\xc5\x17\xb7\x8c\xb0`\xde0\x07\x1e\xb0;\xcf\xaf\xd9\
\xc2\xa2E\xf3\xe8\xef\xef\xe5\x9e\xfb\x1f\xe5\xf1'\x1fc\
\xe3\xc6m\x8c\x8dO\xf0\xf0\xc3O25\xb1\x9dg\x9e\
~\xd6\xf4=\xd3&\x8b?m\xe0\x9cJe\xc7V\x14\
\xc86J\x19\xb7\x18e/K2&\x1f\x15\xf1\x86\xca\
\x8f\xb9;\xef\xca\x8beh\x18\x02\x19\x08\xc1F&\x14\
\xde\xedp\x8e\xad\x9fht\x19l\x02\x078h\xc3\x99\
{\xf7X\xed!\xca\xb6\xe9\xf5\xc8\xb7c\xec\x872;\
U\xa2\x94\xb4\xdaKZ\x1b\xa2op\x0e\xdb\xd6\xdc\xc2\
\xcc\xf8\x86\x92\xbd\x92W\xc9\x01\x00\xdf\xe1\xc1\xd9\xb3\x19\
\x9a\xbf\x90\x89\xb1Q\x9a\x9d\x16\x9d\xa2C\xaeM\xf2\x8c\
#\x932^\xbd\xc7\xe3\x9d\x9a\xeb\xa2\xb7\x0e\xea\xe5\xd8\
d\x87\x00{\xa5C(\xe5\x8fB\xb5\x03w4\x88\x15\
\xa5\xed]*\x98\xe9\x08\xc1\x02\xa3ZjY\x14\xc0=\
[>w\xb3]f\xa4\x9e\xe0\xdd!z\xff\xbc2\xf3\
|\xa2\x91r\xf7\xbb\x19\xa4r)H\xe6o\x00\xd4Z\
i#\xa3\x89&I+\xe4\xad\x1c\xbd}\x86\xa5\x8bw\
\xe3?\xdf\xf1\xaf\xbc\xed\x9c\xb7\xd2\xd3\xd3\xe3\x8e\x5c\x0d\
\xe9\x1c\xc8q\xc9@\x09\x98\x94\xfa,@\x09\xa5Lt\
\xd0\xee\xc4>/}\xba,/\xda;\x13b\x98\xc0\x1c\
\x8a\x92\xa6\x15\x8aB\xf3\x97\xdbn\xe2\xeb?\xf86\x7f\
\xfe\xf3\x9f@7\xa1\xafAZ\xab\x91g\xb9\xdbU!\
\x89\x1b\xca\xfeu=\x94\xfe\xba\xba\x0av|\xba{\x14\
\xb8~\xab\xb0\x9f\xa1\xa2\xba\xe8\x8c\x07\x82.{\xb8\xd3\
+4;\xc1j\x7f\x09$\x9c\xbb\xa0\x00\x15Qt2\
\x18\xd9\xc1\xc2=W2\x7f\xf6\x1c\xf6Y\xb9\x92\xc3\xf6\
?\x90\x0f\xbc\xef_\xc8:\x19q\x12;\xc5\x935\xdb\
\x10S\xfc\xf8\xbb\xfa\xa2\xed\xb3\x95\xaf\xcf\xd0l\xb6\xcc\
\xbe\xfe\x90E!=\xca\x18\xe6\xfd\xd4\xc8TYD)\
\xc6\xc6\xc7\xd0\xc0\xd4\xe4433M\x16-\x9cO\x9a\
V\xdc\x16\xb6\xf1\xb1\x09\xee\xbe\xff\x01~z\xc9\xef\xb8\
\xf3\xde\x07PQ\xc1\xfau\x1bi\x8f\x8dA\x12\x91\xd6\
\xebt\x0ac|\x95\xf2\xe7\xc4\xfb~\x84\x0f\x16\xc5\x12\
\x87*H\xc3\x0b\xfb(|\x97\xc8\x05\xca\xff\xae\xc5i\
\xb7\x97xA\xc7\xe4\xf1\xd8\xcfZ{yQv\x96G\
\x90\x01\x8e8p\xa0T\x82\xee\xb4Y\xbeh>\xdf\xfe\
\xc6\x97\xd9\xbau\x1b\xe7\x9e{6\xcdv\x87TAZ\
\xa9\xf0\xf3_^\xce\x9a5\x1b\xf9\x7f\x1fy\x1f\x85\xad\
\xfc'\xfa\x94\xe59E\x0ei\x1aDm\x02G&r\
\xce\x1c\xf6\xa0\x1f\xd3\x1b\x13E\x80\xbc\xc8\xeda=\xca\
9\x1c\x9b\xb7l\xe7\xb1\xa7\xccaI\x954\xa6\xd3\x91\
\x9d\x056\xffJ\x9c<KS7\xeb\xec6\xe2\xc2~\
\xb1+\xaaL\xf7n\xc3\xe7\x22EB_e\x0b\x7f\x15\
\xa6\xe6\x01\x98\xea\x86\xe6H\xe3\x94,\xeb\x90$\x11I\
\x92\xf8\x02I\xc0\xf4\xf4\x0c\xab\x9e_\xc3\xbcys\xe9\
\xebk\xb0~\xdd&F\xc7\xa6\x18\x1e\x1a\xe0\xb9Uk\
Y\xb6\xeb.,X8\x9b\xdf]\xf1G.\xba\xf8\x12\
:\xcdi\x16,\x5c\xc85W]\x0fy\x13\xb3\x8e\x98\
B\x5c\x85\xa8 \xa9E\xe8\x22\xc7\x9c\xa6a\xf3\xa1\x9c\
\x03\xae\xfc \x02\x87\x1d7\x0c\xe1\xbf\xfc5?\x06\x1a\
\x1d\x08\x9f\x12\xd1\x0b\x08\x13\xa2\xab\x0e\xda\xf0\xb2\xea\xf3\
\x04<V\x96\x13\xc5t\xe9^U\xc2\xd2n\xe7A\xbe\
\x0d\x1c\x08m\xf3\xdc\xc4b\xb8H\x96\xf6N\x83p5\
p\xecT\x14\x91\xc4)I\xc58\x00\xbd\x03s\xd8\xbe\
\xf6ff\xc67\x96\xa2\x9e2\xd2\x7f\x90\x03P~9\
\x10\xb5\x11\x02\xf7e\xc9\xe6\xef\x9cl\xd4\x0d\xce\xceK\
\x17\xe1\x15\xday\xedER\x0c\xb5\x03xO\x1e\x99-\
:C\x8e\xe7\x81O\x0b\xf2\xd2\x1fD\x80\x02\xa1W%\
\x04\x0d\x0b\xa1\x880\xf9\xad\x1f\x81\xd1\xf2#\x0a\xaeD\
z\xeb\xc0F\xfa\xe6\xf9\xe4\x0d\x93s\x9cB\xe1\xb1k\
iQ\x1a\x11\xe9\x98\xce\xd6I\x16\x0e\xef\xc2\xc7>\xfb\
\x11\x8e>\xf48\x96/]FOO\x0f&\x89,\x0e\
\x99\xe1\xfa\x8a\x0c/\xf8\xcd\x8f]\x92NT@\x7f\xdb\
\xef\xe0\x98\xe5\xd1\xd1Qf\x9a-\xe6\xcf\x9b\xeb\x9e\xe1\
\xd8+\xf4\xb0B\xd8\xc92\xaa\x95\xaa\x01\xd9(\xe6\xc9\
\xe7\x9e\xe6\x13_\xf9\x0c\x97\xff\xfe\xb7P\x83d\xce\x00\
\x11=dEF'\xeb\x04\x8e\x86\x18\x03\xaf\xb4~\xa1\
X\xb9\xdf\xcb3\xfc\xf0\xbe\x80\x9d\x81\xcf \xde2^\
z\xdco\xfe>\xe5y\x12\xbe,\x8f\xcb\xbe\x8e\x0e0\
\x22\xe4:.T\xaa''\xd9c\x8f=8\xe2\xb5o\
`\xf7\xe5\xbb\xd3\xdb\xa8\xf2\xde\xf7\xbc\x87\xb4b\xc2\xf4\
\xb1M\xcc,\xf2\x9c\x17_|\x91\xf9\xf3\xe7\xbbYr\
\xe8\x85H\xf4\xccw\xd8(u\x14\x99\xa5\x99\xc7\x9fx\
\x8a8\x8e\x19\x1e\x1abxx\x16R H\x88\xe3\x0d\
\xa4\xe5\xb1\xd0\xc4Vq\x1c\xd9\xbe\x8dFO/\xb5j\
\x15\xb4b\xdd\xfa\xf5\xcc\x9f7\x8f\xe1\xa1Y\xe6\x0c\x80\
4al|\x9c\xcf|\xf9\x9b\xac\xdd\xba\x9dT\x15\xb4\
ZMv\x8c\x8d2::N\x14+\x92\xfe~r\x0d\
\x9d`6\xa3\x9d\xe1\x17\xf0\x13\xa7\xda)u@_\xeb\
\xf4\x11\xd0\xd9\xed\xdd\x97\xf0l\x98\xb3!\x16\xc9\xde\x10\
\xdc\xeb\xa4B\x05\xc3v|\x92\x1ey::\x87\x03m\
\xea\x1c$\x05dm\xfe\xebC\x1f\xe4w\xbf\xbf\x82\xf7\
\xbe\xe7]\xe4yAs\xa6Mc\xb0\x87\xc7\x1e\x7f\x9a\
k\xaf\xf93?\xfe\xf17\x00\xedO\xd7\xb4\xfa\x13\xab\
\x88\xb4\x129\x89\xf0KIf\x19\xcc\x14\xd1\x89\x88\x93\
\x84j\xb5bg\xd3\x1d\xd2$\xa1\xd9l\xa1\x8b\x82\xf5\
\x1b\xb7\xb0md\x9c\xb9\xc3\x83T*)#;&X\
\xb6x\x01\x95\xd4\x14\x1d\xaaVS\xb3,'M\x8b\xf1\
\x17\xb5\xd1j'Q\xeeZ<\xb3\xdf\xbd\x84C\x10L\
\x8d}\xee\x84\xcf\xf9RJ\x99z\x04qD\xa1a\xde\
\x9cA\xb4\x86\x91\x1d\xe3T\xd2\x98B\xc7\xcc4;d\
\xed\x0e\xcf\xacz\x9a\x81\xde\x1e\xd6n\xd8\xcc\xbd\x0f>\
\xce\xec\xe1!N:\xee\x10\xe6\xcc\x9d\xc3\x95\xd7\xfc\x85\
G\x1f_\xc5\xdf\xee|\x98\xa9\xf1)\xd2j\x93\x0d\xab\
\x9e\x06\x15#\x93\xb8\xa4o\x888\xe9\xa3(\xcc\x0e\x86\
\xa20\x93\xcc\xac\x08\x80*\xf4fE\x9e\xba\xbf\x0f\xae\
u\xb3\x7f\xa5\xd1\x12\xe3\x14qt\xce\xa1v\x14\x0b$\
\xda\xd1\xd1\x1b\xe1\xbf\x87Sey\xc3\xb5\xea\xafqr\
\xeap/\xa4\xbb\xefS9\x19\xd7\x0fKP\xc7\x0d\xd1\
\xda)_\xa2\xbeK\xcf\x846\x0e\xf3dd!\x8eR\
z\xefO\x03\xec\xba\xc0\xa1\xaa\xf2\xa1G\xf3,k\xad\
t\x17\xc0*\x0d:\xf2`\xe4<\x9f\xb2K\xe0^\x85\
6\xe9\xe6\xb2\x16\xee\x84\xafLN-\x85%\xec\xb2\x80\
\x0b\x87b\xc3\xb8\xca\x83\xbfv\xfb4w\x1eMh|\
\x10g\xa1+\xa4\xa3\x9d\xf0x\x93\x13:<\xaeh\x8a\
\x93\xbb \x85C[gE\xda\xd2x\xc6I[\x01b\
)\xac1\xce\xcdL8IS\xda\xe33\x90\xc7\x5cp\
\xce\x05\x5cp\xce\xbbX\xbbv\x03\xbf\xf8\xf5/y\xfb\
yoe\x9f\x95{\xe3\x1fD\x89\xef\xde\xce\xab\x12\x18\
9P\x14\xd0\xb6\xce\x80\xb2\xbfk\xad]\xc59Y?\
\x1e\x9a5\xabD>Q\x8c\x22\xcf\xc9\xb5\x99\xc5$I\
B5\x8eY\xff\xe2\x06.\xb9\xf6Rn\xbf\xf7\x1en\
\xb9\xe1\x16F\xc77\x93\x0e\xf4C5\xa6Cn\xba\xaa\
\xbdS\xe8\xb3b\xad\xa16[G\x82\xc1t)=\x04\
\x9f\x03\xa7P\xa8\xafq[\xfe\x1c\xc7$'A\x05m\
8\xfe\xd8\xe7\x96\xbc\xf6\x80F\xdd\xf8)\xddQ]\xa4\
\xcf\xa1RMiM\x8f\xf0\xe6\xd7\xbd\x9eO}\xfc\x13\
l\xda\xbc\x99\xa9\x89\x09:\x99\xecx\xf0\x89\x7f[\xb7\
mc\xed\xba\xf5,\x5c\xb8\xd0l\xed\xebr6\x94\x1b\
\xa7\x0e\xfa\xa2X\xbf\xe1E\xb6n\xdb\xceSO?\xcd\
\xabO}%\xfd}\xc1\xf2A\xe0\xcc)\xac\x81\x082\
\x92\x952ez\x9b\xad&\x95J\xcd\xed\x06\xa8\xd7k\
,\xdbuW\xd28\xa6V\xaf\xd1\xcer~\xff\x87\xab\
\xb8\xf1\xa6\xbf\xf1\xc4\xea\xb5\xdcz\xcf\x03\xec\xb2`\x0e\
[\xb7laz\xbaETM)\xb2\xccU\xbbs\x8d\
\x07F\xdd\x0b\xa1_#\x0d\xac\xae\xed\xab\xe0EQr\
\x06B\xb0\xd2\xe2\x08(\x85\xa9\xfdP\x92\x84\x80\x11\x85\
\x97\x03%H\x13\xf4\xcd\xf1\xdc\xd7u\x97s1\x22\x05\
\xd9\x8e\xed\xbc\xfe\x8dgq\xf3\xad\xb7\x03\x8aC\x0f9\
\x90\x91\x91Q\xea\xf5\x1a33m\xbe\xf7\x83\x9f\xf3\xdf\
\xff\xf5~z\x1au:\x9d\x8c8\x0e\xc6\xab\x14Q\xec\
s,B\xf0.\xb4&\xadT \xcf\x18\x9fjR\xa9\
T\xc8\xf3\x8cJ\xb5B\xb5Zatl\x8a\x99\x99&\
(\xe8d9\x8dz\x8d\xf9\xf3\x87\x01\xcd\xec\xd9\x83\x81\
\xf0\xc9\x92\x8e\x07n\x15`\xa4\xf9N;z\xfb\x08h\
\xa0G\xd6\xd0\xb9\xf0\xb4\x88\x97\xfdMjZ869\
\xd1\x09\x97J\xcd\xa9\x87qd\xb6\xf2U\xab)y'\
c\xc7\x8eI\x96,\x99\xc7\xc8\xd6\x16\x0f>\xf8$}\
}=\x0c\x0d6\xa8\xd7\x22\xee\xbd\xff^\x1e{\xf4>\
\xfev\xdb\xfd\xf4\xf6Vx\xe6\xf9u\xb4:0>:\
\x03QNux!\x9dN\x07\x0aS13+b\xb2\
\x0e@f\x9e]\x12c\x1fa\xf1\xa2\xd6\xe5\x0c\x94\x8c\
q\xd9&\x95\x0c\xb6\x0a\xe9\xe9\x07,\xf2\xea\xb13\xa4\
y\xe0T\xc8\x95\x81|\xb9\x93)\x15v\x19;\xf22\
\x8f\x88\x8c\xd8*O_\xf0\x00\xe0x\xe7\xacep?\
\xc1\x98\xdc\x18\xca0\xa5-O\x15b#\x8d\xbd\xd2\xd6\
V\xc9\xf6c\xb9\xaf\xdbf\xfc\x83\xb3\x00\xca\x04q\x9d\
\x0c\x0a\xa5xe\x0d\xbc\x11;rg|\xba\x1f \x8c\
Pe\x22\xb8\xe7k\x0dR\x0a\xd5\x99W\x11J\x99\xd5\
j\xe4\xc8\xcf\xd0\xb0\x971\xdf\x12\xd6\xcd\xe4\xbc\xe0\x18\
=\xb1k\xe2\x96P.\xc4\xe4\xec\xab\xbf?\xf0\xe5J\
C\xf0\xe3\xb4\x8c(\xcd\xea\xf0@\xa7\xf0\x1e{\xc8x\
\x8dY\xe7\x9fi\xd3\xde4\xc9\xee\xfb\xee\xc17\xbf\xf8\
u\xe6\xcf^\xc4\xe5W^\xc1\x92\xc5\x8b\xf9\xec'?\
M\xa3\xde0\xe0\x85\x9fu8CnI&\x05\x89J\
\xba\x11\x88\x93\xac\x99\xba1)33\xd5\x98}\xbeQ\
\x14180\x10\xb0K\xdb\x84&\x13fM\xd3\x94\x18\
h\xb6fx\xe4\xc9\xc7\xf9\xe5\xef\x7f\xc5\xa5W]\xc6\
\xc6\xcd\x1b \xceQi\x83\xa4o\x80\x0e9*\x0f\xc2\
f\xd6\xf7\x10:\xc9\xdem\x0d(\x87\xf1^\x86\xc2Y\
\x8c\x9b\xb5\x89\xad\x91\x06\xb4\x07-'#\xf6\xda\x92,\
\xb96=\x8fp\xf2\xa0K\xf4\x11z\x0a\xd8\x86\x8c\xd4\
V\xde\xb0Nn\x14+\xf2\xe9\x19\xce\xbb\xe0\x02\x9e]\
\xbd\x86_\xfc\xf2\xd7\x9c}\xd6\x99\xf46zi6\x9b\
v\x9d\xdf\xef\xe3_\xbdz5K\x97,-{\xf9\xa8\
\xf2s\x84(Z~S\xb4Zm\x16\xef\xb2\x90\x83\x0e\
\xd8\x07\x8dmOE~,\x0e\xb8\xf09\x02\x05\xcc\xb4\
f(\x8a\x82Z\xb5J\x14E\xa4iL\xbb\xd5\xa2V\
\xab\xd9\x83\x9eR:\xed\x8c\xa7\x9f[\xc5\xbf\xbc\xff\x03\
<\xfa\xf8\xd3\xbc\xf1\x9c7\xb0\xe1\x85gQ\xadi\xd6\
\xbc\xb0\x06\x92\x04\x15+\x8aN\xdb\x19\x12\x8d\x97}w\
tw\xa0\x0bt\x0d\xc7\x0a\x1b\xb2$\xe6\xc6\xb8\x13\x0c\
\x09Xj\xa7o\x1a\xec$A9c\x1f:{%]\
w\xcd\x04K\x85\xc2H\xfbW\xba\x17\x173\xc4\xd5\x84\
W\x9d|\x12_\xfb\xda\xb7\xf9\xc3\xe5\xbf\xa6\xdd\xeeP\
\xadV\xa9\xd7\xaaLLN\xf3\xa1\x7f\xffg\x96/[\
L\x9ee\xae\xb8\x8fV\x0aU\x14\xf8\xd3\xf4\xac\xbe\x89\
\xf1/\xcc\xb6\xe2?\xdfp'+W.C\x17Ph\
\xc5\xdc9\x03<\xfd\xcczV\xec\xba\x80H)\x06\x06\
z\x88\x95\xa6:o\xd8\x8e\xdb\xf48\xb7\xe5\xbce\xcf\
\xbew.\x84\xc6\x86\xef\x92\xaa\xab\xb0\xfb\xf3U`D\
\x0a_%\xd1\xa8\x84\xf6\xb4\x09p\xb1\x94 \x8am\x9b\
 \xcc\xac\xcc\x99\x07Zk&\xc7&\xcc\x91\xc7:\xa2\
\xaf\xb7F^h\x9e]\xbb\x91;\xef{\x90X)\xa2\
J\xce\xe5W\xfe\x9ek\xaf\xb9\x9e\xfe\xbe\x06\xdb\xb6\x8d\
B\x96\x9b\xc3x\x0a\x0d\xb5:$)Q%EkE\
\xbb\x9d\x836}(r@\x15\x0e\xbd\x9d\xf8\x87\x22\xe2\
\xc4H@\xd6\x7f\xa7v\xba4\xb47\xda\xe3\x1dFn\
\xbd\xc9\x09\xef\xecv(Dn\xc4\xc6\xe0\xe9/=\x14\
3\x18<\xdc\x1d\xda\x83\x8f\x1e\x08,I\x98\xde\xb1C\
I\x17\xb5{|)\x16!\x84\x90\xaei\xbar\xcc\xec\
2\x80\x1f\xa2\x1f\x952N\xaez\x89a\x95\xe8i\xff\
&\xe5\xa0v\xb9\xb1\xb2\xd9\xc3)\xb9|/ku.\
\x17\xa0\x9b\x88\xf6\x1e\xe75\x05\x830D\x0b\xd7\xfb\x04\
\x90\xd5K8\x10;\x87\xbb\xba\x07\xe3w\xfexq\xf2\
\xd8\xa4J\xa0\xe9\x9bv_:b\x87\xd7\x84yb\x06\
G\xb4#\x87sL\xc4y\xc0\x1bV\xa1I\xd8\xc1R\
\xa2Z\x04Q\x12\x11ub\xda\x9b\xc7\x993{\x1e_\
\xf8\xde\xe7\xd8\x7f\xbf\x03\xb8\xeb\xee;\x98\x18\x9f\xe6C\
\xff\xfa\x1f\xe6\x90\x9f,#w\x87\xfbH\x1b>\xe1G\
K6:>\x82\xe1\xc1\xd8\xae\xb3+\xe9\xab\x22\xcb2\
:YF\xadZ\xf3U\xc3\x02:\xca\xbd\xb9-\xd5\x9b\
g\x19===\xdcx\xeb-\x5cu\xdd\xd5<\xf6\xf4\
\x13\xdcy\xdb\xedLw\xc6\xa1\xbfN:\xd8\x07\x91&\
\xeb\xe4d\x9d<l\xc8\x1a\x8e\x80\x80b\xb8C#\xe0\
\xf6\xfa+\x1f\xbd\xd2\x22\xdc\xca\x8d5\xf0{,h\x85\
\x8a\x18 \x9c01Ht\xeavd\x15;\xaf\x85\xb9\
\x19\xaa\x93!\xef\xf8\xf9\x04\x1fe\x8f\x08\xd04\xea\x0d\
\x96\xcc\x9f\xc7\xec\xe19\xdc\xf1\xc0\xdd\xfc\xed\xee{x\
\xe7yoa\xe1\xc2\x05\x18\x905\x91\x88\x99\x99\x19t\
\xa1\x99={\xc8n\xe7\xf2z\xd1\xe5\x01\xe0\x0d\x98\x99\
\x01\xaeXnNG\xcb\xb2\xccn\x13\x0c\xf3J,`\
\xda\x08YQ\x14l\xdb\xb6\x8d\x9e\x9e^\xea\xf5\x1aE\
Q095\xcd\xe8\xd8\x18\x0b\xe7\xcf\xa3V\xab\xf1\xe4\
SO\xd3\x9air\xe0A\x07\xf0\xfd\x1f\xfe\x98\x1f\xfe\
\xf2\x12\x1e\x7f\xe0>j\xbd}|\xf7\x1b\xdf\x818%\
\xea\xe9!\x8e\x22Sr\xb9\x08\xe6 \xda\x1bjC\xa6\
r\xb8S~,\xa9\x95\xf2\xf4\x0dS\xb4\x1d\xa8Y\xfd\
q\xf792\xf8\x96C\x9a\x85\xb9+\x12\xba\xb6'\xbc\
\xe2r\x8a\x1c\x80J\x1b\x11Q\x9c\xa0\xa2\x98\x9463\
[\xb7\xf3\xda\xd7\xbf\x99#\x0e=\x88/~\xf6\xff\xb1\
\xd7\xca\x15\xb4Z-zz\xeah\xad\xe9\xeb\xeb\xa1\xaf\
\xcf\x1c\x1d\x1b\xb9\xe56\xb5\x93\x9c\xb8\x88\xa4\xf3e\x14\
\xedV\x87gWod\xbf\xfd\xf6\xa4\xb7^\xa7Q\x8d\
\xc9\xf2\x9cE\x8bfS\xab\xa6\xd4k)\x995\xf4y\
\x96\xbbq(e\x96\x15\xca$\xd0N\x1eLyh\x13\
2\x8f\x1c\xb2\x9b\xe3\x97\xa38bf\xa6\x89\xb2U=\
+i\xeaqL\xd8bq\xc0D3m\xd2\x5c\x18\xe9\
\x0c!\xc3\xd2?\xb1\xf5%\xe6\xce\x1bbdt\x8c\xd5\
k7p\xc7\xed\xf7\xf0\xe4\xd3\xcf\xf2\xd3_\xfc\x9a\xe6\
T\xcb$\xbd\x163@D\xd4\xd3\xc7\xf6\xf1\x19\x92\x9e\
YD\xb1\xa2\xc85P\x98\xd3C\x15\xe8\xa2\xe3\xe8g\
\x04\xc2\x8f\xb7La\xff't\x92\xb58t^\x82\xf0\
\x13B\x8fo.\x0a\xa5\x94\x1b\xa7yENbK\x8f\
\xb0V\xd4\xa1\x81\x92he\xe4`$\xc4}/\x07\xf2\
|ge\x5c\x9b\x82#.J\x17\xde\xec\xfa\xfe\xd2\x16\
\xcdI\xad\x0a\x0c\xbd\xbb\xcb\xbf\xc2\x09\xad`\x89c\xb9\
\xea\xbec'K\xee\x7f\xe9\xe6\xbd\x08\xc6\xac\xd9\xb3\x99\
\xb5`\x11\x13\xe3c4[M\xdaY\xcb\x84\x16\x9c\x1b\
\xe3=$\xed\x08)F\xdc\xfe\x0d\xd6\xdf\x94\xc2{T\
\xceu\xb1^R)\x8a`\x9b\xb7\xdb$\x0a]\xb8{\
\x1dy\x94\x0a\x98\xa2J\xde\x91\xd8\x1c7\x96\xf0\xc0\x11\
\x115\x15\x84*\x05J]\x7f$D\x1c\xb0*\x0ca\
\xaa\xd0\xd9\xd8\x99\xbc%&\xd8\xd9\x82)\x18a\x95\xba\
\x808\x89\xc8[3\xd4\xe9\xe5\xac\x93\xdf\xc0{/x\
/Y\x91\xa3\x8b\x8c\xf9\xf3\x16\xb0\xdb\x8a\xddLa\x0f\
\x9b\xa5\x1d\x0aM9\xbbYB{\xd6\xaa\xaa\xc8\xac\xaa\
\x84\xe2%C\x0b\x84\xa2\x9c\xe1_6\x8eE^\x98\xa4\
\xbeJ\xc5}\xf7\xabK~\xc5\xdb\xde\xfdN2\xdd\x82\
zL\x94\xd4\xcd\x81>Q\x81\x8e-\x18\x8a\xa2*\xdf\
\x9cr\x07\xea\x04`\xd3\x15\x09q\xc9z\x16\xb8Md\
\xc6+\xbc\xb2ts|\x17\xd0\xedv\xc1\xdd\xd8B'\
\x83\xd2o\xf2\x8c \xcb\xc4\xf2Y\xd9T\x08]R\x08\
\x15\xd0\xcc\xc8\x9c\xe7C%\xad2\xd8h\xb0\xcf\x1e{\
p\xd3\x8d7\xf1\xef\x1f\xfc7\xe6\x0f\xcf\xe1\xddo\x7f\
;}}=\x00DQL\xb3\xd5D\x17\xd0\xa8\xd7)\
\x0a\xb3=.\x80:/\xf1\xa5\xe1\x04\xc6V\x85\xdc\x09\
\xc0RA\xe8d\xb6Z-\x9a\xcd&===(\x22\
\xf2\xc28z=\x8d\x06333<\xf3\xcc\xb3,\xdd\
u\x09O=\xfd,\x1f\xfd\xe4gx\xf0\xe9\xa7\x18\x1b\
\x9d \xaeV\xc9\x9b3\xc4\xca\xd0\xa4@\x95\xcb[;\
K\xe2\xf5M\xc0\xd6;\xcb*\xa0[\xe8\x82\xfb1\xea\
\xd2\x1b\x83\xac\x9e\xbeehr\xf7\xe9\xf2xM\x9f\x94\
\x8d\xc4\xcb\xc2\xa2\xf0Sxk\xfb\xac\x0b\x92\xd8\xe8^\
\xd6*L\x849\xce\xd9o\xcf\x15\x5c\xf1\xfb\xdf\xb1x\
\xf1\x02\xd24E\x83=\x0d\x11'\xa3\x856\xd5\x19\xdd\
\x90\x05\x84\xad\xc3\xed\x8b\xfe\xf8\xd9taC\xda\xb6\x01\
\xb2NF\xa4\xecre\xe4wY\x84vLv\x95\x08\
\xf4\x14Z\xdbd?_\xddOc\xb6\xdf\x15\xb9ID\
\x9c\x98\x9a\xa1\xd5j3gx\xd0\x1c=\x5cMM\x7f\
#sNA\xec\x1a\xf7\xd2\xe5&\x0c\xf8\xfe\xfa\x89\x8a\
\x5cb\xc6hJ\xf0F\xfc\xe8'\xbf\xe2O\x7f\xbe\x81\
\x1d\x13m\x9e[\xb5\x8a\xad[623\xba\x19\xa8\xa0\
z\x06\xa9\xa6\x15\x17\x8d(\x0ae\x13\x06c\xa7O%\
^\x07JU\x96\xfb@NB\x8c\x0d\xfa\xed\x962\x9c\
\xf9\x0e\xec\x84R\xc1#\x84_^i\x0c\xbfT@t\
g\xd1\xcb\xf2\xea\x01\xd2\xc9Q\xe8|\x94_\x1e\xfc]\
\x82\xa5\x00\x86\xf7\x0c\xc0Fo\x5c\xf4J\xec\xa3\x16\x0b\
\xe9G\x1a:\x03\x0a\xc9G\xd3\x8e~.\x9bN\x22B\
\x01m\xcc5\x92\xc7e\xb6\xec'qBR\xed\xa3Z\
\x1f\xa2wp.\xdb\xd6\xdc\xca\xf4\xd8\xfa\x92\xd3'\xaf\
\xe4\xa5\xfd\x10;\x06\xba\x09$\x8a\xe0\x13\xe4\xfc\xec^\
\x85\xbc1\xf7\xc9\x02\xa5*\x1b\x9b\xf2\xfe\x5cMYX\
\x84\x8e*0&\x02)\xc28o\xa8\x95\x13\xec\xc2\x09\
\x81\x1f\x01\xe5gX\x22:g\x22\xb0\xd6.\xd4\xafC\
\xc1\xf2\x03r.\x860EkKp/0\xa1r\xbb\
^\x84\x8aW(\xe8h\xf2\xa9\x16\x87\xef\x7f\x0c\x9f\xff\
\xe8\xa7Y\xb3z=w\xdds\x0f\xafx\xf9I\xec\xb3\
\x979\x00Cjz'\xa9=5,(\xdcR\xea\x96\
\xa2\x94\xd0c\x9e\xe7!\xb1\x9b\xa1n\x1d\xbe\xf0\xeb\xb0\
\xa2,\x856\xeb\xfc&\xd4\x1fs\xc5\xd5W\xb3z\xdd\
\x1an\xbd\xe36\xae\xfe\xd3\xd5\xd0H\xa9\xd6{\xc9t\
n\xcf\xf7\xd6\x90\x83\xcaCc\xaaL^Gl\xe9\xee\
N\xb5\xf1\xe0,\xb3\x11\xc4\xc8\xdb\x9c\x12m\xf5\xc3\xab\
\x83B\x15\xdeQ\x0b\x9d\x86\x92W\x1d\xf0\xda\xf0\xb1\x8c\
}\x94\xda\x0c\x8c\xa6\x9b\x89\xc8\xf7\x81\xe1\xb7w\x84\xb3\
;\x85\xc8\xbdFE1\x9d\x22c\xcb\xd4\x04[n\xb8\
\x91E\xf3\x17\xf2\xc4\xe3O\xb3\xe0\xb89\x0c\x0e\x0e\xd0\
\x9a\x991\x89\x80EN\xb5R5\xa1\xdaB\xe3\xb7\xa7\
\x06BR\x8a\xaa!\x1b$\xac\x81\x94\xe8G\xc0[m\
d8\x8a\x22Z\xad\x16\x9b_\xdc\xc2\xc2\x85\x0b\xa8V\
\xabT\xabU\xf2<wK\x0f=\x8d\x06\x7f\xbb\xfdn\
\x9e|\xf69\xde\xf4\xc63\xf8\xee\x0f~\xc8g?\xfd\
i\xa6g:\xa8~\xb3\x95\xafh\xb7MU9\xedV\
\xe0\xbd\xe1\xf7\x09\x06e\x10\x15\xc2\xaa\x80gB;\x99\
\x85\xc9\xf6\xbc\xc0\x1ey\x1e\xfb\x01{\xbd\x0drE\x1c\
\xc7\xe4\xace{\x83\x18\xac\xc0\xc3\xf3\xce\x90\xd4\xab\x07\
\xa5st{\x86\xce\xc44\xb5\x81~\x0e;\xec@\x0e\
9\xf8PN\x7f\xcd\xa9\x1c~\xd8A\x0c\x0e\xf4;\x83\
,\x0e\x83\x88\x83\xb4\xe3\x9e%c\xd3a\x9f\xb5\x7f\xae\
\xfd2\x8a\x8c\x8e\xe7EA\xacl\x02]\x80-D\x92\
\x8cfh\xe3\x8d\x98\x19NQhW\xf8I\xa3X\xb3\
n#\x13\x93\xd3,Z\xb4\x80M\x9b\xb63\xd3\xea\xb0\
\xff\xde\xbb\xa2\xdd. \xe8\xefk\x94Ybq\xd0E\
\xb0\x9c\xd2\x84\xcb\xa5\x01\xfb\x94\x18\x15\xaf\x13En\xa2\
\x0a?\xfc\xd9o\xb8\xf7o7@:\x0f\x12E\x1cA\
u`>y\xa1\xc8\x0bE\xb3\xe3\x0d\x91\xdf\x92\x98[\
\x07\xdf/\xe5y\x1c\x15\xdb\xe1X)R\xe1\xf0\xd1\x09\
\x86D\x8bJ`\xaa\xfc_\xab\x13\xb2\xf4\xe7D\x82\xe0\
\x1e\xe1g\xf8\xd7\xd9\x13\x8d\x9ba\xba{\xa5u/\xb3\
\xfe\xb9B\xc3\xf0|\x18@\x17h\xe5f\xaa%\xa7\xc2\
\xd8\xbc\x809N?\x82\xb1k\xc9C\xdb\xd9\x110\xba\
\x22\xbfI\x0eA@#\xe5)\xe2\x8e\x8b\x0ex)\x18\
Y\xdar\x8c#\x9d\xeb\xcf?\xac\x04XFH\xdcn\
\x1f\x8bO\x94\xc3\xf7x\xe3m?\x94\xbcrg\xa0\xfc\
{\x0f\xec%\xcf\x01\xb7\xdf? \x94\x0a\x0c\x96\xc1$\
\xed\xe5C\xbcK\xabW\x92\x89\x5c\x12\x00\x116+-\
%]xI\xcb\x1d\x18\x8dR\xff\xb4'M\x10\xd6\x14\
\xa7\xc6\xf8&\x81\xb0ZMS\x11\x90k\x06\xaa\xfd\xcc\
\x9b\xb7\x80\x8b\xbf\xf6\x03\xd6\xacY\xc3\xd0\xd0,\xde\xf2\
\xa6s\xa8\xd5jn\x9bXj\x8b\xbd8\xcf\xddy\xaf\
\xc1X\x9c\x13\xd0\xd5o\xa7]\xbe\xbf\xe1\x8c\xbf\xe4\xbc\
im\xea\xf8G1q\x1c\xd3\xeetx\xe2\xc9\xc7\xb8\
\xe8\x87\x17\xf1\xbdo~\x1b*@-\x22\xea\xe9E+\
\xcc\xe1.\xc1\xb8|&\xb2\xe5Uay\xd01\xc6J\
E\xd6\x09\x90\xc8\x8f\xc8\x8ch\xac,OH\xa8Y\xfa\
\x1dN\xe1-=\xbd\x98yn\x22J-\xde\x90\x0eC\
\xc9]9\x17\xc22\x826\xdc\xc5R\xd2\xb3\x84\xa5\xee\
;Q.\x07\x0c6#;\xadV)z\xea\x1ct\xc8\
\xc1\x14\xed\x9c\xfd\xf7\xdd\x0f4v\x1bX\x00\xaa`\x13\
WC \xd6n\x17\x83sj\x03\x1a\x196Jt\xca\
w^\x86\xbb}d\x07i\x9204{\x88$5e\
\x86\xcd\xf9\xeb\xb8\xac\xfe;\xee\xba\x8f\xdf^q5\xf7\
?\xf4\x00W_s%\xd7\x5c}\x0dhM\xda7@\
Vd\xb89\xa9\xe5\x85;C\xa1\xb0\xfa\xa7\xca\xf4*\
\xe1\x81\xb0\xc7}m\xe9\x17\x18Vm\x8dP`\xaa\xed\
\xadF\x0e\xfd\xda\xb5}V\xf0\x08\xe1u\xc9a+\xf1\
\x06\xd0\x05Q\x1c\x99\xe5\xb1\x22\xa333\x0d\xcd\x19 \
#\xad5\xf8\xcf\xff\xfe/\xde\xf2\xa6\xb3\xd9{\xaf\x95\
T\xabUw{\x9e\xe7\xc4Q\xec\xc0W\x07\xb8\xb2\xf3\
Kd7\xc0\x03\x19k\xc9h\x99\xbe&\xb1iWG\
\xca\x03\xb8\x18\x9e\x80\x95\xb12\xb3eS[\xc5\xd0\xec\
\xf9\xd5\x9bY\xb8`6\xcf=\xbf\x96?\x5c{\x13\xfb\
\xed\xbd\x82\x15\xcb\x96\xb0t\xf1\x1c\xe2869\x04\xfd\
=\xa5g\x8f\xec\x18G)E\xbdZ!/4\x8dz\
\xcd\xf5\xd1\xcd\x1d\xadJ\xc9dI\xeeo\xb53\xaai\
\xe2DUY:GJq\xdc\x91\x87\xf2\xe0\xdd\x8f\x90\
\x0e\x0c\xd0j\xb7\xc8\xf3\x0e\xb9\x95/%\x9e\x9c\x8b\x88\
yZ9\x1c\x14:\x05$2\xdf\xfb\x19\xbd\xf9\xca\x87\
\xae\xdd\x0eR\x15\x05\x8e\xefK\x04\xcb\x83|-\xd1\x93\
\xd2\x84F\x87}\x93hG\xe8\xc4\xfa\xfe\x98\xe7\xf9|\
\xb7\xb2\xfd\xf2F\x18\xa1f8S@\x81\xc8{\xf8u\
\xb8v\x8c\xb4\xad\xbbd\xc6+\xb4\x9f\xac\xc9\xf5!\xfc\
\xd8\x1e\xa9\xe0\xad\xa5\xbfW\x09iG\x96$\x080v\
'\xea\x950\xf1\x1fo\x03\x14\xe0\x13C\x1e\xd0\xd8\xa9\
\x8b*{p%}\x95\x90-\x9e\x8d%\x18\xf1\xe8G\
\xe9\x0cT\x8d\xcfh\xd5\xcaTM\xd2\xe1\x8a\x88g\x95\
\xdf/\x1d>[\xb9\xf0\x8b!\x98\xedP\xe4S\xbf\xa4\
\xd0\x8a\xe7G\x18\xe2\x0f\xc3N\x1e\xfe\xdc?\x81Qr\
\xf0\xa6\xa5W>d\xa3\x14\x10\xdb\xb5\xa7(&B3\
\x7f\xce.4\xb7L\xf0\xccsO\xf3\x9aW\xbf\x86j\
\xc5\x9c\x1a\xd6i\xe7\xc41LMM\xb2u\xcb6\x96\
\xee\xba\xd4S+\x98\x05\xed\x04R~\xea\xe5i*\xdd\
\x0c~s\x18d\x95#\xcb2S\xc3\xbfVcdd\
;O?\xf74\xff\xef\x7f\xfe\x87;\xef\xb8\x9d\xd6\xd4\
\x14\xe9\xec^s\xb0M\x04Y\x9e\x97\x8c\xb4\x03r7\
{\x0d\x14U\x9eo\x0f\xf1\xd1y\xc0T\xa50\x87[\
(g\xb3\xdd\xcbM\x0d\xbc\x1c\xb8\xb9\xa0{fY\xe8\
\x15\x86W\xf2\xd9\xab\x19%\x9a9\xfa\x14\x1a\xb7-\x0c\
\xa7\xd2\xc8\xee\x117>+wA\xf0\xcd\x1a\xad\x08\xe2\
\xc8\xcc\xe6\xd2\x94\xac\xddAO59\xed\xe4W\xb1\xdf\
\x1e+9\xf6\xb8c(\xf2\x828M\x5c9\x5c\xe7p\
\xea0l\x8e\xd7\xe9\xae\xb0\x9cr\x8e\x88XX\xf9\xc7\
\xcb$@\x7f_\xaf\xaf\x1a79IO\xa3\xc7.\x17\
\xc1\x86\x0d\x9b\xd8\xb0i\x13\x8f=\xfe8kW=\xc9\
\xa3\xf7\xdc\xc5\xa3E\x9b\xa8\xd1\x8b\x8e+t\xf2\x1c\xb7\
v\xa9\xc2\xce\x08\xb9\xbc#\x15f:\x97\x98\xef@\x5c\
\xd6VE_\xed5\x02\xd0\xd2\xffP<u\xf0{\xa8\
\xd1ZdL\xdb\xacj\x82\xd9\xb6\xf2\xcf\xb6\xceX\x12\
Agz\x8a\xbc\xdd\xa1\xdaW\xe3\xc0}W\xf2\xb2\x13\
N\xa0VI9\xe3u\xff\xc4\x11\x87\x1d\x02@\xd6\xc9\
h\xb7;\xa6f?\x91=3!\xa0o\xe8D\x87\xfa\
\x13H\x0aJ\x05\xce\x8ct\xa3<1q\xf7k\x8bO\
A\xbbbh\x8a\xbc /4\x9b\xb7l!Jb\x86\
\x86\xfb\x89\x2290G\xa1\x8b\x9c\x95\xbb/\xe1\xe3\x1f\
z\x17\xe1+\xcb2\xe7(6[-&\xc6'\x99=\
{\xc8V+,\xe8\xd8|\x00\xb7|\x81\x94\x83.\x1c\
^\x85\xc6\xae\x93\x17<\xfa\xd4&\x0e\xd8k!ij\
\x9d\x16 \xb7\x8e\xe4QG\x1e\xca\xb7\xbf\xf7s:y\
n\x9d:\x8d\x14\xe2\x09bt\xfe\xbdR\xf8\xa3\xb9\xcd\
\xe5\xa5\xdf(\xfdd\xf4K\xc9o:\xa0eh@\x1c\
\xe5\xdc\xdf\x12\xfeY\xd9\x0d\xf1\xd9\xb3B#y\x06\xa5\
\x1c \xe1c\x17\xdc\xc8\xb3\x9d\x13L w\xae+]\
}\x12\x07\xcf&5\xba\x8e\x84\x9d\x0c\xbf\xf7\x02\x1c\xd0\
O0\xd9\x11\xc6\xd1X4\xcc\xc9R\xe0\x88\x84\xde\xf2\
N6At\xd5\x8eW\xde\x97l\xaf}\xfd\xddm\x80\
\x12\xae2F\xd6C\xabg\xb9\xf6\xf8a\x8d\x8a\x0bU\
\xe0C\xf5\x92=\xed\xf6.\x8a\xf1\x0c\xd7\xe1-\x91\xb5\
\xad\x83l\xda\xb5\x99\xa9\x043\xcd \xec/\x80\xe1\x07\
\x09Z\x8c\x8b%\x90\xcbF\x10\x8fPf:\xe2)\x09\
\xc1\x03\xc6\x95\xaad\xd9\xbe\x22L\x0a\xc9\xed\xba-\x06\
\xc2\x8eS\xa4J)\xa28!\xcbZ\xc4\xb5\x0a\xf9t\
F1\xd1f\xdfCv\xe3\x13\xdf\xfb\x04\xfb\xed\xb7\x1f\
Y\x96\xd1j\x99C>\x9a\xed&\xe3\xa3c\xa4\x15\xb3\
=\xcb\xb3Z\x9c\x00Uf\x92\x03\xe4Pa\x02\x90$\
Pz\xca\x89d\xedv\x9bj\xb5\x8a\x8a\x22~\x7f\xe5\
\x95|\xfcS\x1f\xe3\xf9\x8dkhu\x9aDI\x85t\
\xa8\x8f\x8e* \xeb\xb8\xf6E\xa7\x02S\x8f#\x84\x0e\
\xc120S\x81\xe1v\xfcr\xc0 \xf4\xc2\xf1V\xa9\
`H\xca\x03\xac\x80\x93\x0f\x15\x9b\x86M\xc4\xc7;\xa0\
aA\x13\xa3S\xca\xb1\xd7\xf5\xd0\xfd\xa6\x9d\x97\xec\xf4\
\xc5\xc9\xb3r\xd7\x87FO\xd6\x7f\xd3$\xa5=>\xc9\
\xf2\x85\xbb\xf0\xf9\xaf}\x93\xb3\xcf8\x83(\x8eMY\
dY?\x8f<^\x88xy\xea\xb8A\x07\xfc\x0a@\
\xca\x81\x0f\xe5\x97\x88\xaa2\xeb|B\xcf(2\x15\xfe\
\x1ey\xe4Q\x86\x86\x87y\xe4\xd1\xc7\xb8\xfe/7r\
\xcd\x9f\xafc\xcb\x9au\xc4\xbd\xbd(LQ\xb5\x90#\
\x10\x80\xb8\xe0e\x10E)\xaf\x17v\x1bLK\xf7\xa0\
\x82\xa0\xf4M\xa3\xddy\x1b\xe2<\xb8\xe49'\x1b\x81\
s]\x8ap\xd9v\xbbA,R\xc6xG\x11\x14m\
\xc8\xdbt\xa6\xa7\xd9\xff\xa0C8\xf3u\xff\xc4\xc9'\
\x9f\xc0\x01\xfb\xedG\xbd^w\xfdi\xcd\xb4\xdc\x96\xcc\
$\x0a@\xda\x91\xdf\xd3|\xe7=\xdf~\xcc:\xd0#\
\x15p\xd2\xdd'\xbc\x0a\x8c^\xa8)\x0a\xb3\xcd\xb6\xd5\
j\xb3u\xdb(\x0a\xb3\xcf>J\x94=r\x17T\x1c\
\xb1\xdb\xb2y\x14yN\xa1\xb1\xe7\x11DLLL\x91\
$1\xbd\xbd\xa6\x0eH'\xcb\xa8$)s\xe7\xce\x06\
\xa09\xd3d\xfe\xfc9dy\xc1\xcc\xf4\x8c\xc5$M\
\x91kV=\xbf\x91\xe5\xcb\x17\x92\xb8\xa5\x05/Rq\
\xa4X\xb6x\x88$\xb1\xfa\x95\x15\xc4\x95\x84\x87\x1e~\
\x82g\x9e~\x9e\xe7W\xaf\xa23\xd5$\xad\xf79<\
\xd6>\xe3\xd2\xcb\x83\xc2`\xaa\xb7\x9b\x8e\x9f\xda\xc9\x9a\
\x5c+K\xa6\x81\x92\x13\xf0\xd8#\xb6\xeb\xac\x91\x05m\
m\x8b\x0a\xe4\xc5iI`\xa4\xbb\x0c\xb6{y\xbe\xba\
\xa5\x00\xed\x0dphKdB\x00>\xc2l\x9ei'\
\x22Z\x22\x81^9_jr\x1b\x8ao\xb0m\xcc\xb7\
\xe3Z6\xfd\x97\xa5\x5cQ/\x83G\xba\xeb\x0bi\xbb\
\x8c\x87!\x9e\xb9\xc5\x17K\xde(\x0a\xe9U~i\xfe\
\xe16@1\xbfA8G\x98\xaa\xcbwx\xc7\xcf\x03\
X\xe9)2x\x19`7\xd8\xb9\x8f\x01\xe8\x85\xb3K\
\xed\x19\xe0\x9a\xf51-\xab\xd8\x0a\x99\xd1\x8b\x12\xc8\xf3\
}\x12E\x17\x01\xad\xb0j\xd5\x0d\xd6a\xf4\xc0\x8e^\
\x88-\xd4pB\x14\x0cQ\xee\xd7\x8a\x88\x98ld\x9c\
\x95\xfb\xee\xcb\xbau\xeb\x18\xaa\xcc\xe7k\xdf\xf9\x0ag\
\xbd\xe1L\xc0\x9c\xd5\x9e$\x09ql\xb7\xdb\xe9\x9c\xa1\
\xe1\x01j\xb5:JEA\xd2\x90\xb6d\x11F\x8b\x14\
\xcb3u@\xee@`\xecKj\x18$Ibf\x11\
\x91\xa2Z\xadr\xd7\xddw\xf3\x91\x8f}\x94[\xee\xbf\
\xc3V\xde\xaa\x12W\x1a\xe4ENa\xf6\xe7@\xc81\
!\x9e\xf6c\xf7\xd4\x0c\x88[R\xfc\xb0O\xe15\xbe\
\x81p{\x8f(\x96\xcc\x04\xc36\xc2\xe5\x9eR\xfe_\
\xa0\xef:\x98\xa2)\x85\xdd\x1b\x1f\xf4Q\xf9n\x94{\
\x1bFV\x84\xcf\xfe\xa5$A0V\xe8\xac\xa0=3\
\xc5`\xa3\x97\xf7\xbf\xf5\x9d\x9cs\xe6\x99t\xb2\x0eE\
\xa6\xed\x89\x8c\xbe\x0d'\x9bv\x5c\xdd\xa67|\xf9\xd9\
F\xa8\xe8]z\xd9=\x05\xc5l\x97m4\x1a\x8c\xec\
\xd8\xc1]\xf7\xde\xc7o.\xbd\x94g\x9e_\xc3\xe8\xd8\
\x184\x1a$\xc3\xb3\xc9\xdam\xc2YD\x98!\xe2\x8e\
x\x0e\x04\xd9\x99f\x07\xe68}pW\x04\x18\xe0\xeb\
1H\xd4D\xfb\xe4+\x01\xfcp\xfc\x81H\xb8D:\
\xcc^\xfdB\x9c:9\xcd-J\x88\x93\x84(R\xe4\
\xad\x19\xb2\xf1iT\x9a\xd0\xd7S\xe1\x9d\xff\xf6\xaf|\
\xfes\x9f\xa6^3\x0es\xbb\xd5ff\xa6\x05J\x13\
\xab\x88J\x9a\xda\xa8_@\xb7`\x1b\xa9\xe7Gwh\
\x97\xe0\x17\x5c\xb9l\xcf\x14\x9f\xab\xe0\x0d\x95D\x10\xcd\
\xe4\xa2\xc8\xcd\x03&&g\xa8U+T*\x09Q\x14\
\xb3h\xe1\x5cS\xf4K\xf9\xd9\xa9Lh\xcc\x12\x8e\x8f\
,\x16EAsf\x86\xe1\xd9C\xdc\xff\xc0\x83\xec\xb5\
\xd7J\x1a\xf5:cc\x13\xacza-\xf7\xdd\xff(\
y\xd1\xe1\xf6\xdb\xef\xe4\xe9'\x1ff\xef\x95+\xf9\xd6\
\xb7.\xa4\xd1h\x10E\x8aysg\xb9h\x80\x1f\x94\
\xe9p\x1c+\x86\xfa\x1b\x81|\x82.\x0a\xe6\xcc\x19\x22\
IR\xe6/\x18\xa6\xd2H\xd0E\xe6\xc4\xd9U\xd3\x15\
g\xa7\x0bk\xc2\x05~m?wg#\x85\x22\xdc-\
\xdf\xe1DX\xa2\x06\xe5H\x98\x5cgd9\xf4\xd3\xba\
\xd8\x8bw0\x02f\xa2\x82e\x86\xd0\xe8[\x1c\xea6\
\xbc\x01\xe6\x96K\x87\x87\x03\xe8\xfa\xde\x1a\x13\xc1\xed\x90\
^%\xfd\xe9\xa2\x81#\xa5\xc6\xe3_\x88\xebxd\x0d\
\xb1+\xb4\x05.\xa2\x80G\xefn\x9c\x09\x9f\x09\xffh\
\x09\xa0{\xe6\xab\xf0a\xe0\xc0\x03\xd2h\x93\xc7%\xdb\
\xd1\x84\x88!\xe8{\xab\x8c+\xc3\xeb\xcd\x83\xcf\xe2\xb7\
\x8d\xcb~`\xf7\xe0\x08\x81\x95\x92\xa2J\x0f\xdc\xac]\
\xfb\xeb\xe4^\xb7&\xe2\x86a\x85G\xe3\x0c\xba\xeb\x8d\
\xfc\xa3\xfcZ\xad\xc0\x9a\xb34\x01 \x86\x860tB\
\x93(\xa135\xcd\xf1G\xbc\x8c\x05\x83\xf39p\xfe\
~|\xf5K_e\xd1\xc2\x85\xb4\xdbm\x93\xe0\x97\xc4\
>\x11I)z{z\xc1\x9e\xb9\x8e*\xdc\x16\xbd@\
n\x02\xf6\x1a\x1eD\xe1V\xb7\xbf\xcbH\x18\x1b\xdd\xc1\
\xbd\xf7\xde\xcb\x92]\x96\xd0;\xd8\xcf\xc5?\xf9\x09\xdf\
\xff\xc9El\xd9\xba\x8edp\x00\x8d\xb6a\xfe\xc2\xf2\
\xb2\xec\xd1\x87\xd3\xe3\xb2#\x15\x84m\x1d\x8a\x84\xcc\xef\
n\x83\xf2\xf7\xc1\x00\x15\xb8L|\xaf\xf62?\xd5\xbe\
Y\xb4/\xb8QR*\xbc\xc1-\x81N\xa0}a\xb7\
\x82\xd0\xb2\x13O\xc9\x8dt\xd7[Z[\xb9W\xed\x16\
\xc3\xb3\x86\xf9\xcc\xff|\x94\x89\xf1I\xdey\xc1;\xcc\
\xb9\xf1qBdgYh\xfc\x12\xa5\x0e\xcd\x9e\xf9\xc1\
\x8d\xbe{\xc9#\x08\x7f8Ppc\xd1N\xd6\xca\xb5\
\x04\xcc\xf7y\x9e\xd3\xdb\xe8\xe1\x90\x83\x0e\xe4\x9b\xdf\xfe\
.\xa3#;\xa8-\x98O\xd6\xca\xc8Z3v\xe8\x11\
\xa5\x10\xae\x17\xf8@x\xbc\x8ey\xf9\x16\x87\xcb!\xbe\
\xa7\x8f\xd0W@Uv\xdc\x08\x88\xbanZ\xe6\x05*\
\x14:a.y\xd7\xe1\x83Y\x02\x88\xc9\xc9\x9bSd\
m\xa0Ra\xe1\xfc!\x8e{\xf5\xc9\xbc\xedmog\
\x8f=vc\xf9\xb2eh\xad\xcd\xd1\xc8iBZI\
\xa9X\xfa\xb4\xdbm\xb2\x22gz\xaaI\xbd^\x0bJ\
\xf9\x1a\x9e(K\x07\x9fc\xe0:\xe3h\xe3\xa0\xa6\x8c\
\xed\x0el\xd1\xd8\x9ah\x9aB\x80[)\xda\x9d\x8c\x8a\
\xad\x06\xd9\xd3\xa8\xb9\xa4\xbdj5\xb5phNp\xd4\
Z\xbb\x9d\x08yn\x0e|\x9a\x9c\x98\x02\x0a\x06\x07\x07\
\xd1\xb9f\xfe\x82y<\xfa\xc43<\xf9\xcc\xf3\x8cO\
Ls\xe5\xb5\x7f\xe1\xaf7\xfc\x8dM\x1b\xd73\xb2m\
\x1b\xe4\xb9U\x1c\xcdC\x8f>\xc7\xd2\xa5\xcb\xf8\x9f\xff\
\xf9\x18c\xe3St\xb2\xdcV1,\x90\xa5\x1agJ\
\xb4\xa9) \x0eB\xa1@E\x11[\xb6l\xe5\xd7\xbf\
\xbe\x9c\xaf}\xeds\xcc_0\x8b\xb5\x9bv\xa0\xd2\x06\
\x82\xb3\xa5\xa8k\xf8\x0a>\xbb-\xca\xa1ar\xa2\xd6\
m\x90\x94\x93\x01#\x13\xde.\x94\xaf\x11,\xefZ1\
\xb7\x02U2\xb8\xc2\x9b.\x08rb\x16L0J\xf7\
\x86}\xeb\x9apz#\xec\xafQ\xee\xba\xc0\xe9\x09\x88\
\x10\xda\x1e\x91k\x13}\x06\x17i\x93(\xa7\xc3\x8b \
\x89\x93@Wm\x1b\xd2g\xb7\x9dR\xe1\x85\x12\xe3\xa3\
\xb9\x1e\xear\xa7\x1c\xf4\x05\xdd,9\x00\xdd\xac\x09\x15\
F\x1e\x8c\x96D2\xa3\x0d.\x5cgC\xfa^>\x82\
\xb5\xc3\x9d\x08c\xfe\xca\x1eK\x99\xc0K'BaQ\
\x168\xbd\xb7#\xc0\x1d\xe1\xb2\x12\xdd\xec\xdc\x12I\xda\
\x0e\x8d\xb8e\xb0\x16\xa2\x0b)\x5cX\xa9<\xeep}\
KfDaR\x8b\xf2\xb7\x9bk\x0b\x8dJcRb\
\xda#c\x1cz\xf0\xe1|\xf6C\xffC\xb3\xdd\xe6\xf8\
\xa3\x8e\xa3V\xab\xd1n\xb7\xa9T*\xde\xf3\x0c\xbcP\
\x00]\xd8d\xc1n\xe5\xb2\x0a\xab\x02er\x8eX\x97\
\xbd\x15@\xcb2\x030\x9b6\xac\xe7\xee\xfb\xef\xe5\xc9\
g\x9e\xe3\xb6\xbb\xef\xe0\x87?\xb8\x98\x17\xb7l\x84\xe1\
:\xc9\xd0 Y'\xb3\xc2d\x1b\x8bDY\xb5cD\
\x98\xe3\xe12[\x03GL\x14q\xe7uk\xbc|\x88\
p\x94\xed\x178\x1e9\x04\x0e\xfev\x19\x1a\xf9S\x04\
L\x08\xfb\xb0\x93\xb0\xe1\xf9&\x9f\xa4\xebAwT\xf0\
^\xbaT\x8a8h\x13\xa5*\x9a-f\xf54xv\
\xd5*.\xb9\xe4\x12\xf6\xddw\x1fN;\xedTSP\
\xc9\xc9\xa5\x834/A\xee\x99\xbe\xe1p\xe6e\x86d\
Nx\x8cU\x5c\x06\x92\x92\xa3\xa0\xdc3\xdcr\x99\x86\
8\x8aifM\x16/Z\xc4\x1d\xb7\xdc\xc8\xff^\xf8\
M\xbe\xf1\xfd\xff\x03\x9d\x93\xd6\x1btr\x85\x8a<4\
H\xc80D\xad\x12\xe88\xa7\x0e^\x92\xa4n\x84\xe0\
\x0e\xd4\x02\xd0\xca\x9d\xe9\x855\x88\x9e\x0b],\x0b\x9c\
\x1do`\x8d^GhT\x9e\x93\xb7[\xacX\xb6+\
\x87\x1fr\x18\xe7\xbe\xf5|\xf6\xdak\x0fv]\xbc\xc4\
\xb5\x99e\x19q\x1cS\xabU\xdd\xb3&&&\x99\x9c\
\x9cbbb\x8a]\x16-\xa0\xa7\xa7n\x0c\xb06\xc6\
\xae\x1b\xc0}\x80Fd-0\x06]r\x10\x02\x85\x18\
{c\xc8\xcd2\x8c\xc2\x1c\xc6\x92\xa6\xa9\xd3\xc38\x02\
MA\x9e+\x8a\x22'\x8ap\xd54\x01ff\x9a$\
qlv\x8d\x00\x83\x83\xfd\xac\xdf\xb4\x85\xbf\xdd~\x03\
\x13\xe3\x13\xdc}\xef\xbd\xfc\xf2W\xbf%W03\xdd\
\xa2=\xd5\x82J\x0d\x92\x82\xb4\xb7\x17\xa5\x22\x88*\xe4\
\xad6\xc3\x03}\x9c\xf0\xb2\xe3\xcd\x84\xa2Q\x0bj\x87\
\x04\x8e]!\x93\x1e\xb3\xf3@\xea\x10D\xca,S,\
_\xb1\x8c\xfd\xf7\xdf\x8f;\xee\xbc\x8f\x1d;F\x88c\
\xd3o\x17,w\x98%2\xa0\x83\x7fC\x07A\xac\xbf\
\xc7\x09\xb7\xd4\x03\x10\xe4\x8e\xe8\xc0A\xf0\xc7\xe4\x95\xf5\
\xd1\x9f\x0cY\xc6r\x1d)'K^(\xbdS\xe7\x0c\
\xae\xd2\xc1\xcfVHer*\xbf8\x9b\xa1\x9c}\xeb\
RFi\xd4\xb5gd\xb9\xf0?;\x81)\xdc\x12%\
]8\xefD,\xf8B\x85\xef\xa4m\x19\x83\xa5w\xe4\
\xad\x96o\xc8^\xe4\xfd\xd8\xc0\x80Z\xde\x96\x9fT~\
\xedt\x1cp\xe9\xb3\x033\xed\x94\xb6\xec\x00\x06>\x85\
\x9b\xdd\xc84\xca\x1ao\x8b\x08\xda&`I\x9bF\x97\
\x84\xa1\xca\x1b\x01\xbb\x03@f\x1d\xe1\x1a\xa5_\xa3\x13\
\xb1\x09\x94\x11\x8c2hM8sB\x04 02\xa1\
\x10;\xc2Ye\x08\xd4\xc5]\xfb\x92\x94\x0b<D\x8d\
=\xe8\xa3\x9d\xd3\x99lq\xf6\xe9o\xe2\x7f?\xf3E\
6n\xdeL\x9c\x9ajl\xe1\xc1\x19\xfe\xe45M\x1c\
'\xe8\xa2\xa0\xd5n\x9b\xdf\xddl)\xf6F\xd7\x09\x9e\
\xf2\x8a\x80\x07\xd80\x11\xc9\xcc\x96}!\x8f\xb1\xa9i\
\xfex\xf3\x8d\xfc\xee\x92K\x99\x9a\x1a\x85z\x95\xca\xbc\
A::'kup&\xb0\x14\x0e\x93\xf1\xda6C\
\x8f\xc3\xfeU\x81`\x22\xf7\x84\x0ab?\xfa\xd9fH\
\xc7\xb2\xd2\x95\xfc\x89 \xfc\xe6\xb7u\x06\xebZ!_\
upOW\xfb\xe1\xbaW)\xa0\x1f\xb4gh\xe5=\
u\xe9\x8c\x9b\xf9\xba{\xb4)z\x02\x8cOL\xf0\xab\
K\x7f\xc3Yo8\x8b\xd3N;\x95N\xa7C\x92&\
\xa5\x1c\x97`\xf0\xee\xe9~\xed?PN\xebHk\x9b\
#\xd3\xeet\x88*\x91\xef\x9d[\x1b\x14\xe7\xd6\xbc\x9b\
\x9e\x9a6U\xfd\x82<\x99\x9e\x9e\x1e\x16-\xde\x85\xbc\
\xd3\xe1\xc2\xff\xfd\x12\xc7\x1du\x14\x9f\xfc\xf4'y\xfc\
\xb1\xc7\xa9\xcc\x9eGG+\x03T\xda\x1by\xe1U\x19\
\x98\xfdzd\x09\x14\x83a9\x83me\xb2\xf4\x93W\
\x0a\xaf[\xda\xcb\x95kY9pqvB\xc9n\x94\
\xa9q\x98\x99\xe4}\x1f\xf8\x00\x9f\xfe\xf4'\x99=4\
\xcb\xb4S@k\xa6\x8d\x8a I\x13#\xe3\x01\x86\xe7\
y\x0eZ\xd3\xd3\xdb\xc3\xbcys\xfc^z\x87\x092\
\xe40\xa2\x12\xf2\xde\xcb\xc7N\x8e\x8f\xf2ndQh\
:\x9d\x0e\x95J\xc5\x9c\xd7\xe0`NY,\x08'\x0f\
\xb2\xb7>\xa6R1\xcbp\x13\x13\x13\xdct\xcb\x9d\xec\
\xb7\xef^\xacX\xbe\x94m\xdbv\xf0\xa7\x1bn\xe6\xea\
\xebnd\xf1\x82\xd9\x5c}\xf5U<\xfd\xc4c\xa0m\
T\xa9\xdaO\x92\xa6\x10UH\x07\xeb6a\xb0\xa0S\
\x14@D\xa2b\xf2\x99\x16G\xbf\xf28\x9ex\xf2\x19\
\x8e>\xe6\x08\xd2\x8a\xad\x0f`\xc3Q\xa5aZ\xf8\x89\
\xa5L\xac\x02\x15\x1b\xc3[\xabV9\xec\xf0Cy\xf8\
\x91\x87\x98\x18\x1f\xa7\xd2;l\x963\xb4\x8f\x96\xfa(\
\x19~B\x10:\x01\x0e?%\x0a\x10D|\x83\xf5u\
\xf3\xadr\x02R\x8a<\x96\x8cm\xc0\x0c%F.\xc0\
q\xb1=\xca/\xe7\x96\x9cm\xe9\xb3\x96\xdfB\xe6\xaa\
\xe0Y\xe5\xf8\x83\xe7x\xa0+\xf2M`O|\xd4N\
\x84Q\x9e\x1d\x0a\xbe\x5c\x1b\xc8\xa2\xd0@{\x03\xae\xba\
\xc7n\x87\x1f:\xa2\xa1\xaf\xea=X\xa1\x95\x0eU\xd2\
\xf7\xfd\xef\xbc\x92\xe0q;]ZZ\xaf\x11\xe0\x0c\x0d\
\x9f\x8f\xf1P.z `\xa5\x1cQ\xa5\xcf\xa5\xe0\xbf\
\xf6\xd7\xf8A\x04$\xd0R\x08(r\xa0l.\xf7\x9e\
\xab9c\xdcYqKs\xfb\xdc\x972\xde\xce\xc2\x85\
c\xf0\x97\x89\x00\xfb\xe8Ay=\xda9Dx\x01Q\
J\xc1LAo\x5c\xe5\x9a+\xae\xe7\xf8c\x8f\xe7\xa9\
g\x9e\xe1\xfa\x1bn\xe2\x82\xf3\xcfG)\x13\xd8\xc9\x8b\
\x9cHE%\x03=55\xc5\xf5\xd7\xff\x89#\x8e8\
\x9c]v\xd9\xc5$\xeb\xd9\xfe\xfb\xc8\x8b\xfd\xc7\xe9\x83\
\x15z'\x15\x16x\x14\xae\xb6\xff=\xf7\xdc\xc3E?\
\xf9\x11W^\x7f\x0d\xdb\xb6o$j\xf4\x90\x0e\x0f\x90\
\xe9\x82vn\x0d\x7f\x98q\xee\xf1\xd1\x8f\xd6-\x98\xc9\
\x0f\xda\xc9\x847\xf8]\xf4\xf5D\x0e\xd1\xbeDsg\
h_\xea\xda\xe0\x1e\xe7\xe0h\x90\xd2\xb3*\xb8Kh\
\xaf\xadf;\xc7\xc5\xc9\x8a\x0a\x98\x16p/tv\xd0\
\x0e\xa4\xfcp\xc5\xf0\x99v\xb46N[\xac\x14/;\
\xeex\xda\xed\x8c\x8f\xfe\xf7\x7f\x99\x19{\x1c#\x89J\
;\xd9I\x15\xc8\x88.\xf7Au\x7f\xb2\xe0\xeb\xfbO\
\x00HB?3\xa6(\xb2\xcbG\x11\xf6tA\x03*\
\x954\xa5\x88c\xda\xed6\xaf\x7f\xfdk9\xfe\xf8\xe3\
x\xcf{\xdf\xcb\xef\xaf\xb8\x92dh6\xbaP\xe4y\
\x81\xc2\xae\xaf\x8b\xd3\x18V\x87\x0b\xd9\x15\xceD\x14>\
\xac\xfb\x12|\x90\xf0\xb2?r\x9a\x97\xa4\xbd\x93!\xa5\
\x88\xa3\xd8\x85\xceu\xab\x05\xedqr\xa58\xe4\x88#\
8\xea\x90\x03x\xd7;\xde\xce\xec\xa1Y4m\xa5\xbb\
HE\xc4IL\x14\x9b\xb9P^\x14\xc4A\xfd\xf5$\
\x8e\xe9\xeb\xef\x03\x8c3\xe0\xa3V\xe1\xd2a\xa07\xce\
\x99\xd1;\xf1B\xbe\xdd9\xaad\x0c|\xb5*\x85\xb2\
T\xd7\xfd\xde\xc1\xcf\xf3\x9c$II\xd3\x88\xf1\x89\x09\
\xae\xba\xeaz\x0e?\xfc\x10j\xb5\x1a\x8f>\xf6\x04Z\
g|\xe5\x7f\xbf\xcd\xedw\xdf\xc7\xe3\x0f=h\xbc\x88\
\xbc\x09I\x8dj\xdf\x90i\x8b\x84,Wd:6}\
\xedt\x08\x5c`\xe3#(\x0d\x91)\xfet\xd2\x89\xc7\
\x22\xbe\x95\xa9\x09o\x11Wu\xf1DK\x01$\x8fa\
\xf2\xfb\xe6\x17\xb7\xb0\xfb\x8a\xe5\x0c\xcd\x9a\xcb\xd8L\x1b\
\x15'\x14y\xe1\xc6Y2\x8d\x22\xe8\xee\xb3\xf2F\xd6\
\x19?\xca\x94TaU>\xe5\xf5\xd4\x09T\x80\xdfN\
Q<\xe6\x85\xd0#\xfc\xf2\xcbT\x82,~<%\xf8\
\x91I'\xfe\x91\xf2n\xa7\x88\xac7t]\x12 \xd7\
\xfb]\x16\xae\xef*t\xb0\x83\xe7\xb8\x03@\xb4{\xeb\
\x9d\xa7.\x00\xd5\x94\xef\x15\x19\x13\x0c\x96\xa1jk{\
\x82\x1d=\x01'\x8c^\xbd\x84\xf1\x0f\xc7\xfew\x0b\x01\
\x89\xd7\xa2d\xd6o$\xca\xdd\x1a\x0a\x93\x12\x86:\xbc\
\x0d\x07\x15\xac\x82J\xb8=\x8a\xd0\xdax\xebJj}\
X7\xba$\x07\xe6b<c\x9d\x05\x04]\x98\xf2\x97\
\xf8u\xcdp\xe2\xe2\x1c\x81@9\x9d\xd0\x0a!\x1dJ\
\x87\xb3\xf9\x90\x88\xd6\xb4\xea\x92\x0d\x16>\xfb\xacK\xa5\
\x88\xda\x19_\xfa\xd2\x97Q\xb5\x98o]\xfc]\xde\xf8\
\xda\xb3\xf8\xd8\xbf\xfd;i\x1a19\xd5$\x8ab\x88\
5\xc4&!\xef\xb1G\x1f\xe3w\x97]\xc6\xfb\xdf\xff\
>\x8e\x7f\xd9\xf1\xcc\x99=\xdbW\x00\x93\xbet\xed*\
(m\xb9Te\x03\x1aE\x91\x0b#\x17E\xce\xbb\xde\
\x7f\x01\x8f\xde\xf7\x08\xc9\xc2>\xd2Y\x83dEN\xa7\
\xc8\xfd\xda\x11\xe2H\xb8Q\x06x\xa8\xcb\x0c\x0e)\x22\
\xc4P\xaak\xcb\x9a\x0e\x88W\xe2\x22;1\xc6\x0c.\
P$c\x84\x8c!U^\xee\xac\xf48\xcfZY0\
\xc7\xdf[2\x98N3\xcaN\xa6\xd2\xb8\x04&]\xea\
\x8ftK\xfa\xa9\x5c>\x8a[~R\x8a4\x89\xe8\xef\
\x19\xe0\xbd\xef~\x17o~\xd3[X\xbdf\x0ds\xe7\
\xcc!\xcb2\x92$u'\xb5\x19\xb1,\x90\x99\xa0\xd6\
\xc8)4\xf6x\xeb\xb21\xe96-\xce\x18iOu\
\x07\x9c\x82\x1f\x85\xa6V3{\xda\xb3,ctt\x94\
\xe1\xe1a\xa7\xecJ)\xd2J\xca\xf8\xd88[6o\
\xe27\xbf\xfc9_\xfc\xfa7\xf8\xd4\xc7>\x05\xb1\x22\
\xed\xe9\xa1Shg\x0cM\x86\xa3\x0at\xd7\x86\xf4\x9d\
\xc3\xe5;\xa7\xc3>\x86\xda\xa5}\xde@\xc9\xd0\x073\
:\xc7k{m\x12Cgj\x92\xa8\xb7\x9f\x188\xe4\
\x88\xc3\x98;4\xc0\xabN~\x05\xefx\xc7\xdb\x5cb\
\x9f\xd6\x9aZ\xadF!\x11\xc4@\x17\xa3\xb0w\xc1\xec\
MtR\xbe\xdf\xc9\x07y\x89\xcfnc\xa0\xf2\xa3\xeb\
\xe6\xd7KqM\x07\xcbQ\xe6\x14@e\x9c\x12e\xce\
\xd7\x98\x18\x9f\xe0\x97\xbf\xfa-\xeb\xd7o`\xba\x93\xd3\
.r\xfex\xcd\x9fX\xbbn\x1d\x9f\xfb\xfc\x17hO\
\xb7\xa1\xd2 \xed\x1fD\xeb\x1c\xa5\xfa\xc9\x0bE+\xf7\
:e\xe40\xc7Z{7\xb1q;%\xecAPI\
Z\xe3\x85U\xabY\xbat\x09i\x9a\x92\xe7\x1a\xa5\x0a\
k\xa8\x04C\x85~\xf6\xd8_\xad\xdd.\x01\xb4\x91\xad\
\x15\xcb\x97\x92T\xab\x0c\xcd\x99\xcd\xc8\xf3k\x89\xa2\x8a\
\xc3A\x97Di\xc7\xac,F\x87\xf6\xd5\xbbR\x82\x0f\
\x01\xf5\x82Y\xb9\x18j\xa1_\x98\xe2\xa6,\xc6\x18u\
\xf6\x06\xce'\x00\xaa\xd2X\xca\x10S\xbeF\x07_\x8b\
h\xfbA\xbc\x94p\x08\xe6\xcaO\xb2\xdc\xac\xd1b\xb0\
\xc2\xfb\xc3\x08d\x88M\x98\xdbT$Nv\x19i]\
EZ-r*:c\xdb\x17g\xca\x8b\x98\x83f\x89\
\x0a\xf8\xb1\x85\xf9,\x169\xed\xee\x89n\xa0\x09\xf9\xb1\
S\x12\xa0\xea\xba\xc0\xdd\xe1\x008`\xa2\x84v\x0a\xed\
\x18\xe8\x8c\x93\xed\x99\xcc\xaaJ\xcaT\xd8Y{\xe9a\
\x028F(\x0a1\xd0\xe6A%!\xf0FD\x06\xee\
\x9bp\xeb\xf4\x01\x00\x84\x1e\xa6\xb9>H\xd8\x02g\xc8\
\x02\xe8\xf24\x0b\xec\x8c\x14\x80\xd1h\xbb-\xc9\xdc\x94\
g\x1d\x06\x16\x0cs\xf7\xc3w\xf1o\x1f\x7f\x1fW]\
r\x0d\xf3\xe6\xcc\xb5u\xf7s\x22\xa5\x88\xe3\x84j5\
err\x92\x1f\xff\xf8\xa7l\xdc\xb4\x813\xdf\xf0\x06\
\xe6\xcc\x99cIR\x985J\x91\x88 \xe4h;\xee\
{\xa8|\xdf\xe5\xdff\xb3I\xa5Z!\x8a\x22\xee\xbc\
\xfbn6O\x8e\x10/\xe8\xa3\x88\x14:\xcfp6\xda\
\xa1\x9c\xf6\xca$\x06WE\xee:o\xbc\x95t\xc7\xd1\
F\x0c\xc3\xce\xdb\xc4Tp\xefK\x18Ym\xdaS\xf8\
0\x95\xb2c\xf3\x89\x98\x22\x1b\xca;\x016\x9c\xb6\x93\
\xf1\x0fi\xe3b|\xae\xa3\xb6\xdf\x12&,;n\x9e\
\xa4\x1e\xac\xdc\x0a\x878\x0c\x00*\x22Jc\xb2J\xca\
\x0f~\xfeK\x92J\x9d3N?\x1d\x15Gd\x9d\x0e\
\x85\x8aH\xa2\x88\x18S\xb2U\xa2\x02\x02\xdc\xdd\xcb\x88\
\xa13I\xf8W;\xb3\xe3.*U\xb6\x940\xa3\xe5\
\x9bR\xcaloK\x12&&\xc6\xe9\xeb\xed\x0ff,\
\xd0?\xd0\xcf\xb2t\x19yQ\xf0\xc1\x7f~\x0f\xbb/\
]\xcaW\xbf\xf6U\x1e\xb8\xff>\xe2\xbeA\x0a\xa1w\
\x09\xa4}O\x9d+.\x7f\x1ca<\x7f\xdd\xd2P\xe0\
,\x948\xe3\xbe\x13PW\x10\xc5\x14\xb9\xa6\x18\x1b\xe5\
\xc8c\x8f\xe7\xc1G\x1e\xa5QK\xf9\x8f\xf7\xbd\x87\xb3\
\xcf6;d\xf2<w\x89}\x8e\x96\x0a\xa4\x0cp\x08\
\xd8\xe5\xd0~\xe1\xe4(R~|\xd2O\xe5/\xf4/\
\xc7\x8c`L\x01_^\xda\x09\xf0|\xd0@\x96\xd9\xca\
\x9dIB\xab\xd5d|\xa6\xc9\xb3\xcf\xaeb\xf5\x9au\
\xdcx\xcb\xdf\xb8\xe2\x0f\xd7Rt2\xe2\x0a|\xeb\xdb\
;(\x9a\x1dP\x09I\xa3J:\xd0 /4\x9dN\
f\xbb \xd5\xccl_\xc3\x19\xab5\x0c\xa2\x1f\x223\
\x92\x0f2>6\xc2\x8b\x9b7\xa31r\x98$^\xd0\
\xbdsfu>RLN\xb6\xe8d9\xb3\x87\xfa\x02\
\x03\xa2i\xb7[\xcc\x997L\xa3^\x07\x1d\xbb\xfbL\
\x1fT \xb3\x01'\x04\x93B\xf2\xe9p\x9e\xef\x97\x05\
\xfc4\xcf\xcb\x85\x9f\xddz\x07\x01-\xb65X\xc6\x0d\
\xf4BzUN\xcc\xf73\xff0N\xebk\x14\xd8\x90\
\xbb\xe4\x1a\x04\xb8\xaam\xed\x8e@X\x82\xb9\x81\xd5\xcb\
\xd0\x9e\x08\x98H\xbf\xe4\xb9\xdd\xba-\x0d9\x1d7|\
\x0c\x97peb\x17nG\x14k/\x8b*\xbe\x19y\
\xa0\x97}\xaf\xc5\xde\x110Q\xf2\xb2\xfcv\xebh\xa9\
\x0e@\xe9\x82\x12Q\xb5g\x86#\xa0\xc7\x5c\xa4\x06\xb6\
\xb3\xd1*\x00x\x1fA(y\x84\xe5[\xcc{\xa7\xe0\
\xb8\x84b\xcfF\x19\xb3w\x04|\x88C:\x12\xbc\x9c\
$\xee\x1c\xaer\xb3\x16\xe9\x8f\x0a\xef\xf1$\x0aj-\
\x04bl\xc7'\xc6Ck\xa2$a|r\x82\x9f\xff\
\xe0\xa7\xbc\xfd\xbdo\xe5\xc4cN2{\xfc\xdbmb\
\x15\xd3\xe8\xe9a\xfb\x8e\xed\x5cy\xcd\x0dl\xdc\xf0\x22\
'\xbf\xe2\x15\xec\xbe\xdbnT*\x15\xb3w\xdc\xce\x16\
\x00\x17\x09)\xf5G\x09\xcd\x03\xc8v\xf6N\xd1j\xb5\
\x5c\x883\xcfs\xbe\x7f\xd1ElY\xbb\x91d\xa8\xcf\
d\x17k\xa7\xbe\xc1\x8d\x80\xf6\xe1\xd3\x92\xc2!c\x13\
a\xc3\x8d[\x98W\x06z\xff6\x8c\xba\xf8\x1bU0\
\x16{\x95\xb4\x13\xecuu\xa1~\xd7\xa67z\xa12\
\x95\x9f\x11\xf0\xce\x19\xcc\x970\x10\x04}\xe8b\xac\xac\
k\x8a\xc1\xf22\xabPQD[C\xab\xd9$\xcer\
~y\xc9\xafx\xc7\xf9\xe73\xd3\x9c\xe6\xd1G\x9f\xe0\
\xb0\xc3\x0e#\xcf5Zi\xf2\xbcC\x9a\xfa3\x14$\
2\x06\xd8\x08\x8d\xf1\xfa}\x86\xb4\x07D\xbf\xae\xa9\xc9\
\xf2\x8c\xd1\xb11\x06\x07\x07]UH\xd7\xe3\x12\x1d`\
``\x80,\xcb\x98iN\x93\xa6\x15\xbf{\xa4\xd0\xd4\
\xeau\x8a\x5c\xa3\xab\x9a}\xf6^\xc9\xbb\xdf\xf5.\x1e\
9\xe2p\xbe\xff\x83\x8b\xa1R!\xae\xd5ljC\x97\
\x91\xd3;\xb9X\xc1oA\xde\x0c\x22/\xda\xb3\xc0:\
w\x81\xb4\xb9\xf1\xc5i\x85\xb8\xe8P\x8b5\x9f\xfa\xfc\
\xd7\xd9{\xe5\x9e\x5c\xfa\xdb\xcbx\xdf{\xff\x99C\x0e\
9\x98v\xbbM\xa15\xd54\xa5V\xad\xf8>Hc\
\xba0\x89\xb2Rj\x1a\x1fno\xb6Z$\x89=\x86\
9\x94O\xe5\x8d\x80Gu\xed\x89\xe90\xd4:\x09\xa5\
\xc1\x099\xfc\xcc,\xb7G#'Ib\xeaw\xccL\
S\xab7\xd86\xb2\x83\xdbn\xbb\x8b\x1bo\xbe\x99\x91\
\x91\x1d<\xfa\xd8\x13<r\xff\xbd\x10\xd7\xa1\xda\x8b\xa9\
\x88U\x90\xa4u\xa2J\x1fEQ\x90i\x8d\xea\xe4\xd6\
\x80\xab\x00\x8f\xc2h\x5ch\x16\xa5c\x1at\xe4&[\
E\x91\x11\xf7\xd4\xb9\xfd\xae\x07x\xe7\xdb\xcf\xa7\xb7\xb7\
\xc7\x16>\x8a=\x9eb\x0c\x86\x9bx\x01\xbd=U\xf2\
\xdcsZv%\xacX\xbe\x04\x22\xe8\xe9\xe9\x01\x22T\
\xa4piK*\xfc\xa3\x02\xec\xdci\xc5\xdc\xe9\xa9\xcd\
\x12\xc7\x15\xfd\xb1R\xe1\xf0\x011\xb4b\xbc}\x1f]\
\x92\xb5\x0e\xfb\xe9\x11@\xfa\x11\xdag\xcf?\xe5\xdb\x14\
\x1a\xcaD\x16?\xc1p}q\xb4\xf2\x13\x8d\x92\xcf\xeb\
\x05\xc2?#4\x10%\x1b\xe4\xfb\xe8\x22\x98\x0e\xa2\xb4\
\xdb\x82.W\x08\x0d\xc2\xa6\xddT\xc7\x91C\xfba9\
|\xd4\xfe\xfb\xc0\x0b\x11g\x04G\xeb\xa0\xcb\xc1\xeb\xef\
\xd6\x01p\xb3\xe4\xe07\x17f\x0b1\xd4\xf6F\x11\xb9\
\x90\xb58QE\x18\xaf\x109\x00\x17\xf2\xf5\xf2\xa1$\
Y\xd2\x83\x86R>D\xe2h\xed\xc9\xe0\x92\xae\x9c1\
\x96\xb6<\xec8\xd5\x09\xbc\xaa\x92\x13\x01\xc15\x96l\
\x8a \x22\xa0\xfd\xb3\xc1\x81\x89\xf3H\x95)\xfbZL\
\xb7\xc9FZ\xac\xd8oO>\xf1o\xffC\xd5\x1e\xa4\
\x93\x15\x19\xcf\xae{\x96\x0f\x7f\xf2\xa3\xec\xb6\xcb2^\
\xfd\x8a\xd38\xe9\x84\x973{x\x98V\xabE\xd6\xc9\
\x5c\x19\xd7\x97\x9ay8\xf9\xd2\xdeLx\xd0\xf5\x17+\
\x15\x91$\xb1\xa9%\x1e+\x1a\xfd\xbd&\xca\x12&h\
\x05@\x12\xcam\xc8\x17\x07\x86n\xb6.\xe35\x17I\
!\x9cn_\x0b\xebX\xb9\xb0\x9c\xe3\xa5X\x02\xf9\xc2\
;\x1b\xce\x84\x8b2\x07\x06\xdc\xd5\xb6\xa6\xc0o\x19\xb5\
\xa7s\x95%\x22\x14\x18^\xfa%F?T&\xdf\x8f\
\x10\xe8)\x8253\x15\xa1b/CQ\x1cS\xb4:\
l\xdf6\xc2\xfa\x8d\x1b\xf8\xf9/\x7f\xc5\x9b\xcf9\x87\
\x88\x88\xac\xc8)T\xe1<n\x8d\xf7\xe1\x5cO\x9ds\
\xe1\xc1\xcd\x91N\xde\xdb\xa5\xa8$I\xe9\xeb\xef\xb7k\
\xc8\x89kc\xa7\xf5IKS\xa9\x08(\xeb\xdeIl\
\xef\xb1\xa1\xfeJ\xa5\xc2.\x8b\x17\xd3\xbc\xf1&\x96.\
]\xca\x97\xbf\xfc\x05\xbe\xfc\xd5o\xb0}t\x9c\xa4\xaf\
\x97,\xb3y\x01\x1a_\x96\xf7%tD[Y\xf0\xf2\
\xa3\xbbd\x05k\xc8\x02.i\x0d\xba V\x90MN\
\x91\xb5\xc79\xfd\xf5g\xf1\xc6\xb3\xce\xa4\xd3n\xf3\xe3\
\x1f]\x04@f\x93\xea\xcc\x12Vad(\x8a\xcc\xda\
\xb3-f\x12%\xb1=\xc2Z\xd1i\xb7\x19\x1d\x1d\xa3\
V\xad\xd1\xdb\xd7C\xb5\x22\x99\xf7e9\xf0\x9b(\xb4\
s:w&|\xc8\xa8\xc0\xb0hsz^\x14Ev\
\xb9'1\xc9x\xc0\xba\x0d\x1b\xa1\xc8\x19\x1f\x9f\xe0\x8f\
\xd7\xff\x89\x1f\xfd\xe8b\x9e~\xf2)P\xb1Q\xa8\xb8\
N:0\x17\x8d2\xa1x\x22\x0a\x1d\x91\xe7`N&\
\x92'a\xa5\x22\xb2P\xa9\x03\x87\xdd`\xa0\xf4\xad\x14\
\xe1\x0dO_\xb5\x0e\xca\xccx\x93\x9bo\xbd\x9bs\xce\
y}\xc9\x92t\x0f[\xf8\xa2TDd+\xb0\x16Z\
\x13G\x11\x8f?\xfe\x0c\x8f?\xfa,oz\xf3\xab\xd9\
u\xc9\x02\xee\xbc\xed~T\xa3\x86\xc3\x01\xbc\xd9\x09\xff\
\xf5T\xf3\xae\x96\x91\x8d\xc0\x98;9\x0a\x19\xe4U\xd0\
\xfd^bQ8\xed\x09\x98&X\xe1\xf8\xdc\xc5D\xd7\
\xbe\xea\x92\xd5\xa0\x7f\x1e<\x02<2\xf7\x04\x9a\xe6\x09\
\x1f\x18^\xd7[\x05\xbaTJ\xdcb\x9a\xd0\xca\xe2\x9f\
D8\x02c\x02H\xce\x1aN\xe7\x5c\x8e]\xe0\x9c\xb8\
i\x84\xf6\x8e@)\xd0\xe9\x9c\x09\xba\x22\x8c\x0a\xa5\xfc\
BY7l\xc3?\xac\x03\xe0\x8d\x9fS\xa9\x92r\xab\
\x92@\xfa\xb3\xba\xfd }\xb6b\x00\xb8\xaa\xdc\xaa\x0b\
\xed\xb8\x01jD\xf0\xdd,\x0c\x01$\x0f\xe2\xee\xa6H\
,X\xe8\xd1\x19\xa69C\xe9RCC\x00\xf5\xd7\x05\
T4\x86NB\x89/!,!1\xa3$&\x9f\x9a\
b\xc5\x82\xdd8\xe2\xd4\x838\xf6\xe8c(\xa2\x0e\x8f\
?\xfb\x04\x7f\xb9\xf1\x06~q\xd9/y\xfc\xd9'\xf8\
\xf7w\xff\x1b\x1f\xff\xd7\x8f\xd0\xd3c\xaay\xadY\xbb\
\x96\xe1\xa1!*=U\xb3\x15'\xb2t\xd5]}\xf3\
#\xf6\xcf\xb5k\xcc\xfe \x22E\xc5\x82\xdf\xda\xb5\xeb\
\xb9\xe1\x96[\xf8\xed\x1f.C\x0d\xf6\x92\x15\xb9#\x93\
Y{\xf5t\xf6\xa3\x10\xba\x07\xde\xb9&\xa0e\xf8t\
\x15\xdc\x1b\xbc\xba\x92YJ\x97\xb8\xb6\xcb_\x86N\x84\
\xac]\xbb^\xe8\xb0_b\xa8\x03\xf0\xb1\xbc22\xee\
C\xe7\xa2@e\xd7-4\x08!\xff\x8cQ\x8f5d\
\x9d6E\xab\x8d\xb2\xb3\xedJ\xadF\xae\x8d\x14 \xeb\
\xb9Z\xa3\x9b\xd3\x1ct\xd8\x11<\xf8\xe0\x83\xdc\x7f\xff\
}\xfc\xbf\x8f|\x98\xe9\x99\x16\x95JJ\xab\xd5\xa1Z\
\xa9\xf8Y\xb0\xa0\x85sLe\xcdZ\x97\x8c\xb9\x9c\xfe\
\xd6\x8d\xd0\xd5J\x05\xa5\x14\x9dN\x87\xa9\xa9i\x06\xfa\
\xfb\x1c(\x84a=y\xef\x8e\x0b\xb6y \xca\xaa\x9a\
\xb2\xeb\xbbCCC\xfc\xeb\xbf\xff\x1bO>\xf5$#\
\xdbF\xf8\xc8\x7f\x7f\x88\x1f\xfe\xf8g<\xb3v\x03q\
\xbdA\xd1i\xa1u\xee\xf4\xc4gR\xdb\xfe\x87Q\x88\
\x90\x99\xa1\xa3\xa0\x84\x9b\x9eW\xd6\xab \x89\xe0\xf8\xe3\
\x8e\xe6\xfc\xb7\x9e\xc7\x1b\xcex\x1d\x954\xa6Z\xad\xd2\
\xe9t\xccr\x865\xac\x12\x0e\xcd\xf3\x9c\x08\xed\x22\x1a\
\xe3\xe3\xe3\x8c\x8c\x8c0g\xce\x1c\x92\xb4B\xd6\xc9\xe8\
\xeb\xeb3\xce\xb66\x85u|\xe4\xc1>\xdf\xe9\x7fI\
\x1c)-\xb3t\x0f\xc7*\x8c\xd6&i\xb7\xd3i\xb3\
}\xfb\x0e\x16/\xd9\x85\xb5\xeb\xd6s\xe5U\xd7p\xf3\
-wp\xcf\x03\xf7\x13\x13\x11\x91\xf3\xc2\xaa'AU\
\xa94\xfa\xc8\xb5BE\x09Z\xc7t:\xb2\xcb\xa6\xfb\
\x15\xed$\x9f\x0e\xb9t\xb9G\xda\x8eCt\xb8\x14\x9b\
qQ\xba\x1c\x13ah\x06\x06\xde\xd2\xc4\xee\xfc\x90g\
\x85\x93\xb0f\xab\xcd\xf4L\x9b\xe1Y\xbd\xee\xbe\xa2(\
\x98\x9ci\x82R<\xbbj\x1d$\xa6\x02\xa0s\x00\x83\
\xde\xb9\x132\xed0\xc2\x1d\x01\x1el<\x8d\xd5\xceV\
\xcb-\xed\x84\xe3\xf5\xef\xbb\xbc\x16\x08f\xb9\xe1\x0f!\
N\xdbw%a\x15\xfb\x10\xca\xaf\xc6\xd6\x98\xf7\xc66\
4\xf4\xa2\xb4\xc1\x90D\xd6\xfd\x5cF\xa4\xc9OF}\
{\x1e\xd3\x9d\x1e\x94,q\x17q\xc2\x9f\xc4\xd7R\xc6\
\x16Q\xba\xdf\xca':\x98\x08\xda\xef\x03'\xc0\xb5\xad\
\xfc\xf7/\xf5\xfa\xbb\x0e\x80\x99\xc9KX\xca\x1280\
\x0a\xae$\xa2\xb8\x1bag\x9c\x07UX\x03/3\xc3\
\x972\x10!\x98\xb9\xc6\x9d0\x891v[\x93\x94r\
\xbf\x89\x22;\xfe\x04}\x17#\x11\xd2\x02w\xbd\x17\x0a\
g \xbb(\xe7\xbb\xd5\xcd\x1dsq\xa4\x22h\xb79\
\xf6\xe0\xe3x\xff\xbb\xfe\x85\xe9\xd68\x8f<\xf18\xff\
}\xd0\xc1\xd4\x1b=l\x1d\xdbB\xa3\xaf\x9fo~\xf6\
\xab\xbc\xe7\x1d\xef!\xcfsV\xafY\xcd\xf0\xf0l\x03\
bIlv8t\x8f\xa1\x8b_\xa1\x82)\xfbY\xa2\
3\xa2\x8eYfN\xf1\xfb\xe4g?\xc3\xa5W_J\
;\xd5\xa0\xa4\x00\x88\xd0_\xbb\x1c\x06%t,\xfc\xd8\
J[G\xc2\x90\x8a(\x82\xfd\xbeT\x07@\xc4\xdc\x09\
k\xb7\xc6\x8b1\xa4\xe4dxbzG\xcf\xad\xd3;\
\xe1\xc7\xcd.UW\xbf\xfcLO\xa3\x89\x8c\xd1\x17\xd9\
\x0a\x9d\x03<\xa0\xbb/\xa2\x888NP\x99\xa63>\
A\xd1\xeeP\x1f\x1cd\xe1\x8a]\xd8::\xca\xd4\xf8\
\x04Y\xab\x89J+\xe8H\x91F\xf6L\xf8,C\xe5\
\x05\x17\xbc\xf3\x9d\x8c\x8cl\xe7\xd3\x9f\xfc$\x00\xd5J\
\x8cR\x9a$\x8e\x83#\x5c\xf1\xb4q\xee\x89C\xde\xd2\
q\xaf\xadV\xcb\x1aos|0AWe\xb7HO\
O\x83\xe9\x99\x19\xaa\x95\x0aI\x9a\x1a\xe3(\x9e}I\
\x99p\x1e\x7f\xa8i\xb2\xf3\xa4\xd3\xc9\xd8k\xe5^d\
Y\xce\x8a\xddv\xe3\x95\xafx9o8\xf7\xed\xacz\
~\x15\x95j\x95\xb6.\xd0y\xe1@\xe8%\x04\xc3\x02\
\xb0m\xdd\x85\x85\x03\xbd\x91\xd9\x90\xbd-\x8e\x22\xb2\x99\
\x09\xce~\xcb[\xf8\xc8\x87?\xc2\x96m\xdb\xd9\xbem\
\x0b\x0b\x16.\xa4\x93uH\x92\xd4\xb5\xde\xc92\xb0a\
\xe8(\x8e\x18\x1b\x1b\xe3\xf6\xdb\xef`\xef\xbd\xf7b\xcd\
\x9au\xf4\xf44X\xb4h\x17\x94\x82jO\xc3\xf6A\
\x0e\xa5\xb50k\x97X\x9c\xef\xe20\xdd'W\xc9\x10\
D\x0f|\xf4\x02\xcc\x11\xd6\x05\xedNF\xb5^\xe5\xc6\
[o\xe3\xd6[oc\xff\xfd\xf6\xe5\x0b_\xfc\x02\x8f\
<\xf8\x08\xa8\x06\xd4\xeb\x90k\xd0\x19\x95\xfe\x05dY\
N[N\xd9, X\xc3t8\xe4W\x1e\x0c\x8d\x02\
\x1b)\xe4u\xd7\xbb\xe5\x00w\x8ft3\xe0\x87\x16\xfe\
j\x8a\x99\x09V\xec\xbe\x94\x22k166Noo\
\x8f\xd7\x13E\x97\x110:\x1bE\x8a4\xac^\x09\xf4\
\xf55\x18\x1a\x1a`\xe3\xc6\x17\x99=<\x0b\xf2\xac\xd4\
\xb5r\x8f\xa3\xc0I\x94\xf1\x94\x9f#\x8cp\xba/\x11\
?'\xbc\x01\x1dD\xdf\xb5\xd5\xfd\xd2\xe4\xcfba\x89\
]\xc1,<\x8c6\x97\x9e\x1f\xbeU\x0e`_\xc2\x12\
\xb9\xf3;L\xb4N\xf9yc\xf0\xd7\x9a\xde\xf2}\xce\
\xc6Y\xa0\x91\xda\x04\x01\xa8+\xe4\xb9\x12]\xb2c\xb2\
\xc6\xdc\xcd\xdc\x039\xc5\x1ayw>A)\xd4-\x11\
\x0d)\xe6d\xf13\xb2\xf7Yz\x85\x8bG]\xbe\x06\
\xf0\x8f\x1c\x00\x15\xed\xe49\xe8\xe0M\xf7^C1\x5c\
\xae\x16\xb80\xa3\xe4\xed(G\x103x\xf3\xb9\xb0\x83\
\xb3[V\xad!\xb0\xc6F\xeb./F\x96\x06\xc4)\
\xf0`#\x83\xec\xfe\xeb\x9a\xe9\x1a\xbe#\xae\xee\x22\x8c\
0\x90\xd2\xca\xb9\xf3s\x94\x06\x9d\x17T\xd3*{\xef\
\xbd\x0f\xff\xf5\xc5O\xb2n\xd5*\xe8\xe4\xc4E\xc2\xe4\
\x8e\x09\x96\x1f\xb2'o=\xe7<\xce{\xe3\xf9&\xa4\
\x09\x0c\x0e\x0cRI+\x88q\xe8\xd6\xcb\xdc:\x04\xb2\
$\x01\x98\xda\xf2\xca\xd3\xd7\x1c\xf0\xe1\xc57\xcf2\xd2\
J\x85\xab\xaf\xb9\x9a\x9f\xff\xea\xa7\xa8Y5;\xe0\x22\
\x08\xfbw\xd3\xc9i\x9c\xe9\x8b\x0a\x85\xae\x1b`\xbcp\
y\xfe\xe1=\x15\xef=\x09w\x02P\xf0\xfd\xc6\x93\xb4\
\xc4\xa12G4\xa1W\xee\x14B\xee\xb0E\x8a\xc4\xf4\
\x8b\x9c8\xfe\xe9\xe0\xb9\x88\x03kUVkb\xa5\xc8\
[m\xb2\xe6\x0c\xaa\xd2\xe0\xb8#\x8f\xe6\xb4\xd3N\xe3\
\xa1\x87\x1e\xe1\xe9g\x9f\xe2\xf9\xa7\x9eAW\xab\xd6\xb2\
\xb5\xa9V\xaa\xec\xbd\xdb\xeel\xd8\xba\x85-\xab\x9e\xe7\
\x8dg\x9d\xcd\xd0\xac!\x1e}\xe4a\xf6\xdbo?W\
\xdbadd\x07\xf5Z\x8d\xa8jC\xd6\x22,\xe2\xa4\
*_\xdf\xab\xc8\xcd\xb1\xaf\xeb\xd6\xadcd\xfb\x08\x07\
\x1cx\x00\xadV\x0b\x94\x0a\xeav+\xd7\x84.\x0a\x92\
8&\xae\xd7\x18\x1d\x1dcjj\x9a\xc5\x8bw\xa14\
\x5c\x0b\x08\x86\x1eV\xff\x94\x22\xb7\x89\xa5\x02\xc0\x95J\
j\x8f\x0aV\xcc\x9f?\x8f\xf9\xf3\xe7\xf1\xae\xf3\xde\xcc\
\xc7>\xfe1:E\x86n\xb7\x89\xab5r\x94\xe5C\
\x97\xfe\x97X\x1eD\xe9\x84w;\x010\xa0\x22\xa2z\
\x1f\xd7\x5cw=\x7f\xbb\xe3\x0e\x8e=\xfe$\xbe\xf4\xd9\
O\xa1Pd\x9d\x1c]`\x979L]\xfc\xac\xd3\xe1\
\xde{\xef\xe3O\x7f\xba\x9eg\x9ey\x96#\x8f<\x8a\
c\x8f=\x86%K\x96\xd8P|nllQ8\x1c\
\x8a\x83\xfd\xfen\x89\xa5K\xa7\xcb\x92\xed\xa8\x16\xac\xc5\
\xe2\xda\xc8\x8a\x9cJ\xad\xc2\x95W]\xcbg>\xf79\
6m\xda\xc0\xa6\xf5\xeb \xaa\x93\xf6\x0fS\xa8\xc4\xac\
\x89\xc7\xa0Hig&C\xdf\x1b2vz\xb83\x0f\
\xa5Y\xa6\xff\xde+\x8av\xc6D\x09\x1e\x128\xde\xdd\
\x06V\x99\xeb\xf2\xd68\x07\xed\x7f\x12\xaf\x7f\xfd\xeb\x98\
\x98\x9cb`\xa0\x9f,\xcb\x89b\xc5\x86\x8d\xdb\x987\
g\x96\xa9N(\x98\xa65\x954!\xb1\x11\x16\x81\xbc\
\xe5\xcb\x17\xb3b\xc5R>\xfa\xf1/s\xfd\xb5\x7f%\
\x19\x18p%\x8a\xcd+\xc2\x9by\xe3\x80\xfb\xe1\xf8\x7f\
K[j\xe5\xaf`9\x02\x08\x98q\xc9d\xc2\x12\xcf\
O,\x09\x08\x1a\xc0\x91{E\x81\xff\xd6\x85o\x846\
\x03\x7f\xe0\xa7\xc3*E\xe0\x1d\x06v\x06\x87\x1f\xde\xa8\
\x97cZ\xae[\x82MN\x0fC^\x8b\xa3\xa9}\xb2\
|`\xd8}+eAq\xbbV\x14\xdeat\xd1\xaa\
P\xb0\xfcD.\x94\x8brm\x96\xc2\xef$\xfb;\xaf\
\x7f\xe0\x00\x048\xe6\xbe\xb3!%\x97X\xe3\xd7\x83}\
\xd9C]j\xc3l\x10\x08\xc3&^0J\xcb\x05x\
\xfa\xe8\xc0\x00\x87F&\xcc\xe8\x0e\xfb \xb3\xfa\x90@\
\x1aaO`\x00\x1d\xdbd\xd3O\x08\x9a\x81l\x88\xe1\
\x92;\x94\xc2HP\x84\xdbO\xac\xa0\xd9\xec\xf0\x93\xdf\
\xfe\x9cJ\xa3FT\xaf\x10\xd5\xa0\xc8r\x141[7\
m\xe1\xa4\xe3^F\xbdQcll\x8c\xa2(\x18\x1a\
\x9a\xc5L\xb3E\xb5R1\xf5\xf6\x03\x81\xd6Z\x13\xdb\
\x19\xa0\xd6\xda9&\xca%\xd0\x98\xd9b\x9a\xa6\xce\xc8\
\xe6Yf\xf6B\x17\x05;v\x8c\x92D1\x85V\xf6\
l\x01\xed\xee\xf3\x04\x91e\x92\x10\x1d\xb5W\x84P\x81\
_\x0al\x02\xca\x0a\xbfB\x07CT\xc5\xcf\xb6\xe46\
\xe5\x0cz\xd9\xe0\xcb\xf8,_,\x7f=/\xd9y\x1c\
\xc13v\x92k\x15\xca\x8d\x19V\x14\xc5\xa8f\x9b\xa2\
\xd9\x22\xcbr\xe6,\x5c\xc0\xab\xdfx\x0e\xff\xfc\xeew\
\xb3}\xdbv\xae\xbc\xe6j.\xbf\xfa\x0a\xb2\xc9i\x16\
\xec\xb2\x0bSE\xc6\xa2eKX<w\x17\xe6\x0d\x0f\
s\xed_\xfe\xc4Xk\x9aZO\x1f\xe7\x9c\xf5F\xfe\
\xf3C\x1f\xe2\xab\xff\xfb\xbf\xae\xbf\x00\xb5Z\x8d\xaaT\
\xa3s\x91\x11\x8dDa\xf2\xdc\xcctM\xaeG\xc1\xf8\
\xd8\x04\xdf\xfa\xde\xf7\xf9\xcd\xaf.\xe1\xc3\x1f\xfe\x10\xef\
y\xcf?\x93\xc41y\x9e\xd9\x90\xb7\x18\x05K\xd3\xa2\
@+\xe8i\xf4Rh\xcd\xe8\xd8\x18I\x1c\xd3\xdb\xdb\
\xeb\xa3H\x01\x8d\xc4\x814I`\x8a\xe9\xe9i\x22\x15\
Q\xab\xd7\x8c\xc6D\xca\x9d\xf7\xf0\xe1\x0f\xfd;G\x1d\
y8\xabV=\xcf\x85\x17~\x83G\x1f~\x80t`\
\x88N\xe1\xdb4:g\xc6\xe6\x9dO\xe1Y\x10\x94\xee\
\xc2\x0c\x15\xc7dS\xd3\xa04;\xa6&9\xfa\x98c\
\xf8\xe1\xff}\x83Z\xa5N\x9e\x17Tl\xae\xcc\x96-\
\x9b\xa9Vk\x5c\xfc\xa3\x1fq\xddu\xd7q\xf8\xa1\x87\
\xb2\xc7\xca\x95\xbc\xe3\x1d\xef`\xe1\xc2\x85\x80\xd9\x19\x90\
e\x19\xa1\x83,3\xcau\xeb\xd61<<L\xa3\xd1\
\xf0K\x15\xdd~\x88\xa5K)w\xc9\x8e\xa9\xddn\x97\
\xaa\xf3i\x0d\x93\x93S|\xe8\xbf>\xc4s\xcf<\x05\
q\x8d\xb41@Nb\xc3\xfa\x19\xce\xabu\xc6\xc6\xcb\
\xb9\xc3u\x1b\x22/\xa3Sh\x16\xadaW\x10\x96\xce\
\x0d\x04\xdd!\x96\x1fT\xb0\x8e\xae\x22gl\xc0,\x7f\
m\xdd\xb2\x95\xf5\xebz\xd9e\xd1\x02:\x9d\x8czR\
e\xa0\xaf'\xd8^l\x9f\xa7\xa0\xd3\xc9\xd9>2\xc1\
\xbc\xb9\x83\xf6\x14Ah\xb5:t\xda\x1d^\xf9\x8a\x13\
\xf8\xf9/\x7f\xcb\x8b[\xb7\xa2\x92\x8a\x91\xc5 o\xcb\
\xccfU`\x8f\xca.\x803\xe6\xce\x92i\xa4P\xad\
\xf0-\xc4d\x93c\xe4\x97\x14\x1c\x8f\x035\xd7\x16\x0f\
\xbd\xf94x\xb6\xd3\x12c\xd78\xcb\xcbq\x1e\xc7\x1c\
\xee\x97\xa2\xc2\xce\xd8x\xcc\x0a\xf9\x22r\x87\xe8\x7fh\
\xcc\xfd\xdf\x12\xd6I\x84\xb7<\x03\x0a\xfa\xa9\xddd6\
\x02\x1b\xc5\x22\xc03\xa1q\xe0\xab(\xdf\xaet\xd7\xa1\
\xb87d]}s\xcd\xb8o\xff\xae\x03 \xdb-\xca\
N@\xe1\x9en\x9e/\xeb\xd1\x86\x992\xf3s\xf3.\
\xed\x01\xc45\xe1\x94#\x04K<\xd0\xa8\x08Wj\x98\
\xf0\xbe\xc0\x17\xd3\xf8gJ\x11\x93@I\xb4\xed\xb4\x0b\
\xabt\x87\xbfJ\x0c\x14\xfa\x04fG\x07\xc4\x0c\xde\x95\
\xd7A\xcdEY\x9e\xd3\x99\x98D\xc5\x8aL\x9bR\xae\
\x149\xaf}\xd5\xab9\xf6\xf0c\xd9\xb6m\x1b\x15\xbb\
\x9e\x0b\xe6\xbc\xf0\xc7\x1f\x7f\x82\x15+\x96Q\xad\xd6\x8c\
@i\xb3\x8f\xff\xae\xbb\xee\x02\x14G\x1ey8yn\
\x0e4q\x19\xf0\x1a\x97\xec%\xfdRqD\x91\xe5D\
Q\xc4\xe0\xd0\x90\xf1\xb6\xf2\xdc\x8d?\xb4\xf3J\xfa\xdc\
e\x86\xdd\xf8D\x92\xc2\x9b\x9c\xe0\x07\x00\xe4\xc2p^\
\x81$\xc4\x12&au\xfb\xca\x8e\x9f]2\x1d\xac\x96\
\xbb\xcf\xdd\xbe\x87\x12\xa0D\xdb\x83Y<x\xc8\xa5\xae\
\x0d\xdb\xdf$\x89!/\xc8\x9a-\xfa\xaau\xf6\xdak\
\x1f\x96\xef\xbe\x82O~\xfcc,Z\xb8\x98\xcf}\xe1\
\x0b\xfc\xefW\xff\x97\x15{\xad\xe4\x83\xff\xf2^\xfe\xe9\
\xf4\xd7\xf0\xf0\xa3\x0fs\xf9UW\xb1ud\x07\x93\x93\
c\xdcz\xe3_(z{\xc8\xc7&x\xfb[\xdf\xc1\
\xf3\xcf\xafbbj\x82c\x8e9\xda\x84\xe1\xe3\x88\x99\
f\x93(2\xbb8\x5c\x85\xc7\xc0\x9b\xd4Z\xbb*\x93\
Yfv\x09\xdcq\xf7\xdd\xdcs\xef}l\x1f\x1f\xe5\
\x03\x1f\xfc\x00\xbf\xbd\xf4w|\xe9K_\xe4\xe8\xa3\x8f\
r\x89\xa1y\x11l\xd4S\x11\x11\x8a\xa4\x9aP\xad\x0d\
399I\x96\xe5\xb4Z-\xaa\xd5*\xb2\xe6\x1f\xf2\
:\xa4j\x12'\xb6(\x8c\xf9l\xa2\x14f\x07H\xbb\
\x99q\xfc\xb1\xc7\xb0\xff\xbe{\xf3\xca\x93_\xc1\xfb\xde\
\xf7\x01\xae\xfc\xc3\xe5$\x83\xb3\xd1\x1a\xf2B;\x8d)\
K\x0eN&\xcc\x1f\xed\x81N\x99mx\xf9\xcc\x0c\xc7\
\x1e{$\x13cc\xbc\xf9\xcdg\xf2\xaaW\x9e\xc2\xaf\
\x7f\xfd[v\xdfcw\xfaz\xfa\xf9\xf5\xaf\x7f\xc9c\
\x8f>\xc2\xc3\x0f>\xcc\xf7\xff\xef{\x14y\xce'?\
\xf1I\x8e?\xfe8\xf7\x88v\xbbC\x9a&AU?\
K\xe2\xa2\xa0\x9du(\x8a\x82M\x1b_dhh(\
\x90\xa9\xc0q\x91\xae\x06`]\xa0)\xf2\x9c8\x8aQ\
\xd8-\xb8\xb6\xfd\x8d\x9b^d\xd1\xc2\x05|\xe9\x7f\xbf\
\xces\xcf<K\xb5\x7f6\xadvN'\x07S3!\
((!F08\xd8\xc7;\x16\xe0\x17\xef\xbb\xe7n\
VHJ\xb0\xb4\xb3\xf5\x0fy\xe8\xdd\xec\xb23`n\
\x89AU\x18\xdd1F_\x7f?\xf5z\xc3\xe1\x0a\x98\
\xca\x85a\xd8\x5c\xb01\x89c\xfa\xfb\x8c3\x16\xdbJ\
\x80ibhr\xe2\x09G\xf0\x9a\xd3^\xc9E\xdf\xbf\
\x88dV\xd5\x1c\x0cJP\x9dT\xcb\x18T`\x94\x9d\
\xdb^\x96E\x8b\xd7!\xea\x88\xe1\xf3\xefe\xd4\xf6Z\
\xab\xcc\xb2\xcbD+\xe3\xb8:\x07\x0b\x9c\xf3\xe9'\x11\
\xda[\xc2\xae\xa5\xab\x12i\xedua$5D|\x1f\
\x86\x96\x0e\xb9\x91\xec\xe4D\x843E\xf3S\xf8[\xe1\
mE\xb7\x06)\x11\x8f0\xca\xecs<\x1c}]\x97\
\xc33\x02\x94w\x02\x08\xaf+O\x94<A\xcbW\x85\
\xef\xffa\x0e@x\xa5_\x8bV\xfe\xebp\x8dAc\
\xa3\xb7fda\xe2\x16H\x85:\xd7\xb8#\x9c\x08\xb5\
\xdb\x9f\x1f\xb88\xb6I\x0f?%\xa3\x03\xa5M\xddV\
)\x03R\xd8~\x87\xdd(\xf7\xa9\xcc\x12\xe5>\xf8\xef\
\xad\xe2\x16\x9e\xda;\xed}\xd7\xca&r\x81\x8ab\x8a\
\xbc\xc9\xae{\xee\x8aJ\x12~\xf1\xdb_s\xc4\xc1G\
\xb0\xfb\xf2e\xa8(\xa293C\x14E,[\xb6+\
\x8dF\x8fK\x12\x92\xa5\x93\x1bn\xbc\x91\xb3\xcf<\x0b\
P.t+\xb4\x97\x22#\xa5Z\xdc\x1a\xd24\xe5\xf6\
;\xee\xe0C\x1f\xf9\x10\x9d\xbcCLbz.Y\xa9\
:\xec\xabW0O\x0a\xed\xff/i\xad\xa7\xab1\xc0\
R\xa3[\xd6\xc7\x94\xbf\xd4\x19\xff\x9dT\x1f\x0f}F\
\xd1K \x19\xf0\xc1\xd1Vx\xacp\x89\xceF\xd6\xb4\
\x90\xdb\xb9\x14\xee\x0b\x91\x90(&I\x22\x8av\x87l\
t\x94ZO\x1f\xcbvY\xca7/\xfc:'\x9cx\
\x22\xf5j\x8d\xcd/n\xe2O\x7f\xbe\x8ef\xbb\xc3U\
W_\xc3\xa9\xaf:\x19\xa55\xb7\xdfu'\x93\xd3\x93\
4ju\x9e\xbc\xf7\x06\x93\xfcW\xad\xa0&\xa7\x89\xe3\
\x947\x9ey\x16\xff\xfd\xe1\xff\xe6\x83\xef{?==\
\x0dZ\xcd\x16\xd5Z\x95\xc7\x9fx\x82z\xad\xce>{\
\xef\xe5dCdT\xd6\xfa\xa3J\xd5\xc8\xb2\x8d\xf0\xdc\
w\xdf\xfd\xec\x18\x1d\xa1\x1dAex\x0e\x7f\xbb\xf3v\
^\x7f\xf6\x1b\xf9\xd2\x17>\xcf\x1b^\x7f\x06\xc5T\xc6\
\xc0\xe0 \xcdf\xd3\x96\x8f\x16\xc56@^\xaf\x9b\xfa\
\xf6S\x93S\xb4Z-z{{MQ,k\x9f\xbc\
\xffa\xf2<*\xd5\x0a\xa5\x9d&\xc23\x8c\x11\xe8\xb4\
2z{\xfb\x18\x1c\x9c\xc5o.\xf9\x15\xff\xf5\xdfK\
\xf9\xdeE\xdf\xa7\xc8\x0aT\xadagf^\xf6\xc5\x08\
i\x1d\x18\x16\xe5y\xaf\x88(\x9a-\x0e\xde\x7f/.\
\xfe\xde\x85\x5cu\xdd_x\xe6\xb9\x17\xb8\xf1\xa3\x9f\xe0\
O\x7f\xbc\x9a\xe1\xd9\xb3\xc9\xf3\x82\xd1\x1d#\xc4q\xc2\
\x85\x17~\x83\xd3^\xfdj\xfe\xe9\xb5\xaf\x05\xa0\xdd\xe9\
\x00\x90$1\x954\xf12k\xf9>==M\x14\x99\
\x8a\x80\xba(8\xfc\x88\xc3(\xbf|\xbf\xf2\xdcD\x0d\
\xa28\xb6*^N\xba\xcc\xf2\xcc$\x12\xaa\x88<\xcb\
\x98?o\x1e\x8f?\xfe\x04_\xfb\xfa7Iz\xe7\xd0\
6i\xfbe#\xe0\x0c\x96`\x9fo/\xfc\xd7\xb2\xc0\
\x8ai\xa0\x93\x92!\x1e\x1ee\x12\xf4^&@n\xa9\
Su\xb5\x07n,f\x0d$\x86\xb8\xca\xc4\xd44\x03\
\xb3\x06\x8dS\x88&M\x0d\xbc\xafY\xff\x22\xcb\x97.\
$\xedk\xe0\x96Um\x97;Y\x81R\xb9qbU\
\xc4\x8b\x9b\xb7\xb2m\xeb\x0e^\xdc:\xca\x82\x85\xf3\xa9\
\xf6\xf7\x99c\xa4U\x84d\xad\xbb>\x97\xd6\xf3\x03\xbb\
`\x8d\xa8@\xb9\x91\xb7`\xad_\xfb\xb1\x99\xcbm$\
#Pi\x17\x0d\x0cl\x8cs\x0a\xc4\x0fp\xed\xf8g\
\xd2\xfd]\xf7Kd\xa0\xec\xcaz\xbb\x13 \x96\xb7<\
\xe6\x81\x9e\xf6\xbal\xbc\x9d}\xf7\xeb\xfb\xfeN\xed\xa3\
N!\x1e\xca\xfd\x12\xc9\x0e\xa3\x97:\xe8C\x18\x11\xb1\
\x1du\xcb\xd6\x22\x8a\xf6\x1aI4\x16L\xd6EY\xe7\
_\xea\xf5\x0f\x96\x00B\x86\x86\xc4\xf1\x00\xaf\xc5c\xd1\
fh\x91\xf6\xc6\xd9L\x06\xbb\xa2\x02b\xd1\x03\xb7D\
\xd8\xeb\xd6IP\x8eLb\xe4\xc2u\x9e\xd0\xe9qd\
R\x011\x9c\xb0\x88\xc3\xa1\x9cC!^\x9a\xfc\xe3\xb3\
\xcd\x03\x03f\x07\xe0KZzc\xeb\x17e\xec{p\
\xe3W\xf6\xf7\xa8Ve\xf3\xc8V~q\xd1O\xd9\xb8\
\xfeE\xce;\xfb\xcd\x8cL\x8c\xb3~\xdd:\x96.Y\
\xcc\xaa\xa7\x9e\xe7\xc0\x03\xf6\xe3w\x97]\xce\xa9\xaf:\
\x85\xb4\x92R\xadV\xf8\xcd\xa5\xbf%\x8dSv\xdfc\
w:\x9d\x8c\xd4\x86#Q\xa6\xc8\x0f@\xb5b\xb2\xa6\
\xd3$%/\xcc\x16\xb1?\xff\xe5\xaf|\xfb\xfb\xdfe\
\xf5\xba\xb5\xd0[\xc5l\x92\x8al\x97\x83\xfe\x22\xeb\x8a\
\xde|\x96X+\xd4U\xe2\xf08\x16\x89\xc9\xc7\x85\xed\
T\x10\xe6\xb7Q\x013\xfc\xd0u\xea\x02\xb5\x00\x94\xc3\
l\x5c\x9f3\xa2\x91\x19\x95k\xcbEy|/\x84}\
.\xd9\xcf:\x9di\x14\xd3i6\xe9\x8c6\x19\x18\x1e\
\xe2\xec\x0b\xfe\x99\xb3\xcf:\x8b\x03\xf6\xdd\x8f9s\xe6\
\xd0j\xb5\x99\x9c\x9a\xa4\xd1\xd3\xcb\x09'\xbc\x9cW\xbe\
\xea4\xb2N\x9bo|\xeb;\x9cz\xeai\xfc\xed\x9e\
{\xf8\xf6\x85\xdfa\xcb\xf6\xedD\xb5\x0aE;ch\
\xd6\x10Y\x96s\xd0~\xfb\xd2\xd3\xdbCo_?\x17\
\xbc\xfb]\x14yN\xc5\x96\x82=`\xff\xfd\x89#\xa9\
\x84iA\x12\x01(\xed\xea<\xa0M\xfe\xc6=\xf7\xdc\
\xcbn\xcb\x97\xd1Q\x119\x11:NH\x86\xe7\xb0y\
l\x94\xb7\xbf\xfdm\xfc\xf5\xaf\x7f\xe5\x95\xa7\x9e\xca)\
'\xbf\x82\xb9\xb3g\xd3\xe9t\x5ce9\x01U\x99\xad\
\xf6\xf6\xf52>>A\xab\xd92u\xe9\xe3\xc8)B\
H{Y/GA\xab\xdd6\xa5lSSM\xb0P\
&\xc7\x00%KL\x09\xdf\xfe\xd6\xd78\xe2\xc8\xc3\xf8\
\xd2\x17\xbf\xc0\xd3\xcf=\x8f\xae\xd4\xf1>\xb0o9\xb4\
\x81\x92@%\x0e\xb3\x8e\x22\xb6\x8f\x8cs\xd2\xc9\xa71\
>\xd3ar|\x1a\xb26\xd5\x9eY\xec\xd8>\xca\x9c\
\xb9s\xf8\xf4\xff|\x9as\xdex\x0e{\xee\xb9'y\
^\xd0n\xb5\x88\xe3\x84$\xb6'\xf7iSAQ\xf4\
4\x8ec\xf2\xbc\xa0V\xab\xd3n\xb5\xcc\xd2\x88\xd64\
g\x9a\xa4\x95\x0aQd\x80T\x96E\x8a\xa2\xe0\xce;\
\xef\xe6\xf0\xc3\x0f\xa3\x12\xc7.\xe7(\x89L\x16\xbe8\
AEQ\x90\x179\x95J\xcas\xcf<\xc7{?\xf0\
\x1f\x8cO\xb6H\xea\x0dtG\xa2%2vQ\x8ar\
\xd4\xc5\xfd&\xb3\xca\x00o\x1cF*\x8bn\x12\xa5T\
\x02#\x81\x9b\x1c\x1a{\x8b\x8e\xc1S}\x82\x9c\xfc\xae\
\x14\x10A\xa1\x18\x9e=\xcc\x93O\xadb\xc7\xe88+\
W\xaept[\xbfa+\xc3C\x83\xf4\xf55\xbc\xd1\
\xb2}\xaa\xa41\xb1\xadM\x9b\x17\x05}}}$q\
J\xbd\xb7\x87\x8f\x7f\xe6kt\xf2\x18\x15\xa5(\xb7%\
\xd7\xde\x1d\xe0J\xf9]\x90\x03\x86w\x86\xc5Fx\x5c\
\xf0c\x13\xe3*N\x85\x80\x8f\x0f\xd0\x06^O`\x7f\
\xbc4z\x8cV\xa5\xbe\xc9\x95~I\xcd\xd9$\x87U\
\x8a\x92cc\xfbc\xfan\xfe\xd9i\x82#\xc6[\x13\
\x18\xa7\xc0\x16\x89\xbd\xb0\xf6\xb1Tb\xd8\xeaP\xb0\xbb\
S\xc0\xc2?\xaf\x08\x17`-f\x87N\x86\xc3OS\
\xe5\xd1_\xac\xdd\x7f\xca\xde\xe7l`@\xbd\x90<\xa5\
B@e\xc0\x16\x06\x06,\x0e\xb6\xc5\x99\xbf\xb2\x16\xe5\
\x89\xe6\x88\xea\xdd\x13\x03\xe6Z\xdb\xb5}\xd3\xa8r\xf7\
\x98\xef\x9d\x02X\xc3\xeeij\x01\xcd\x85\xdf\xfd\xbfN\
p\xba\x0dO\xc9\xa0[\x11)\x02\xa6:e\xb6\xbfK\
\xd7\xb5\x7f\xa4\x13\x84\xd0\xe3\x10\x14t\x83.\xf3_E\
\x90w2\xa6G\xa7\xf8\xc0\x7f|\x80\x8f\xfe\xd7\xff\xe3\
\xab\xdf\xfd&\xbf\xbd\xecwlX\xbb\x96\x81\x9e~N\
;\xe5T~\xf7\xbb\x94\x87\x1fy\x983^\xf7:\xb2\
\xbc\x83\xd6\x9aU\xcf>\xc3[\xce;\x9f\xa2\xb0\x87\x89\
\xd8\x8e\xf8H\x86\x22/\xcc>omAqjj\x9a\
\x0f\x7f\xeac<t\xe7=\xc4\xb3{\x1c\xefv\xf2\xfa\
B\x04\x11\xfak\xcf\xb3r\xe0N\x09\xd2\x97\x03,\x0e\
\xecB\xc9-\xcf\xef\xcd7\xa1\xf0\x86\xbfzEp\xde\
\xb7\x0ax\xa5<\xb9\x9d_!m\x8a\x10\xab\xe0\xb32\
3\x16\xd5\xc9\xc8:m\xda\xcd\x0e\x8bv\xd9\x85\xd3_\
s:\x17\xbc\xe7\xdd\x1c|\xe0\x81n\xf8yn\xc0=\
N\x22\x93q\x1fELNL02\xba\x9de+V\
\xf0\xebK~\xc5\xf7\x7f\xf0\x03vl\xd9\x0e\xf5\x1a\xd5\
\x08\xde\xf2\xb6w\xb1\xe1\xc5\x0d\xdcv\xfb]\xbc\xe5-\
\xe7r\xf9\x15W\xf0\xb6\xf3\xcf\xa3\xb7\xa7\xd7\x85\xde\x0b\
[\x8b\xbeT\xb1\xcf\x8e\xd6El\x22Ox\xa5\x22\xe6\
\xce\x9f\xcb_n\xb8\x81\xe7\x9ey\x86\xa4\xb7\x87<\xcb\
L\xb2V\x92@\xb5\xca\xaf~\xf1s\xae\xbe\xe6\x1a\xe6\
\xcc\x99\xcdG?\xf2\x11\xdev\xfe\xf9dYf\x22\x01\
.4\xeai\xd7\xdf\xdfG\xa7\xd31'MV+(\
\xbaD4\xec\x9b\x86J\x9a2>1\xce\xea\xcd\xab\xd9\
m\xb7\xdd\x88\xe3\xd8\xad\xffV\xd2\x0a\x9d\xacC\xa7\xd3\
\xe1\xdc7\x9f\xc3\xbd\xf7?\xc4\xe3\x8f}\xd9\x147J\
*F\xfc\x8b\xc2\xc9\x9fR\x0a\x0a\xbfk@9\x85(\
 \x8eX\xb3z\x0d\xa8\x02ju\xa2\x9e\x06q\xd4K\
\xd6n\xd3?k\x88\xcf\x7f\xee\xb3\xbc\xf3]\xef\x04p\
\xf4\x8cc\xb3-\xb6\xc8\x0b\xeb\xe0\xc6L\xcf\xcc\xd0\xd3\
h\x10E\x11[6o\xa1\xd0\x9az\xad\xc6\xc0\xc0\x00\
\xe2\x1c\xa7iJ\xab\xdd\xa6V\xad\xa0\x14LMN\xd1\
\xd3\xd3\xc3\xaa\xe7W\xb3\xc7\x9e{\xb8e\x92Bk\x17\
\x95)\x8a\xc2\x18\xfe\x1c\xd2J\x0ay\x8b\xf1\xb1q>\
\xf9\xd9/r\xebM\xb7\x90\xce\x9agv\x83\xb8\xd9x\
\xb7^I4\x0b$\x19\xad,\x01\x16\xb7\x94\xd5\x12\xc1\
\x09I\xf0s\xc2\x8c\xbbV\xb0K4K\x8b\xf1q\x86\
*\x9c\xb7zeP\x00q\xc2\x8e\xb1\x19\x9ex\xe29\
\x0e\xd8o%\xe6+\x13q:\xee\xe8\x03\x5c4 |\
\x86xp\xa2\xd7J+T\x14\xf1\xf4\xb3\xab9\xfe\xb8\
Cy\xe7\xf9o\xe0\xfe\xbb\xee&\xae\x99\x82RF\xfe\
T\x80\xa1\xb8\xf0>P\xea\x9b\xa7\x19\x0eO\x1c\xf6\xb8\
\x1b\xad\x0cu\xef\x04s\xfa\xefi\x5c\xb2\x09\x10\x80\x93\
\x22\x9c\x98\x85\xbb(}T*\xd0A\x87i%@t\
\xcf/\x91F\x9e\x1f\x1c\xd1\xeb\xd0R\x1c\x09\xfb\xbf\x1b\
\xa2=\x01\xd0\xef\xe7\xb7\xcf\xb5\xcfr\x18g\x1f-\xd1\
\x88\xd0\xcc\x94\x5c\x1e\xc1K7A\x0e\xfa\x17)\xb7\x1b\
\xcf\xd5A\x08\xedu8\xa0\xae\x97\xf4\xe1\xef\x16\x02\xd2\
\x01\xcf\xdc>{[b\xd2UL\x0c3Su H\
\xca\x0b\x80\x84CD\xce\xb52[\xf7\xdd0u\xe0\xd1\
\xa0\x90*X%\xa1\xb2\xc5I\x5c(\xc6\x8e@\x98[\
\xdeG\xea\xbdAO\xd8\xd0u\xf0\x03\x0e\xbd#\x1f\xca\
,\x7f\x06U\xea\x9f[\x93\xb2\xc2,\xb3e\xa5\x22h\
\xe5,\x99\xbb\x80/\x7f\xfd\xf3\xcc\xb4sN{\xd3\xe9\
<t\xcf}\xe6Y\xad\x88\xb1\xbe\x1d,Z\xbc\x88\xff\
\xf8\xf7\xff\xe4\xc9\xc7\x9f Ib\xa2H\xf1\xe4SO\
s\xf6\x1b\xcff\xd7\xa5K\xdc\x16/\x19s\xd3n\x13\
\xabTL\xcd\xf9$I\xc8rS\x94\xe4\xc6\x9bn\xe4\
\xa1\xc7\x1f$]8@\xd6\xc9\xdcXP\xca\x95g\x0e\
]>\xa7DA\xdeD)\x22\xaf\xc2\xb1vIj\x90\
\xfd\x1b\xca\x8a\xb6\xc0\x81\xac\xc79\xb0\xd3ep\x08\x9c\
.\x11{/\xad\xe5\x90\xa7e\x9e\x0du\x99\xef\x15\x8a\
BA\xac\x14Q\x9c@'\xa336FT\xad\xb2\xc7\
\xb2\xdd8\xe7\xec7r\xde\xf9\xe7\xb3\xdb\xf2e\x00\xb4\
ZM\xa28q\xdb\xf3$\xc9\xb2(\x0a\xd2$EE\
\x11\x8f?\xfe\x14\xd7\xff\xe9\xcf\xfc\xf8\x87\xa6\x18\xcd\xca\
\x03\x0fa\xd6\xd0 G\x1d\x7f<w\xdcx#\xf7\xdf\
}'\xb3\xe7/blt\x9c{\xef{\x90O}\xec\
c\x14EA\x92$v]U\x9cJq\xd20t\xd2\
v\xff\xba\x8c\xcd\xd2a\xc3\xc6\x8d\x5cr\xd9\x15\x5c}\
\xe3\x0dd\x91\x22\xc9\x0b\xc8\x0bcT\x8b\x02\x1d'\xc4\
\x8d\x1e\xa6f\xa6\x19\x7f\xe6\x19>\xf9\xc9O\xf1\xfa3\
\xce`\xd6\xe0\xa0\x89\xdaZ\xe3\x15\xc0\x05Zk\xb2\xac\
Cd\x0f\x01\x9a\x99\x99a\xd6\xe0\xac\x9d2\x88\x85\xd4\
JE\xcc\x1a\x18\xa4\xc8\x0b\xc6\xc6\xc6\xa9V+\xf4\xf4\
\xf4\x18\xb9\x8bb\x93/\xa0\x0a:\x9d\x0e\xff|\xc1;\
x\xf0\xe1Gx\xe2\xd1G\x98\xc8:\x10U(\xc8\xd1\
y\xc7\xe6u\x89V\x88\xc3aym\x05J\xd5\xab\xce\
\x9b\xd3Y\x87<JQ\x85f``\x80\xf9\xf3\x17\x90\
\xd9P\x7f\x9a\xa6\x8cl\x1f\xa1\xd6\xa8\xdb]-US\
\x09PC\xab\xd9b\xd5\xb3\xcf26>A\xa4\x14{\
\xef\xbd7\xfd\x03\xfd\xdcs\xdf\xfd<\xf4\xd0\xc3\x9c}\
\xd6\xeb\xf9\xdd\xe5\xbf\xe7\xe4\x97\xbf\x9c\xfa\xbc\xb9d\xed\
\x8cF\xa3A\xbb\xddfrr\x82\x15\xcbw5\xc5|\
\xec\x81b\xba0\xb2\xd0n\xb7I\xd3\x0aI\x1a16\
>\xc6\xd3O>\xc9\xa6\x0d/r\xc9/\x7fFe`\
\x1e\x9dV\xb3\x04\xccb\x88\x03X\x10i\x0fp\xc8\x9b\
i\xe7\xd4\x8a.\x89\x1e\x0a\x8e\x01R\xe8*\x94!1\
\x92\x1a\xca\xdb\xa6C\xc7@hn\xad\xa5\xd6\x1a\x22\xc5\
\xf6\x1d\x13<\xf9\xd4c\xfc\xed\xb6\x01\x8e>\xfa`:\
\xed\x0eq\xadJ\x7f\x9f\xd92)\x85\xd9\xc40EJ\
\xd1nw\xc8\x8b\x82Y\x03=\xd6\xa1U$v\xa9j\
\xaf=w%\xae\x04I\xa9v\x87\x8e\x0f\xa8\x9ah\xa3\
\x97\x82\x10\x18,\x1a(E\x88\x1a\x9e~\xa6-\xe50\
_\x950\xd7c\x823\x9d\xfe\xb7`\x09\xd1GD\xc4\
\x11P\xa8\xee\x99\x8b{\x17\xde+6A\x05=\x0b\xfb\
\xa9\xadmR\x8e\xce\xdee\xd0\x0e_\xc5\xbfvnD\
@\x86 F\x1e|\x87oK\x01\xaap6Eu\xd1\
P!\xce\x8f\xd75\xe9\x7f\x18\x81\x90\xdf\x95R\xc13\
\x03Fw\xd3>x\xfd\xfdB@\xd2\x0972\xdf\x19\
q\x07\x1c\xe3u\xb06\x8fO\xccs,\x13\x02Z\x87\
@:#\x9e\x94\xcct\x9d\x9f\x15\x5c'\x8f\xf0C\x0b\
|7\x1d\x10]\x07\xb7\xd8\xfb]\xfb\xe1\xcbz\x0f\x8e\
\xa8\x01]\xd1\xa2\xe8\x04c\x0b\xfaJ9\x1c\x14:/\
\xba\x00\x9dC\x9aV\xb9\xe6\xa6?\xf3\xab?\x5c\x0a)\
\xa4s\x06P\x1dM{\xe38\xef\x7f\xef\x07xq\xd3\
&\xce9\xe7M\xac\xdcsOs\xce\xb6\x8aX\xbdz\
5G\x1dy\xb8=qK\x84\xcf\x8cw|l\x8c\xfe\
\xfe\x01:\x9d\x1c\xbb#\x908\x8a\x99\x9e\x9e\xe1\xce;\
\xef\xe2\x98\xa3\x8e\xe2\x8e{\xee&\xaa\xd5(\xf2\xac\xec\
\x94\x05L,-\x07\x84\xb3BYg\x0c\xe8\xeb!J\
\xe1\x89\xa1qJ)}\x0c\x8c\xbd'\xaf\x07\x990\xc4\
\x17\xd2\xdf\x1f8#\x11\x1b;0Did\xc9\xc1>\
1RD*&\xd6\x05\x9df\x8b|z\x1cU\xabp\
\xf4QG\xf3\xfe\x0f~\x90\x97\x9fx\x12s\xe7\xcc\xa1\
(\x0a\xc6\xc6\xc6\xa8V\xab\xa4\xa9\x0f\x09\x839\x925\
\xcf;v\xa6\x19s\xf1\x8f/\xe6\xe3\x1f\xfd\x18Q5\
\xe1\x9c\xb7\x9e\xcb\xc2y\xf3\xd9s\x8f\xbdI\xeb)\xff\
\xfe\xc1\x7fcjj\x92\xac\xd5\xe6}\xefy7\xf7\xde\
w?\x17\xbc\xf3<\xfa\xfaz\xcd\xf1\xbfIB\x9e\xe7\
\x14\x85&M\x92 \x8a\xa1lX\xdalM3\x85d\
:D*\xa2R\xad\xf0\x93\x9f\xfc\x8c\xcf_\xf85\xda\
I\x05Uo\x90\xb5;vFmy\x12)r\x15C\
\x92\x90\xd6{\xd8<>\xc1\x87>\xfa1\xde|\xe6Y\
\x1cp\xe0\xbe\xf4\xf7\x0f\x10[Z\xca2\x00\x1a*\x15\
\x13\xce\xdf\xbe}\xbbu\x14\x0dO\xa2T\x95\x0a\xc6\x99\
\xc8\x9b\x91\xe1\xe1\xe1a:\x9d\x0e[\xb7m\xa3\xddj\
\xd3\xdb\xd7\xc7Ls\xca\xd4\x1a\x88\x134\x9a\xbdV\xee\
\xc1\x95\xbf\xfb5\x9b\xb7l\xe5\xf2?\x5c\xcd\xc7?\xf2\
!\xd2Y\xf3(\x22\xb3^\xee\xa0Sk\xc2\x03a\x1c\
\xab\xb5F\xe5\x05\xa8\x02\x8a\x82J-\xa1(Z\xbc\xfa\
\xb4S8\xed\xd5\xa7\xb2a\xc3\x06\x9a\xcd6\xf5j\x15\
\xad4=\xbd\xbdT\xea)\xcdf\x8b+\xaf\xbb\x8e\xd1\
\xd11\x0e8\xe8\x00\x1a\xbd}\xcc]\xb0\x90\xad\xdb\xb6\
s\xc9\xa5\xbf\xe3\xc6\x1bo\xe0\xaa\xab\xfe\xc0\xc7?\xfe\
I\x9e}n\x15=\xf5\x1e\xe6\xcf\x9fG\xbb\xddA\xd6\
R\xa38\xe2\xe0\x83\x0e,\xf5E\xe45R\x11\xf5z\
\x9dv\xbb\x0d\xe4|\xf7[\xdfa\xe5^{\xf1\xbd\xef\
\x7f\x0f\x15+\xf2\xac\x8d\xabyo\xe5_&\x0b~K\
\xb6\xf6\xe0(\xd8\xa7\x82\xe7X\xe6\xc8\xec\xdd\xcf\xe4E\
\x97l{%]\xb4:\xe1T\xd5;\x05\xce\xe0[\x80\
tsJ\xabO**\x98\x9c\xd8\xc1\xeb_\xf7N\xb6\
l\x1bA\xdbH\x0a@\xab\xdd\xa1\xc85\xf5zJ\x9e\
K\xe2\xb6i\xba^\xad8\x9dU:\xa2V\xa9r\xe8\
\xa1\xfb1==\xc3\x0f.\xbe\x84\x9c\xd4L\xd8\xba0\
Y0\xa3\xf4r\xb3ym\xa134\xbe8:\x84\xe3\
r\xe3T\xe5+}\x080\xc0\xb3\xd0\xe1\xd1\xae\x09\x7f\
\xbfV/\xf1\xdc\xf2z\xbf\xc7*\xdbF$m\x85X\
'\x97\x88S!F\xa2\xcb\x10;\xfe\xfbkB\x0e+\
!I\x80\x9f\xa5\xe1h\xe9k\xf8P\x7fT\xbc\xe9R\
\xd7r@0.\xf3M0a\x0e\x0d\xa35\xfe\x0a\x82\
{\xfc\x93\xe4\xef\xdfw\x00\xb4i\xd4%'h\xa1\x99\
\x08\xac\xb6\x07\xe2\x08y\xad\x80\xcb5Q\x17\xf1\xbb\xf6\
\xe5(\xa0P\xf8\x10\x86\x10\x0b?\xa3\x94+#\x17\x0a\
\xebz\x89\x14K\xd8\x85\xd0)Pe\xba:C\xde\xe5\
Hh\xdcz\x9d8.e\xbb\x17\x8e\xce\xdc\xe5\xf7j\
\xfa\x0b\xb5\xd6\xa8$f\xd5\xfa\xd5\xac\xda\xb0\x8a\xb8\xb7\
\x07]\x14\xa6<\xebt\x8be+Wp\xca\xabN\xe1\
c\x1f\xff\x18\xd7_\xf7G\xb76\xac\xb5\xe6\xe5'\x9d\
@\x9aVJ\xd9\xc8`\x928\x86\x87\x87Q*\x22\xcf\
3d[\x19Zq\xff\xfd\xf7\xb1\xd7^{\xf3\x83_\
^\x0c\x95\xd8$6\xc9\xbeU\x8fF~\xe0\xc2S<\
\x1d\x00J'\xfa\xb9\xd0\x8e\xd0E\xbb{Lt\xc0'\
\xe6\x88\x0c\xb8Y\xbb\xa6\xcc\x1f\xab,\x9e\x8d>\x9c\xa7\
\xfd\xd9k\xa6'Vy\xfd\xac\xc2\xb2!\x8aH\xb5\x22\
k\xb6\xc8Z\x93\x80b\xe5\xca=9\xed\x94S9\xf1\
\xe5'r\xca+O!\x89\x13\xda\x9d\x0e\xd333L\
OM\x11E\x11\xd5j\x85</(tD\xac\x94\xdb\
\xaf\x9f$1O?\xfd\x0co{\xdb;\xb8\xf7\xfe\xbb\
y\xc3\xd9g\xf3\xe67\xbd\x99\xddw_J\xbd^\xe3\
Moy;[\xc7G\x99l\xb7 \xcbY\xb2l9\
\x87\x1cz(\x0f?\xf2\x08\xcbw\xdd-8\xe6U\xca\
\xfe\xca\x1a\x1f\x81\xa1\x10\x0a{YI\xab)O?\xfd\
4\x7f\xb8\xea\x0a\x06\x07\x07\xd9::\x86\x8e\x22\xe31\
j\x8d\x1cc\xed(\xa8\x14\x99\x8aP\xf5*?\xfe\xc9\
O\xb9\xf4\xd2\xdfr\xea+^\xce/~\xfeS*\xa9\
/\x9c#\xfdQ\xd6\x165\xea\x0d^\xdc\xb2\x99F\xbd\
\x17\x22hMw\xa8\xd7j\xce9\xf7\x91\x0a\xdb\xaf4\
e\xde\xbcyl\xd9\xb2\x85^\xddk\xca\xecjm&\
gD\xe4Y\xce\xc0\xc0\x00\xb3f\x0d\xf2\xf6\xf3\xcfe\
\xdd\xda5\x5c\xfc\xa3\x1f\x91\x17\x19i\xada\x12\xc8\xa2\
\xc8$L\x8a\x81\xb3\x95\x08M\xc8\x22GS\x98\x22J\
hZS-\x8e<\xeaH\xde\xf0\x863\x18\x1f\x1d\xe3\
\x8a\xdf_\xc9\xde{\xef\xc5n\xcbW\xb0\xcb\xd2\xc5<\
\xf7\xdc*v\x8c\x8d\x12G\x11O<\xf5\x0c\xc7\x1ew\
\x0c\xb7\xdfy\x17\xb7\xdcz;k\xd7\xad\xe3\xe1\x07\xee\
\xa59=\x0dhN8\xe1D\xf6\xdasO\x1e|\xe0\
\x01\xde\xfd\xee\x0bh\xd9\xfc\x81(\x8eh5[\x8c\x8d\
\x8d1w\xee\x5c\xa3\xa2\x16\xc7D\xbf\xd6\xaf\xdf\x00\xc0\
.\xbb,b\xdb\xd6\xad<\xf5\xd43\xdct\xf3\xcd\xdc\
|\xd3M\xa8j\x9f]\xbe\xb1\xc7,\xb33\x16(Y\
B\x13,\xd46\x1f@\xe8+\xa8\xa7\x09p\xcc7\xe4\
md\xb0\x84\xaa@\xe9r\x11\xa5\xd0\x1dw\xeb\xfe\xb2\
m0h\xd4\xc8`\x81\xce\xdb,^\xb2\x0b\x1b7m\
AE\x8aj\xad\x82t\xbb\xd0\x9a\xb1\xb1i*ID\
\xb5^\x15\x15'\xad&\xe8\x5c\xa2\xbaf\xc9j|t\
\x9cj\xadB\xb5^Eg\x85\xef\xb0{\xa4\xafB\x1a\
\xce7\xc2\x14)\xac\x83\xa0\xed)\x8e\xde z\x87\xc8\
\xe9\xbe\x90V\xe0\xd4\xb5\xa7\x5c\xb8\xde\xf7@t$ \
\xa8\xa0s\xb7-u4\xb4\x8e\x83s\x12\xb4w\x16\xba\
lD\x89Ya\xfd\x19-\xc8T\xb8\x9f\x0d\xb4J\xd6\
\x12\xfe_/0\xf6Z\x8dLH\xa5\xdb\xba\x1b\x9b\xad\
1r\xce\x82\x0aL\xbf3j\x9e\xd6\xe6\x16\xbf\x08\xa1\
\xac\xb3\xe0\xec\x97\x95\xf9\xe0p\xd9\x97|\xfd\x83]\x00\
\xa1\x91\x13#\x11t\xc0\x0a\xbe\xe7Xpo\x10\xb6\x09\
u\xc034\x18s\xe0\x04\xc8\xc8\xa4\xe2`w\xd2\x08\
\x98,\xc7\xc2\x1ea\x1a\xe9\x80\x00X1\x114t\xe9\
\xb7%\xfa\xfa\x0c\x5c\xc0{\xa3\xb26\xa3\x02\xb2z\x05\
-C:\xee\x1a\x09?\xb9\xb0K\xa1QI\x8aR\x15\
\xf2V\x0e\x91\x99!v\xc6:\xbc\xf6]g\xb0t\xe9\
\x12\xde\xfd\xaew\xd1\xdb\xd3\xeb\xd6u\xb7o\xdfN^\
d\xcc\x9d3\xd7G\x16l\x07\xa7\xa6\xa6\xe9\xe9\xed\xa1\
\xdd6\x87\xfd\xc4q\x8cV\xd0\xe9d\xec\xb3\xf7>|\
\xe1\xab_a\xd3\x8b\xeb\x89\xfb\x07\xc8;\x99\x1f\x17\x22\
\x0cx\xa7\x00a\xa3\xf2\xfbQ\x83\x19\x85\xfb\xec8\xa7\
J\xd8U^N1\xdf\xc8v\x9dn\xbd\xf3N\x1c.\
\xfc]\xda\x92\xe5z\xe4\x95F|\x0a\x15EDqD\
Th:3M\xda\xd3-\xe6\xcd\x9b\xcf\x99\xef8\x93\
SO=\x95\x03\xf6\xdf\x9f]v1\x85p\x9a\xcd&\
S\x13S\x14Z\xd3\xe8i\xb8\xad`Z\x9bP\xa6\xc6\
\xac\xc5\xa7i\xca\xa5\x97^\xcaO\x7f\xfaS\xda\xed\x0e\
\x07\x1fr\x10\xdf\xf9\xee\xb7Y\xbc\xcb.\xdc~\xcfm\
|\xfe\xf3_`\xf3\x8eQ\xee{\xe0~\xa8UIj\
\x15\xb2\x89I^\xf7\xda\xd7\xf2\x97\xbf\xfc\x85}\xf7\xde\
\x8b\xa3\x8f:\xc2\xac7'\xa9#\x81)\xa2\x12:\x9a\
\xe6\x8dq\xe2L.G\xb8\xd7\xfd\xcdo:\x87\x1f\xfd\
\xe4gl\xde\xb8\xc9\xd4W\x97\xe4<\x07\xfc\xf2\xbfI\
&\xd4Y\x87tp\x80\xa9v\x9bkn\xb8\x81\x8f}\
\xe2S\xfc\xeb\x07>\xc0\xe3\x8f=\xca\x09'\x9e`\xf2\
\x10rm#C\x05\xf5Z\x8d%\x8b\x97\x10\xc7\x11\xcf\
<\xf3\x0cs\xe7\xce%I\x12\xbb\x93 \x10`\xcb\x93\
\xa20\xfa1\x7f\xee<\xf2,\xb7u\x054\xadV\x9b\
\xb4R!N\x8c\x11,\x8a\x9c\x85\x0b\xe6\xf2\x7f\xdf\xfd\
&\xa7\xbf\xfaT\xde\xf7\xbe\xf7\xb2f\xf5\x0b\xc4\xbdC\
\x94b}\xb2\xed\x090Q\x1ePENOO\x83z\
\xb5\xc6\xe8T\x8b\xb5\xeb6r\xf7\xdd\xf7\xb0\xe6\x855\
t:m\xd6\xae[KZ\xabr\xe55\xd7\xf0\xc2\xda\
\xb5\xa8\x08\xae\xff\xe3\x1f\x89\xe2\x88\xef\x7f\xff;\xac[\
\xbb\xd64\x18\xd5H\xaa)\x8d\xfe!:\xcd\x09\xde\xf9\
\xaewq\xf3\xdfn\xe6\x82w\x5c`B\xd7q\xe2&\
+\x95$a\xf6\xeca\xc2\x97ht\x96e4\x9bM\
\xe6\xcf\x9f\xc7\xe6\xcd[x\xf8\xc1\x87y\xe5i\xaf\xe2\
m\xe7\xbd\x85\xb4\xdeOGv\x9eH\x15\xcd@'B\
\xb3\x1b\xcam\x09\xef\x9dm\xd1h\xa9\xca(:\xe0h\
\x13\xbc\x11\xb8\x0a\xbes'\xcf\xb9\xe7\x0b\xc6\xc8\x81a\
8\x1c\x95K#\x153\xdd\x9cajr\x82J51\
\xc5{t\x01qL\xb5\x92\xa0\x14<\xbbj\x1bsf\
\x0fPS\xe24\xf8a)pk\xb3\xe6\x14\xc6\x88S\
O>\x81\xeb\xfft+[F\xc6\x88T\x84\xe3n\xf9\
O0\x18\x15\xbc\x97\xb7\x81\xc1\xd6\xde\xb8\xfb\xeb\xad\x8d\
\xb0}\xf2\xb3e\xe5|!\xb1\x05]\xd6\xb2d\x1b\xca\
4\xf3\xd8]\xea\x8f\xfc\xde\xbdEP\xb0/d\x02y\
p\x8b\x18b\x81K]\xb6\x7f\xee\xae\xb0\xffa\xe8-\
\xa0\xb5\xf6\xdf\x1b\xb9\xe8\xb2A\xcel\x15\xfe\xb9A\xdf\
]\xb4F\xb0B\x97\xa3\xc6\xa1\xc1S\x0eKv~\xc9\
\x95\xff`\x09@\x1e,\xfcRP\x98@\xbd\xea\x22\xb8\
\xdb\xff\xad\x85\x9d\xda\xb9%\xca\xbd\x17\xc3`\xdbra\
\x13oR),0\xe1\x03L\x0a\xe3\xbdF\x16R\x9c\
\xb0\xf8G\x84\xe4\xb7}V\xde\x89\xb0\x06\xce\xaf\xa7\xc8\
Lt's\xe6\xfb\x8da\x8c\x19\x9e\x8c\xd3\xdc\xe3\x9c\
\x0d\xad\xdc\xdeg\x94\xb2[z\xb4\xf1\x98\x95\xf2\x05\xed\
\xf2\x8c\x9e\xd9\x03\xbc\xf1\xac7\xb2l\xd7]\xd9e\xe1\
\x22\x13\x16\xb6\x89H\xedv\x9b\x81\x81~\xeb\xadIU\
-E'3\xb5\xe5\xe3(\x824\x01\x15!\xa5\x1d\xc7\
v\x8c\xf1\xec\xf3\xab\xb8\xf1\xd6\x9b\x88\xfb\xfa(\xf2\xcc\
94\x1a\xef\x08\x09\xf0H\x91\x11\xb3\xd6\x16\xce\xe0\x8d\
`\x85\xea\xe0D\xc8\x22\x97\x17JK_)R\xd1e\
\xf8\xbc\xcfe9\x174Z\x0a\xbb\xb9\x11\x12|\xa7Q\
*&\x02\xb2V\x9b\xa2\xd5\x04\x0ds\xe7.\xe0\xbd\x1f\
\xf9\x17\xce;\xf7\x5c\x96/[\xe6\xeeh\xb5\xdat:\
m\x8a\x22\xa7\xd1S\x07\x0dq\x92X\x106<,\xb4\
\x99\x9d\xc6q\xcc7.\xbc\x90/\x7f\xe5+\xfc\xd3?\
\xbd\x96\x0f\x7f\xe4#\xcc\x9e=L\xb5Z\xe5\x96[n\
\xe1\x9d\xef\xfcg\xea\x03}T\x1b5\xe24\x85(B\
w2\xaa\x8d\x06\x07\x1fr0\x17}\xff\xff\xb8\xf8\xe2\
\x8b\xcd\xc1<v\x86\x09\xda\xd9n\xe7\xc4*E\xbb\xd3\
\xa1\xd3j\xd1\xd3\xdb\xeb\xc6\xa6\xb5&\xeft\xd8g\xaf\
}\xb8\xea\xda\xebx\xe2\x91GLu\xb5\x5c,M9\
\xea$\x9e\xaa\xb6`\xd1i\xb7\x89\xa2\x98vQ\xf0\xf5\
\xaf~\x85'\x1e\x7f\x8c\xc5\x8bwadd\x843\xcf\
:\xd3\xe8I\x14\xa3#\x13\x1d\xd2v]9NL\xd1\
\x9aJ\xa5b\xa2C\xaeNA\x90\x84e\xdf\x17E\x81\
\x8aM\x08?B\x11W*\xb8\x88\x0d\xa0\xb5\x22\xcfr\
Zm\x13\xbe\x9fw\xd9\x15\xfc\xbf\x8f\xfd?\xfe\xf2\xd7\
\x1b\xa8\xf4\x0f\xd2\xeetPH4\xc2\xf38\x8a\x13\x8a\
v\x93\x03\x0f:\x94SNy\x15\x9f\xf9\xc2W\x18\x9d\
\x9c\xe1\xd3\x9f\xf9\x1c\xfd\xb3\x06x\xf7\xbb/\xe0\xda?\
]\xcb-7\xddJ\x9euH\xaa\x0dt\x91\x91w\xda\
\xa6\x89\xa4B\xa5o\x88B\xc5\x14\x85\xd9\xdf2=\xbe\
\x83\xb3\xdfx\x0e\x13\x13\x13,\x9c\xbf\x90\x83\x0f9\x88\
N\xdb8,&\x98\xa2!\x8a\xccaL\xe1\xdez\x8d\
\xad\xd7\x10\xb3\xeb\xd2%$i\xca\x8f\x7f\xfc3T\x14\
q\xf1\xc5?$Nk\x14D\xf6\x14'%\xd5z\x9d\
\xccv\xcb4\x12\x05P\xee\xd7\xb2D;0\xf6\xc5z\
<\xe2(7\x11\xf1O\xf0\xb9M\xee:\xa5=V\xb9\
\xa8\xa8\x0an\x0a'X\x0a\xad#\x94\x8ah\xd4\xea\x01\
\xb6j\x93XY\xe4\xec\xbad\x1e\xedvfj\xfbG\
\x112k\x96\x03\x8f:YF\xa4\x14\xd5J\xca\xe4\xd4\
4\xaf<\xf9e\xf4\xf55xq\xfb\xa8\xc5\xf8\xee:\
\x08\xda\xe0\x12\xbe[\x1e\x17-]\x94\xd5\x7f-Q(\
\xdbW\x8b\xc7f\x18\xc6\x98\xf9\xedl\xde3\xd1NG\
@\xf2\x06 \x88\xc0Xb\x98w\xb64\xb1.\xaf\xbb\
[v\xd9.\x85\xde\x93\xdc\x1e\x18w\xf0\xb4s6\xce\
'\xf5I\xde\x9a\x1b\x8c\xd2.\x02M\xd0\xac\xb6<v\
\x93_\xfb\xd9\x94\xce\x91\x09\x92\xb2}-G\x11\xc5\x87\
P(\xbfk.\xec\xb36\x0e\x86\xd9\xd2\xa9P\xcaG\
i\xfcQ\xf7^nC\xd9\x94\x97\xd0\xe7\x1f\xe6\x00\x84\
\x09]&\xcc\xa5\x03\x02\x95[\xf3B\xacQ\xda&x\
\x94Bh\x96q\x16XJ\x096%\xef\xce\x86WK\
\x1d\x15\x8fU\xb9\xefTpKi\x802\xf3\x0c\xdbp\
\xb4S\x14rs`\xf8\xca\xb3Xm\xf7S{\x07\xc7\
\x91\xd2c\x9bs6\xc4\xa1pX\xa11a\xfaH\x11\
\xd7\x12\xb2\xad\xe3\xfc\xe7\x7f~\x8c#\x0f?\x94\xed\xdb\
\xb6\xd3\xd7\xd7\xef\xb6\xf0m\xd9\xb2\x95\xf1\x89q\x16.\
\x5c\xe0\x12\x95\xe4\x95\xc4\x09*U\xb6v@LZ1\
U\xdd\x1e\x7f\xe2\x096n\xda\xcco\xaf\xb8\x94\xf6\xf4\
\x14I}\xc0\xaf\x89\x05\x9a\xe8\x92\xea\x0c\x1a\x05\x13\x19\
!\x86\x88\xa9\xc0MD9\x07\xc0\x0b\x9c\xa8b9\x0d\
F\x0c\x88l\x81\xf3\xcdJ\x02\xa8;;BI\xd4!\
\xe0\x9f\x18=\xa5H\x80\xbc\x95\x91\x179\xbb.Z\xcc\
\x91G\x1e\xc1\xfe\xfb\xef\xc7\xb9o>\x97\xc5\x8b\x16\x01\
\x98\xa3b\x0bS\x89,R\xb1=\xaaT\xf8Wx9\
\xd0\xe6l\x84J\xad\xc2-\xb7\xdc\x02Z\xf1\xea\xd7\xbc\
\x867\xbf\xe5\xcd\xcc\x9d;\x8f\xc9\x89\x09^\xdc\xb2\x85\
\x9f\xfc\xe4g\xdcr\xdb\xad\x1cv\xd8\x11l\x1e\xdd\xc6\
\x8e\xed[\x0c\xbc)E>=\xc3>\xfb\x1d\xc0\xd4\xf4\
4\xc7\xbd\xecx\xf6\xdak%\xed\xa6\x89\xc2\xb4[\x19\
\xd5j\x95(\x0a\x05\xd0\xc8J\x91\xe7Tk5\xa7\xc0\
F{M\xdf~\xf5\xdb\xdf\xf2\xc3\x1f^DT\xa9\x90\
\xe7\xb9\xd9\xbb\xad<\xf0\x05\xcb\x9aBb/\x91Y\x07\
tA\xa5\xaf\x9f\xeb\xaf\xbb\x8e\xa1\xe1a\xe6\xcf[\xc0\
\xf4\xd4\x0c=\xbd=ff\xa6c\x22\x15\x11\xc5\x9af\
\xb3\xc9\x1e\xbb\xef\x0e\x18\xe3\x9ee&A4NL\x91\
*9\xe2U\xc0\xd8\xb1\xda\xcd\xc2B~*\x9a\xad\x19\
\xb6l\xde\xc2\xc2\x05\x0bh\xb7\xdb,\x5c8\x8f\xf3\xce\
;\x9f\xe7\x9f_\xcd\xaag\x9f#\x19\x1c$k7\xbd\
!B\xfeF\xa8\x9eA\xee\x7f\xe41\xee\x7f\xf8Q\xda\
\xc4\xb4[m\x94J\x99\x1a\x9f\xe6\x7f\xbf\xf8%:\xad\
&q\xa5F\xa5\xb7\xc7D$\xa2\x98(\xa9Zg;\
\xa6](\x94\x9d\x8d)\xa5\xa95z8\xf3\x0d\xaf\xe7\
\xf2\xdf_\xc6\xe7>\xf39{bb\xea\x01\xcf\xee4\
r\xb9<Z;\x9b\xb5ct\x0c\x05\xf4\x0f\xf4\xf3\xec\
s\xab\xb8\xf9\xd6[\x99ne<\xf2\xc8S$\x8d^\
2[\xf7\xde\xd8[o\xc4\xcc\x97\xde\xa1v\xb8 \xef\
\x95\xc7\x0f_/%\xc0=\xc1\x22\x8b=Z\x8bN\x04\
\xf7\xc8\xcf\xdac\x9d\xe8QwD\xb2d\x9f\xe4\xbe8\
\xa1\xd96\x0e_\x9aV\xccY\x06\xb5\x8a\xc7\x06\x1d\x91\
\xe59\x7f\xbe\xe1!\x8e;f\x1ff\x0f\xf7\xb9\x1dG\
y\xeewF\x80\xa2\x93edy\xc6\xedw>\xc8\xf3\
k\xb7\x92T\xeb\xe4\x9d\x0e.\xe1/\x8cTj\x13\x99\
p\xdfx\xdbm\xf9 c\x0d\x17\x8b}\xf4\xd0\xd0\xc9\
;5n\xa7\x98uxd\x9b\xa3\x9fC(\xf7 ?\
\xe1\xb5N\x95\xd3\xa0 r\xacB\x03\x18F\x94\x83{\
\xc5\x00X{\xee\xf5\xb0p>\x80\x9f\xd9\x07\xe3\xb4\x86\
\xcf8s\xda\x1a\xed\xc0\xe6\xd9\xaf\xc5\xf8\xbb\xf6\x90e\
O7(w\xbd\x91\x17Y\xce\xc5\xd9\x1c\xad,\x95\xb5\
\x8cC\xb9>h\xfb\x5c\x87\xe9*\xe4\xd1\xce\xceP\xf8\
\xf2\xdb\x00\x95r\x8a\xafE\x81l\x12\x95\x0a$\xcdO\
\x1e\xc3D-!\x88|\xab\xadc\xa4\x1d\xa8\xec\xc4$\
W\xb4\xc4\xb6\xa6\x95)\x16\x14x,ad\xda\x11C\
a\x8fm\xf5}\x16Cf\xfa!\x14\xf3D\xf0\xbc\x0a\
\x9e-\xe0g\x1b\xf6F\xdc\xaam\xe1\x0d\x96\x10\xb5\xfb\
\xa4\xaePx\x5c\xf4\xc9\xae\xe7*\x0d\xf9\x8e&\x8b\x97\
,\xe7\x1d\xe7\x9e\xcf\xcd7\xde\xcc\x11G\x1fI\x92\xc6\
tf\xda.c{\xe9\x92\xa5\xe4E\xee\x0el\x01\xe8\
t\xda$\xb1)\xf9\x9b\xa4\xa9M(3\xfb\xb5\xef\xb8\
\xfb\x1e\x9ex\xeei\xae\xfa\xf3\x1fa\xa0a\x8cI\xb0\
=\xd3\x87\xd1p \xe3=M{\x95\x956\xb9\xcb\xad\
\xfb\x0a\xba\xc8\x1a\x9fKH\xb2\x0bB\x8e\xb4B\x07\xe1\
\xacv\xae\x84x\xe0r\xe2Y\xa8|\x1a3\x0bS\x98\
0y\x14E\xb4\xa7gh\xcf\xb4\x18\xe8\xed\xe3\x0dg\
\xbe\x89\xcf\x7f\xfe\xf3\xcc\x9f7\xcf\xdd5::F\xa3\
Q\xa7\xd9jQ\xab\xd5\x88\x94\x22\xb1\x89w%>\x08\
g\xcc^5\x1e\x7f\xf4QvY\xb4\x98\xc1Y\x83l\
\xdd\xb6\x8d\x8d\x1b6\xd2\xd3\xdb\xcb]w\xdd\xc7\xd7/\
\xfc&T\xe0\xd8\x97\x1d\xc3\xd0\xaca\xbe\xfc\xcdo0\
\xb2c\x07QO\xdd\xc8\xfa\xe4\x14o}\xcb[x\xec\
\xe1Gx\xf39\xe7\x98'\xc4\x91\xcd\xfe/d\xa7\xbf\
=\x84\x037K\xabV\xab\xae7\xb9\xddf\x96\xa6)\
?\xfe\xc9O\xf9\xe0\xfb\xdeKT\xab\xa3\xd3\xcaKD\
\xcf\xc4\xf8:q\x0b0\xd6'=\xb55\xc4\xbd\xbd\x8c\
LM\xf3\xd9\xcf~\x86\x8d\x1b7\xf1\xbe\xf7\xbf\x9f\xdd\
V\xecJ\x1c\xa5\xd4kUT\x14\xd1h4|~\x80\
2Ep6l\xd8H\x7f\x7f\x1f\xb3\x06\x07]\x9f]\
\x0d\x86\x80K\xee\xac\x09\x1b5k\xb7\xdbT\xd2\x84Y\
CC\xa6|oRa\xe1\x82y\xbc\xfc\xc4\xe3\xd9s\
\x8f_\xf2\x9d\xef\xff\x1f\xbf\xf8\xc9ETz\x07\xe8\xe4\
\x85\xc3\x0d\x93\x07\x14A\x1c\xd3,\x00b\x1b\xb1\xcc\xd0\
\x0af:M\x12\x0dq\xad\x87\x5cC\x9e\x15\x10%;\
9\xe7h\x93(K\x1cS\xb4Z\xec\xb6\xd7\x1e\x5cv\
\xd9\xe5\x1cs\xd4Q\xec\xb6\xfb\x0as\xee}\xc5W\xa8\
+\x8a\xdc\x15\x5cBk;y,h6[d\x99\xd9\
!\x10E\x11\x0f>\xfc0\xdb'&\xf9\xdb\xadw\x10\
\xf7\x0e\x90g\x1d\x5c\xd917\xe1\x11#e$\xd9E\
\x0f\xf1\xfa&QA\x17-Te\xfb\xe8$S\xe3(\
\xed\xf2fD?\xb5}\xb4\xc8\x92\x0e0S\x0c\x98\xc5\
\x1f\x01w\xd1s\xe7\xc6\xab\x84\xf6\xcc\x0cY\x963\x7f\
\xfe\x5cfff\xa8TS\x0a\x22\xa2\x08g\xdc\x8e=\
zo\x924\xf1U+\xad\xf6\x16\x16_\x94Rd\xad\
&\xb7\xde~/\xaf<\xf9\x04v\xdfu.O=\xbf\
\x85(I\xd1:3\xfa\xe5\x1cD\x85\x1c\xd7\xbdS\xba\
\x9987^\x8a\x03<\x16\xb0\xf4\xf8T\xaa\xe8\x8aw\
\xc0<f\x05x\x85\xf6\xdb+\x11\xcc\x13c\x81\xa3u\
\xe8\x98I\x1b%\x1d\x8b|^R\x80^\x9eq\xa5\x5c\
4\xbc^\xda\xfe\x8a=\xf2\xab5!O,j\xaa@\
\x9e\xa4OZ&P\xe1\x12\x92|\xf6\x19\x05\xce\x97\xb2\
\xb2(3\x7f\xe7DZj\xf8\xc9\xb0wDpr\x02\
\xe1\xb2C\xf7\xcbG\x00\x9c\xc7,\x1f\xed\x9a\xb6\x03\xf4\
\xe0\x19^\xec\x0c!B\xe1E@M!\xce\x9c32\
\xe0BD!\xf8h!R@\xe8noL\xd9>\xba\
\xec\xdc\xc0\xa9\xb0\x81LG6WT&0z^L\
\xbdH8\xb1\xd5\xa1\x81\xd4\xae\xd5\x9d\xd6\xbdE(\x1c\
8\xe8@\xe6\xbd'\xa4uA\xacb\xb2\x89\x19>\xf0\
\xae\xf724<\xcc\xe0\xe0 \xf5Z\xcd\xaeIWx\
q\xf3f\xb6n\xdb\xc6\xb2e\xbb\xd2\xe9\xb4Qqd\
'\x84\x0a\xa5\xcc\x0c\xad\xd5j\xa3uAT\xa9\x90\xc4\
1\xcf\xbf\xb0\x9a\xcf}\xe5\xf3l\x9b\x1a\xa5\xd9iA\
\x1c\xa3s\x9f4\xe7\x1c\x1b\x0b\x1a\xa5\xadK\xd2\xf7@\
@J\xc1\xff\xc0ar\x0d\xb9K\xcb\xb3\x7f\xcbdD\
\xfa\x83\xa8\xaf\x13\xf2\xd2\x1d\xda*C\x14St2P\
Pt:\xd0\xea\xb0\xdb\x1e+\xf9\xd7\xf7\xbd\x9fW\x9d\
\xf2*\x16\xce\x9fOOo\x0f\xcdf\xd3\x9d\xbf\xden\
\xb5\xa8\xd5\xab\xa4iJ\x1c\xc7D\xca\xac]\x0b\xadZ\
\xad\x16\x80\x0bu\xcb\xd6\xc1\xbe\x81\x01&&'\xd9\xbe\
c\x84(R\xacY\xb3\x8e;\xef\xbc\x9b\xddw\xdf\x9d\
\x0f\x7f\xe4?\xb8\xfc\xaa?\xf0\xa3\x1f\xfc\x90m#;\
`h\x90\xa8\xb7\x07\x9dg\xe4y\xce\xdc\x05\x0b\xa9\xd7\
\xea4\x9bM\x8e9\xf6\x18r\xdb\x97\xd1\x1d\xa3\x0c\x0c\
\x0e\xd8\xa4T\xab#\xda\x94q\x1e\x19\xd9A\x14)\x06\
\x07\x07\x98\x9e\x9e\xe6\xb9g\x9fc\xe5^+i6[\
\x0c\x0e\x0d\xb1\xcb\x92%l\xdc\xbe\x0d\xe2\xa8d\xec=\
\xed\xe4dHK?\x99>\x04/\x15)r\x15\xa1\xe2\
\x848M\xf9\xd1\x8f.\xe2\x96[n\xe6\x8b_\xfc\x22\
\xaf\x7f\xc3\xeb\x19\x1f\x1f\xa3Z\xa9\xba\xca\x7f\x92\xf8\x16\
+\xc5\x82\xf9\xf3h\xdb\xac\xffZ\xadF_o\xaf\x9f\
\xd1:\x1eY\xf9\x0f\x9cv\xa9g\xd0\xdf\xdbc\xe5*\
\x22\xcfs\x16.\x5c\xc0\xc2\x85\x0b\xb8p\xf9\x97\xd8\xbe\
u3\x7f\xbc\xe6JH\xaa\xc4\xd5:\xb9\xc6\x1eCl\
eH\x01\xdalwD\xe76\x0a\x91\x90\xd9\xf4r\x89\
p\xe3\x96\x17E\x98\xc4\x0153\xd5\xa25\xc9\x9e{\
\xec\xc6\xec\xb9\xb3y\xcby\xe7\xba\xfc\x8e\xdc\xd6c\xd8\
\xbce+==\x0dz{zp\xb0\xa54333\
l\xd8\xb0\x91y\xf3\xe7Q\xadU\xb9\xed\xb6;y\xfc\
\xc9gy\xf4\x81\xfbL\xcd\x0d\x9d\xb3\xd3+\x98\xa1\x82\
\xb2\xa1[J\xfa\xe4f^\x0e1\xe4;\xe5s\xcd\x02\
\x04\x12:\x8b\xfa\x94\xe6f\x852\x09\x95b\xc4D{\
\xfc4\x19\xafU\x81\x0e\xda\xb7E\x94\xa2;\xf0\xc0\x03\
\x0f\xb2v\xfd:vY<\x9fc\x8e:\x9c,/\xd0\
*\x22\x8eab2cj\xaa\x05\xd3\x19\xfd=5g\
\xdc\x8a\xbc \xd3P\xab\x99D\xe4\x9ez\x8d\x1d;&\
\x98\x9c\x98\xa4\xbf\xaf\x0f\xf2\x17!\x15\xa3\xa3]\xb7T\
\xd8W\xe7(I\xdf\x95\xefw\x80\xed%G)\xc4|\
)\xa7\xec\x1aW\x8e\x04\x0e\x88\x5c\x9d+\xc1&\xff|\
W>^\xecX\xd0O\x1f\xca\xef\x22[\x08\x5cx\x1c\
\xf3\x91\xb1rNB\xd8?7\xab\xf7\xd3|\x8f\xb3\x22\
|\xda\xb7\x0e\xd8\xa5\x8d\xc2\xdbTgV\xc4\xe9\xb1\xfd\
\x0el\x5c\xb8\xdc\xdaM]g\x7f\x5c\xbf\xdd/\xdeI\
\xd3\x85=\xf7\xa3\x1bM\xcc\xeb\xa53\x040\xebBe\
\x83\xaf\xbcR\xd9\xe4!s\xda\x90\xf1\x02u!\x9an\
\x95A\x19\xc3\xaa,E]x10\x0c\xb2\x97X\xd9\
C\x22\x22;\x00\x0f\x00\x22(\xf8\xb6\x95W7a\x8e\
\xd6\xe2o\x05\xc6\xca\xf65\x92\xbe`flNhu\
\xa8\x94~\xb6\xe4\xca\xb8\xda~\x87\xb3_\xef\x0cZA\
\xb3k\xeb\xee\x86H\xa1\xed\x96\xb5b\xaa\xc5\xf0\xc2y\
\x1c~\xe4\x11|\xf4\xa3\x1f\xa1\xb7\xaf\xcfe!\xa7i\
\xc2\xf3\xcf\xafb\xf9\x8a\xe5\x14yn\x81\xdf\x8c\xa3\xd5\
j\x9a\x5c\x00;\xfc\xc4&b\xe5y\xce\x8f\x7fr1\
cc\xa3\xb4\xa7f\xd0\x99\x86\xdc'\xcf\x05\x13\x13\x17\
^\x12\x9b\xefAJ[\xfa\x89\x80j\xe7]z\x9f\x14\
dm\xc9\x97\xe1t\xb0W\x8a\x08)\xfc\xb2L\xb7\xbe\
\x8a!\x89\x92\x183\x81\x8b\xd1S3\x0c\xf7\xf6\xb1`\
x\x98c\x8f:\x9a\x1f\xfd\xe8\xc7\xdcv\xf3\xcd\xbc\xff\
\xfd\xefc\xc5\xf2\xe5\xf6(\x83\x82Z\xcd\x9c\x91\xd0n\
\xb5\x99;o.q\x14S\xa9\x98D6]\x04\xcb\x19\
\x98=\xe4i\x1a\x1e)k\x8a\xd0|\xe3\xc2o\xb0e\
\xcb\x16\xd6\xaf[\xcf\x03\x0f<\xc8q\xc7\x1f\xcbk_\
\xfbOl\xd9\xbe\x9d;\xef\xbb\x9b\x1f]t\x11\xdbF\
F\xa9\x0c\xcd22\xd3\xc9\x88\xe2\x18=1\xc1\x09G\
\x1d\xcd\xea\xd5/\xb0b\xf9rgD[\xed\x16\xd3\xd3\
34\x9bM\xda\xed\xb6\x9d\xcdZ\xa7\xb30\xa1\xbd\xb4\
R'\xcf\xcdR\xc0\x9cys\xa9T*\x5cv\xf9e\
<\xfc\xc0\xfdL\xe59:I\xed\x1a\xb3\xd5\x89ny\
6\xd2l\xe4Q\xbcvQB\x8f\xf5h\xad\xc9TD\
e\xd6\x10\xcf\xad[\xc7\x1b\xdfx6\xdf\xbc\xf0B\xaa\
\xd5\x1a\x8f=\xf6(\x91\xcd}\xc83\xa3\xf8yaJ\
\xbd\xf6\xf6\xf4\xd0j\xb5\x19\xd9\xbe\xdd\xce\x00\xb5k\xcf\
E\x8a\x0b\xa3\xfbX\xdd\xacV\xab\xa4\x95\x0a[\xb7m\
gzf\x9a\xbc\xc8\x98\x9e\x9e\xa1\xd3\xc9h\xb7;\x0c\
\x0e\x0e\xf0\x8b\x9f\xff\x94\x0b.x\x0f\x8b\x17-\x22\x9f\
\x1a\xa5ZM!2\xb3I\xa55*\xcfQE\x86\xd6\
f7\x80_.\x0d\x046\x0c\x83\x97\xd6\x99\x8d\x9c\xe5\
\x93c\xec\xb9\xef\xbel\x5c\xbf\x91\xc3\x0e9\x84\xe1\xe1\
!\xb2N\x86\xd6f\xeb\xe7\xf4\xf4\x14\x83\x03\xfd\xf4\xc8\
\x81@V\x8f\xa38\xe2\xc5\xcd[P*b``\x80\
g\x9ey\x96K\x7fs\x19?\xf8\xfe\xf7\xd81:\x01\
\x98\x13\x1c\xb5\xeb\x86r\xd8\x14F>=\x9d\xb4\x1f\x83\
\xc2O\x11\x1c\xf4\x05\xeb\xfb\xb6=e1\xc4a\x90\xf5\
x\xbcn)\xe4l\x06\x87\xf7\xaa\xe4\x1e\x94f|\x02\
aF\xa3\x95\x7f\xb82\x09\xc2\xedV\x9bV\xd38\xc6\
\xe6\xc8\xe2\x82NV\x90&1\x03\xfdu\x16\xcc\xebs\
\x93\x03\x80j5%Mc:Y\xc6\xcc\x8c\xa9*\xb9\
n\xed\x06\x1e|\xe8I\x8a\x22\x02\x9d!\xa7\x8b\x96\x83\
\xe8~\xa2!\x9f\xfc\x98@u\xd3Ap\x01\x85\x89\x10\
*O?\xd7\x22N\x16\x02\xa2\xfah\x0c\x04\xb4\x13\xd5\
P\xd6\xc6\x84\xf7H7\x03\xb0\xb0m\x09f;\x9e;\
'\xcdi\xa0\x8b\xbayzkT\xe4'\xc4:\x00~\
\xb1\xf9\xca\xe2\xa9\xdb\xfd\xa4\xbc\xf0\x18\x1c.\x88\xe4+\
K\x0f\x91)\xe1\x87\xc2\x04\xce\x948$\x0eWM4\
\xc1m\xc0\x08\xb0\xd7\x89\x8f\x8cR9\x0e`\xaa\x1c\x86\
XR~\xedT\x08\xc8y+\x96x\xaeP\x05\xda\xae\
h*k\xff\x0ak\x9c\xb5\xb5\xcd\x9eI\xae\xf3x\xe1\
@\x14\xcaz8b\x9cP\xca\x16\xbd\xf1\xc6\xd8\xa8J\
p4.~\xc6\xed\x12E\xb4\xb7\xc8~\xb6n\xce\xf2\
\x8e\xd0\xb6h\x9f_\x8e\x08\xbdCG@;\xc6\xd0\xa0\
\x88\xc2\x97\xbf\xd2\xd2m\x13\xd5\x08j\xae\x87DU\x80\
\x8e J\x12\xb2\x91i^\xff\xba3\xb8\xfe\xfa\xebY\
\xb1b\x05\x8dF\x9d,\xcb\xdc\x09m\x87\x1c|\x10\x8d\
z\x0f\xb9\x9dA*\x8b(Q\x94\x10E\xb1]\xb7\xd5\
$q\x85B\x17\xb4[m\xce<\xf3,n\xbb\xfb\x0e\
n\xf9\xcbM$\xc3}d\x81[\xa8\xdc\xc0\xecl\xc5\
\x8e\x17\x01\xa9p\x99@\xa92\x9f=\xb3\x5c[2f\
iF\xe8\x14Fy|\xd8\xcd*\x96(\x8eR\xa4q\
B\xa7\xd5\x86,'n\xd4\xc8\x9a-z\xd3*_\xfb\
\xe2W8\xec\xf0\xc3X\xbc\xcbb\xfa\xfazi\xb7L\
!\x92\x89\xf1qj\xf5:\xdb\xb7\xef`hh\x80\xde\
\xbe^\xa4`\x8b\xdf\x1e)\x1d\xb2\xf4\xd7\xb6jb\xa1\
\xedZp\xc2\xb5\xd7\xfe\x81\xf9\x0b\xe6s\xd2\xcbOf\
\x9f\xbd\xf7\xa6\x93w8\xf0\xc0\x03\xb9\xec\xf2\xdf\xf3\xcb\
K~\xc3\xdfn\xb9\x89\x9e\xde\x86\xa9o^\xab\xd0\x96\
\x84\xb3HA\xae +8\xe2\x88\xc3\xf9\xd3\xf5\x7f\xe6\
\xe3\x1f\xff\x7f\x00\xc4qB\xab9\xc3\xec9Cl\xd9\
\xba\x95\xe1\xe1\xd9\xa4\x01\xb8hm\x8a\xdb\x14Z\xa1\x8b\
\x82z\xbdNo_\x1f\xdb\xb7oc\xfd\xba\xf5\xdc|\
\xdbm\xec\x18\xddA\xd4h\x98\xc8G\x88>\x81|9\
\x1a\x8bT\xebP\xbc\x04\xd4|h\xba\x9d\x17\xc4\x8d\x06\
\x8a\x06\xff\xf1\x9f\xff\xc1\xf6\x91\x11\xce8\xe3\x0c~\xfa\
\x93\x9fq\xf2+_\xc1\xa2E\x8b\xdc\x99\x05\xcdf\x93\
</\xd8e\xd1B\xaf\x97\xc2O+\x03\x1ep\x9ct\
\xb8g\x0e\x0f\x0f\xf3\xe2\xa6\x17\x19\x19y\x81\xbd\xf7\xde\
\xcb\xf4/2\xd1\x80\xbe\x9e\x06\x17]\xf4\x7f\xdcw\xff\
\x03\xbc\xfb\x82\x0bx\xf0\xf1gH\xfa\x07M2\x9f\xb6\
\xa9\xbb\xbap\xf2\xe5w\xbai\x94\x8a|8W\xe1e\
\x08\xdf/\x83=\x9a\x99\xc9\x09\x0e~\xd9\xcb8\xfb\xec\
\xb3\xe8\xb4\xdb$\xb6:b\x7f_?\xcf?\xff<K\
\x97.q\x18\xa3\xd1\x10\x19\x83\xb8d\xc9b\xa2(f\
rr\x8a]\x16.$\xaa(6o\xdcH\xda?L\
\xa7\xdd1\x92\xeb\xb0\xc9\xb9\xca~\xfcJd\xdf^\x22\
\xc6?\xc44\xe1\x92\xe0\xa1\xb6z\xe6\xf4G\x9eay\
\x1b\xc9\xf9(\xf2\x9dLB\x22\x8f?\x12\x89q}R\
N\xffB\x99q/\xad\xa9VR\xea\xb5\x1av\xd2G\
Q\x98\xa2TQd\xce\x06\x88\x93\xc8\x1d\xfc#\xfc\xef\
d\x05\x13\x13S\x0c\xcd\xea\xb7\xa7Q\xc2a\x87\xec\xcf\
\xaaU/P\xd0\xc1lW-\xfcd\xa74[\xb7}\
p\x11\xd1@\x86\xbb\x01\x12\x7f\xad\x17i\xe5\xf0\xc5c\
\x0dH\xb2^\xd9=\x90\xf7!\x93T\x80S\x96\xf7b\
\x5c\xb4o\x87n\x996\x9e\x8bm\xc2c\x9d\xb3\x15\xaa\
(E\x04\x1c\xbd\xc31\xb9h\x83\xb5YV\xa7d:\
\xe5\x96\x08\xec\xb5%r\x19\x8f\x01q\x0d\xcd%\x85\x0b\
\xe7\x97\x1d\x223\xd9\xf4]\x0d\xa2\x1c\xda:Z\xc1\x12\
\x88\x0e&\xde\xc6\xfe\xfb\x1c\xa9nn\xfc\xdd\x08\xc0\xce\
\x99\xdb\xe5\x81\x94=[\xf1j\xc5(\x07\x1e\x98VV\
\xb6\xc3p\xbb\xed\xbc\xb4k\xf7S\x9b\x9c\x01\x19\xb87\
0\x1a;\x08\xebp\x18\x19\xb2\x83\xd4ATA\x22\x01\
\xdaC\x98\xf9\xda\x93\xd31U\xfa\xe1\x98\xea5\xbc\xdb\
\x93\xb4r*2\xe3\xc2\xcc\xce\xa1p\xf4Q\xe6\xa8\xd5\
<\xa7>\xd0\xcb\x89/;\x91\xb5\xab\xd7\xf2\x81\x0f|\
\xc0VZ3\xe1\xdf;\xef\xba\x0b\x15\xc5\xc4qL\xac\
\x22\xbc\x98\xfb#I\x15\xe6\xf0\x98\xc2\xd6\x12\x88\xe3\x88\
$N\xb8\xfb\xf6\xbb\x88z\xab\xe4:'\xcc\xae\x08\xd7\
\xfe}\x08K\x05\x00\xa3\x03\xe3\xe2.Bf_\xa1\x8a\
\x94\x15wg\xda\xc95\xde\x7f\xc7\xd4\x84\x88c\xe2$\
\xa6\xaa\x15\x9d\x911\x16\x0c\xcd\xe65\xaf:\x85\xfe\xa4\
\xca\xbf\xbc\xfd\x9d\xdcv\xdb\xed\xbc\xf5\xad\xe7\xb3b\xd9\
r\xf2\xdcl\xc7*t\xc1\x9a\xd5k\xa8\xd7j\xa4i\
Joo\xc3\x18\x05\xed\x8dz\xb5Z\xc5WV\x13~\
\xcb\xd8L\xd2\xd2\xf4\xf44\x8f<\xf2(\xcb\x97/\xa3\
\x92T8\xe9\xc4\x13\xa9\xd6j\xdcu\xd7}\x9cr\xea\
\xab\xf9\xc6w\xbe\xc1sk\x9f#Q\x11\xd3\xd33\xb4\
\x8b\xcc\xc8Pa\x8dS\x9eS\x8cO2kh\x98\xa2\
\xd0\xf4\xf6\xf5r\xc4\x11G\x90\xe793\xcd\x19\xae\xba\
\xeaj\x8a\x02\x16\xcc_@\xbdZ\xf3V\x00\x13\xb5(\
\x0a\x8d)\xc8b\xb7\xd7\x01\xcf=\xb7\x8aC\x0e>\x88\
\x91\x89\x09H+\xc6\xd1\x0dh\x1a\xf8\xb0\x8e\xe6n\xa9\
\xacL\xe8@&#\xc7\x16\xa5\x14\xb9\xd6\xe4*\x22\x1d\
\x9e\xcb\xe7\xbf\xfce\xce;\xef<6l\xda\xc8\xaf\x7f\
u\x09O=\xf5$\xd333<\xf5\xd4\xd3\xc4Ql\
\xc2\xe5r\xac\xaeRf\xe6k\xeb\xe9\x97\x96\xb3\x1c\xff\
MT.\xb2Y\xf5\xbb,^\xc4\xf8\xc4\x04\x8f<\xf2\
\xa8M(4\x0e\x18J\xd1l69\xf4\x90\x83\xb9\xed\
\xb6\xdb8\xf7M\xe7\x90\x8d\x8e\x92V\xaa\xc8\xe9\x9e\xb2\
\xf5\xd4\xe3\x8aY\xea\xd2\xf6\xafD\xdb<\x96X\x99\xd5\
\xf6\xe4\xbe$a\xed\xea\x178\xf5\xd4Si4\x8c\x8c\
\x14E\xce\xf4\xe4\x14\xadf\x939\xb3g\xdb\xf2\xccV\
\x0f\xb4\xd1C\x1d\xe8\xcf\xaf~\xfd\x1b~\xfd\x9b\xdf\xf2\
\xcb_\xfd\x9a\xb8>`\x9cl\x09G\xb8(H\xb8d\
\xe6\xf5\xc4PC9}\xf1v\xcc\x03{h\x1f\x0c\xd6\
\xf9\xf1\x96\xcd\x8f\xcc0E\x0e\x947RA\x14\xa0d\
\xab\xc2F\xc0_/F4/@%\xdc}\xef\xa3\x0c\
\x0e\x0c\xb0e\xebv\x00\xb2\x22\xa3\xd5\xc9\x88\x80$R\
\xa4IL\x14+\x9b\xc4jd\xa8\xd3\xe9\xb0u\xfb\xb8\
\xc1\x98$FkX\xb1bW^\xff\xbaW\xb1`\xce\
\x10\xb4\xa7\xf1a\xeb\xa0\xaf\xc2/\xd7)\x19\x8f\xb7\x11\
fL\xd2W\xf3\xd7\xe3\x88\x8f\x18\x04\xc4\xb1\x9f#\xf7\
\x0c\xd3D\x88\xc7*\xc0tm\x9d\x0fa\x80\xc75\x15\
\xdc\xd3\xa5T\x01\xedl\x8b\x01\x9f\xbb\x942\x88\xbe \
\xd2\x81L\x88\xad13N\x80\x18\xf6\xe0\x06\x93+\xa0\
\x9dSPz\xacg\xa6\x8f\xc8h_\xb1Q\xea\x8cX\
\xcdAjl\xb8(\x15r\x8d\x97\xcf\xd0w\xb6-\xe3\
\xb3\x96J\xa3\x07\xfe\x81\x03\xe0C\x1d\xbeA\x07Ma\
\xc8GI\xa2\x81ww\xba+\xec\xc9^G\xadq\x03\
B\x0c\xb5\x06\xa5\xa3@\x90\x9c\xe6\x05^\xb7\x06\x97\xdd\
\xebG\xa2\x88\x88\xb4\x84R\xbc\xd8\x18\x22\x87>T\x81\
\x0f\xdbx\x011\xcd\xc8\x19\xd7\xbe\xcfnfk\xbf\x13\
@\xc1\xf6\xc5y{rK\x00\x14q\x9cP\x8cN\xf1\
\x9a\xd7\xfc\x13{\xee\xb9\x07g\x9e\xf9\xfa\xa0\xd4j\xc4\
\xe8\xe8(\xab_XM\xcd\x9e\xd8\xe5d_C\xb3\xd5\
\x04\xcc\x96\x9dL\xce\x86W\xa6\xfco\x9e\x15|\xf7\xff\
\xbeOsj\x86\xb8V\xb1\xcf\x15'\xc8\xbf\xf72\xed\
\x15C\x12E\xbc\x5c\x8a\x13&N\x8c\xf6\xc0\x86Q6\
\xa5\x03\xde:\xcc\xd3\xee2\xb3\xfc\x03*\x89\xcd1\xc5\
\x9d\x8cb\xbaI>1Ikr\x9as\xdfr.w\
\xdez+\xe7\xbd\xf9\x5c\xae\xf8\xcdo\xf9\xde\xb7\xbf\xcb\
\x01\x07\xec\xcf\xccL\x93f\xb3I\xa3\xd1\xa0V\xab\xda\
j}&\xf9,\xcf2\x9fE\x8f\x1c\x7f\xecET\x17\
fKS\x9e\xe7dy\xce\xf4\xcc\x0c\xadV\x8b\x91\x91\
\x11\xe2\xd8\xf4c\xdf}\xf7\xe5\xf0#\x0e\xa3\xd1S\xe7\
\xb2\xdf_\xc1\x87\xfe\xfb\xbfyn\xcd\xb3,\xdce\x01\
\x95(\x22\x8b@U\xaa\xa88\xc1\x11OC\x5c\x80\x9e\
nr\xda+_\xc5`\x7f\x1f\xaf8\xf1$\xb7\x87\x7f\
tl\x8c=W\xeeA\xbd^\xb3\xa0^x\xc3\x01\xc4\
q\xe4\x12\x02\x95\xd2\xc4I\xcc\xf4\xf44\xf5j\x9d\xb1\
\xe9\x19\x1e{\xf8a\x92J\xc5\xd4\xa2\x07\xef\xbc:M\
\xb0:\x12\xe0\x8e\x93\x8d \x0cJ /f\xd6j/\
\xcf3:yF\xa5\x7f\x90'\x9f{\x9e\xaf~\xfd\xeb\
4\x9b\xd3\xdcy\xf7\xbd\x5cz\xe9\xefh4j\xb4l\
I\xe98\x8e\xed\xb60\xbf\x04\x80R\xf6\xcc\x82\x10\x22\
D\x1c\xbc\x1ee\x9d\x8c#\x8e8\x9c\x95{\xedI\xde\
\xcel\xd4\xda$;V\xab\xe6\xa0\xaaz\xbd\xc6\x8f\x7f\
\xf8]\xdet\xce\x1bho\xddDBA\xa4\x8d\xa3\xa1\
t\xb0\xec\x00he\x8b\x08\x05\x06@;C\xe3\x98N\
b\x0fz:\xf5\xd4\xd7p\xf2+O\xa6\xd5j\xd1j\
\xb7\x8d\x13\xa3M\xc4e\xd6\xd0,C[+.\x13\x13\
\xe3\xdc|\xf3-\xa0\xa0V\xabq\xf3-\xb7\xf0\x8b_\
\xfc\x82\x8b\x7f\xf2\x13F\xb6\xed0\xcbu\x85\xc7%7\
TI6S\xca.\xd7h\xd77O\x7f\x15\x90*\xe0\
\x8fl\xd5Uf\xf9L\x8cV\x08\xf8\x0ej\x02^\xcb\
\xd2\x83D\xea\x94\xfd\xeb@\xdd\xb1A#3\xec0\x04\
\x0e\x86\xbe$\x05cc\xdb8\xea\xc8\xa3Y\xbc\xcb\x22\
\x8a\x5c\x93\xc6\xa93$\x8e\xdc\xb2tig\xed\xbd=\
u\xe6\xcd\x9e\x15\x14\xb8\x82\xbe\xbe>z{\x06lg\
mM\x01\x19\x8d\x80\xac@\xbe\x1d\x94\x97\x17\x8f\xc92\
\xe8R\x94\x15\xbc\xf3S\x121\x074\x01\xc1\xa2\x12\xe6\
\x83\xd0U#N\x82\xaf\xceG\x09\xfbK\xdb\xfd\x1dX\
\xbf\xc43D\xe4B\xbb\xefX\x1d`\xb4\xb3]e_\
\xc3\x0fA;\xe6*K\x03\xf3}\xe1d\xcc/0{\
\xfbb\x9e%\xd39?\xbb\xf7\xcbM\xc1\xe4-\xcc\x97\
\x936\x9d\x8d\xd6%\xb8p2R\x94\xf5:|\xed\xe4\
\x008\xbd\xb3\x02\xe2\x13\x82\x84v\xa2\xc0\xd6\xb3\x08B\
\x1b~o\xab\xac\x01\x05\xe1\x1di3\x10\xdcP(\xb4\
\x0e:\xec\xc2`\xca\x83`h\xf8\xdd{\xed\x95L\xae\
\x17\xda\xa8\xf0:\x0b\xce.\x8b\xdf\x5c\x17\x11\xaegw\
\xf5K{V\xb9\xb0\xa2\xf5\xda\x037\xc2^`B4\
JC\x91eT{\x1a\xbc\xf3\xdc\xf3\xb9\xe8\xfb?\xe0\
\xe8\xa3\xcd\xd9\xf1Zc\xb6\xa7U\xaa\x9cr\xca).\
\x93]\xaao\xb5\xda\x1d\xb2\xccTbk5\x9b\xc4Q\
l\xd7\xbb#n\xbd\xe5o|\xf7\xfb\xdf\xe5\x86[o\
\x81\xfe\x0ay\x90D\x19\xfa4N8\x9d\xb3R8\xa7\
JN\xf2r\xc6_;&;H\xd6\xe1\xc8\x9c\x03\xee\
\xa3+\xb2~\xad\x0bM\xac\x22\x92\xac\xa0\x98\x9c\x22\x9b\
\x98dv\xef\x00\xfb,\xdf\x9ds\xdep\x0e\x7f\xfa\xd3\
\xf5\xfc\xfcg?g\xe9\xe2\xa5\xfc\xd3kN\xe7e'\
\x9c`\xb6\x16e\x19\xb5j\xd5$\xd2\xc5\x91\x01\xa84\
e\xd9\xb2e\xc4\x89)\xe4\xa2\x0b\x9f]\x1fz\xd2\x06\
T#+\xcb\x11I\x1c\xd3\x9c\x9ea\xf5\x9a5l\xda\
\xf4\x22i\x9a\xb2\xf7\xde{Q\xa9Tx\xf0\xc1G\xf8\
\xf6\xb7\xbeO\xb5^\xe5\xa4\xd7\x9cL_\xff 7\x5c\
\xfb\x17\xd6\xacZ\x0d\x95\x14\x1di\xb3\xdd\x08\x0b\xbaA\
\xa4\xe4\xc0\x83\x0f\xe6\xa9\xa7\x9f\xe5\xb0#\x0f7d\x88\
\x22\xfa\xfb\xfb\xd9o\x9f}\xcd~y{2\x9f(\xb4\
\xab\xbd\x10)\x1b\xe1\xb1F@\xc3\xe0\xc0\x00?\xff\xf9\
\xcf\x0dx\x16y(\x5cfX\xca\x89b\xc9\xf8\xd3\xf5\
\xd6\xd1_\xbe\x15,\xd3\xb2\x8c\xa5\xa1(hg\x19q\
O\x0f\xa3\xcd6\x9f\xfc\xf4\xa7\xf9\xfde\xbf\xa7]\x14\
|\xf5\xeb\xdfddd\x07\xcf\xadz\x9e'\x1e\x7f\x82\
J%\xa5\xd5j\xbb\xb2\xb0Zkff\xa61E\x7f\
\x0a\x0b$\x91+)\xec;bhTISk\xef\x22\
T\x14\x13E&O%MSS\x7fAE\xfc\xfc'\
\x17\xf3\xe1\x8f}\x94\xce\xf8v\xf2\xe64\xb1\xc2$\xac\
\xcalPf\xa0\x04Q9\x87-\xc1KE@N\x1c\
\xa7|\xf0\x83\x1f\xa0\x92&(\x94\xad\xec\x98\xd8\xb3\x11\
<\xf0\x9av\x14\xfd\xfd\xfd\x1cq\xc4\xe1D\x91bb\
|\x82\x0b\xbf\xf9-&gZ<\xf4\xc0CD\xd5:\
y\x91C\x88_!~\xa8\xee\xf5j\xa1\xbc_\x92\xd4\
\x8eq\x82(!@\x85\xab\xe1x~96*\xe7\x04\
\xba\xf2\xbe\x16\xf8\x9d\x8e\xc9\xe7\xc0\xf0\xf9\xa7\xfb\xefJ\
\x82\x13\x15LMn\xa3(r^\xdc\xb4\x15\x14l\xde\
:F\x92D\xb62&(\x15\x99Z\x00\x12iRf\
\x99 \xd7\x05y^\x10[\xec\x9d5\xd8\x03h&'\
gd\x14\xce\xd8\x0b\xd6\xf9\xee)\x8f\xd1\xee\xdb\x90\x8b\
\x82G\x81\xf1u\xceB\xf9\xfe\xd2\xc4M\x8b\xdf\xe1\xcb\
^\x1bY78\x1c\x86$]\xe4\xa8\xdb\xd3p3\x96\
\xae\xefK\xe1\xcc\x90\xd0b\xc0m\xb7\x9c\x1ct\x0d\xc9\
\xb5\x11\x8c5\xdcb\xadBw\xc1;;^\x8d\x9d\x95\
\xb6C-G\x93\x03\xb1p\xfd\x92\xdc\x13;kv?\
J$Juu0X\x5c\xa0\xfb%\xdf8\x07\xc0\x09\
\xa4\x1b\x9b\x08H`$\xad\xc7\xac\x90s\x87\x03\xa3i\
\x07*\x1d\x97\xf5\xaa( \xa8\x22\xf0^\xe4a\xda\xc1\
\xb0\x0f\x1d\x15\xe6\x07\xad\x83\xa4\x09\x8d+\xd2!0Q\
8\xc5*\x1c\x11m/\xdc\x1e\xf4H\x89px\xe1\x15\
wO\xa3\xdd\xd2\xa4$\x02\x82\xf2':\x85\x5c\x13m\
qB\x11\xca\xb0\x1d\xabR\x14\xdb\xa78\xedU\xa7\xb1\
a\xc3\x06\x96-\xdb\x95ys\xe7\xd2i\xb6\x88\xe3\x88\
\x1d\xa3;\xd8\xbe}\x1b\xb3f\x0d\x22\xd9\xe3B\xc3(\
V4\x1aus\xe0\x8fMl\xcb\x0b\x93\x81\xfd\xb3_\
\xff\x8c\xff\xfb\xd9\x0fY\xbf}\x13\xaa^-\x19}\xcf\
L\xff\xa5\x0a\xbcV)3[\xfaN\xb6\x05Y\x01T\
.\xa1A\x04\xd8k\xb7\x0b{\xc6\x91\xd9\x0a\x17\xa7$\
\x1d\xc8wL\x12g\x05\xfb\xad\xdc\x9bs^\x7f\x16\x7f\
\xba\xeezn\xbe\xf1&~\xfa\xe3\x1f\xf3\xca\x93^A\
\x96u\xc8\xac\xd1\x9f\x98\x98$\x89c{\xf2\x5c\xce\x13\
O<i\xd6^\xed\xe3\xf2\xdc\xd6\xcfO\x12s4\xa9\
\x13[\x1f\xe1\x90\x8atq\x1c1\xd3\x9c\xe1\xaf\x7f\xb9\
\x91\x1d;FY\xb2x\x09\x07\x1ex\x00\x95J\x855\
k\xd6\xf2\xe9\xff\xf94\x7f\xbc\xee:\x8e<\xeap\x9e\
~\xf2I\xae\xbb\xe2j\xd6\xae_O<\xd0g\xaa\xef\
9\xab\x1b\x84\xe4\xa2\x88\x22\xcf\xe8\x19\x1cdx\xd60\
\xcdf\x93\xddw\xdb\xddl\xb1Tf{_\x92$\xce\
a\x92\x19\x9b\x80\x8e1\xfc\xd6I\xb1%\x9e\x9fz\xfa\
i\xee\xb8\xef\x1e\xae\xbf\xfe:TO\x83\xac(<\xee\
ag\x88\x88\xcc\xca/f\x96\x16\x86;\x9d\x9dQ\x22\
\xd9\x94AN\x04\xd8\xb2\xa9\xd0\x1a\x95\xc4T\xfa\x07\xb9\
\xe6\x9a+\xb9\xf4\x92_1o\xee|\xbe\xfe\xcd\xef\xb0\
y\xcbf\xae\xbc\xe6\x1a\xae\xbe\xe6Z\xea\xf5\x9a9\x82\
\xb7\xdd&\xcf3\x1b\xdd5K//\xbe\xb8\x99v\xbb\
mE\xdf/\x0fD\xd6\xc9\x89\xecR\x8f\x84\x91\xa7\xa7\
\xa7\xec\xd2\x87\xc9\xc6\x8f\x22s\x00\xd3\xff|\xf2\x13\x5c\
\xfe\x87+9\xf4\xd0C\xc8g&\xa8U\x12k_#\
\xf7\xbf\x8cM\x12\x11)d\xb9\xc0\x0e?\x8e\xc9\x9a\xd3\
\x1cs\xcc\x91\x9cr\xca+i\xb5\xdb\xcc4g\xa8T\
R\xc6\xc7\xc7mx?vt\xd4\x85f|b\x9cG\
\x1fy\x94F\xa3A\x9aV\xf8\xcd\xef.\xe7\xe1\x87\x1f\
#N0%\xb5\x9d\xba\x04t\xb4[\xc2\xc4!\x11$\
\xf1\xdcQ\x0e\x0b\x1c\xa8\x96tP\xf9-\xb3:\x04\x7f\
\x8c\xb3)\x13\x15et1\xf4\xabB[\xe4\xd6\x91\xc3\
Y\xaaD\xe6\x82\x19\xa3\x9b\xcb\xc8g\x1b\x95\x9a\x98\x9c\
\xa2R\xad\xb0\xea\xf9U\x00\x98\xbc\xd3\xc8\xae\xed\x9b\x8b\
kUS\xe9\xcfDE\x15Jij\xd5\x14\x8df\xdb\
\xc8\x04\x93SM\xc6\xc6'\xd9\xb2e+\xc7\x1ew\x04\
PX^w9-A\x84\xc3}/BK\xd8\x7fg\
B\xbd\xe1+\x0b\xb6\x83/\x03\xcd\xa1c\xa0\xcbt\x10\
\x07-l\x5cF\xa6=\x0f\x10\xfb\x14D\xab\xdd_q\
$\x02\xba\xbb\xe1\xd8~\x1b\xdb R\xa5\xca\xd7\xd9'\
\xfa\xed\xa2\xf6z\xcbu-\x13_\xf7\xbd]\xbe\xb6\xef\
K;|t`\x13\xad\xad,;P\xca\xff\x1bLv\
\xb5\xd6v\xf7\x9c\xc0\x92r\xb2'/\x99H\xf9-\x9f\
;;\x02>\x09\xd0\x11\xca~\xb6\x99\xcd*`\xaa\xdb\
\xc6\xa0|\xc2\x83\xbb\xc7\x12\xd5\xf0T\xfb\xb1\xa82\xf1\
|,\xda&\xe89\xb0\xf3\xcf\xd7\xb2d\x10\x12\x5c\x85\
\xcf0\xbfH\xad\x1e\x03$\xc2\x0c!\x82\x94\xe1\xf4\x1a\
\xa3|\x0f\x03\xfekG<\xe5\x1c\x01\xe5\xbc97+\
\xb1\xca/2k\xfa\x19\xd0T[\x9aE1G\x1f~\
$?\xfd\xf9O\xb9\xe8\xff.2\x86\xde\x86\xa7\x1f\x7f\
\xfcq\x06\x07\x87X\xbcx\x177\xfb\x97\xfeT\x92\x14\
\xa9\xc3\x90&)Y\xc7\x94\x0a~\xfa\xe9\xa7y\xe4\xf1\
\xc7Y\xb5n\xad\xa9\x08\x18PJY\xe0t{iC\
\x16k;\xdb\x0a\xf4\xcb{\x0e\xda\x0d\xc2\xb3Gf\xc1\
2^\xcf\xdf8\x8e\x89\xa3\x98v\xb3E11N\x92\
Vy\xcd\xe9\xaf\xe6\xe5'\xbf\x9c\xd1\xb1q\x96-^\
\xc6\xbe{\xedE\x92&\xe4y\xc1\xf4\xf4\xb4\xc9\xe4\x07\
\x1a=\xe6$\xb2V\xb3I\xa5Z\xa5\xdd\xee055\
e\xf6\xcc\xdbe\x1d\xbf\xf7\xdc\x12\xd7\x02\x93(\xbfl\
\xf7{\xfe\xf9\xe7\x99;g.\x9dv\xc6\xd0\xf0\x10s\
\xe7\xcd\xa5^7\xcf\xb9\xe47\x97r\xddu\xd738\
8\xc0\x99g\xbf\x9c\x0b\xbf\xfb\x0d.\xf9\xddeP\xa9\
\x90\xf46\xc8\xb3\xdc\xc8\x9b\x96\xd9\x9bv\x83\x8f\xd2\x84\
|t\x8c\x93N\x7f%k\xd6\xaee\xcf\xddwc`\
\xa0\x9fV\xabE\xaa\x14\x954u3}o\x88\xed\xbd\
Q\xb0D\xa1\xcd\x91\xb3\xe3\xa3\xa3\xbc\xe5\xbc\xb7\xb2\xe9\
\xc5\x0dh\xb7\x1d.\x8c\xaf\x04\x06\x0eJ\xedz\xfd\x0d\
\x1d:\xb9(8\x96\xd4v\xdf\xed\x98)\xfb\x11\xb4\x81\
d\xd60w\xdc~\x07O<\xf54ox\xddk\xf9\
\xe8'>\xc5\xbb\xdf\xf16~\xfa\x93\x9f\xb2f\xf5\x1a\
\xde\xff\xfe\xf7211IQ\x98\x9a\xffZk\x92$\
e\xf6\xecav\xec\x18e\xa0\xaf\x9fj\xad\xea\xb1\xa1\
+\xfc\xac\xb5&V\x8aZ\xb5J\xbb\xd5\xa1Z5\xdb\
\xc8\x14v\xab\xa6\xd6\x9cq\xfak\x98\x99\x9a\xe6\xeb_\
\xff\x1a\x0f\xdc\x7f?\xaa\xda J\xaa6O\xc2L\x10\
\xc2m\xca:\xf8W\xc8\x12\xc5\x09\x8b\x16.\xe1\xce;\
\xee\xe4\xe0C\x0f\xa5\xb7\xd7\x1c\xc9\xbcf\xf5Z\xf6\xd8\
swt \xd7J)\xb6n\xd9\xca]w\xdf\xcd>\
\xfb\xee\xc3\x9a5\xeb\xf8\xdcg?\xc3\xba\x0d\x1bX\xf3\
\xfc\x1aT\xb5\xee\x93\xef\x82\xe24\xbe\xfcx\xf8\x92\x00\
|\x10\x05-)\x7f@p'O\xe2\xb6*\xf7\x93\xc3\
T\xba\xd9\xd4e@)\xbf\x02\x15\x14\xb4\xb4\xd7tm\
\x17\xb4\xb8\x18E)[\xb7\x8er\xd7]\xf7q\xcbm\
w\xf3\x9e\xf7\x9c\xcf\xfcyCn2'\x05u\xf2\xa2\
0\x0e\x00X\xa7:\xe6\x99U\x1bX\xb2\xcb<\xf2\xac\
C#\xaap\xff\x83O\xa03\xec\xe9\x9a\xd2\xb3(H\
\x96\x0cz\xacB\xb9\x95\xb1\x06\x06\xde\xed\x89\x0c\x1c\x87\
\xc0\xdet\xbfsN\xba\xcb\xa2S\x9e\x18\x12\x8d\x0d\x00\
\xd8qI\x85\xcf\xd5%Z\xf9\x1d\xd0E\xc0\xbf.\x9b\
\xa7\xc1W\x80\xf5?\x08\xe5\x03W#\xe8\xa7\xb9\xd1\xd9\
\x16%\x9fei\x15\xc2h\x85\xcco\x9c\x9cKS(\
\x5c\xa1=\xd7\x17\x8b\xef!\xbd]\xa4\x04$\xb3@\x9c\
\x90p,b\x1f\xf2\x22C\x17\x1d\xfe\xde+R]_\
\xc8\xe7\xc2\xd5:\x15Caf\xd5XC\xb8\x93\xb4J\
\xd8L{\x86\xb9m \xb6\x93\xc6\xc8z\x83\x1a\x02\x09\
\x1a\x17\xd9\x90m@2\xfbtN\x88\xc8\x80\xbdS\x18\
\x15v\xc9\xbc\x17'\xc0\xce\xf0\x0b\xeb\xddk\xed\xaf\x07\
\x5c9F\x82,\xcb\xc8\x1b\xd6\xd2\x03\x02@v\xceM\
@\x03\xa5\xa0\x98l1<g.\xfb\xac\xdc\x9bW\x9f\
\xf6\x1aV\xee\xb5\xd2\x14\x83\xa9V\xe8d\x19s\xe7\xcc\
\xe3\x80\xfd\xf6\xa5\xb0%\x8f\xb5\x8c\xddr\xc2\xacij\
\x0b\xa2\x90e\x19\x97\xfc\xe6\x12N:\xe1e\xa4Y\x10\
\x8e\xb4\xe1|m\x1f\xacC\x05\x14\xaf\xd4\x02\x90a\x89\
(\xa1\x01\x12W\xa7?\x0c\xdb)pY\xa8\x96\xc21\
\x11\x95\x0c\xf2\x89)\xda;\xc6X6g\x01\xe7\xbf\xf5\
\xad\xfc\xf4G\x17s\xd9e\x97\xb3b\xd7\xdd8\xe5\xe4\
S8\xef\xfc\xf3\x80\x88,\xd3n-^\x1c\x9cm\xdb\
\xb7\xb3v\xcdZ\xb3O_k\xea\xb5:\x87\x1dv\xa8\
\xab\xd8f\x8c\x8aO|+\xb4&/r\xb2\xbc\xe3N\
\xf3\xdb\xb2e\x0b\xdb\xb7mc\xcd\x0b\xabI\xd3\x94\xd9\
s\x879\xf8\xe0\x03\xa9T*\xdc\xfa\xb7\xbf\xf1\xee\xf7\
\xfe\x0bW\x5cy\x15g\x9cy\x06\xbd\x03\xfd\xbc\xed\x1d\
\xef\xe0\x92_\xff\x9adh\x80\xa8\x9a\xd8p\xaf\xc8\xb2\
r\xefU \x13\xaaRa\xef=Wr\xeb-7s\
\xdc\x09/#/\x8c\xe3\x06\xa1\x87\x0e\x04K\xe7\x1a\xed\
\xd6\xd3\xe5\xff$I\xb8\xfa\xea\xab\x19\x9c;\x88\x062\
\x9b\xbc*/\x91S+m\x04\xd0\xe1\xe5\xcb^\xa1\xac\
\x90\x9b{|X\xd2?=\x90?\xdb\xb8F\xbb]\x1e\
Y\xae\x89\x07\x06\x18\x9d\x9a\xe2G?\xfe\x09\x0f=\xf4\
\x087\xdct3\xa7\xbe\xfaT\xae\xbe\xf6Z>\xfd\xd9\
/\x90$f{\x5c\xa7cO\xd2\xc3\x8cahh\x16\
Qb\x12\xedD\xff\x0d\xd9Th\x95@)\xaa\xb5\x1a\
O=\xf5\x14\x9b6m&\xcb2\x0a]\x98\xad\x87q\
\xc4\xe4\xd4\x14\x07\x1e\xb0\x1fW\xfc\xfe\x0a~p\xd1\x0f\
\xa8D\x8a\x22\xcbH*\x15\xb4\x92\xad`n\x00H\xe1\
\x14\x81\x8e\x22\xebP\xab78\xf9\x94Wq\xc7mw\
36\xba\x83\x99\x99&\x8f=\xfa\x18\x93\x93\x136\xf1\
O\xb6c\x1a\x99\xfb\xf3\x9f\xfe\xccQG\x1eI\x14E\
|\xe2S\x9fb\xed\x9a\x17Hk\xbd\xa8Z\xdd\x91\xb7\
DSD\xd5}\x04S\xe8\xe9A^!'\x1ejk\
\xfcu\x17C\xc5\xf88\x18t\x80\xe4\x13\x1c\x0d\xdd\x22\
\x8f\xab\x00\x02\xfc\x0e\xeb\x84\xd6\xa0Ud'&\xc1\xa2\
\x82\xd8\xae.\x0c\x8e\xa2\x0a\xad\x99\x16s\xe7\xcdbx\
V/\xeb7lB\x96u\xbc\x5cY\xa75\xc0\xb0\xbc\
\x93\xb3\xd7n\xbb04\xd0C_o\x83\xa2\xc8\xd9g\
\xe5r\xd6o\x5cK\x92T\x88\xd2\x86c\xb8\x027\xe1\
p\x94*\xf5\xc3\xf7\xdf!\xbc\xf3T\xbb\xfeW\x91\xdf\
j\x1c\x08\xb7\xb1\x0d\xda\xdf\x0fA\x9b\x9e\xa6\xeec\xe0\
\x18\xb8\xffC#.\x06\xc2-\x07\x94\xdb\xf46\x83\xc0\
\x19U\xa5G\x1a\x9c\x95\xd6\xa5}\xfb,\x17\x92\xf7K\
G\xce\xb9\xb0\x82 \xd5\x02\xc5.9\xecq\x90$'\
-x\xc7\xc4\xd3A\xb4]:\xe8\xed\xaa\xc2,!\x8b\
]\x94~\xcbv\xd3\xc8\x15\xd0\x7f\xe9W\x12\x985G\
'\xf3\xf0p\xc6\x12\x05\xde\x8d\xe9\xa4\xb7\xc9\xe21\xc9\
\xb6=\x1d\x08\xbc\xb9\xdel\x1d\xf4\x036-\x88\xe2\x98\
\xb6M\xc5l\x9f,\xe1\x07\x0dr\xe0\x8e3hr\x91\
\x18\xb2BH\xa7J:\x8b\x0doI\x1bB\xd0\xd0y\
0\xef\x83u}\x8d\x03e\xc4\x11\x10F\x06\x86\xd6U\
}\x8a\x8c\x17\x16G\x09Ys\x9a\xd7\x9c|\x1as\xe7\
\xcdg\xc5\x8aI\xb3\x9e\xaa\xcd\xbe\xea\xf1\xb1q\x96\xdb\
\xb3\xc9E)\xb4\xf6\xc0\x8a\xf5\xe6\xa2(\xa2\xc8s\x92\
4\xe5\xaa\xab\xaff\xe3\xc6\xf5\xec\x98\x99\xa0=\xd9$\
\xe9\xa9\x92\x05K\x15\xae\xffB\x1f\xef6\xfa\xb5:\x01\
\x17_\x95\xd6:?\x16\xa4\x94\x14\xf3\xc5DR\x22s\
\xe8\x90jetv\x8c\x93\xe7p\xe4\xd1G\xf1\xb6\xb7\
\xbf\x8d\x03\xf7=\x80#\x8e<\x82\xed\xdb\xb7\x83\x86\xd3\
O?\x1d\xc0\x1a\x0fS\xbchjj\x9a(2\x87\xae\
h\xa0\xbf\xbf\x9f\x81\xfe~\xa7x\x85.\xcc:\xbf\x14\
\xc4\xb1\xb37\x15a\xe9U\xb8}\xfd\x1b7l`b\
r\x92g\x9ey\x96\x93^~\x22'\xbf\xea\x95$I\
\xc2\xf4\xf4\x14\xdbGF\xf8\xb7\x7f\xfdOV=\xf7,\
\x1f\xfe\xf8G\xc8\x8a\x8c\x8f~\xf4\xa3<\xfd\xf8\x13\xd0\
\xdb \x9d5\x8bL\xf6Bk\xdcs|]\x04+\x7f\
\x85FO\xcdP\xaf\xf7p\xe2I'188\xc0\x01\
\xfb\x1f@\xbb\x93\x9bs\x18\x84\xdaa\xb8\x18#s\x85\
\xcd\xfa\xcf:\x19E^P\xadU\x19\x9f\x18\xe7\xf6;\
\xef\xe4\x8c\xd7\xbe\x96{o\xbb\x93\xa4\xd1 \x13>Y\
\x99\xf2\x8e\x9c\xeej_{\xec\xb2Q4\x97\x11/\xb8\
%\xfa\xe1\xb6by\xc7\xc0\x85@\x05\x8c\x14\xe4Z\xa3\
\x92\x94\xb8\x922\xd9\x9a\xe1O\x7f\xbd\x81\x07\xee\xb9\x87\
\x0b/\xfc:\xb7\xdez\x07\xc7\x1cs\x22\xbf\xfd\xed\xaf\
\xd9m\xb7\x15\xb6$\xac\x91\x9f8\x8e\xccy\x05J\xd1\
\x9ci\x12\xc5\x11\xd5J\xd5\xbb*\xca\x87\x83\xb5\xd6\xec\
\xb9r\x0f\xda\xad\x0e[\xb7lcp\xd6\x80q\x88\xf2\
\x82\xbe\xfe~V\xee\xb5'\x93\xe3\x13\x5c\xf0\xcew2\
w\xde<\xde\xf6\xf6w169N\xa5o\xc0\x96\x06\
\x96\x13\x04-F\xdbu}\x15\xc5\xa8\xa2`h\xce\x5c\
n\xbe\xe5f~\xf8\xfd\xef\xb0e\xcbv`\x9a{\xee\
}\x80\xb3\xce<\x83N\x9e\x99\x0cx\xdb\xa7'\x9f|\
\x86V;c\xb7\xddw\xe3\x81\x87\x1e\xe2\x9ak\xae$\
Jz\xe8\xe4\xa2\xd7\xc1K\x09F\x08\x89\xb5\xc3\x1f\xb3\
;\xc1\x1b\x0b\xa9\xde\xa7\xac\x0cy'\xbbl\xec\xb4/\
\xa9\x89$\x03\x0aP\x0bJ\x05\x5c/\x999\xa7\x0b\xd6\
\xa0i-\x1c\x06_\x95\x10\xbb\xd50\xf0\xc2D\xa6U\
\x02$<\xf7\xdc:\x06\x06f\xd1j\xb5\x91\xc2bf\
\xbb_N%M\xdc\x98<\x96)\xf2B31\xdd\xa4\
\xb7\xc7,1V\xaa\x15^X\xbb\x85\xe3\x8e=\x82F\
_/3E\x84?\x8d\xd4\x0ab8\x86\x12i\xc5A\
\xd2\xdeI\xea2\xe0\x9e\x8e\xbe\xff\xfeXpO#_\
n\xd9\x1b\xc6\xd2\x017\xeewK\xe5@\x7f\x8c=\x10\
L,u9\xd0\x19\xdf)\x17A\x08\x0e\xf2\xf1~\x89\
\xc5\xd7\xd0\x86Y \x0d}\x0d\xefY\x05\xce\x02\xb8\xfc\
3O\x0f\xf3\xbb\x1c\xa2\xed\x83#A\x84\xd2V\x9f2\
\x8f\xf14p\xa9\x06\xf2\x8f\xf6\xf7;h\x01\x87\xc9\xe5\
\xc8o\xf9%G\x0dt;E~\xd6\xe3:V\x1a\xa2\
5\xc4\xa2x\x96\xa1\x81\xbf\x22\x80d\xee\xd2\xce^\x8b\
\x97k\xde\xfa\xf0\x97(\x09B&1\xb8\x85v\x85\x87\
\xfc\xf9H~\xfdU\xa1|2\x9f(d\x18\xa9\x80\x92\
\x22kB#n\xfb\xa8%\x1a\xed\xc3?\xca]g\xfb\
\x81\xc6\x95\xabt2\xa9\xdcL\xb7\xd0\x05\xa4\x09\xff\x9f\
\xb4\xb7\x8e\xd7\xed\xa8\xee\xc6\xbfk\xf6~\xe4\xf8\xb9\xe7\
Z\xdc]!\x02!$@\x03\xa4\x04\x92\x00\xc1\xb5\xb8\
\x14hyi\xa1\x02EK)5\x0a-\x0e\xc5\x8aK\
\x12\x22\xc4]\x89\xebMn\xe4\xde\x5c\xb7#\xf7\xe8#\
{\xef\xf9\xfd1\xb3d\x9es\x02\xef\xfb\xf9=pr\
\x9fg\xcb\xc8\x92\xefZ\xb3f\xcd\xccK\xce:\x0b\x9f\
\xf9\xf4\xa7q\xe4\x11G\xc9\xdc\xb0\xa3\xb0\xf9\x8f\x0d\x17\
3\x119\xc7\x82<\xe2\x0ewAa\x01 kd\xd8\
<9\x8eK.\xba\x04n4n\xfb\xcb\xbb32\xc0\
X)6\xa3[1$\xb1\x1e\xa6Q\xe0\x81\xcc\x98B\
rO\x89B6\xbb\x07\x8a\xc9\xdd(\xe7Z8\xe7e\
/\xc7o/\xbe\x08W]q%\x9es\xf2)X\xb9\
j%\x8a\xa2\xc0\xf2\xe5\xe10\x9d\xb0\xa4\xac\x8cK\x17\
\x83\xc0n\xdb\xba\x0d\x13\x93S\xe8\xeb\xebC_\xb3\x89\
f\xa3\x81F\xbd\x91\xf4\xd59\x02*\xd2\x91\x09yY\
\xeb\x9f\xe79\x1e~\xf8a|\xfd\xeb\xdf\xc0\x96-[\
\xb1|l9\xce9\xe7l\xf45\xfbPt\x0bl\xd9\
\xb2\x15\x1f\xff\xc4?\xe0\x9b_\xff&\xde\xf6\xf6\xb7\xe0\
\xd3\x9f\xfb4~\xf4\xfd\xef\xe3\x0d\xafz-\x1e]\xfb\
(jc\xa3\xa0\xcc\xa1\xdbn\x03e\x15\x0c|%L\
5\xf4\x09\xfcu\x15P\xcd\xcc\xe1\xb9'\x9e\x84\xfd\xf7\
\xdb\x0f/<\xe3\x8c(%\x95\x1cC\xed\xbd\x0f\x07\xfd\
t\x0bq\xf8\x82C\x0b\x14\xdd\x22\xec\xe4\x18\xa3\x15w\
\xdf}\x0f\xb6n\xdb\x82K/\xbd\x0c\x05|\x9c\x02H\
\xa3\x08,\x9a\xac7$\xf5\xb0\xe2\xaa\xa1\x11\xdd\xf4\x04\
\xf2\xba4J\x06UF'%\xbe\xc8\x18\x1du\xd7;\
\x87\x02\x0e\xc8k\xd8:5\x8d\xfb\x1fZ\x8bo\x7f\xe7\
{\xf8\xc8\xff\xf9\x10\xce>\xfb,\xfc\xd5_}\x14;\
w\xee@\xa7\xd3A\xb7\xd3\x15C\x95\xc7\xcd|\x9a}\
ML\xcf\xcc`\xe7\xae\x9d\xc2\xc3\xe0\xacEg\xd3{\
\xe4.\xc7\xf0\xf0\x10v\xed\xda\x89\xcb.\xbb\x1cs\xb3\
sh6\xfb\xd1\xedt@ \x8c\x8c\x8e\xe2\x89'\x9f\
D{n\x0e?\xfd\xc9\x8fp\xf2I'\xa03\xbe\x05\
\x8d,\xc8\x0d\xc5\xa8W\x1aYs@\xdeD\xd1\xedb\
\xf9\xd8\x18\x8a\xb2\xc4\xd0\xd0\x00\xfe\xec\xad\xef\xc0\xe8\xe8\
\x08V\xac\x5c\x81\xceB\x89v\xab\x90U\x0e_\xf9\xca\
\x97q\xd4QGbzf\x06\xefx\xc7;191\
\x05\xaa\xd7\x94\xae\xc1\xc3\x10\xbc`\x9d\xd7h\xa51>\
QVB\xbe\x06\xaf\x9dg\xea\xa8A#1\xda\x1eD\
UL\x92S,L\xf7s\x90\x22Te\xc5\x82\x92D\
\x06\xd9\xc1\xe0\xc1B\xd2(\x8a\x91\x0aRg\x01 x\
\xef\x00\xd4\xb0u\xc7.4\xea9V\xad\x1c\xc3\xcc\xec\
\x02vO\x87c\xb2ky\x0e\xef\x81\xa2[\xa2\xd5\xee\
\x82\xb7\xd6p\xb9C\xbb\x08\xbb`NL\xcc\xe0\xee{\
\x1f\xc7\xf0\xd0 N>\xe1X<\xf1\xf8zt\x0b\x07\
r\x0dU I\x82\x22\xa1\x89l\xc6\xe6!:\x13\xe6\
\xdb\xc9<\xc7\x7f\xe1\x1a\xa3\xbf\xf7\x1a`O\x8c\xbb'\
\x98D/\x08\xbe\xab\xd1P\xdaE\xb9\xb1\xce\x88O9\
\xa9\x8e\x12 \xed\x94\xee\x901\xd6Lw\xcf\xb6hi\
{(\xb2\xc3\xcd1\x0e\x15\x0fx\xc9\x9bg#\xde\x92\
\xf4\x9f\xed\x14\xb7\x9f\xf3\x0a\xa4*\xa4\xaeS\xc4m\xb6\
e\xd2g\x15(\xb1\xab\x146\xa4\x0b\xfd4sl\x89\
\xa3\xb6\xe42\xc0H\xa0\x98%\xcb\xc6\x88\xd7\xcdK\xf2\
a\xd2p~\x95\xd9\xa8\xa1\x10\xcf\x82\xea\xa3\xd2\xc4\x0e\
\xca\x93>\x84\xa4-C|\x15\xbd\xc2\xe8\x01\x05`\xa0\
T\xb1*\x1f\xc3[\xd6\xab\xeaI \x8am\xe3u\xd9\
\xe9\xaa\x808\x02\xf7&\x01\x91\x97\xd2\x19\xae\x866\xc7\
>E7\xc7[)C0\xf0\xd5L\x0bG\x1ds\x0c\
\x8e>\xfa\x08\x1cv\xe8\xa18\xfa\x98\xa3\xe31\xa5Y\
\xcc\xfe\xaf\xa3V\xab\x99\xf9\xfat\xaa\xa1\xf2\x95l\xc2\
A\x8eP\x94%\xae\xb9\xe6\x06\xacY\xf3(\x16\xda\x9d\
\xb0\xedo\xa4\xad\xccFy\x9ek\x12\xcb\x16\xc9`\x9c\
)\xe26\x1b^0\x9fc\xbf2\xe7\x90\xd7\x1c\xcaV\
\x07\xb5V\x81\x0f\xbd\xefC\xb8\xf6\xaa\xab\xf1\xeb_\xfd\
\x12\xe7\xbc\xecl\xd4\xebu\x1c~\xc4\xe18\xe8\xa0\x83\
$\xbc\xef=\x87\xfb\x1d:\x9d\xae\x84\xc2\x0f<p?\
\xec\xbd\xd7\x9eQ\xc7un_\x0e\x9f\x11\xb0\xf2(\x8b\
\x02eY\x80\x10\xe6\xf8\xef\xbb\xff~\x5cy\xe5Uh\
u\xda8\xf5\xd4Sq\xd2\xc9'\xa1\xdelbrr\
\x12\xd3\xd33(\xcb\x0a\x17\x9c\x7f>\xce|\xd1\x99x\
\xc7\xbb\xdf\x89'\xd7\xad\xc3\x9b\xdf\xf4F\xfc\xf6\xc2\xdf\
\xa2\xd6\xd7\x07\xd7l\xa2\xdb\xe9\x04\xc3/\xca\xe4{\x00\
\x97\x98i\xa1)\x95\x079\x87\x17\xfc\xc9\x19\xb8\xf4\xd2\
K\xd0\xd7\xd7\x0fN\xec\x93\xe0Y\x0c_\xba\xcc\x89#\
\xe3\xbdG\x19\x9d\x96\xb9\xb99)\x7f\xfb\xb6\xed\xb8\xe4\
\xd2\xcbp\xfd]w\x80F\x86Q\xf2\xb6\xca\x96\xf6\x9e\
\x15)\x5c\xe7\xad\xb1\x19Yz\xc7\x14\xe4\x98n\xaal\
r\x00\x99\xec\xbb\x11\x8d1\xbc\xc8&\x83\xb2\xca|h\
C\xbeb\x05~\xf6\xb3_\xe0\xf9/\xfaS\x8c\x8e\x8d\
`\xb6\xd3\xc2\xfb\xfe\xfc/p\xc3\xf5\xd7#\xaf\xd5P\
\x16\xdd\xb8\x0dx\x90m\x22\xc2\xf0\xd0\x10\xfa\xfb\x070\
11\x85\xc9\x89I\x89T\xf1\x0e\xa0\x84 \x07\xc7?\
\xe3x\x9c|\xf2I\xb8\xf3\xce\xbb\xb0q\xe3S\xf1x\
\xe16\xca\xb2\xc4\xc1\x07\x1f\x84}\x0f\xd8\x1f\xb7\xdct\
\x13\xbe\xfb\xcd\xaf\xe1Moy3\xda\xbbw\x01E7\
\xe6\xf3Tl\x92C\xa7\xc9\xc1\xe55\xcc\xce\xcc\xe1\xe5\
\xe7\x9c\x8d\xa2(\xf1\xed\xef~\x0fS\xbb\xa7p\xd0A\
\x07\x85\xed\xa2\xb3\xb0|\xb4^\xaf\xe3\xae\xbb\xeeB\xab\
5\x8f3\xcf|\x11>\xfb\x8f\x9f\xc7}\xf7\xdc\x8d\xda\
\xc0(\xcaJ\x1d\x15v|='\x1b\xb2\x11\x05\xc9\xd4\
\x89\x0c0\x8c7B\x11[\x18\x87l\x12\x1e\x87g\xc3\
\x80\xc7IylH\xb4\x5c\x80#\x01fB\x00\xc2\xa2\
\xa8\x97$2gxI\xa2:\xe0\x0ba\x90\xe8\xe32\
//\xed\xe8\xb4f\xf1\xd1\xbf\xfe\x10P\x01\xfd}\x0d\
\x0c\x0d\x85\xa9\x8f\xb2,c\x12\xa4:\x17\x14s\x01\xfa\
\x1b5l\xd96\x8ee\xa3C8\xf6\xa8\xfdQ\xab\xd5\
\xb0r\xc524\x9b}\xa8\xd5\x1b!\xbe\xebx\x8aD\
,\xac\xe0=\xcb\x9f4\x96\x97\x1a\xda~ZC\x07\xd3\
g\x02\xc2\xb4\xaf]\xfbo,\xad\x0d/x\xae7\xbd\
\xa6\xce\x9dU\x13\xd3\x9e\x00\xf2\xd1\xaeX\x87\xca\xc3\xc7\
\xdd\xf2\x02\x96\x86(\xa4D\xd6\xa2\x01\x0d\xf6K\x07_\
1\xae\x1d\xd5\x92=\x0fMv\x0f\x22\x10\xf4\x9cuI\
\x1e\xf5\xc6\x11\x10\x9e{\xd3O~\x9f\x0fYb\xbc\x80\
\xc8$\xb7'8\x9d\x11\x07\xacsJY<\x01\xd4\xac\
\xf8\xe0&)\xe5\x96p\x00\x22a\x8a\xb2\x04\xf90\xa8\
\xe0\x874P.\x5c\x10?@\xbd\x96\xf0C'\x10\x22\
\xc9\x12/M\xbe\xc4\xb5\xd1\xa6\xe1\x5c~,8\xd9\xf4\
\xc0\xfc\x89\x03!rg\xa3\x09\xe6I\xf6\xc2\xd8\xcb\xec\
\xf1\x80t\xfe\xc8\xf8YD\x82\xd1>:(\xac\xb86\
!D\xda\xed\x1c\xd0*\xf0\xee\xb7\xbf\x03[7o\xc6\
;\xde\xf1\xf6PNT\x08\xde\xd0\x86\x1b,\x0cc\x87\
\xc7\xf3\xc8_\xbfo\xdc\xb8\x19\xdf\xfe\x9foc\xdd\xda\
5p\x03MT\xc2\x5c\x1eQ\x18\xda\xb2By\xf5.\
\x996\x0c@\x9cc\xc0#\x9a\xcc9d\xe4\xe0\xe7\xda\
(\xa6fP\xec\xdc\x8d\xb3\xcf8\x13W^t)\xbe\
\xf2\x1f_\xc2\xf3\x9e{\x1a\x88\x08E<\xba\xb8V\xcb\
#\x80\x94RO\xa7\xd3\xc5\xec\xec\x1cj\xb5\x1cy\x1e\
2\xbf+O2\xf5!\xce\xa4\xb1\xc0\x92\xc6\x94\x11j\
\xf5:B\xee@\x81\xeb\xaf\xbf\x01\x9dN\x07'\x9f|\
\x12Nx\xc63\xb1|\xc5\x18&&&\xd0Zh\xa1\
\xaa<\xee\xbe\xe7n\xfc\xf0\xc7\xff\x8b\x97\x9e\xfd2l\
\xde\xbe\x05\xa7=\xf74|\xe0\xfd\xef\xc7\xee\x85\x05\xd4\
\x86\x07\xd1u\x08I\x98\x22\x14QY$\x0adD\x82\
84K\xa8\xaa\x12}\x83\x03\x18\x19\x1e\xc2}\xf7\xdd\
\x87\xa3\x8e>J6\x8e\x81\xafd/\xfcz\x1e\xce!\
\xe0\x11AQ\x96\xc8\xf2\x0c\xeb\xd7?\x15w[s\x18\
\x1f\x9f\xc4\xff\xfe\xe4'\x18\x18\x1b\x05\xc5m\x7f)*\
\xb1F\xa1d\xdc#\x8e\x14\xab\x0a\xb3N\xc3\xc5,\x90\
\x10}\xe3\xd1\x84\x88\xb9\x15w\xf3I\xf2oH\xe9\x0e\
_\xa1\xe8\xb4P[>\x86{\x1f^\x83\xbf\xfa?\x1f\
\xc1\xa3\x8f\xae\xc5\xeb\xdf\xf0z|\xe3[\xdf\xc6O\x7f\
\xf6s\xd4\x1b\x0d\x94U\x09\xcd^\x0e\xf3\xc6\xcdf\x03\
\x8e\x80\x07\x1ez\x10\xeb\xd6\xad\x0b\x99\xffE\x5c\x83N\
aih\xa7\xd3\xc1~\xfb\xed\x873^|\x06\xee\xbb\
\xff>LMM\xa2\xddn#\xcb2t\xbb]\x9c\xfa\
\x9c\xe7\xe0\xa3\x1f\xfb(\xcan\x17\x7f\xf7\xb7\x7f\x8f\xcf\
\xfd\xd3\x17P\xcf<\xca\x859\xd4\xf2\x0c\x1eY\x08\xfd\
\xbb\x0c\xae\xde@\xb1{\x07^z\xd6\x99\xd8\xbes\x07\
\xbe\xf6\xb5\xaf\xe3c\x7f\xf7\xf7\xa85\x1a8\xf4\xb0C\
\x90\xe79\x9eX\xf78\xe6\x16f\x90\xe79\xfe\xf9_\
\xfe\x15g\xbc\xe0\x85\xb8\xe7\xde\xfb\xf0\x9b\xdf\x5c\x80\xac\
9\x8c\xb2R\x1a$\xe44\xc3(;\xea\xb2F\xc9\x9a\
\xec\x80\x1dq\xdd9A#\x08\xec<D\xe6\xb0\x96\x82\
X\xffMtR\x9e7<c\x9c\xf3j \x0c\xa3\x13\
\xc6\x0a\x8c{+\x03\xb1.6\xc0\xae\x1b\xf8[k\xa2\
\xd5i\xc3\xfb\x0aS\x93\xd3\x00\x80,\xea\xb1\x07av\
\xae\xa3\xd5\xf8\x90\xefRv\xc3TL\xab]\xc0e\x0e\
\xbf9\xffr\x1cs\xcc\xe1x\xf6\x89\xcf@5\xdf\x8a\
\x87\xe7\xa8\x9d\x17\x9b\xefM\x87\x22\xd6\xc0\x99\xb6%K\
\xf0\x8c\xb0\x8a\x0f\xac\xd3\x1b\x5c\x86\xc6\x07,\x09\xbc\xbc\
d7\xc4Q\x02162x\xdbw\x18k\x15\x97S\
>C\xf51\xd6%\xe5\x18\xbe\x19\xbf\xc1\xb4\xc9\xbc/\
\xffc\x02iY\xdas\xafM\x13[J\xa6,\x8eL\
y\x19\xd0\xa9\x1c\xaa\xbf\xc1\xd5\x8b)\x11\xbep\x84\xdc\
\x89\x83b\xa9`\xb1%q\x00l\x82\x0f\xef\x10\x96\xcc\
s\x09P\xb1\xffe<f66\xf0\x80\x8fay\xa1\
\xf8R\x8d\xd3\x12(\x96\xedM;d)\x0d\xef\xece\
i\xe5M\x08\x8c\x89*!Tb.G\xe3\xce\xbb\x8c\
\xf5R\x0e\xd1!\xd4\xbe\xb1\xf1 \xa9\x8c\x1b\x14\xff\xf1\
\xdacQn\x10\xaav\x07}+\x86q\xe2\x89'b\
\xc3\xc6M\xd8{\x9f}\xc4p\xf8\xca\x875\xe2\xd1\xd3\
\xe6\x10_\xe2\xec\x98\xea\xf8\xbd\xdf]q\x19\xe6&\xa7\
P\x1b\x1b\x0d\xd3\x0b\xb1m\x1ac\xf1\xa6?\xac|\xea\
\x0cH\x07\xd9\xfb#\x02\xe5\x0ey\xb3\x8e\x9a\xcbP\xce\
-\xa0\xd8\xb5\x1b\xcb\x07\x86\xf0\x9f\xff\xf6e\xfc\xf0\xbb\
?\xc2G?\xfc\x11\x9c\xf6\xbc\xe7a\xc1\x1c\xc6\x93\xd7\
j\xb2\xbe\xbd\xe8\x16h\xb5\xda\xe6\x88Y\x84\xa3q9\
Jd\xf8\xca\x02,#/\x83\x1aD\x84\xad[\xb7\xe1\
\xce\xbb\xeeB\xab\xbd\x80\xb2,\xf1\xa2\x17\xbf\x08\xcbF\
\x97\xe1\xb1\xc7\x1eG\xbb\xddF_\xdf\x00\x08\x84G\xd6\
\xac\xc1\x0d7\xdc\x80\xdb\x7f\x7f;\xae\xb8\xeej\xbc\xfd\
\xbd\xef\xc6\xbb\xdf\xfb\x1el\xd8\xb9\x0d\xf5\xe5\xcb\x80f\
\x03]\x0aN\x98\x17\x00\x0eZ\xe1=\x87\xff\x99\x0eq\
\x1e\x97A*\x0f\xbb\xd45\x9a\x0d\xfc\xec\x17\xbf\xc4+\
_\xf9Js,j\x18\xfd\xd6k5\xec\x9a\x18\xc7\xc4\
\xe4$B\xe8;\xc8%\xef\x09\xb00?\x0fB\x86<\
\xaf\xe1\xc9'\x1f\xc7A\x07\xee\x87\xb2\xdd\x01\xaa\x0a*\
\xb6$\xfd\x97\x11:9\x16\x5c\x91\x09\xdf\xcbR#\xf6\
,\x87\xd6>\x04yp\xea\x1f\x18\xe0LA\x97%&\
\xcaFU\x05\xc7\xae\x96\xa3\xb9l\x056\xaf{\x12\xdf\
\xfd\xce\xb7\xf0\xb9\xcf}\x06\xbf\xbf\xfbN\xfc\xf5G\xff\
\x06\xf5z\x1d.\xcb\xc3aKDaS$\x0f\x8c.\
\x1b\xc53\x8e\x7f\x06ff\xe7P\x16!C_\xce\x02\
!\x8f\xcce(\xcb\x12\xcdF\x13\xafz\xd5\xab\xe2\x86\
OMt\xda\x1d\x14E\x89\x1d;v\xa0\xaf\xd9\xc41\
\xc7\x1e\x835\x0f\xafA\xe62|\xe1\x8b\xff\x8a\xa3\x8f\
;\x16\xdd\xd9\x19\xd4\x9a\xfd\x80\xab\x81\x5c\x0dU\xab\x8d\
\x13\x9fs\x1a6l\xd8\x8c\x0dO\xad\xc7U7\xdc\x0c\
*\x1d\xf6\xdeg\x7fd\xce\xe1\x89'\x9e\xc4\xba'\xd7\
a\xf5\xea\xd5\xf8\xf5\xf9\x17\xe2\xbe{\xef\xc3[\xfe\xec\
\xcd\xf8\xc4'?\x85\xad\x9b6\xc1q\xc6\x7f\x0f\x11\xc5\
!S\xb8\x0b:\xe9\xd5\xf9\xf2Q\xdf\x84\xf0l\xd0{\
6\xc1\xb1\xacJ5\x9a\x0c_\x8dI0\xed\x11hd\
\xf4\x16(\xaaDN4\xbf\x89o\xb3\xf3jY\xcb\x06\
\xa8\x02\xb2\x1c;wM\xe1\xe6\xdb\xee\xc4\x7f\x7f\xed;\
\xc8\xb2\x0c\xfd\x03}b`[\xad.\xb2\x8cP\xafg\
\x89\x90e\x19ar*,\xab\xac*\xa0^o\xe0Y\
\xcf>\x1e.\xcb\xb1z\xc52\xa0[\xc0Y\xc3)4\
\xb5\xd7\x08\x8b\xd6\xdbK\x1dq>Z\x9cJ\x8a\xbf\xd9\
\xbe\xa9s\xa3X\xce\xef\x9b\xc8\x00;\x08\xec \x91\x96\
\xa1\xfa\xaf<[\xba\xadAV%\x04o\xe6\xfc\xf5\xb9\
\xc8I\xef\xc1\x9bt\xb1\xee\xc9\x0a.\xf21i\x90G\
\xf4\x5c3\xeb\xa0\x1aw1\xef\xe4\xb5\x8f\xb2$\x10R\
Wh\x8b\xe6Y\xc8\xa0\x9b\x9d\x01^\x19\x958*\xb1\
\x9ah\x87]4\xfc\xe42\xf8\x98\x9c\x8c^\xb6\x08W\
,\x8d\xbc\x1a[\xdf\x83Dd\x08\xda+\xf0\x96:|\
\x00\x10\x97#\xf3c0\xbf#\xa3E\xf9|\x80'\x0e\
\xb3\x81G\xc4 \x09\x0b\xb2!\x91\x88\x81G\x9c\xdfe\
\x22\x90\x14f\x0d\xa0\x10\x98\x8dw\x0f\x10\xf0\x05\x116\
c4yY\x9e(\xb1\x19\xb5\xb3\xa1\xcb2\x87jj\
\x01\xaf}\xc5kp\xdb\xcd\xb7\xa0\xe8\x14\x18\x19\x19\x89\
\x8a\x14\xb2\xa1\xeb\xb5\x9a\x82\x10!\xf5Rc\xbd\x9e|\
<\xb4\xc5a\xf7\xee)\xfc\xe0'?D\xd5_CE\
$\x02\xc4D\xe3\x03\x98l\x18\x91\xb9\x84\xe8\x18\xd9\x13\
\x16\x83\x87\xef\xe0(Cwb\x12\xdd\xf9\x05\x9cr\xf2\
\xb3\xf1\xca\xf3\xce\xc3\xd5W_\x83\xbf\xfc\xe0\x07\xf1\x96\
7\xbf\x09\xa7\x9f~:\xda\xed6\xea\xb5\xba\xec\x18'\
\xbc\x88\xa3\xdf<\xcfP\x96\x05\xbaE\x81Z-\x0f\xf3\
\x8a\xd0g8s\x9f7\x0bI\xe6\xb4\x88077\x87\
\xcd\x9b7c\xf3\xe6M\xa8\xd7\xc2r\xc7\xe9\x99iL\
\xec\x1c\xc7\xf6\xed\xdb\xb0z\xf5*4\x1a\x0d\xcc\xcd\xce\
\xe2G?\xfa_\xdcx\xf3M\xd85\xbe\x13\x8f=\xfe\
(.\xfa\xedoq\xdd\xb5\xd7!\x1f\x1d\x01\xf55\xd1\
\xa9Jq\xa6<E@!\x0a\x89X1l/\x89\x86\
\x1e\x90\xa3K\xa3\xc3\xe0\xea5T\xed\x0e^s\xdek\
\xb0\xef\xbe{a\xcf=\xc3>\xf9\xec\xac\x01a\x8ai\
z\xf7nIL\xe4HM\xa3^G\xa7\xdd\xc6QG\
\x1f\x89\x95\xabWb\xdb\xb6\x1dX\xb9b%V\xaf\xde\
\x13sSS\xc8\xc4\xf3\xf6\xe2\xdc{\xde\x91\x12F.\
\xe3Ng\xaa\x22^\xb0+\x89~\x9a\xd1%G\x01d\
y\x97\x8c\x02\xbdd\x1b\xcb\xe4\xa3\x84Ry\x04\xa2\x0e\
Z\xe5=Z\xdd\x02\xf9\xe00.\xff\xdde8\xe7\x9c\
W\xe0\xd8\xc3\x8f\xc0\xe9\xa7\x9d\x8a\xff\xfc\xca\x7fc\xf3\
\xe6-\x18\x9f\x98\x90\x13\x17\xb3<CY\x95\x18\x1a\x1c\
\xc4\x91G\x1e\x81\xa2\xf4\xd8\xbes;\xda\xed\x162^\
\xf9\xc1\x1b\x22!8\xb3###h4\x1a\x98\x9c\x9a\
\xc2\xecL\xc8\xda/\x8a.\xbc\xaf\xf0\xeaW\xbf\x12G\
\x1dy$\xae\xba\xf2\x0a\xbc\xe7=\xef\xc5K\xce>\x1b\
\xdd\xc9\xedh6\xc2\x0a\x81<s\xd8\xb1u\x13\x9e\xfb\
\xdcg\xe3\xd6\xdf\xdf\x83\xab\xaf\xb8\x06UUbx\xb0\
\x89\x91\x91a<\xfe\xc4\x138\xfc\x88\xc307;\x87\
\x0f\x7f\xf8/p\xd6Yg\xe1\xf2+\xae\xc4\xd5W^\
\x89\xda\xd0\x0a\x14\xdd\x22\xd2G5\x9cii\xac<H\
F\xf6f\x84\xae bl\xbd\xe2\x9b-+\xc9\xf0_\
\xe2\xd3\xab\xa9\xc2G.W`\x89u]\x91\x15\x89\xcb\
/\x8dNqU\x9cK\x02\xe5u\xec\xd85\x81v\xa7\
\x83\xed\xdbB\xce\xc6\xfc\xfcBH\xbe\xf5\xc0\xe4\xd4\x1c\
\x9c#l\xda:\x8eN\xa7\x906\xd6k9\x8e>\xf2\
\x00\xb4\xdb\x05\x06\x07\x9a\xf0\xdec\xe3\x86-\xf0U\x85\
\xe3\x8f?\x0c\xa8\xda\x08\xe7\xd4+fI\xefx\xde\x9e\
\xd2\xeb\x89\xc1\xf0\x9c\xe0m\xce\x11\x80y\xd4|\x97\x91\
\xbd\x1d\xb8\x91\xdcD\xc2\x22\x0d\x1d@\x98j\xc3\x14\xd6\
\xdbZ\xe2\xc3+\x90\x00\xc8\xac\x9c)\xdd|\xaa\x9er\
x\x7f\x95\xf0l\xfath\x07\x89>\xf23\x951\xa9\
\x1c\xba\xef\x158\xd5P\xebD\xa4r\xc9\xf5y\x83\x0f\
\xdc\x01\x16\xebp\x0cx\xa73\x1f\xcbZZ>\x9fv\
+\xe0PR\x14~\x22Ir\x12\x0f\xd7Zu\x13^\
\xe7\xccrV26\xd6\x1cI\xb0!\x98\xd85\xf0A\
8\x1a\x5c\xe7\xba\xed\xf5\x9e\x0e{#\x17<w/B\
\xc7\xf3O\xecmsM^\xfa\xa0\x9e\x0e\xa9\x97g.\
#\xf618]\x0c\xca\x8a\xc8\xbc\xac\x90\xb7\x0dx\xf5\
\xcb_\x81G\xd7\xae\xc5\xf3_\xf0<\x00|\x00\x07\xef\
\x1a\xe7\xc1k\x8eu\x8e\xd6\x80\x90A\x01\xe7\x1c\xb6n\
\xdd\x86'\xd6\xaf\x03\xf57B\xa6\xb9\x89\xcc@9`\
\xda\xa9\xc5\x90#\xc0\x11\x5c\x9e\x07\xa3\xd5)P+=\
\x8a\xc9\xdd(&\xa7\xf1\xe7\xef\xfcs\x5cy\xc1\xa5\xb8\
\xea\x92\xcb\xf0\x9b_\xfd\x1a\xc7\x1f{,\xba\x1d\xdd\xb4\
'\xcfjB\x04\xde\xe7\xbd\xd3\xee`a~\x1ess\
s(\xcb\x12\x8dz\x03\xcdF]x\xa8\xbc\xe4\xe6\xf0\
\x1cy<\xcb\x9d\xc2\xaa\x80\xa2\xdb\x8d\x9b\xc5dx\xe6\
\x09\xcf\x84\xcb2\x5cz\xe9\xef\xe0K\x8f\xd1\xb1Q<\
\xf7\xb9\xcf\x85s\x0e\xff\xf2\xaf\xff\x8e;\xee\xb8\x03\xa3\
cC\xd89\xb1\x13\x1f\xfe\xf0\xff\xc1\xf7\xbe\xf3}\xf8\
,C>\xd0\x87\xa2\xdb\x85/\x0a\xa0\x0asw\xaa\x0e\
\xaa\x90ju\xf9\x1e{\xfc\xcag_U\xe8_\xb1\x1c\
\xc7\x1fw<\xfa\x9a}x\xc63\x9e\x11\xc2\xff.C\
Q\x96\xe8\x14\x05\x9c#\xec\xbb\xef>\xe8\xef\x0b\xa7\xcc\
\xb9xLs\xe5=\xba\xdd.fff\xe1\x08\xb8\xe7\
\xbe{q\xe1\xc5\x17\xe3[\xdf\xf96\xa8\xd9\x08\x19\xf4\
\x15g\xf1zpV\xf2b=\xf4b\xbcU\xbc\xac~\
@\xef\x03\x01\x84Y\xdae\xdeO\x9d\x86 \xd2\xdc\xcf\
\x08D&\x0a\x13\x8e\xbee\xe5\x09{\xc3\x16\xe4P\x1b\
]\x8e\xf5;\xc6\xf1\xee?\xff\x10n\xbd\xf5V\xec\xbb\
\xef\xbex\xf3[\xff\x0c\x0f\xafy\x04\x8dF\x03\xd3\xd3\
3\xe1\x0c\x01\x10\xca2\xf02\xafU\xd8\xb6m+\xee\
\xb9\xf7\x1e\xcc\xcd\xcd\x22\xcbk\x12=!\xa2\xe8D\x86\
\xdf+W.GY\x96\x18\x1c\x0c\x07@\xf9\x0ah\xb5\
Zx\xf9\xb9g\xe3\xbf\xbf\xfce\xec\xda\xb1\x13\x9f\xf9\
\xd4'q\xda\xe9\xa7aa\xf7$\x9c\xf7(\xcb.&\
vO\xe3\x07?\xfe\x05\xce\xbf\xe8\x12d\xb5\x0c\x87\x1f\
q(\xde\xf9\xf6?\xc3c\x8f=\x86\x8b/\xbe\x18\x87\
\x1cr\x08\xfe\xfb\xeb\xdf\xc0\xe4\xc4\x04N8\xe1D|\
\xe8C\x1fD\xb7\x22\x94\xbe\x14\x186\x84\x85\xac\xf3&\
\xd5o\xc5\x15\xd2\xff\x89\xe3\xc4\xc77\xa7\xbc3fX\
\x9d/\xb0x1F\x18\xd8\xe5h@|98p\x80\
\xad5)\xdb\x0c4\xac\xd9\xb7F5\x199\xc7>\xba\
\xac\x89\xb9\xb9\x05\xd42\xa0^\xafavv\x01\xcbF\
G\x90Qp\xcc\xf6\xdcc\x19\x88\x08[\xb6\xecBY\
\x99yl\x84(O\x98\xca\x0b\xcb\xc8\x1a}M\xdc{\
\xdf#\x18[\xbe\x1c\xf0]\xe8\x140C\x16)\x0du\
\xf8\xab\x9d0\xb4\xe0v\x9a\xd9\xf0\xa8\xa6\xb1\xf7^\x9f\
\x13Zs\xff\x0c\xdd%B\xc3M\xb1\xf3\xcf\xb1<\x98\
\x8d\x97\x12'Dt+\xc8\xbf\xe8\x04\xff&\xa5\xbb\xb6\
O\xed\x95\xce\xedsK\x8c\xcf#\xa3w\x8d<J\xd4\
\x87\xcc6\xca\xf6c\x9cL\x9d\x9b\x0fr\xc1\x03.\x89\
\x94{\xc6\x89`d\xf9\x00 \x89@\x18y!\xc43\
<\xb2\x0c\xc4G]/\x05=0\x1b\x01\xf5~\xaa\xb2\
DY\x14\xba-\xab)E=\x13\xe56\x87d\xbc!\
\xb2'fX\xf4v\xbcO\xc2W\x8c\xd1\xd6\x9e%\x1b\
10\xd9\xd8'\x00\xc9\xd4NJ\x1ce\x92\xf5\x10u\
m\x04\xd4\xbb3\x11\x01\x1e\x15\xb1R\xca'>\xab\xcb\
\xd4\xc0\xf2\x90\x86y\x88PN\xcf\xe3\xe4\xe7\x9c\x02\x97\
9\xec\xbf\xef\xbe8\xe2\x88#P\x14\x85nn\x13i\
%I*R\x90\xd2\x93\xcbcgadd\x14\x03\xfd\
\xfd\x18\x9f\x9d\x82k\xd4Q\x91\x0a\x0fG1\xd4\xac\x85\
>qq.\xcb\xe0\xbcCw\xa1\x8djf\x1ec+\
W\xa05\xb7\x80\xe3\x8f>\x11\x7f\xfdW\x7f\x85\xd7\xbd\
\xfeu\x00\xc2\x1e\x03\x9dN'$\xf2\xd5\xf2H\x07\x8a\
\x8a\x11\x96\xf3MNNb\xaf\xbd\xf6\x0c\xa1E\x22,\
_\xbe<\xd4\xca\x89\x97\xb2\xd4&%\x9c\x8fkU\xf3\
Z\x0dSSSXXh\xc19\xc2\xaa\xd5\xabQ\xce\
\xceabj\x12\xadv\x1b}\xcd&^\xf3\xeaW\xa3\
V\xafa\xe3\xc6M\xb8\xe2\xf2\xcb\xb1y\xeb6\x1c~\
\xe4a\xb8\xfd\x8e\xdb\xf1\xb5\xff\xfe*\xe6\xe6\xe6\x90\x0f\
\x0f\xa16:\x8cnU\xa2\xaa\xca\x98\xcf\xe1\x95\x19\xf1\
\xbb\xe6Fp\xe4\x86\x84g\xd6\xdf\xe3\xfbU\xbb\x8b\xbd\
\xf7;\x00\xb7\xddv\x1b\x9eu\xd2Ih4\xc2\xa8>\
s\x19\xf2,dMO\xcf\xcc\xa0^\xab#\xcf8\x22\
\xe5%\x1a\x90\xe79\xfa\xfb\x07\xe0\xbd\xc7\x05\x17^\x80\
\xfb\x1f|\x00Om\xde\x8c\xac\xaf\x89\x92\x13X\x99W\
Q?D\xdeD\x16\xa9\xa7}\xea\xcd%\xfd\x89\xdc\xf7\
V\xe6\x11\x01\x8f\xe5,\x16\x1e\x22\x22,\xb4\x8b\xd5>\
)1\x8ez\x0b\x0f\xb8f\x13y_\x13_\xfc\xe2\x17\
\xf1\xaa\xf3^\x85\xf7\xbf\xf7=\xf8\xc8G>\x82s\xce\
>\x1b\x9f\xf9\xf4\xa7\xd1i\xb7\xb1P\xb6088\x80\
\xba#t\xba\x05\x0e=\xf4Pl\xdf\xbe\x13\xd333\
\xf0\xf0\x18\x1a\x1a22\x1f\xc2\x91\x1e\x1e\x8e\x1c\xf6\xdc\
k\xcf\xb0d\xb2\xaa\xd0Zhaph\x10\xddn\x17\
\x07\x1ex\x00>\xf3\xe9Ob||\x1c\xdf\xf9\xcew\
\xf1\xbe\x0f|\x08\xb7\xdfu?\xda\xc8188\x84\xe9\
\xe9\xdda\x97\xcd\x85)\x1cr\xc8\xfex\xe6\x89'\xe0\
-\x7f\xf66\xbc\xee5\xaf\xc2\x85\x17]\x8a/|\xe1\
\xf3x\xe6\x89'\xe3{?\xfa!\x1e[\xbb\x16\xb5\xe1\
U\xe8\x16\xa5q\x95\xe3\xc0\x85\x97\xf2)\x8aG}b\
\xac\xe2\xb9~}F\xf3jT\xf7\xc0\xfc\x8c\xb2G\x11\
\x94\xa1\xac3\x8e1I\xfd\x82w\x89\xb1T\xbd'\x16\
\x8ct(\xca\x9c\x07\x8f\xd7t\xdf\x0fv\xe4H\x84\xca\
\xd5\x9a\x98\x9b\xdc\x85\xcd\x9bw\xe2\x80\x83\x0e\xc4\xfd\xf7\
?\x88SO=\x19ss\x1d\xf4\xf7\xd70;\xdf\xc1\
`\x7f\x03\xc3#\x03\x98\x9ei\xa1\xafYGUy\xb8\
\xb8\x0cw\xae\xdd\xc1@\xff\x08\xc8\x01G\x1c~ \x8a\
v\x17\xd33s\x002#=\xbd\x98\xc9\xbahd*\
1\xbe\x86nV\x0a{\xa0\x10 \xc4\xfd\x8aM\xff\xa3\
\xd2\xb0\xdf\xab\xe0\x0c\x1b\x19\xe0\x9f)\x16\x19\xde\xb3A\
\x07\x16Gy\xbc)\xdb\xf0(\xc9\xc41\xaa\x14\x1eU\
\x07\xdb\xf4H\xf9o\x06 \xc6\xdfL\x9c;v\x164\
y\x91\x07\x09\x1e\x88\xa7\xe2\xb2\xa2\x07s\x15cM\xb2\
\x0a\xc3\x0b\x1d\x93]r\x89I\xe4\xa2\xc3\x0fc3\xd2\
\xcf\xd3;\x00>\x1c\xba\xe2\xf2\x5c\x8c\x1db\xe3C'\
BC\x18\x84,\x0d\x0d\x99R\xa0\xb6\xc6Y\xe8\xc0\x02\
\x1f),\xebr\xf9\xf8\xe1\xe8\xe9p9\x04\x09\xe9\xaa\
\x81\x8e\xde\x91g'\xc3p\x03FN|t\x1c\x96\xf0\
\x85\x84I\xf6B\xcc\xf4\xf4Bd\x93\xdc\x01 s\x19\
\xaaN\x89\xb3_r6\x1e]\xbb\x16\xe7\x9dw^\xec\
&\xc9\x89ky\x96K\xff\xd8g\xf4\xb1M\xce\x94\x05\
\xf2(\xcb\xb0\x09\xcb\x05\xbf\xbd\x00\x1b\xd6<\x8e|\x8f\
e(z\x80,\x92>\x0a<\x01U\xc8P\xcd(\x03\
\x15%\xba\x0b\xf3(A\xd8\x7f\x8f}p\xde;_\x81\
\xb7\xbf\xfd\xed\x98\x9d\x9e\xc11\xc7\x1c\x8b\xa1\xa1A\xb4\
;m\x10\x05\xe3\x96e\x99\x89\xe8\x05c\xd5\xeet\x90\
\xd7rt:\x1d\x09\xe77\xe2\xae~vy\x0f\x1bC\
\xa1'+\x888h\xc0o~}>fggp\xee\
\xb9\xe7b`p\x10;w\xee\xc4\xfc\xfc<j\xb5\x1a\
\xf6\xddw\x1fdY\x86'\xd7\xad\xc3\x85\x17\x5c\x88G\
\x1e}\x0c\xc7\x1c{$\x0e8`\x1f|\xee3\x9f\xc1\
C\x0f>\x84|d\x08\xb5\xe5\xcb\xd0\xf5e\xe8gt\
6<)\x0f\xbd1x\xb2\xa9\x08\x8c1d\x83iD\
\xd3.\xcdY\xbdj\x15\x1e}|-\xfe\xfa#\xff'\
\xf04\x0b\xa1l\x96Y>@\xc7eN@7\xcb\xc2\
<w\xbb\xddF\xa3\xd1\xc0\xc3\x0f\xaf\xc1\x93O>\x8e\
\xc7\x9ex\x02T\xcbCR\xb6S\x0d\x10\x00\x82\x8en\
\x02n9\x91\x85\xd0\x07\xcf\xac\x00o\xd1\x9a\xa0$\xcb\
\xb389:\xbd!\x9d$\xa4\x9b\x99\xc8\xf3\xd6\x11\x22\
q\x1c\x92h]\xd1E\x07@cd9~\xfd\x9b_\
c\xe3\xc6\x8dx\xd9K\xce\xc2/~\xfe\x0b\xdc\x7f\xdf\
\xfd\xf8\xeew\xbf\x8dU\xabVabr\x228\xaaC\
\xc3\xa8\xe75\x1c|\xf0\x01\x00\x80\xab\xaf\xba\x06[\xb6\
n\xc1\xeb_\xff\xba\xb8=/oG\x1a\xdaY\x15%\
\xc89\x8c\x8c\x8e\xa2(\x0a\xcc\xcd\xcd#\xcf\xb3(\x87\
\xc1\xb1\xea\xb4\xdb\xb8\xf8\xc2_\xe3}\x1f\xf8\x08~\xfd\
\xdb\x8b\xb0}\xeb\x96\x90\x87\x82\x0a%\x803\xcf<\x13\
\xff\xf0\xc9\xcf\xe0\x17\xbf\xf8\x05\xce9\xeb\xa5\xf8\xf0_\
\xbd\x1fs3\xb3X\xb3f\x0d&v\xcf\xc2\xf5\xafD\
Q\x94\xaa\xc2\x80\x82\xac\xb055.a`\xa1\x09}\
\x8c1&\xa3\xc4\xe8n\x0a\xa3^\x17p\x8bp\x09J\
8\x8a\xd8\xa5<\x96\x88\x90\xf0\x9c\x02\xb0\x13\x19\xf9\xe4\
6@\xca\x16\x83\xcf\xa2@\xa4\x16)b&\x88PU\
\x04\xc0arb'\x1a\xfdM<\xf4\xd0Z\x9cz\xea\
\xc9\xe0\x9d\xac\x1bq7\xd1\x1d\xbbf\x90\xd7\x1aX\xbd\
r8\x9ed\x09\x0c\x0d61;\xdf\x96l\xff=V\
\xaf\xc0\xcc\xf4\x02\x1a;v\x02(\xc5\xc9\x10%22\
f\x08%4\xe4\x0e\xe9\x92H5\x8a\xbaG\x02\x99\x91\
7O\xd91oX\xa0\xd5x\xda\xd9\x00o*\x16{\
l\xf9Cb\x12\xa5n\xe6%\xef%c\x9d\xec\xa4\x0f\
\xbe\x87\xd3\xech\xa4=\xd1.\x09\xc3l\xbd$6\x07\
\x80\xd4\xa9\x15)>\xa9M\xd3\xc1\x8b\xd5}9\xc7\x86\
\xf7\x1d\x90A%\x97\xc4\x04`[\x1d\xee\x95e7\xad\
\xcft\xc9\xe3\x0f8\x00\xe1S\xc9Zv\xe9\xab\xb5\xf4\
\x9eAM\x99\x92\xd2_\xef\xab\x07\xe2\x8d\x12\xfa\xc4m\
\xd2\xc6ya\x92:\xda$\xa5\x06\xc2\xb1A\x0aDL\
\xb6\xf2\x14\x85H\xc3l\xd1\x8aGFx\xed\x8f\x94\xba\
X\xb9\xc5\x97\xe0\xc3K|\xac\x1c\x1eeY`p\xf5\
r\x8c\x8e\x8e\xe2\x9e\xbb\xee\xc2_\xfe\xc5_\xa0*\x03\
\xcd\xbc\xd9I\xceR\xc3\xd2&\xf9\xed!\x11\x83\x8b/\
\xbb4\x5c\xeb\x14\x80\xf3\x08\xa1ZS\x86#P\xe6@\
\x15@e\x05\xb4\xba(v\x87L\xdf\x93N9\x19/\
=\xeb\xa5x\xd7;\xdf\x85}\xf7\xdeG\xca/\xcb\x12\
\xddn\x17\xf5Z#\xe9'\x01\xb2\xa9\x0d\xe7X\x00\xc0\
\xd8\xd82\x00\xcb$\x19T\x9e7\xde\xbc\xec\x83\xc0\xfb\
\xa8{B\xab\xddB\xa7\xd3A\xb3\xd9\xc4\xe1G\x1c\x86\
\xfd\xf7\xdb\x1feUb\xa15\x0f\xe7\x1c\x0e\xd8\x7f\x7f\
\x00\xc0\xae]\x13x\xe0\xc1\x07p\xcf\xbd\xf7\xe0W\x17\
]\x80U+V\xe1\xb2/]\x86\x0dO<\x094r\
\xd4\x97\x8f\xa2\xe3K\xa0*$\xbc\xe5\xc9\xab\xc8\x088\
\xc2\x00\x8f\xd20\xd5\xfb\xd4qC\xccmp\x1e\xd8k\
\xf5*\xb4\x17\x16p\xe8a\x87\xc6\xc4F\x172\xfc\xb3\
 '\xfd}}I4\x07\xb1\xee,\xcb080\x08\
\x22\xc2\x05\xbf\xbd\x10\xfd\x83\x83j0\x5cZg\x10\x97\
\x00t\x1a\xc1\xb2\x08\xa9\x9d\xd0\xbd%\xa2C\xe3\x8d\xe8\
;\x96suP\x10\xe5\x5c\x17Z\x90\xd4/R\xbf\x18\
\xc9Rub\xdd\x8c\x0f\xb6\xab\x0a\xb5\xe11\xfc\xfe\xae\
\xfbp\xff#k\xf1\x82\xd3NC\xbd\xaf\x89\x17\x9f\xf9\
\x12\xfc\xcfw\xbf\x83\x13O<\x01\xe3\x13\x13\x98\x9e\x99\
\xc6\xe8\xe82\x01\xb63^\xf8'\xb8\xed\xb6\xdb\xb1\xb0\
\xd0\xc2\xf0\xb0\x8d\x04P\xd8\xc4\x98O\xf4\x84G\xbd^\
CY\x16\x98\x9f\x9bG\xa3\xd9@\x96e\xa8\xd7k\xc8\
\xb3\x1c\xf3ss\xf8\xf7\x7f\xfd\x1c\xfe\xf4\xc5/\xc0\xe7\
>\xf79<\xf6\xd8Z8x\xec\xb5\xf7\xbe\xd8w\x9f\
\x03\xf1O_\xf8g\x0c\x0c\x8d\xe2\xdf\xbe\xfceLM\
M#\xab\xf7a|\xd7\x14\xa8\xdeD8\xa52\x05\x22\
q\x02\xe3A7\x1a\x18\xb4\x02\xa4BD=\xf2\xc2n\
\xa57eI\xf8\x9d(\xd5e\x0fq\xaax)4o\
K\xce\xf7\xd5\x001\x0f\xad\x115\x16\x8e\xdb\xdfc\xa4\
\xec\xea\x02v&d\x90\xe2K\x80<6m\xde\x82\x93\
N>\x09\x93S\x01\x17\xbaq)2@\xe8\x16%\x9e\
}\xc2!(\xab0\xe8\x00\x82Jd\x99\xc3\xf0`\x9f\
\xf4q\xd5\x8a1\xdc{\xcf-\x18\x1d\xec\x03\xb2\x02\x84\
\x0a!\x12\xd0c\xf4\xa3\x8c\xa7g\x01\xd8G\x0c\xc0{\
k\xb4\x98`\xbcK\x19\x0f\xf4\xb8L\x93\xbf\xc3<%\
5\xe4\xc6\x82\x9bj\xad@+\xcfD\x0fd\xd0b\x9b\
\xcf\xb6\x8c\xcb\xf0r\xd7\xb2\x82\xbc\x97\xcd\xb8\xad\xf3 \
\x93\xbb\xb4\xb8(o\xcb\x88Q\x1e\x0f\xb6#\xca_\x10\
\x0f\x00\xa2M\x937M\x81I7I\x9e\xd5\xeb$\x0e\
\xb7\x90\x91wAM\xf8\xa1\x9f%s\x00x\x14UU\
U\xc8(L\x18\x1a\x05\xdbs\xb8\xcc\x986/;\xf0\
K5<\xf7*\xc9|\xf1N\x15\xcf6F<`\x88\
\xa9'\xc2\xc2D\xac\x14\x10\xd9Xq\xac\x87\xa0\x8e\x80\
\xb6\x9a\x15\x81\xc7\xa6\xec\xdd\x1b%\x8d\x82\xd8\x1b\x1e\xd5\
L\x02\x92\xfb\xeaT \xe6}D\xd1s\x0e\xbe,\xb1\
b\xf9J\x5cv\xc5\xe58\xeb\xac\xb3\xe0\xc8\xa1\xac\x82\
 gy\x16\xa7\xa2L\x88<\x16\x16\xfa\xc2\xe0\x13>\
eU\xa2V\xab\xe1\xa2K.\xc15W_\x037\xd4\
\x87\xa2*B?\x22Xd\xf5\x1c\xb5F\x0d\x19\x1c\xaa\
v\x1b\xbe\xd3E\xd9n\xa3\xect\xf1\xd6\xb7\xbf\x0d\xdf\
\xfd\xc1\xf7\xf1\x8e\xb7\xbf\x0bg\x9fu6\xf6\xdac/\
\xb4\xdb!c?\xcck\xbb\x18\xba\xd6\xd1s\x19\x93\xe8\
\xbaE\x98\x9bw\x99C_3d\xf5We%\xa7\x18\
.r\x00\x98\xe6>\xec\x5c\xb80\xbf\x80\xb2\x0a#\xe2\
V\xab\x85f_\x1f\xb2,\xc3\xd1G\x1f\x8dz\xa3\x81\
<\xcb0<4\x8c\x15\xcb\x97c\xf7\xd4n\x5cp\xe1\
\x85\xf8\x9b\xbf\xff;l\xdb\xb9\x13\xcbW-\xc7\x86u\
\xebq\xe1\xf9\xbf\xc2\xc6\xed[Q_6\x0c7\xd8\x8f\
NY\x84C\xa1$\xe2d\xb5*\xf1\x16E\xf1\xec\x1a\
\xd7^\x874$\x08Bd\xb7\x9a_\xc0\x1e+Wb\
nv\x01G\x1e~\x14\xfa\xfa\xfaBr\x1a\xf3\x97\xf8\
\x90\x1f\xd2\xa8\x07\xf1\x1f\xb0y\xf3fT\xbe\xc2\xe6\xad\
[p\xdf\xfd\xf7b\xc5\xaaU\xd8\xb5e\x1b\xb2\x98\x1b\
!\x80\xd7\x03\xe6\xba\xec\xb4\xe7\x19\x13a\xe3ye\xc5\
6\xd3_n\x83vMFS>\xe9=EP\xa1\xb4\
|2\x00\xa4\x94\x12\xfa\x12\x08\xe4\x1c\xba\x9e\x90\x0d\x8f\
\xa2\xe3\xea\xb8\xec\xea\xeb\xb1~\xc3&P^\xc3\xab_\
\xfb:\xfc\xcf\xff\xfc\x0f\xc6\x96-\xc3\xd8\xd8r\xb4\xdb\
m\x1dq{\x8f\xe7<\xe7\x14\x0c\x0f\x0faff\x06\
\xeb\xd7=\x05^\x09\xc3\xa9\x07\x0c\xaaU\x15\x8e\xf1]\
\xbe\x22\xe4\x06\xcc\xcf-\xa0\xaf\xaf\x0fG\x1eu\x186\
n\xda\x0c\x02\xe1\xcdo|\x1d>\xf1\xc9\xcf\xe2Y\xcf\
:\x05eY\xe0}\xef\x7f\x1f.\xb9\xf4bl\xdf\xb6\
\x1d\x99s\xb8\xf7\xee\xfb\xe0]\x0d%rP\xbd\x1f\xbc\
\xb5\xb0\x90\xdd+-\xf8\xab\x0e\x9a#}\x8c\x13\xa6\xf1\
#\x02\xf1\xbe\xf7\xa4\xef[;\xa3\x91%\x1d}Z\x9d\
\xd6,m6\x5c\xca\x16\xae\xaf\x17\xdcy\x0a@F\xb3\
&z\x82\xa4g\x06c\x05\x9c\x82q\xa9\xaa\x12\xa8g\
x\xe0\x81{\xb1\xef>{b|\xd7\xce\x88\xcb\xc1\x89\
uY(\x7fld\x00+G\x07\xe0\x0d\x8e:\xe7P\
\x14%\xca2\xb4i\xe5\xca\xe58\xf8\xe0\x03q\xcc\xb1\
Gbht\x04e\x19v\xfcL:\xc3x\x80\xf4#\
F\x8a\xf4\x99\xd4\xb9I\x9d\x05\xbb\xb2\x8c))\xd3\xcc\
d\xef\x98.3i{\x1c\x0f\x11w\x1bj\x87\xd7\x99\
\x05B\x92$-\xfc y\x5c?\x11/\x98\xd4\xbc\x0e\
\x9f\xf7Uaf\x11\x85\x01\x85\xac\xc5O\xe0\xdd\xc7\xf0\
\xbd\xc6|U:\xd8}\xa8\xa0yh^\x1d:CK\
\xbb\x9ct\x11\xaep\x99D\x08;\x00\x86\xba\xdam\xdd\
\xa3$\x01\xcd\xf8Y:\x02\x10[X\x14%\x9a\x8e\xe2\
^\xc3$\xbc\xb4I\x1a\x09C\xd8\x0b\x82\x86uX\x11\
%,!B\xdb\xdb\x18oz\xe1\xa5Lo\xb24\xc3\
[^\x0cs\x18\x8dV\x06\xdb,\x07\xd9Q\x89\xbfe\
\x07]3Z\xe2\xf6\xc5^\x88\x900\x00K\xbf\xa0\xe0\
!\x8a\x0bd\xb5\x1a6o|\x0a\xc7\x1cz8^v\
\xf6\xcb\xe2^\xf0!\x9c\xd9\xe9v\xd0\x88\xe7\xc9\x93\x01\
\xdfX\xad\xb4W\x04)~\xff\xce\x0f\xbf\x8f\xd6\xc2\x1c\
\xf2\x91A\x14\xbeB\x06\x07WzT\x9d\x0e\xcaj\x16\
eQadt9\x0e<\xe2X\x9c~\xcasq\xdb\
\xad\xb7\xe3]o{\x1b\xde\xf3\xcew\x01@\xc8\xce\xcf\
st\xba%jy\x0d\x9c\xc0\xc9X\x13F\xf9a\x9b\
\xd6p\xb4m\xc8h\xe7\xa4$\x9er\xe1wz?\xac\
4.\x0b\xeb\xf7\xd7=\xf68Z\x9d\x0e\x0e;\xecP\
4\xfb\x9a\xa87\xea\x98\x9a\x9aB\x9e\xe5\xa8\xd5\xebh\
6\x9b\xa8\xd7kx\xe4\x91G\xf0\xcb_\xfe\x1a/~\
\xe1\x0b\xf0\xc8\x9a5\xa87r\xfc\xefO\x7f\x84K\xcf\
\xff-P\xaf\xa16<\x84\x02\x1e\x1d\xef\xe3i\x90,\
\x05$\xdf\x98\xd1a\x94`6\xc90\xe2\xc3y\x16\xde\
\xc8\x98\x0d\xcf\xf1|\xb4\x9fo\xe3\x19\xc7\x1c\x07\x02p\
\xec\xb1\xc7\x01\x00\xe6\xe6\xe6\xe1\xab9\x8c\x8c\x8e\xa0(\
\x0a<\xf5\xd4S8\xe0\x80\x03d\xf3\xa3\xb2(\x83\xb3\
\xe3+LMNa\xef\xbd\xf7\xc6u\xd7]\x87\x9d\xe3\
\xe3\xb8\xf3\xee\xbb\x81\xfe\xa6\x1c4cC\xb6>\x02D\
\x22m,K:q/\xf2\xcb\xbdV5\xf3\xacx\xc9\
=\xfd\x87\xa4\xcc^p\x94\xf9\x0ep5\xd4\x0bf\xbb\
\x00\x00\xe0fIDAT\xa4\xcfY(J\xd4\x91\xe2\
\xa8\x1d r\xc8\x07\x87p\xf7\xbd\x0fb\xb8\xaf\x89\xb3\
\xce~\x09.\xbd\xfc\x0a\xfc\xd7\x7f\xfd\x17~\xf5\xcb_\
\xe2\xe0C\x0eA\xa7\xd3\x01|\xd85\xb0\xdb-0;\
;\x8b\xb2,\xb1k|\x1c\x03\x83\x03X>\xb6\x1cY\
\xee$7\x86\xb1\x84e)\xcf2\xb4}\x07\xdd\xa2\x00\
y\xe0\x84g\x1e\x8f\xf5\x1b6a\xe2\xd1\xc7\xb0\xef>\
{bt\xf5\xbex\xc3\x9b\xde\x09x\x8f\x1f\xfe\xe8\x87\
\xa8\xf5\x8f`\xb6\xd5A\xd6?\x88\xaa\xf4\xa0\x8c\xc4\x80\
[PJ\x11\x86\xd4\xfe@0]inF\x89\x1c\xe8\
\xed}\x9f\x81\xd8&1s_\xf41v\x18\x8c!\xf0\
FR\xd9\x09\x12<\xd4\xf6(_\x9d\xa9\xdf\x06\x9d\x83\
\x1c\x93\xe5\xb3\xb4\x8dT\x94\xf2&\xb6\xee\xdc\x8d/}\
\xf9\xbbx\xf6\xc9\xc7\x01\x04\xd4\xebY\xd8Y\xd6\x01\xb5\
<8\x03\xbe\x8a\x98\x1e#FD\x0e[\xb7Nbt\
t\x10\x8dF\x8e\x85V\x81K/\xbd\x0e\xe7\x9e{\x06\
\xf6\xdcco\xac}b\x03\xa8\xb1\x94\x95$X\xe2J\
{\xb9\x91l\xb8\x18:\xc9\xbc\xc7/U\x94\x8c\xc7\xec\
\xab^\x04_#\x1e\xfa\x14;`^|\x85\x84\x96\x82\
\xafP\x9dL\x9c\xb3\xde\x93\xf2\xac\x90@\xc7\x1a:\xc7\
\x10\xde\x8c\xc6\xc1\x96\xc4\xb6E\x1c6\xd9\xdc\x81#\x1c\
\xaa\x98\xaa\x92\x1e2\xcf\xef\x03\xb7\x13\x5c\x8bDH\xce\
\x0d\x88\x0aL\xd2\x10#k\x08\x0e\x80s\xe1\xc8\xeeN\
kNJ#\xb2\xb4\x0b\x9f?8\x05P\x96\x85\x84\x14\
\x82\xf1gp5\xcc\xe6P\x163\xd7\xf3|\x9b\x02\xb3\
\xdc\x83Ir\x90O\xda(UB\xae\xc3A\xa6\x1a\xa8\
\xc7!`\x0f1\xb6GA\x97\xaf\xc5\xb0\x0a/M\x84\
GJ\x033I\x11\xdb,u\xb3b\x9br%t\xc7\
\x0d\xad\x80\x91\xb1Q\xbc\xe4\xa5ga\xa0\xbf\x1f\xddn\
7\x9c\x89^\xa5\xfb\xc8/\xfe\xb0Ac'\xa0\x92]\
\x03G\x86\x06\x81\x12h4\x1b\xc0B\x1b\xc5\xf4\x0c\xca\
.04:\x82\x93\x9es*\xce\xfa\xd3\x97`\xa0\x7f\
\x00\xed\xf9\x16\xce9\xf7\xe5\xf8\xec\xdf\xff\x03FGG\
\x03\x08\x87V\xa3\xdb-\x90;\x0d;r\xd2\x9cG%\
[\xeefy\x1e\x0dU\x05\xedR\xa0\x15'K\x89\xe0\
E>s\x84\x83\x08\x98\x18\x9f\xc0\xce\x9d;\x90e9\
\x8e\x89\xbb\x1e\xf2\x1e\x06eY\xa0Qo\xa0\xaf\xaf\x89\
\x85\x85\x05\x5cr\xd1%xd\xedZ\xec\xb3\xef\xdeX\
\xfb\xe4\x93\xb8\xf4\xaa\xcbq\xe3\x8d7\x02\xbeB>2\
\x80\xd2Q\x98\xe7\x07\xc0\xce]\x10\x136\xa4\x9a\x17\xd2\
#$\x06\x03IQ=y\xae\x07\x0c\xa0\x8a\xb2z\xf5\
jLML\xe0\xa4\x93N\x04\x004\x1aM\x80B(\
tj\xf74<\xc2\xd2\xb7\xaa*\x018t\xbb\x1d\x94\
e\x89\x0d\x1b7\xa0Y\x0f\xa7\xe4]q\xe5U\xd85\
1\x8e-;w\x02\xf5Z4\x9a*\x9b\x89I\xa7t\
\x0e1vW\x1aj\xf0\x5c\x8d\x93\xe8\x95\xbe\x94D+\
YZmB\xa6\xb1\xeb\xfa\x89\xd1\x00\xaf\xc6GGX\
\x8a\xca\x06\xa2\xa4UeY\x22\xeb\xeb\xc7t\xbb\x8d\x8b\
.\xbc\x10\xef|\xfb\x9fa\xdf\xfd\xf6\xc7\x99/9\x0b\
\xff\xfe\xaf\xff\x8aW\xbc\xf2\x15h\xb5Z\xc8\xf3\x5c\x96\
\x86v:\x1d\x1cq\xc4\x11hwZxb\xdd:\x90\
s8\xe4\xa0\x03\xc2\xfe\x09\x12\x92g\xbcp\x18\x18\x08\
\xab,\xaa\xb2D\xa7\xdd\xc1\xca\x15\xcb\xe1\xcb\x0a{\xed\
\xb9'~\xf0\xcd\xaf\xe0\xaa\xab\xaf\xc6\xc7>\xf6\xb7\xe8\
V\xb5p$u\xad\x8e\xb2(@\xa4k\xa6\x05r\xa2\
A\xa0^\x12\xc4~\x85\xff\xc6)Cv\x1c\xbc:\x01\
\x89_\xc4\x91\x95\xa4p\x82%s\xafI\x14GA\xf8\
\x0e\x83A\xfc\x04O\x8dR\x14\x0d+/j\xcc=\x00\
\x1d\xe1r\xb90\xf2b\xca\xe2g\xa9\x8e\xb9\xb9\xddX\
\xb5\xc72\xac}b\x1dv\xec\x1cG\xb7[a\xf9\xd8\
\x08\xeau^\xce\xea\xb0kb7V,\x1f\x8e\x1b\x5c\
\x85\xcf~\xfb\xaeD\x96;l\xd92\x8e\xb9\xf9\x0e\x8e\
:\xe6p\x94\xa5\xc7A\x07\x1e\x84\xb5k\x9e\x02\xf5\x85\
\xc8\xa7\xf4\xd4\x87\xb6'\xc1T!J\xec\x937\xc6\xdd\
L{pd6\x89\xe8Y\x82&\xfa\x8d%>,\xbb\
\xe89\xd6N\xf30\xec\xeb\xd6)\xb3\x0ez\xd2p\xe1\
;_2I|\xf2\x86q\x06\x08a9z\x04\x9a`\
Kd\xa2@#\x06`\x03\x9cb\x13/#\xd3\xd5)\
,\x9f\x80O\xecd/\x10\xa8\xf3\xe2=\x8c\x9d\xa6\xb8\
\xefL\x16\x06:1\x07@ \xa9\x87t\x7f\xd8\x01\x88\
\xcb~\xf8\x1c\xf0\x10\xfe\xe1u\xf9\x90\x8ce]&\xa1\
\x06\x8d\xc1\xcb\xae\xd2\x08md\xe2Y.G\x94\xb6\x00\
\x954\xd6z\xe4v\xaf\xe8H<\xab\x00\xa2\xda\x10\x80\
\x13\x86[\xd7\x99=*Q u\x5c\xb8\xac\x04h\xa3\
\xb0Z\x80\xc8\xf3\x1cS\x9bwbj\xd7D\xe0et\
 \x9cs\xf1\xc4\xad%\x18\xd8+\xc8&\xbc\xec\xbd\xc7\
s\x9f\xfd\x1c\xfc\xfag\xbf\xc4\xdc\xb6q\xf4\xf7\x0f\xe2\
\xdcW\xbe\x1a/?\xe7\xe58\xee\xb8\xe3p\xd4\x91G\
`nv\x0e\x8f>\xba\x16G\x1du$\x86\x87\x87Q\
U\x15:\xdd\xae\x9c\xb6\xa7\xc9$\x5c>\xe2J\xc7\xd0\
\xbf,\xcb\x12A\x16g\x8d\x00^'\x1f\x94\x16\xf2\x14\
\x87\xbe\xdb\xed6\xee\xbe\xfb\x1e\x1cs\xcc\xd1\xe8\x1f\xe8\
\xc7\x81C\x07\xc9il|\xf8K\xa3\xd9\xc0\xca\x95\xab\
P\x14]\xdc{\xf7\xbd8\xf0\xa0\x03\xb1\xc7^{`\
\xdb\xe4\x0e\xfc\xf8\xa7?\xc1\xd57]\x0fd\x0e\xb5e\
\xc3\xa8\xca2\x9c\x96'\xa3fU,ic\xc2\x135\
M\xaa\x1c\xa4wHe11\xf8HYQ\x96%\xdc\
@\x13\xbf\xf8\xe9Oq\xe6\x8b\xce\xc4\xa1\x87\x1e\x12C\
\xd2\xcd\x18\xfe$l\xd9\xbc%\x1ei\x1c6\xffq\x14\
\xa6\xc3FFG\xd0~\xac\x8d\x83\x0e:\x10[6o\
\xc5u\xb7\xdf\x86\x0d\x9b\x9f\x02\xf2\x1a\x88\x5c8}\x92\
\x19@\xda06\xbe)\xd6i\xa3$\xaa\x16\xdbn\xcd\
\xb1\xc8\x1c_!\x0dIk\x22pP6a'A\x92\
\xac\x8c\x7f\x0bN<\xecQ0)_\xcdT:\xba\xa9\
\xbc\x07\xd5r\xcc\x97\x05\xfe\xeb+\xff\x853\xce\xfcS\
 o\xe2\xe3\x9f\xf9\x1c\x86GFq\xc6\x19/\x10\xda\
\xf6\x0f\xf4cph\x10SSS\xd8\xbcq3V\xae\
Z\x89\xebn\xbc\x05\x8d<\xc7>\xfb\xee\x0do\xb6\x18\
\x0f*\xc0\xc6\x15\xc8\xf2\x1c\xb33\xb3h\xc6\xe8Q\xab\
\xdd\xc1X\xb3\x81\xd7\xbf\xe6<\x1cu\xd4\xd1\xf8\xc9O\
~\x8e_\x9c\x7f!6l\xd8\x80\xe6\xd0\x08:\x9d6\
ko F\xc5 l\xfa\x16\xcb\xee5\xc0\xe1=;\
\xdaV\x87\x8c\x9d\xc4p>G\xf8\x9e\xcc\x1c\x93\x1ap\
\x8b=\x02\xf6\x00(n`C\x06S\x14\xdb\x94\xaf\xb6\
MR\xbeW\x99\x90\xfd+\xe49\x9f<o\x93\xb1\x11\
\x8dA\xe9s\xcc\xcc\xcc\xa2\x9eg\xd8\xbcy+\xbc\xaf\
\x03\xbe\xc2\xde{\xafFY\x84\x93\x1a\xb3\x8c\xb0{f\
\x0e\xcbF\x07\xa3,\x05\x22u:\x05V\xae\x1c\xc6^\
\xb5\x1a.\xf9\xdd$\xae\xbar\x1d\x16\xe6\x17\x00\xcaE\
\xb8tg\xd5\x9e\xfc\x1a\xe8D\x8a\xc8\x19\xe3\xacD\xc6\
 \xb8\x04e\xbd\xb2K\x06\x95\x14W\x05\xb0]\x8c\xfd\
\x8e\xceE\x9aG%\x88f\xf8\x0c\x89n\x84\x93NC\
yv\xa5Z\xc0@\xa8\x1d3`\xe1\xe3\x88\x9e\xe5)\
u\xbcS\xac\xd1\xa8%\xdf\x8f9\x0d\xfc~\xef\xc7\x07\
IqL\x13\x0f$K\xd1\x8d\x9d\xb0\xfb\xd1P\x9c\xef\
$\xbd\xa9$C\x1c\xfd\x93\x8b8_\xa1,;\xd0B\
S\x12{\xfc\x11\x07\xa0\xddj\x81(\x08\x14\xef\x09\x1e\
\x80Z\x13\xfb\xc4hC\xfc\x96\xd0\xf1\x18\x9eg\x08\x13\
X\x91\x86\x9a\xe6\x18\xb0N< \x83p\xacZb\x02\
\xb8n\xa8M'x\x01=\x02g\xd6j\xe6'\xc0\xea\
\x99^\x03\x7f\xf7\xe8y\x16\x8b\x9e\x0b2\xcf\x8a\xe9Q\
\x94\x05\x0e>\xe4\x10\x96\xc9P6;Df\xba@F\
Y\x1e\xe0\xd3\xda\x18H\x08qEAY\xe2\xbd\xef~\
\x0f\x8e>\xfa\x18\x5cs\xf558\xe7\x9c\x97\xe1\xb8c\
\x8f\x97\xb3\xbb;\x9d.\x06\x06\x06p\xca)\xcfFU\
\xc5\x91Y\x96\xa1\xee\x9c\xb6\x93\xb4\x97\xf0>n8\x17\
\x04\xa3\xeaYZ\x22\xd2\xd0cDI\xd9\x0a\x10ab\
r\x0a.s\x18\x1c\x18\xc01\xc7\x1c\x8dF\xb3\x89\xb2\
(\xe3F>\xe1\xf0\x98Z\xad\x06\xd4\x80{\xef\xbd\x17\
s33\xb8\xef\xe1\x07q\xfd\xf57\xe2\xf4\xd3\x9e\x8b\
\xaf~\xed\xabx\xe4\xa15@\xdd\xa16:\x8c\xca!\
\x86{\xbd\xd4)\xa0\x18i\xa3\xf2\xda\xeb4\xa5j\xaf\
$\xb6\xdai\xe8n\xfd0\x83\x9d.\xcf075\x8b\
SO=\x15UUa\xcb\xe6-\xd8g\xdf}Q\x94\
\x1d\x00\xc1IZ\xbd\xc7\xea\x10\xd5\x00\xc1W\x15\xea\x8d\
\x06\xd6\xaf_\x8f\x07\x1fx\x00'\x9cx\x02\xae\xba\xf6\
:l\xde\xb6\x19\xb5\x91a=\x83\xc0q\x94\x8b\xc4!\
\x939{\xb6E\xb2\x8a!\xe9XO\x1fS\xa3$\xf2\
\xee\xbd\xae\x16\x88\x8e\x85!\x9fA \xa7`\xcd\x12a\
uN\xb04\xca:G\xcc\xa0\x0e\x83D\x05\xb8>\x10\
\x90\xd5\x90/\xdb\x03\xd7\x5c\x7f\x0bPk\xe2\x19G\x1f\
\x85\xdb\xee\xba\x1b\xd7\xdft\x13\xcez\xf1\x8bq\xcas\
\x9e\x0d\xef\xc3\x1e\x09\xc3\xc3C\xd8\xff\x80\xfd\xd1\xd7\xec\
\xc3\xcb^\xf2\xe2\x18m\xe2\x08\x04\xc4Y\xed\x1d\xad\x8d\
\x0c\x0dD\x80\xf2\xf1\x10-\xc2\xf8\xe4$\x0e;\xf8\x00\
\xfc\xeb\x17?\x8b\xc3\x0f;\x08\x17\xfe\xf6\x22\x5c\xfc\xbb\
\xcb\xd078\x8c\xa2\x8c\xc7\x97'P\x9b\xd2VPE\
\xe1\x06\x8a\xaa\xd0\x5c\x89DX\xa2\x0e\xdb\xa2\xbc\xdeS\
c\x14h\x15\x0c\x06\xf5<\x1e5\x93\x16\x15m\xdaF\
\xaa\xaf\x1c\x1d\xe1\xf7\xd9@\x9aA\x91,\xb9N\x5c\x0f\
R\xc7\x0f\x04\xe4\x0dL\x8c\x8f\xc3\xb9~\xac]\xfb\x04\
^\xf2\xa7/D\xab\xd5\xc6\xb6\xed\xe3\xe8v\xba\xd8s\
\x8f\x15\x98\x9e\x9eE^\xcb\xb1lt\x10q\x18\x89\xf9\
\xf9\x16\x8a\xb2B\xa3\xe1\xb0kb\x16G\x1cv\x08\xc6\
\xc6\xa6\xb0e\xe7N\x5c\x7f\xcd\xeda\xda\xb0\x88\x07A\
\x19\x7f\xc5\x82\x87\x86\xe9I\xfb\xc0p\x17\xdb\xbb\x84I\
4\x04aE\xe1\xd5\x02\xb6\x1a3@S\x02j}\x8b\
\xda\x14~\x10\xa0\xbb*\x8a\x8eD\xcd\xf0\x1e\xbd[g\
\x07b\xaa3\xa7\xc4\xf7\xa6\x7f\x88N\x13\xbfS\x89s\
.\x03\xe1\x14\xe0\x22\xafC\xd4*\x09Z\x10\xdb\xc6^\
\xf1\x10\xa6JD:\x5c\xe5\xf2zhF\x14\xb6\xd2\xa6\
,L\xf5VEJ\xab\x9e\xefK;\x00Q\xea\xaa\xaa\
\x04<\xc1\xb9L*\xe3?\xcdx\x14\xa9\xd4\x1e\x80\xbd\
^2S\x14\xc6QH\x8cz\xa5\xbc\x88\xad\xd3P\x88\
6\x87\xd8\xf0rU\xf0\x90\xa5R\x9eS\x0du\x1eO\
\x15\xc6\x98~#1\xe19\x9f\x02\x9dz\x00\xf1\xbb:\
*\xd6e\xf0\x88^vQ\xa2\xd6\xdf\x8fC\x0f9\x18\
\x80\x9e\xb3\x1d\xdah\x8d?\x0c0{\xf1\xe2\x14\xe8\xc3\
o\xe7\x1c\xda\xed6N;\xf5T\x9cv\xea\xa9\x00\x10\
7\xe8\xa9\xc2\x81=qUA\xb7[\xe8q\xba\x86_\
\xda=\x9d\xaf\x0c\xb7+\xc0\x00\xd9R\x8e\x0d\x8fR$\
r\x830\xe2'G\x18\x1c\x1c\x00\x10\x22\x1eCCC\
\xf1\xe45\x0ag\x1c\xc45\xf1\xb7\xddv\x1b.\xbf\xfc\
\x0a\xec\xb5\xd7^\x18\x1c\x19\xc2\xe7\xbf\xf8\xcfh\x17\x05\
~q\xd1\xf9@\xb7\x8b\xfa\xd8\x10J\x02\xbae\x11V\
/\x08F\x18g\x04\xbd\xfd\xf0j5\xc9\xb6Z\xf9e\
#\x1d\xc9;\xbd7\xf8\xa7\x8b\x86\xd3{\xe4\x8d\x06\x9e\
\xfd\xacSP\x94%\x96\xaf\x5c\x01\xc0\xa3\x9e\xe7\x98\x9c\
\x9a\xc4\x8a\x95+\xd0\xdf\xd7\x17\xb7\xd1\x0cI5\xde{\
\x0c\x0c\x0c\xe0\x9c\x97\x9f\x8b,\xcbp\xe9\x95W\xa0\xec\
\xb4\xe1\xaa>\x83\x7f\x8c\xf4>\xe2Q<\x0d0\xb1/\
l\x88<\xe0\xf90f\xbe\xeec\xd8\x90_ S\xb6\
\xf24\x5c#0$\x92\x01\xe4\xc4\x8e\x81I\xe8D\xe6\
C1j\xc4t\x1aO\x8dL\xc2\x1b1\x92\xe1^Q\
y\xb8\xc1ax\x00\xf7=\xfa(\x1e\xfd\xec\xfd\xf8\x93\
?9\x1d\x7f\xf6\xd6\xb7\xe0\xaf\xfe\xfao\xf0\xc9\x7f\xf8\
8FF\x86Q\x14\x05FF\x8617?\x8f\xcaW\
h\xd4\xea\x12\x19[h-\xa0\xd9h\xc8FZQ\xc1\
\xa5M.\x1e-]\xab\xd5\x90e5\x8c\x8e\x8c`\xd7\
\xae\x09\xcc\xce\xcf\xe3]\xef|\x1b\x86G\x86\xb1a\xe3\
\x06\xdc\x7f\xcf\xbd@\xdeDm`\x10ee&.\x92\
\xd0-\xa1\x92\xf9Yc\xecE\xae\xcc4\x00\xd4 \x8b\
\xb1b\xf05\x0e\x84\xd0\xd6\xab\xce\x88\xa1\x8fe\xa9\x1e\
\xea\xbb\xfcaH\x88\xf6\x092\xca\x14\xdeX\xc4\xe9\x9d\
N0e\xc6\xf7}\xcc\xf5\x08uW\xa0\x8c015\
\x8bc\x8f\xdd\x17\x97\xfc\xeeZ\xbc\xee\xb5/G__\
\x033\xb3\xf3\x18\x1c\xe8G^\xcbq\xc0\x01{\xcan\
\x80\x8as\xc0\xe6-\xe3\xd8w\x9f1\xdcz\xfb\x1a<\
\xf7\x94#\xf0\x9b\x0b\xae\xc3I'\x1c\x87\x1f\xb8\x9f\xc3\
Q\x15\x0f\xb8JM\xb8h\x9b\x10\xcbvV\xac\x06\xbc\
\xa5\xae7\xc2\xc5\x06-\x99\x9eR\x1c\x967\xd9\xee\x18\
l\x15\x92\x10\xbf\x11\xcb\xb5\x98\xa0\xdeGt\xd4x\xa0\
\x16\xeb\x11[\x02\x91\x1d}\xc5\xc7h\xbb9\xca=\xc1\
\xf6X\x06\x85\x81)\xa7O\xa9N\xea\xbc\xbe\x98m\x93\
\xf0\xa7N\x1f\xf73r\xdb[=e\xeeX\xb2\x06:\
\x89\xfaP\x8c\xd2\x13!\xcbst;s\xe8\xb6\x16L\
tu\xf1'_\x84\x9f\xe6fQ\x14\xf0\xbe\x92lh\
\xcb \xf2\xbc\xada\x14r\x0eSH\xb8J\x7f']\
\x17\xef\x95\x01\xdc\xce\xab{${\x98\xdb\x8cJ\xd9\x0b\
\x80\x95\x1a\xc6\xab\xb6\x11\x05~\xde#l\x09\xeb\x05H\
!mb\xa6D\xd1a\x10\xe0\xf98\xe8<\x9b\x0aY\
\x1c\xd1!,\xb5([-\x1cr\xf0a\xa8\xc3aa\
aA\x89GXb3\x0b\xc3@\x032\x0a\x02\xe25\
\x84\xb5\xd0\x9d\xb0Uj\x9e\xe71\x01\x8do\x07'&\
\x8b \xea\xe2Ih\xb2\xc9\x10\xff\xebY\x0d\x8c\x12x\
k,\x8d\x015VC\xfc\xb7x\xb7V\xafI\xd2\x96\
\x8fJ_U\x1e\x8dFC\xe4\xe3\xf6\xdbo\xc7\x9dw\
\xdc\x89z\xa3\x8eC\x0e?\x0c\x1b\xb7l\xc2\xbf}\xf9\
?\xb0ur'<\x01Y_\x0d\xbe\xbf\x86\x8e\xf7@\
i\xa5L<\x00X\xe5d\xcd\xd3\xe8\xb5\xbec1/\
\xbcb\xf8\xcb\x1d\x10o\xdb\x82\xbc\xd2\x00D@\xe6P\
.\xb4q\xf4aG\xe0\x98\xe3\x8e\xc6\x8d7\xdd\x8c\x17\
<\xeft\x84\x9d\xfe\x82\xa1\xe7\xe3e\xcb\xb2B\x96\x11\
fff\xe0\x5c\x86\x91\x91Q4\x1au\xdcu\xd7\xdd\
\xb8\xe8\x92\x8b\xe0\xfa\x9b\xf1\xf4<\xde&\x95G\x820\
\xdf\x99\xde\xa9\x91\xf3\xda\x11\xd3LRg\x010\x06\xaa\
\xc7\xa8\xf3\xd3$p\x17\xdf!1&\xbd\xf2'\x09\xba\
\x11-\xb5d\x03>\xa4e\xcb\xc7\xd2\x97\xbfV%\xbc\
\x0fS\x83mr\xb8\xe1\xc6\x9b\xf0\xa3\x1f\xff\x04'\x9e\
|\x22n\xbc\xe5V,\x1b\x1e\xc6\xc9\xcf:\x11EQ\
\xa0\xaf\xd9D\xa3^\xc7\xf8\xf8$&\xa6v\xa3\xafY\
\xc7\xfc\xfc\x02\x96/\x1f\x0bGE3\x19\xcc(\x86\xe5\
/\xcb29)s\xe5\xca\xe5\xd8\xb0q3\x1ex\xe0\
!\xbc\xe4\xcc\x17\xe3\xb0C\x0f\xc5\xce];\xf1\xf1O\
~\x06w\xdcr+\xfaV\xee\x13t\xa7,\x00Tf\
\xf9\xa8\x1aRAv\xf9h2\xa9\x0e<\x8c\xd3\xc5|\
d\xc7\x09\xa9\xd8\xda\x8b^x\xe7\x12\x8e\x04Y\xa4\x84\
\x81\xde~\xe95\xe6\x11\x17y\xee\x9c\xa7\x5c\x11eI\
V\xbd\xf0k= \xee\xe1\x91\xe59\xc6\xc7'q\xe8\
\xe1\x87\xe2\xc9G\xd7bbb\x1a\xc3\xc3\x03X>6\
\x02\x00\xd8\xb8i\x07\xc6\x96\x0d\xa3\xdb-\x91gYH\
\xfa\xad<\xfa\x1ba7\xc0Z\xad\x86g\x9f|$\x1a\
\xf5:\x0e:h\x7f\x5c\x7f\xc3=\xa0Z\x1d\xbe*\x92\
\xb6\x9a\x0e\xa44I\x85\xa7\xe7;\x83\x0d\xe3U\xcf\xb4\
\xeb\x22,\xe7bM\x94g1\x01S#\xc7\x0ac\xde\
\x0fUyP\xaaH\xa2c\xd6!Pb\xc6}\xf4E\
\xa7\xbd\x1e\xc5\x99T\xa6G\x9b\xeb\xfb>Y6\x9e8\
\x0c\x11\xcb\xd9i\x91\xe8\x0f\xcb\x99t\xcb'4M\xa6\
\xb8\xc1\xc6?X\x13\xf6k\x09\xe1\x8c\x8e\xa23\x0b\xef\
\xe3n\xac\x8b\x19\x03\x00\xc8\x97\xbe\x1c>e\xb7\x8b\xaa\
,\x909\x07\xc7\xe1\x7f0([\xe6i#\xb9\xe1\xba\
\xf1F\xcfL\x8d\xb7\xf3\xa0\x01\x8c\x92\x10\x11\xcf)1\
!\x85\x80JH\xe5\xbdN\x0a\xd8\xf0\x99\x0aTt\x18\
<\xc2\x08 \xd2>\xf0<\x1a{\xdf\x0b\xc4\xeaU\xe9\
\x88HHm\xcav\x98\x9b\x9d\xc7\x8e\xe9i\xccG\x07\
\x80\x01\x95\xe7{\x13\xaf\xc4\xf4E\xed\x11\x0b(;\x1e\
\x80'\x8a#\xfdp\x1c*/A\xf3\xf1y\x99\xd6\xf0\
\x1e\xd3\xd3\xd3(\x8b\x12\xc3\xc3\xc3r\xb0\x86\xa5s\xaf\
\xfc\xf0:]\xfbh\xb2\x1e\xd9x\xef\x04\xc8\x06-\xde\
\x97\x88\xd13d\x99\xc3\x9a5k\xf0\xe8\xda\xb58\xf8\
\xc0\x03\xf1\xf0C\x0fal\xc5r\xec\x9e\x9f\xc6\xe7>\
\xfbY<\xbaf\x0d0\x90#\x1b\xe8G\x05\x8f\x12F\
\x9f\xed\x94\x0d3\x86\x8d\xa61>\xdanC\x1f!\x93\
\xf2+\xdd\xbe\xb9J@\x96w\x9dT\xaf\x1a\x12\x15\x0a\
\xd1\x9b.\x0e=\xfcP\xac\x7fj\x03\x0e\xdc\x7f\x7f\xe4\
y\x1e7\xf7ia\xfd\xfa\xa7\xf0\xccg>3\x9c\x88\
I!\xd2\xd1\xe9v12\xdc\x8fV\xbb\x8d\xcd\x9b6\
\xe1\xb2k\xae\xc0\xb6'\x9fB}\x8f\xe5\xe8T\x85q\
\xfa\x22\xf5,\x8d\x1dL`\x82\xe7$X\x87\xa2\xcc\xb1\
\x94\x19c \x06]\x0c\x0d_Qv\x85\xbe\x22\xda6\
58B\xb6J\x93\xfeX\x8ei\x09\xfes\x93<\x91\
\x15{\x08\xab\xb8f\xab\x96\xf0\xa8\xca\x0a\xa0\x0c\xb3\xdd\
\x02\x9f\xfe\x87O\xe3\x15\xe7\xbd\x02\x93\xd3s\xf8\x93\xe7\
\x9d\x86\xd1\x91Q\x1c}\xcc\x911\x87\xc2a\xf5\xea\x95\
\x18\x1f\x9fDUU\xd8s\xcf=011\x89l4\
C\xe6\xb2\xa8o\xbc\xe7Hhg=F\x97\xaa\xb8\x17\
\x85s\x0e\xfb\xef\xb7\x0f\xa6\xa7\xa7\x91e\x19\xb6o\xdd\
\x8a\xb1\xb11\xfc\xf3?~\x06\x1f\xfd\x9bO\xe0\xee;\
\xef\x07\xfa\x87\x90\xe5\x19|7n\x1ceeJ\x1c\x01\
\xedCPi\x8b/J\x7fx\x16=\xd6A\x93\xfcg\
0\xcbLL*mz\xca\xe2H\x81`\x0dK\x0a1\
&R\x04rf&\xd9\x06h\xd9\x8cYT\x05\xc1J\
\xbdvS\xa7C\xd9%<\xf9\xf8\x06\xe4y\x03\xe3\x13\
\xbb1;;\x87\xbd\xf7^\x0d\xe7\x08#\xc3\x83h6\
jh\xd4k\xf0\xde\x01e0\x8c\x99sX\xbel\x10\
\xbe\xf2\x18\xdf5\x8d\xda\x9e\xa3\xa8e\x84\x87\x9f\xd8\x80\
\xbe\xc1~,t;\x89\x5c\xc4\xe5,=\x18\xaa\x12\x22\
\x8f\xb1@\xb1=H\xb0\xdc\x1a(\xcd\xb3\xf2`g\xd5\
\xe8\xb9qB\xc5\x86\x18\x96\xb1 \x1b\xd8\x80D\xd5<\
\xa5\x8f\x01\x8aw\xbc\xa5\xb8\xc8z,\x99\xb4L\xbd\xe1\
\xc5V\x81\xed\x99g'\x80\xd1\x86{c\xa4\x86\x9dy\
J\xd9\xc6K\xaaCs\xc2\xd5*\x1eA,\xb2\xc5p\
I\x8ae\x96\xed*\xc2\x19\xe028\x97\xa1,t\x13\
 \xa9\x0b\xe9gQ\xaa\xbaB\x13PT\xe1\xf8\xd7,\
\xcfA1\x0a\xc0\x1e\x07\xf7B\xc0\x1cP\xe3\x1f\x81\x22\
\xf4+\x10\xde2\xcf6\x9c\xcbs`\x07#\x9dG\xf3\
\xe6?l\x9a\xd8h\xcb\x9c\x89\x8f\x0c\xf0\xdc\x06\xb3\xc7\
\x9e\x0dm\x8b21\x13\x93\xd9dy\xde\xa2\x9c82\
\x80DI\xe1=PVh\xd4r\x9c\xf4\xcc\x1304\
8(\xcc\x13\xe5g\xaf\xcf\xfc\xc9F\x19^\x7f\xf3\xf3\
\xd4CCq6*\xa8g\xea\xbd\x8c\xf8\x19\x10G\x97\
\x8d\xcat\x00_W\xf7G\x0d\x11\xf3\x84\x12\x1e\xc4\x9b\
U\x15\x0e\xfe\xb1\xed\xa6\xb8\x5c0\xeeg\x9fe\x19f\
gg\xf0\xd8\xda\xc7p\xf3\x8d7cf\xf7n\xcc-\
\xcc\xe1\xc9M\xeb\xf1\x85\x7f\xf9g\xbc\xff\xbd\xef\xc5\xa3\
O=\x8e\xfa\xf2!P\x7f\xd8\x0a\x97\xbdm\x0dS\x19\
\xe3c\x05^\xc2\x97LvN\xd4\x89t\x89\xc3\x1du\
&=\xd8\x16\xa9\xcfB\xc2$\xdde\x0cR\x8e\x8c6\
b\xf9\xc8\x0833\xd3\xb8\xf9\xd6[06\xb6,D\
V\xb2\x0c\xf7\xdc{\x1f.\xb9\xe8\xa2 \xdeU\x85,\
sh\xb7Zx\xf0\xfe\x07\xe1\x08\xa8\xca\x02\x0f<\xf8\
 \xfe\xe7\xbb\xdf\x03\xf5\xd5Qt\xbb*\x1fQAE\
x\x0d==\xcb\x8d\xd7\x11;\x8b\xa4\xa7\xe8\xcc\xb0\xb1\
\x8a\xf6\xda*\xab\x87\xda'\x9e\xee\x12\x904\xb4\x0b}\
\xe6\xdf\xea\xb4k\xd9\xfc.\x09]D\x14x\x0fuq\
\x18\xf4>\xbf\xcb[\x8e*\xea\xc6g\xf2:\xf2\xd1\x15\
\xb8\xe07\x17\xe3\xfa[\xef\xc4\xa6M[\xb0a\xd3f\
\xdcs\xdf\xfdX\x98\x9f\x07(\xe4\xac\xf4\xf5508\
0\x80\xb2\xaa088\x88\xb9\xd9yLNM\xc7\x9d\
\x16#\x08\x1b\x15\x04\xbc$\xd5\x12 y/\xedN\x0b\
\xa7\x9ez*6l\xda\x8c\xdb\xef\xbc\x17\xfb\x1fp0\
\xde\xfc\x96\xd7\xe3\xa8\xc3\x0eD97\x8fZ\xbd\x161\
Jc\x1c\x861\xfag\xf5\x0d\xec0B\x13(\xa31\
\xd5\xd5\x02\xf6\xdd\xf4\x19\xfd\xee\x93\xf7}\xcf\xbf\xd4\xfb\
\xaf\xd1\xff\x04\x1d\xd9\xe6(\xe3u\x1a\xd4\x9bU>=\
\xfc$\x0a{|\xa0\xaf\x1f\xd7\xdet\x07.\xbd\xe2v\
|\xfa\x1f\xff\x0bc\xcb\x97\xa1\xdd\xea\x00 \x0c\x0f\xf7\
\x87u\xffe\x89\x89\xc9)T\x14\xf6\xfc@\x054\x1a\
9\xfa\x9b\x0dt;-\x5cy\xd5m8\xf6\xb8Cq\
\xfb\xad\xb7\xa1]T@\x5c:L,\x94I\x93\x0d\x8d\
\xcd\xa8Tg\x98,\xf2\xfb\xe4\x1f-\x81\x9da\xd2\x91\
\xbaOi&S\xee\x14u\x99Gu\xd0(g2\x00\
\x8a\x09\x8b\x9c\x83\xe2\x13\x0cd,V\x8exi\x81\xb6\
\x8f\x00yOD\xc6\xeb\xb3jd)\xf9\xad\xefi\x1b\
{\xd9L\x80\x1ed\x06\xc0C\xf7\xcc\x91\xf6\xc5\xff\xc9\
k^\xebe\xba\xc9\x0a\x00\x22\xb8\xac\x86\x85\xb9]\x8b\
\xf9\xd2\xf3y\xda$@\xa9\xbe*\x91g\x0dd\x8e\x92\
\xa9\x00\xcd\xa6\xd4\xa7}lX\xe2\x5c!\x00\x5cH\xc6\
T\x81\xb0\xba\x17<\xf5\xe8\xa51\x90\x87\x17\xcdh\x84\
tJ\xd8\x86\xb3\xa1sCH\x88\xc6\x89d\x91\xcd\x95\
zpv\xd4\xc5\x9e\x9c\x87\x82\x85\x0d\xb1\xb0\x13\x10\x1c\
\x93\xa0\x8c\x8e\x08U\xa7\x8b\xd5c+p\xf5\x15WD\
~\x04\xefY\x96s\xb0gH\xa6RvFx\xc4\x05\
\x9b\x13ahf\xe8\x13\x84\xdaavv\x16y-C\
\xad\x16\xf6\x16p\xceapp0\x0d{\x01F\xb8)\
\xe9\xafq\x09\x82r8\x87\xb2\xdb\x05b\x7ft\x1a!\
\xf0\xa7*C\xd8\x15\x19033\x83\xad[\xb7\xe2\x9a\
k\xaf\xc5\xa9\xa7\x9e\x82e+\xc6\xf0\x8b\xf3\x7f\x89\xcb\
>\xf2aLOM\x02\xfdu\xd4\xc6FP\xa0\x0a\xeb\
\xf8\xc53s\xa2\x88\xde\xb4\x07\x06\x0cx\x8e/\xf6^\
\xc18Z<\x96\x11o\xfaf\x1fe\x15\xe0>&b\
\xce\x82F\xcaS\xa9\xa2\xac0<<\x8a\xd1\xa1a\x8c\
\x8c\x8e`\xf7\xee)\x8c\x8e\x8e\xe2\xc6\x1bn\xc4\xe1G\
\x1e%N\x1c\x11abj\x12\x07\x1fr\x10\xf2Z8\
\xb3`\xdd\x86\xf5\xd8\xb4\xfe)P3G\x85\x0a\xb2n\
\x9bG*\xc2H\xd3x\xe3\x80$\xedO\x1c>\xf3\x9e\
\x11\x08]\x12\xe6\x8d\xec\xf4\xd0\xcb\x16\x1c\xdf#\xf3;\
\x18p\x0f\x86X\x1eq\x06\x80\xf4\xf1y\x16<\x9f\x94\
\xe15\x16.\xfa \xe4\x05\xc0\x0ewQ\x01\xd9\xd8r\
\x80\x1c\xbe\xf3\xdd\x9f`\xcd\x9aG\xf0\xc6\xd7\xbf\x1a\xcf\
<\xfe8L\xc6\xe3\x94\x89\x1c&wOc\xe5\x8a1\
\xf4\xf7\xf5\xa1V\xcbQU^\xf6\xaf\x08U\xa8\x9c\x86\
&i\xdd\x99s\xe8\xef\xeb\xc3\xf6\x9ds\xc8\xfar\xbc\
\xea\xbc\x97\xe3\xd6\xdb\xee\xc0\xaa\xe5+0<8\x88c\
\x8e9\x16\xdf\x98\xf96\xd6?\xbe\x06\xd4\x1cBV\xeb\
\x0b\xb9\x01\x91n2\x822\xf2\x116\xfd\xb14v\x06\
\xdb\x22\xc5<\xd3\xd0\x90\xc7\xf2\x19\x902\xd8\xa8K\xa8\
\x9e\x8d \xd41[\xcc3\x9d\xfe\xe4\xd4\x0b\xb2\xf2\x1f\
\x0d\x14\xd3\x81\xdf\xd1< \x98>\xf2\x0b\xe1\xc7\xd0\x1e\
\xab\xb0i\xe3:LL\xcd\xa2Q\xcf\xd0\xd7\xdf\xc0\xdc\
\x5c\xc8\xe3\x11\xbaz\x176:\xab\x85\xc9\xbeG\x1f\xdf\
\x84\x83\x0e\xdc\x1b;vLb\xe5\xd8\x10\xce9\xfb\xf9\
\xf8\xe1\x0f~\x89.\xd5 \xc7\x15G\x0fe\xc99f\
\xc1\xb0\xd0\x8e\xf4\xae\x01\x02\x95Nc\xce\xf4\x09}\x8e\
yX\xc9\xf3\xd6\xf03uTf\x98(\x91\xcf\x96i\
\xde\xde\xb3M\x16\xd7:` yi\x957\xef\x91\xed\
;\xd7\xa9H$=\xd0\x10\xbd\x92\xc4i1\x1a]2\
2)\x9b\xde\x11\xe7\x9e\xc4\x07e\xa4\x93\x0eZ\x13\x9a\
\xc6\xf9\x7f\xe7\x1c\xc8\x01\x9d\xce\xac\xf4+\xe9\xa8\xf9,\
r\x00\x14\xaf\x02S[\x0b\x0b\x18\x18\x1a\x06Q&F\
\x82\x0c\xd1\x99$\xc6%2#\xb5x\xd7\xa7@\x1e\x14\
\xca\x0b\x89$\xf9\xc2\x845<3\xc4\x13x\x1b\x05e\
fl+\x8fx\xc9'\xa0\xa4as1=jYE\
\x81Uy\x98\xb6)aM\x88%*\x1cGy(\x0b\
\xf7W\xadZ\x85\xef\xff\xe0\x07x\xfe\xf3\x9f\x8f\x03\x0f\
8@2\x91\x85\x1f\xd6\xb0\xc1\xb6\xd1\x84\xb9\x22s\x89\
\x08UY\xa2[\x14a\x8e]\xc0)x~\xfd\x03\xfd\
\x00Br\x14\x9f\xb0\xc6k\xfa\xb9\xe1F\x0d\x02\xf5\x22\
\xe8\x90\xa30GM\x84\x85\x85\x05\xe4y\x0dy\xdd\xc1\
\xe5a\xad(\x7f\xf8t0G\x04\xef2<\xf1\xf8\x13\
\xd8\xb5k\x07f\xe7\xe702:\x8an\xd9\xc5;\xdf\
\xfb^\xdcy\xdb\xed@\x1d\xc8\x06\x07Q_9\x82\xc2\
W\xe8\x9a-'\x19\x80T\x0a\x94\x0fv\x8a^\xe3V\
\x16\x1c!|b\xc6\xa8\xb8\xa5\x0eZ$2\x82cE\
\xa6n\xbe\xdd\xa3\xe1\xb1\xdar\xbe\x8d\xfd\xf6;\x10'\
\x9d|\x92\xca\x8a\xf7h\xb5\x16p\xd3M7\xe1K_\
z\x15\x00D\x87\x8e\xb0y\xd3f\x1cr\xc8\xa1\xb8\xfa\
\xbakq\xdd\xb57\xa0\xf2\x05:\xed6j\x03\xc3\xa8\
\xc8k]\xac\xb8\xc6\xd9\x88\x17\x93|F\xd6G\x1f\xd1\
Al\x88\x19m#*\x7f\xd2\x15\x91i.\xbe\x87\x1a\
\xe4\x12\x8a+\xc8\xb0,\xf3j\x11\x07\xcd\x13\xe0\xa7U\
G\x13\x80&}\xcc\x1b9\xb3\xed\x95\xe7\x09\xa8\xaa0\
e\x94\x8f\x8d\xe2\xe6[\xef\xc2\x9aG\x1fCUt\xf1\
\xaaW\x9d\x87\x95\xabV\xa1*K\x0c\x0e\x0d\xe2\xc9u\
\xebQ\xcf\xeb\xd8\x7f\xff}\xe4\xe8\xec\xf1\xf1\x09\x0c\x0f\
\x0f\xa1V\xabI\xc6v\x92\xc7bz\xbdz\xe5\x8a\x10\
\x88+J4\x9b\x0d\xbc\xe3mo\xc4\x03\x0f>\x8c+\
\xaf\xbd\x11\xbb\xc6gq\xce\xb9\xaf\xc0-\xb7\xdf\x81\xf1\
\xed\xdbQ\x1b\xdd3N\xe7\xc4\x13\x1a\x8d\xfc\xa8\x840\
\x9aG:x(\xad\x89\x0ds4t\xccWK\x0b.\
K\xe7c\x84\xa6jk(%\xb9\x82\x91\xf0\xc0\xc0G\
\xac\x9a9b\x11T_%~&\xe2\x1e\xc8I\xdd@\
p\xe4\xebY\x8e\xc1\xc1&\xfa\x1a!\xa7\x877,\xdb\
\xb5k\x12\xabW-\xc7\xec\xdc\x1cr\x02\xc6\x96\x8d\xa2\
(+\xf4\xd7\xeb\xd8s\x8f\xe5\xa8|\x85\x9d\xbb\xa6Q\
y\x8f\xe1\xc1A\xb4g\xe6Q[>\x86\xaak\x05\xd8\
\x08\x86\xa1\x05\xf3\x8e\x0c\x0d\xa2PC\x08'\xdd\xb5\xd7\
\x082\x884\x8ei2`\x02\x0c\x1f\x98\xf6\xd1\xf6\xc0\
\xc3\xe6\xd9\xa4\xc2\xa3\xf6\x89\xf5F\xbf\xa9pk\x19\xe9\
@S\x13\x96} \xb3\xc1q\xb5\xffj\xf7\x84\xf1`\
w\x80\x9d<>\x1d\xd0T\x1b\xf1\x8e\xfb!\x03ZS\
\xe6\x22h3\x1a\x0b\xf0j\xbd\x0c\xce\xe5\xf0U\x85n\
kA\x9b\xf24\x9f%\xa7\x00\xec\xa7\xddi\x85M\x05\
2\xddg\x98\x9c\x09\xb1\xf6\x84\x22\x82\xec{s\x89\x92\
f&\xb8O:\xc2\xe7\x10\xb5\xa5]\xcf^oj\xa9\
{\xf5&Zq\xc9\xfc\xb5\xa1\xfe\x1e\xf0\x00\xcch7\
>\xabk\x925\x5cm\x1b\x93\x16\xa1\xc6ipp\x10\
\x03\x83\x03\xb8\xf8\x92K\x00\x84\xf0\xa4*=O\x97p\
\xf3\xac\xa8S\x22\x18v\x14\xc1\xbb\xce1X\xa8\x83b\
\xe9\x1d>\xce\xf5$w$#d\x8a\xc7\x11\x03\xbbw\
\xef\xc6\xd6m\xdbe)\x9b\xcb\xf3pV\x019t\xbb\
\xdd\x90K\x10\xb7\x0bn-\xb4\xf0\xc0\x03\x0f\xe0\xb6[\
n\xc5\xbauO\xa2\xd1\xdf\xc4\x05\x17^\x887\xbc\xf1\
M\xf8\x8b\xbf\xf9k\xdcy\xff]\xa8\xad\x1cF66\
\x8c\xb2\x06t|\x19w\xbf\xeb\xa53\xa2@\x07\x9a\xb1\
\x01KX\xc6\xb4d\xec#\x80(\xed\x83\x94\x17\x99)\
QW~\xdf>g\xb5\x91\xcco\xd2?\xce[i\xcf\
/\xa0\xe8\xb4p\xee\xb9gc\xc3\xc6\x0dxj\xfdz\
\x5c{\xc3\x0d\x98\x99\x9d\xc5\x81\x07\x1e\x80\xa2[ \xcb\
2\xcc\xcc\xcc\x22\xcfs\xac\x5c\xb9\x02\x17]x\x11\x1e\
~\xf8Al\xdf\xb53\xac\xb2\x8b\xc7=s\x15\x22\xeb\
\x22_QP\x19\xd0,88\xd3\x0f@G\xe4\xd6Q\
\x15\xe7 \x86\xf9\x09\xfa\x8c\xfcqH\x96C\xfdZ\x8e\
\x97\xfbv\xfe\xda\xbc\xe7C\x1dpL\xdf\xb0\x95\xae'\
\x92]\x22U\xb3\x0d\xe1m\xe3\xa5\xbe\x98\xb3\x12\xd9Q\
t:\xc8G\x8601\xdf\xc2\x87>\xfc1\x9c\xfa\xdc\
\x17\xe0W\xbf\xfc\x15\xea\x8d::\xed\x0e\xf6\xdbgo\
\xec\xb1\xc7*\x00!\xc4_\xab\x05\xe3\xb4\xb0\xd0B\xb7\
\xd3Md\x9d\xb8\xdd\x5c_\xdc\x9d\xd4e\x0eY\x9e\xe1\
\xa8#\x0f\xc7\xe4\xd44\x0e;\xfc0|\xea\x13\x7f\x8d\
\x7f\xfc\xdc\xc7\xb1j\xf5\x9e\xf8\xd1\x0f\xbe\x83\xd3\x9f\xf7\
|t\xa7v \x9c\x81\xd3\xb3&\x94\xdb\x0d\x07\x89\x98\
\x10\x09\x1d\xa4\xcf\xdeA\xf2tx+\x5cr\xf0p\xec\
\xc5A7\x0c\xa2\xb4<\xa9\x8b\xf7QA\xec\x0d\xa3\x8c\
\xe1%\xa09I\xe2\x0c\xb2\xc8D\xb9\xf0\xea(\x07\xc7\
\x95\x01T\xcb\x08\xcd\x0e\xdc.\xbdGkf\x12\xb7\xdf\
y7\xd6=\xf9\x14\x86\x06\x07P\x96\x05\x08>./\
\xf6\x18\x1e\x1a@\xbd\xbf\x81\x82J8\x02jy\x0d@\
\x85\xa1\xc1&V\xaf\x1e\x83s\x84C\x0f9\x10\xc8\xfb\
\xa0\x01\xfaX\x87\x0c\xc8\x0c~s\xcb}D\xcf\xc4Q\
Lu5\x94\xc6\xd3\x96\xc6\x8e0\xafa\x0c4\x8f\xe4\
c\xffH\x0c\xb4\xde\xe7\x01`\xf8\xabz\xda\x04\x91+\
/z\xe9\x0dN\xb1\x0cp\xfbu\x80(\xbac\x1c\x05\
\xf8\x1e\x19\xb5m1\x15\xf37\xdd&_\xf1\xdf\x08\x09\
$\xe7)\xbe\x14\xa1\xc5$\x11\xb3C\x14\x07\xe1\x22\x93\
*\xcbD!\xfc\xef\xab\x0e\xba\xed\x99\x9e\x16$\xd5\x01\
x\x9a\x08\x80\xfd\xb4\xdbm\xc0\x03Y^\x83\xcb:q\
\xf9\x17\x04H51\xc8\x80\xb1O;\x1f\xed\xa5\x19\x90\
\x85\xfb\x1a\x95!hZk\xe8(\xc1\x81\x93\xdd\x82\x82\
y\x1d\xe1\x18\x83\x18\x9e'\xf8\x18\xe6\xa3\xa4^/\xed\
\x04t\xc4/\xfc\x95\xb7)\xfeW\xa3\x11I\xebI\xfb\
\x00\x22T\xa5\x07\xfa\x1b\xb8\xe6\xfa\xeb\xf1\xd5\xff\xfeo\
,\xcc\xcf\xa3\xd3\xea \xab\xe5`\xe5H\xc9\xc0}3\
\xc9n\xec\x10\x10d\xea#\x1c\x1e\xc4\xf5\xc6~{N\
\xfa\x83\x86\xfb\x12N\x85\xfb\x12\xb2\xa70\x0a\xab\xca\x12\
\xeb\x9e\x5c\x87\xd1e\xcb0::\x82\x81\xfe\xfe\xe80\
\x84|\xb5\xb2,1?\xdfB\xa3\xd1@\xb3\xd1D\xe6\
\x1c\xd6<\x12\x92\xfb\x06\x9b\x83\xc8\xfb\xeb\xb8\xe5\xce\xdf\
\xe37\xbf\xfa5\xee{\xe8^\xa0VC\xde\xdf\x0ck\
\xf8\xab\x12(\xa0t\x11\xc3\x07\x0d'\xb3\x01\x14\x8e&\
M\x86\x18G\xfb\x9e\x95\x05\x16\x103\x02`\x05K\x22\
N\xeaAF\x1e\xa7I8\x829^\xdf\xcd\x1b5\x8c\
\xac^\x81G\x1f}\x1c#\xc3#x\xe2\x89'\xb0\xd7\
^{\xe1+\xdf\xf8\x1a\x9e\xf9\xccg\x80\x88PV%\
2\x9fa\xf7\xee)4\x9aaG\xc3\xbb\xef\xbe\x07\xef\
\x7f\xff\xfb\xf0\xa9/|\x064\xdcD\xe9\x14\xfcB\xff\
\xbd|\x17\xc9t\x1c\x1ee\x14a\xcd6\xed\xb6\xce\x1d\
)]\x99\x04l#x\xff\x8d^9`r\xca\xaa=\
S\xb6\x1a\x1a\xe5\x95\x90\x834z\x94FKH\xeaU\
\xda\x1a\x82\x12\xd4\xf0\xc9\x94\x9f\xd5G\x0f\x90\x0f'Y\
f9j\xcb\xc6\xb0~\xdb.\xbc\xe5\xed\xef\xc5\xcc\xcc\
\x1c\xde\xfd\x9ew\x00\x00\xba\xddn<\x8a6\xac\xa4\x19\
\x1c\x1c\x80\xcb2LO\xcf`xh0\xec=\xe2\x08\
\xa8*\xe6\xba\x18Gk^\xcb\xaaB\x9e;\x14E\x17\
\xb7\xdc|\x1b\xde\xfc\xda\xf3p\xc5\xd8\x08\xae\xbe\xfaz\
<\xef\x8c\x17\x81P\xe1\xe6;\xeeF\xe5j\xc83B\
Q \xf0%:;2\xf5G\xa6\xb3\x9e\x8dz\x1c}\
\x92\xd90(y\xa7\xc7P\xb3\x9e\xf7\xd2\x9f\xe5W\xce\
+\xe0\x88`:\xc0\xe0\x88\x0d\xf3\x87\xb1\x81EGy\
eIn\x9c\x00o\x19\x16\xa2~\xad\xd6,\xe6\xc6'\
q\xffCkp\xf4Q\xc7\xc29B\xa3\x99c\xf5\xea\
p\xbc\xf7\xf6\x1d\xbb@p8\xe2\xc8\x03QT%\x9c\
\xf7\xc8k!\x91l\x9f}\x96\xe3\xd6[\xef\xc5\x8b_\
\xf8,\x8c\x8c\xd51\xd3. \xb1=\xc9\xe6\x8e\x9c\x11\
A\xd4\x9f\x1e\x08Q\x17\xc1f;\x0dbp\x0ev\x1a\
7\xba\xb3D\x82\xff\x8a\xc1j\xd4\x03\x8d8\x92\x0cS\
\x9e\x96\xef\xe5hLC\xe5\xb8>\xdf\x92S\xa3v\xd1\
\xbex\x02\x1f\xce\xa3QF\x83QOc\xef\xc4Np\
U\xbc\x01\x11\x08\xe0]+\xe3\xebV\xc5\x9c\x09\xaf\x11\
\xb7CXk\xeb\x85\xd0\x99W\xa8\x00\x14|x\x17\x96\
+\xbb\xac\x8e\xb2\xe8\xa0*;\x8b\xdage\x0d0\x09\
\xe1\x09NB{\xb1\xb00\x8f\xaa\x0a\xfb\xca\x8bB\x12\
\xcf\x89\x05\xd0ca\x96y\x19\xf3\xb18--`O\
\xce\x18H\x0e\xf7\xebmNz\x08\x01K\xc4k|&\
2\x97!<Zd\xfcCA\x9e\xb7i\x14\xf1\x8b\xcf\
\x90\xe9\xb3\x9d#\x8ah+K+\x10\xe7\xfe\x85AA\
\xa8\xb2z\x1d\xdb\xb7m\xc5\xdb\xdf\xfe\x0e\x8c\x8d-\x0f\
s\xf3\x95:,\x16\xc5eD\xc6\x13t\x1e\x91f>\
)7\xa5\x8b*\x88m'\xf7W\x22\x1eq\xfa \xcb\
2,,,`f:\x9c\xcb^\x96%\xf6\xda{/\
\xacX\xb1\x1cy\x9e#\xcbs\x14e\x19\xde)\x0b\x00\
!\x82177\x8f{\xee\xbb\x0f\xb7\xddq\x07\xbe\xfa\
\xcdo\xc0g\x0e\x17\x5cu\x09^v\xf6\xd9\xf8\xd4'\
>\x81\xfb\xd6>\x84\xda\xb2a\xd0@\x03\x05JTe\
\xa9|\xe3v\xb2}K\x04-\xfa\xed\xc4=\x88\x062\
\x8eL\xc5\xee\x91\xe9\xae\xb8\xbc\x91\xfe\xf1XR\x0e\x95\
\x87\x849\xc38\x8aVO\x22\x09\x9c\xe0fX \x02\
\xaeBHD\xd8\xf0\xc4S8\xf1\xa4g\xa1\xd3\xe9\xe0\
\x9f\xfe\xf9\x8bX\xf3\xe8Z\xdcv\xe7\x9dx\xf5\xab^\
-\xcf\x10\x11\xae\xbf\xe1F\xe4Y\x8e\x1d;va\xfb\
\xeeq|\xf9\x07\xdf\xc4c\x9b\x9f\x02\xf5\xf7\x83=v\
\xe9\x87\xad\x8f\xe9\x10\xf9\x93$\xd8\x09\x80\xf7\xa8#i\
a\x92\xf8\x15\xe9\xc0Ix\x82%:<\x80\x1cZ\x13\
G\xc6\xd2(bPe\x9b\xc5\xd7\x12\xc2$\xdf\x89L\
\x9eOO\x9b\xf8{p\x94\x19\x904\x01U\xca\xf1L\
\x8c`\xec:\xa5C\xd67\x84\xaa9\x8c\xf7|\xf0\xa3\
x\xf3[\xde\x87[o\xb9#\x84\xfa}\x90\xd5V\xbb\
\x8d\xc9\xc9)\x10\x80\xd1\x91ax\x0fL\xcf\xccb~\
~Ai\xe7E\xe8\x84\x06\xde\x87\x13\x1b\x9b\xcd>\x94\
e\x85W\xbf\xfa\x15\xa85\xea8\xee\xf8\xe3\xf0\xcaW\
\x9c\x03\x0f\x8f\x8f\xff\xc3'q\xd3\xb5\x97b\xb8\x91\xa1\
\x98\x9dA^\x0b\xd1\x0a2\xa3\x7fD\xa4ac\xa4Q\
\x80\xf0\x0c-\x16(\xa5\x0f\x0c\xfd\xc0\xf4\x13\xc1\x8d\xd0\
\x12\xbf\xb3aJ\xae;SvJKA\x00R\xb2\x06\
\xe3A2\x18\x16\xe3e0L\xdf\xae\xc0gS\x7f\xf9\
+\xff\x85\xf9\x859\xd4j\x19ff\x16d\xd0\xb4r\
\xe5\x18\x86G\x07\xc2\x8e\xaf\x14\x22+\x9dv\x81\xaa\xf2\
\x98\x98\x9c\xc4\xb5\xd7\xdd\x89\x83\xf6\xdf\x03\xfb\xed\xb7/\
\xaa\xb6Y\x06h\x80 \xa8_\xa4\x92DQ\x01s6\
u|\x92\x87\x0b\x22`\xa6\xef^\x1d\xab\xd8\x1d)\xa7\
\x8a\xf5Yr\xc7\x9e.e\xde\xe4\xaa\xd1\x13\x01\xaa\x88\
I<\x95\xcdb\x95:\x12\xb1_\xb6\x0d\x86\xaeIT\
\x02\x8a\xe3\xc1_\x8b\x91\x09;5\x0d/\xfd\xb1\x13y\
< \x94v\x0a\xc7Il S\x89\xebK\xec\x91\xdc\
\x0c\xe1\x7fr9\xb2z\x1d\xad\xf9)\xf88\xa5\xfb\x87\
>.\x09\xa9\xa6\xb4\x05\x10F\x8aE\xd1E^\x0bk\
r\x9d\xcbBV\xae \xb3m^\x8f\xa7\x12\xdd\x1c\x19\
\xc9[\x97\xab\x87u\xe4\x1d\xd32N5\x00\x14\xe7,\
%K\xdc\xc7\xb2\x19\xec\x85\x9f<\xbfLb<\xc4\xaa\
\x10\x839\xd3\xcf\xceI\xf5\xa2\xb5q\x06\xcc\xc8\x86\x8d\
z\x22\x94\x95G\xd6h\xe0\xc2\xdf^\x80/|\xe1\x8b\
\xd85\xb1\x13Y\xce#\xaa^'\x88\xe1C\xdbnW\
\x17\x08Mz\xc1eI\xf6\xf9\xf4\xab\x07fg\xe7p\
\xf5U\xd7`jj\x0aY\x9e\x81\x10\xf6\x13\x18\x18\x18\
\x88E\x87\xfa\xc2\xbav\xdd\xbc\xe7\xbak\xaf\xc7U\xd7\
\x5c\x83K\xaf\xbc\x1c\x9f\xf9\xc7\xcf\xe2g\xbf\xfe%^\
\xf7\x967\xe1\xab_\xfe\x12\xdaY\x81\xfa\xca\x11\xd0P\
\x13]Y\x22\xc3\xe0\xc4\xed\x85\x18A\xed\xc3\xd2m\x95\
\x10i\xa4$\xcb\x9dL\xc5py\xec\xd13\x86\x1a\xc0\
O\xca\xb5\xbf%\x84\xcd\xce\x80\xca\x81\x0d\xad\x93C\xd8\
\x03\xa0]\xa0o\xa0\x1fo\xfb\xb3\xb7\xe0\xde\x07\xee\xc5\
\xf8\xd48n\xbb\xeb\xf7(<p\xfc\xf1\xc7\xa35\xbf\
 -\xbf\xf5\xb6\xdb\x90\xd7r\x5cu\xdd\xd5X\xfb\xd0\
\x03\xb8\xfd\xfe\xbb@\x83\xfd\xa8Pi\x9b\xa3\xe6\x04\x19\
\xec\xb5\xad&\xf4\xeeL\xfbY\xdb\xb8\xed\xe6\xd0-\xe9\
\x9b\xe3\xf2\xa12\xcfF\x1c,\xefN\x8c\xbbFbR\
\x83f\x8d\xb85U\x88\x0e\xbd\x18\x9c8\xb5\xe7\xe1\x00\
\xca\x00s\xf2\x9bd\xb5\x93\x83\x0f\x84\x94w\xd8\xd0K\
\xc9\x89\x93\x13\xbe\x97\x1e\x80\xcbP\x1b\x1d\xc3\x8f\x7fu\
\x11^\xf0\xd2\xd7\xe0\xfd\xef\xff\x08fg\xe6\xe2\xd1\xca\
\x03\x18\x8b\x870-,\xb4\xe1\xbdG__\x13\xde\x87\
\xbd'\xb8\x0d\x16\x8cYn\x8a\xa2@\xa7\xd3\xc6\xf0\xd0\
`(\x8f\x08\xcbF\x87144\x80\xcf\x7f\xf2\xa3\xd8\
==\x8d\xaf~\xebGx\xc9\xcb\xce\xc5\xf1\xcfx\x06\
\x8a\xe9\x09\x00.\xec\x98\x16wM\x03e\xa1\xdf\x88\xa1\
}1\xec:\x85\x22\xf7\xa2\x91\xf7&\x82\xc2'\xbd\x09\
|\xb3#gpH\xa2\x8c\x86\xa6>\x15\x96\xf8\x8e\xc1\
V\x83\x85b\xbf\x12\x9c\xe0a\x8a\xbd\xee\x93|\x93\xb2\
\x02j}\x0d<\xf1\xf8\xe3x|\xdd:d\xb9C_\
_\x03\xedN\x81\x89\xc9\x19\x0c\x0d\x0f\xe0\x03\x1f\xf9'\
<\xb2\xf6\xa98\xf2\x0f4]\xb7n3\x9eu\xd2\xb1\
\x98\x9b\x9f\xc7\xae\xf1i,_\xbe\x02\xe8t\xe1z\xa7\
\xde\xb8\xdf\xc6`\xd9)+\xce\x1bS\xff\xc4\x86\xda#\
\x1eH4\xd0\x1aW\x9blh\x0d\xa1\xd6*#|\x89\
<F\xa4\x96dA[1\xf4\xb7\xb7\xb9 =\xc6\x1c\
\x1e\xbc[_\x12\x9f\xf1\xdc\x1asU\x8dP\xa8/\x82\
\x80\x07\xcc\x806\xb6\x93\xd4\xb1\x91\xbeGZX\xfb\xc8\
-p\xa2\x7f=Q\x22\xa4NUp\xc8\xc3\xf2?\xb8\
\x0cy\x96\xa3\xdb\x9a\xc6\xff\xcd\xc7\xd1\x22\x92\xda\x9b\xc1\
\xf8u\xda\x9dp\xb2\x9c\xcb\x90\xcccq\x87\x849\x0c\
\xba\xda4\x06\x04\x9bU\xad-\x8fVY\x94Y\xc3\xf1\
\x9c$\xc8JD\xc63T\xa3ORL\xb8\xae\xc6\xdb\
\xb6@\x0c;\xab\x9e\xb1\x1f\xa2\xac\xa2h\xac\xf8$\xef\
r;\xc90\x18\x00J_b\xf9\xaa\xd58\xfa\xe8\xa3\
\xf1\xb3\x9f\xfc\x1c\x9dn\xd7\x00\xea\x12\x04\xe5\xdf\xdc\x1e\
1\xa4F\x91\x88`\xc3P\x92\xa8\x18\xf9!\x86\xd7\x87\
\xdd\xd4Z\xad\x16@\xc0\xb1\xc7\x1d\x83=\xf7\xdc\x13\xfd\
\xfd\xfdZ\x96W\x0f\xb4[\x84\xfd\x1c2\x97\xe1\x89'\
\x9e\xc0\xae\x9d\xbb\xb0\xd0^\xc0\xadw\xde\x86\xff\xfd\xf1\
\xf7q\xd9\x15\xbf\xc3\xc4\xc2\x0c|\x0e\xe4c#(\xeb\
\x0e\x1d\x94a\x1d\xb9\xa1m\x12&e\x17\x89 \xa3\xf5\
\xa4OA\xb2!I5\xce\x8b\xb1\x92P\xbd\xf1\x92\x83\
\x02\x91\x02D\xc2E\xe3\x088\x9e\x12\x12V\x89\x17\xad\
\xa3d\xaf9\x06\x0e\xca_\x07\xf8\x1a\xd0l6\xf1\xcd\
\xef}\x1b\xef\xfe\xe0{q\xda\xf3\x9f\x8f\xef\xff\xef\xff\
\xe2Y'\x9e\x80\xfe\xfe>,\xb4[h\xd4\xeb\xb8\xfa\
\x9ak\xb1n\xc3z\xac\x5c\xb9\x0a\x97\x5cu9(\xcb\
\xd0\xc8\x9b\xf0\xdd\x22N\xb1\x9a\x91\x8ei\xb0\x07dP\
\xe7\xf9\xdf\x04\xb3S\xe3\xa8\xefy\x01r\x9eNH\x9f\
Eb\xac-}\xc8\x96\xcdNB\xa4\xad\x1auu\x92\
u\xbd?\x1b7\x82\x1e\xf5\xca\xff\xa8Q\xb2m%h\
\x19,\x9b\xa2\xc7\x8b\x1cYm\xbf\x07P\x14\x15j\xc3\
C\xa8\xea\x0d|\xe3\xfb?\xc5\xd9/\x7f\x03\xae\xb9\xfa\
\xfa\xb0\x95t\xdcB-\xcb\x08\xb33\xb3\xa8\xd7k\x18\
\x18\xe8\x17\xa5wD\xf1\x98S\x05M\xef}\xd8\x0e\xbb\
Q\xc7\xc4\xf8\x14j\xf5\x1a\x88<\x96/\x1b\xc5\xc1\x07\
\xec\x87\xb9\xb9\x19\xbc\xe6\xbc\x97\xe2\xb4g\x9f\x8c{\xef\
\xbe\x0bG\x1e},\xfe\xea\xa3\x1fE#\xcbQ\xf9\x1c\
.\xab\x05\xf0\x04\xef\xa2\xe6\xa2C\x90F\x07\x92?\xea\
u\x10\xf8/\xee\xdf\x01\xc4)>\xa6\x87\x13g\xccG\
!\x0c\x03\x80\xb4\x5c\xeb\x9e\xf1o2}\xd5\x98d\xca\
\x1b\xdf{]\x84\xd0\xc8\xa4\x1b\xc0\xc2l\x89_\xfd\xe2\
R\x94e\x85Z\xcd\xe1\xae{\x1f\xc6\xb6m\xbb\xd0\xd7\
l \xcf\xfa\xf1\xc0CO\xc4\xb6{t\xba]L\xcf\
\xcc\xc19\xc2M\xb7\xdd\x87v\xab\x83\xe7>\xe78\xa0\
j!=\xe7\x8c\xe7\xd1\xed\x15\xd5Wo\xfe\x12\x07E\
n\xc6V{}\xde\xe2\x8a\x95\x22\xcd\x15\xe8\xf9x\x96\
`\xcd\x03\xeb\x01\x10M\xdd\x02\xebW\xb4[\x1cU\xe5\
\xa5\xc6^%\x9a[\x9e$\xfb\xf5\xb6\xdbi\x8f-\x05\
Df\xcdy5\xc4\xd4!\xfb\x5cj\xda\x0d\x89Ld\
\x9a\xa3nV>\xd4-\xf0\x08S\x8d\xce\x85=5\x9c\
sX\x98\x9d2\x94|\xfaO\xee\x13\xc2#\xfd\x1e)\
\xb6\xb00\x8f\x91e\xcb\x91eN2\xa3E\xaf9\x96\
\x9eL\xb5\xe8|{\xaf8\xf8E-J\x81,\xda\x04\
D\x0e\xc1\x91\x8f\x07\xacD\x0fJ\xee\x05fyGB\
H\xcd\xc06\x06CJ\x8eL\xf7\x1e\xde\xec3\x10\x14\
\xb12\xed\xed\xa1\x82H\x0d\xc0\x99\xed@hG\xdeh\
`|\xdb6\x5cw\xdd\xb5\xf8\xc7\xcf~\x1a\xf5z=\
\xcc{RXS\x9e,uK\xba\x18~W1\x9e'\
<\xa7\x94\x1a\x9a\x18\x13\xda]!\x9e\xd0\x98\xe5\x00\x01\
\xf5Z\x0d.sp.\x8c\xa0*\x0e\xf9x\x8f\xa2,\
\x03\xa8\x02h\xb5[h6\x9a\xd8\xbau+\xde\xf9\x81\
\x0f`\xa0\xbf\x0f\xab\xf7\x5c\x89_\xff\xe2\xd7\xd8\xb6k\
\x0b\x90e\xc8G\x06P\xc0\xa3 \x00U)\xfd\xf6l\
\x94m\xcb\x88\xe9c\x81\x87MI|Qx\xe5YK\
\x22\x09}\xe2T\x01v\xee/-\x7f\x11\xb0\x99z\x01\
\x8akjHh'\xa5$\xb1C\xfbj0\x9c\x1e\x15\
^\xff\xe6\xd7\xe3[?\xfa>\xd6\xdf\xfb\x10\xc6\xf6\xd8\
\x03O=\xf9\x18N;\xf5\xf4\xb0\xe9\x0c<\xee{\xe8\
a\xfc\xfc\x17?\xc7\xeb_\xfbZ\xec\x1c\xdf\x85+.\
\xb9\x14n\xa0/\x9c\xbaH\x917\xd1\xe0rO47\
\x81ET\x1b!\xbf\x8d\xe3\xc7\xf2\x08\xa3O\x10\x19\xe6\
\x14X5\xa8LN\xd9\xdb\x00\x9a\xd3\xc2\xdc\x10\xe7\xd9\
\x8e@\xa5\x8d\x91n\x02\x86\xd1Y\x02I\xfb\xc5.Y\
v\xf4:)\xbe\xb7_\x80\x1ae\xbd\x91\xe0\x1cq\x04\
/\x9c\x13\x00\x10jC\x83\xb8\xe9\x96\xdbq\xe6K_\
\x89\x7f\xfb\x97\x7f\xc2\xdb\xdf\xfe&\x8c\x0c\x0f\xa1\xd3\xe9\
\xa0\xd1l\xe0\xe1\x87\x1f\xc7\xfe\xfb\xef\x83\x81\x81f\x88\
D\x96%\xba\xdd\x02\x83\x03}q\xc0\xc7#l\x8fZ\
^\xc3\xc8\xe80\xca\xa2D\xa7(\xd0\x97\xe7\xe8\x1f\x18\
@\xab\xd5\xc6\xc2\xfc\x02^u\xde\xb98\xfe\x99\xc7\xe3\
\x93\x9f\xfc\x1c6l\xd8\x82\xfd\xf7\xdb\x1f;'\xa70\
9=\x8b,\xaf\xa1,\x0aX,\xb4+*\xb4/,\
\x93\x22i\x09\xdfx\x14*\xbf{\xfa\xcf\xb2l\xa3\x02\
B\xea\xe45\xc5\x22\xafM\x90\xf6\x90\xbd'e\xf8\x88\
O\xf1\x97\xbd\x09\x8f\xaa\xca\x80\xda\x00\xae\xbb\xfeZ\xcc\
\xcf\x7f\x08}\xfdu\x9c|\xc2Q\xe1\xc4\xb8\xca\xe3-\
o<\x0bC\xf1D\xc6\xa2(\xb1\xf7^\xab\xd0h4\
\xe1\x9c\xc3;\xde\xf2\x0a\xcc\xcd\xceaaz\x02\xf0%\
$qQ\xc2\xfbV\xee\xcdT'\xf4\xb6~%\x95-\
\x82\xd0\xc4\x8e\x05\x85\xd6^z\x96\xd2\x9c\x0d%\x1bI\
~Fd\xd6\x1aqD,b\x1b\xa1\xf2M\xc6\xa5`\
'\x80\xcf\xf1\x13\xfdH\x9c\x81\xf8/EM\x13\x11\xe0\
F\x1b\xfd\x96F\xc7\xe8\x07\xac\x13\xa1=R\xf9\x89\xb6\
\xd4\xdbZm^\x9bOt\x8bi\xad\x91\xbc`\x07\xf2\
\xbc\x01_\x95\xe8\xb4v\x1b!I?V\xbd\x9d\xbdH\
\xbdO\xc6\xa7ffv\x03\x8e\x92)\x00m7%\xfd\
\xb1LeOH\x9c*f0\x8f\xd2\xa4m\x95\xd6'\
t\x8e\x82Ty\xc8<\xa77\xf51\xb0\xf5\xcc\x99[\
\xe5H\xea\xed\xa1\x85\x04\x9a\xbc\x8f\xcf\xc6\x07S\x0b,\
\x00\x13-\x8bL\xd1{xTE\x81l\xa0\x0f\xdf\xf9\
\xe1\xf7\xf0\xe2\x97\xbe\x0c7\xdfr3\xf2<\x0b\xc9x\
\xd2\x0e\x9d\xab\xe7\xb2E\xa9\xd9\xb8F\xb0\xe6\xcd\x8c\xc0\
8\x92$$\x86O\x9e\xd7\xc2<\x9d\x0b'>\xc1\x93\
lC\xcb\xe1P\x97e\xa8\xd7\xeb\x98\x9b\x9d\xc5\xfc\xec\
\x0c\x9a\x8d&\xae\xbb\xe9F\xbc\xef\xc3\x1f\xc4e\xb7\x5c\
\x8d\x8b\xae\xb9\x1c_\xfd\xce7\xb0mf\x02\xb5\x91a\
\xd0`\x1f\x0a\xf2B[\x19\x9dDC%t!c\x0c\
\xc8F{\xac\x0b\xe09\xcdA\x9f\xe1\xffY4\x8b\xff\
r\xc8\x9c\x04 9w \xd4\xaf#g\xaf\x1aN\xb1\
\x0e\x1f\xaf\xc56\x08\xcd\x1c\xd4I\x8dex\x87\xb0\x9f\
\x7f\xab\x8b}\xf7\xdd\x1f/z\xd1\x8b\x90e\x1e}\x07\
\xae\xc0\x0dw\xdc\x84\xf6\xd4<\x06j9\xca\xb2\xc2u\
7\xdc\x84Vk\x1ew\xdf\x7f\x0fV\xae\x5c\x8d'\x9e\
|\x1c\xdd\xf9\x05\x95I\xa6\x0b\x19\x1aQ\xf0\xc2\x93\xb0\
=\x10\xaf!5\x14Q\x5c\x99FH\xe6\xed{\x18\xde\
Cw/\x8a\xe3M\xff\xcct\x07\x97\xb9D}d\xca\
\x94d3\x1e\xf5\xca\x8a\x06F\x02;\xb2\xd5\xe9\x05)\
Hx\x1b\x22\x07\xc4\xc9md\xa7)\x88\xa5\x1c\xe9\xf8\
\xd6\x03\xbeB\xb7S\x22\x1f\x1a\x84o\x0e\xe0\xff|\xf8\
#x\xc1\x0b^\x86[n\xbd\x0b\xf5z\x1d}\xcd&\
V\xae\x1c\x93\xb5\xeaY\x96\xa1,*\xec\xda5)\xfa\
#\xe0\xef\xd9\xf6\x12\xea\xf5\x1cUYavn\x1e\x9d\
\xa2@\xa7[ \xaf\xd5\xf0\xf0#\x8f\xe1\xe15O\xe0\
\xbf\xbe\xf2\xefx\xc1\xf3\x9f\x8bn\xbb\x8d\x83\xf6\xdb\x07\
\x83\x8d~\x14\x9d\x16\xb2\xcc\x81\x5c\x0e\x98\xbe\x80\xa7:\
\xe2F@\x1e\xbc-6\xc1\xc7\xd0\x0e\xe7\x11x\xce\xfe\
\x17\xda\x99\xdf\xec\x8c\x99\xe8L\xa0\x03\xe7\xac0\x90\x87\
w\x14N-\xa8:)OxA\xec\x04\xb0 D\xbc\
\xb1z+\x14'P\xb3\x81\x0d[\xb6a\xdd\xbaM\xc8\
\xb3\x0cw\xdf\xbb\x06\x0f<\xb4\x16\xe4\x08\xfdu\xe0\xe2\
\x8b/\x03\x91.3\xde\xb8a;\x8a\xa2\xc0\x99/>\
\x05\xab\xf7X\x81C\x0e:\x08\x94\x13\xd0\x1b\x82N\x0c\
\x07\x8fb\xbd\xdec~\x89\x0e\xf3\x056\xdd\x8a\xaf\xf0\
v\x90\xb8\xd8x\xd9;\xd6\x09\x0f\xddO\xcb^d\xd1\
\xf8\x19\x9b\xa3\xc0OQz=\x1c\x89^\x19^@\x0c\
\x8aLf\x9aD=c,\x8cs\x81XB\x95l\x0e\
\x9dv\xcbF5\x96\xe8\xaf1Z\xbe\xe7\x1a\xe3)/\
\xff#\x97#\xaf7\xd1i\xcf\xa1\xd3\x9eK\x1c\xf7\xb4\
F\xfd\xb8\xa5.j\x9f\xc2\xd5\xd6\xc2B0vY\x1e\
\x13E\x9c\x00\x80}A\x92@\xc8\xa8}o#\xd8\xd8\
\xf6\x82\x0d\xbc\x8e\x0e\xc5N(\xe8\x10\xfbP\x1eIf\
,o.\xa4@\xa0J\xc3!s\xddD#&b$\
ag5x\xde#8\x1c\xc1\x02\xc5z\x0d8\x0b\xe2\
zU\xd8Z\x8e\xaa\x96\xe3\xbe\xb5\x0f\xe1\x93\x9f\xfb\x0c\
.\xbc\xe4\x22\xacY\xb3\x06UU\xa1\xe8\xc6=\xc9\xc1\
e\xa5L \xae\x1b\x10\x03\xc7\xd3%\x0a\xb6\xe1w\xef\
y\x0cl\xac\xc3\x88U\x01\xb0V\xaf\xe3\xb1\xb5kq\
\xc9\xa5\xbf\xc3O~\xf63\xdc\xff\xf0\xc3x\xeb;\xde\
\x86\x17\xbf\xec%\xf8\xed\xe5\x17\x83\x1c\xa1[\xb4\x915\
\x9b\xa0F\x8enU\x84d\x116>q\x0e\xce\x9e\x8e\
e\x9dy\x9dJ!\x95\xcd\xa8\x80$\xc0c\xfa\xa4\xdd\
\x10N\xf2h\x98\x84\x12>\x1a%/e%\x82\xe0\xcc\
u\x83\x89j\x88\x8c\xf17<\x0f\xb8I\xfa\xae\x0bu\
d\x94\xe1\x0b\xff\xf9ox\xe2\xa9'0\xbcb9\x86\
\x97\x8d\x80r\x87=V\xaeB\xad\x96\xa3\xd9\xa8\xe3\xb1\
\xc7\xd6\xa2\xf4@QU\xb8\xe1\xe6[P\x80@u\x17\
\xec\x815\xcaD\xd0\x83Xt\xda\x0aD \xe3^\xfb\
\xd8\x0f^\xc2FK\xf4'I\xa6#\x82\x8f\xd3*\x22\
\x0f\xa6\xcf\xec8,zG\xf4R\xbf\xcb4\x80\xfc\x0e\
!\xe9D5\x89\xf9\xa2F_\xa3\x08\xcc\xbc\xe8,H\
R\x5c4H\x1e\xe2\x08x\x1b\x1e\x17\xa7\xc0\xacM\xb7\
@C@Q\x11*\x97\xa3\xb1b\x0f\xdc\xfb\xe8\x938\
\xe3\xa5\xaf\xc5\x1b\xdf\xfc^\xec\x1a\x9f\xc0\xca\x95ch\
4\xea\xd8\xb8q\x1b\xd6\xaf\xdf\x84\xfe\xfe&\x0e\xd8\x7f\
o\x1d\xa9\xb3\xc13\xd3~U\x05\x8c-_\x86\xfe\xfe\
>l\xdc\xb8\x05}}\x0d\xd4j9Nx\xc61x\
\xc6\xf1\xc7\xe0\xa7?\xbf\x04\xaf>\xef\x1c\xfc\xe6\x97\xdf\
\xc6\xeb_\xfdR\xbc\xfe5/\xc5\xc1{\xef\x8d\xa2\xdd\
\x85o\x17 W\x83\xa7\x9c\x85\xc5\x08\xaf\x09\xe1\xdbk\
>5\xf2\xf6O\xb0#\xf5\x00\xc3.~\xe44\x12\x00\
Kgv\x84\xd9\xb9\xd2\xc8\x8a\xea=\x19|\x8a\xf7`\
d\x8a\x01\x81\xd5\x08A\x1f\xf2Z\x1d\xbbv\xccb\xe3\
\xa6\xad \x22\x1cy\xc4A\xa8\xd5\xea\xb8\xf3\xae58\
\xe8\xe0\x03q\xeb\xad\xf7a\xdb\xb6\x9d2\x80iw\x0a\
\xec\xdc9\x85\x99\x99\x05,,tp\xd8\xe1\x87\xc0S\
\x05\x87n\x04\xb0\x98\x7fb\xe0\x5cW\xaa\xb0\xce3\xae\
(f\xb0\xa16\x93O:\x10@\x94w\x19,\x04\x03\
*x\xc0F\x9a\xfd~\x02\xa8\xe7>\x80\x98KTE\
\xd9(\xc1\xc9\xea\xaa\x8d^\x06Z\x82ul\xbf\xbcp\
\x19fH\xa2\xcdI\x9c\x0c\xe8w\xa1;G-xz\
\xc1>\xe3\x85GL\x1f\xae'q\xdc\xc5~\xc6_2\
\x95\x1a\xcb\x93i\x89\xa8_q\xfb\xdf\xbcVGka\
Z\xe9g>\x16n\xf8\x93\xcc$.\xd5\x1f\x00\xe8v\
\xdaX\x98\x9fC\x96\xe5\x02(\x8eH\x1aH\xa08_\
m+#5\x08\x06\xdc$\xa4!9\x18^:oM\
\xa4$\x86\x90\x8b#\xe3\x9e\xa6\x8b\xb7f\x9d\x86P\x97\
\xec>\x17\xec\x19\x1c\x8f\xdc\xbc*\x8c\xd2G\x0d\x99\x1a\
{\x18\xa3\x15\x9d\x05\xaf\xccW:\xc5w\x1d\x00\xe7p\
\xcfC\x0f\xe3\xdd\xefy/~\xf4\xe3\x1f\xc7\x84\xbbB\
\x22\x08\xa2\x97\x80\xc9\xe4\xd5\xd2\xbc\x84\xef\xa2\x98\xc6F\
\xa6\xebL\x03\xfd\xaa\xb2DQ\x16 G\xc8k9:\
\x9d\x0e\xbaE\x17\xddN\x07\x7f\xfe\xe7\x1f\xc0\x87\xff\xf6\
o\xf0\x9f\xdf\xfa:\xfe\xfb\xbb\xdf\xc2k\xde\xf0\x06\xfc\
\xe8\x87?\x80od\xc8\xfb\xfb%\xc4]\x95e@K\
\xd6\x85\xb8\xb3\xa3\x80\xbe\xd4\x0a\xa1\x9b\x95\x0e\x9fH\x93\
\x1a u$\xac\x11\x8b\xaa\xeeH\xa2\x03dX\xca\x89\
P\x8b\x8c\xa2v<)3\xb0H4\xc8\xac\x12\xe0\xe7\
\xc2\xef`\xfc\xbd\x5c\xa3Z\x06T\x1d\xbc\xe0\xf4\xe7c\
|\xd7\x04\xa8\x9ea\xf7\xeeI\xcc\xb5Z\xf0\xfd\x19^\
\xf8\xe2\x17\xe3\x81\x87\x1e\xc4QG\x1f\x89\x1bo\xbd\x0d\
'=\xe3xP\x93\xf0\xd3\x0b\x7f\x89j\xa8\x86*3\
\x0aj\x22:*\xdb\x91\xd3\x22;\x88\xc9\xf0\x82l\xf0\
\xd0\x11Z\xd2_Br\x8f\xa3\x18\x12a!\x80O\xfa\
\x82y\x9f\x93\xad4\xe1\x0a\xe9H\x93\xe9\x02\xa6\x11\xcb\
 ;\x04<\xc2\x8f\x1a`\x92\x02%\xd4\xeb\x82\xc1\x92\
\xa9\xa0h\xe8e\x94\xcc{\x00\x90\xca\xb0$\x10\xc6\xeb\
\xc9\x9f\xcd\x94$\x02Q\x86v\x91#\xeb\x1fBU\xab\
\xe3\xa7?\xbf\x10\xcf{\xd1y\xf8\xea\xd7\xbf\x07\xe7\x08\
\xfb\xee\xbb\x07v\xed\x9a\xc4/~y\x89\x1c\xd2\xd4j\
u\xb0a\xc3V\x14E\x00\xf9*:\xe5.\x0b\xba\xde\
\xd7\xd7\xc0!\x07\x1f\x80\x87\x1f^\x8b\xcf\xff\xd3\x97\xb1\
{\xf74\x0e9h_|\xfco\xdf\x8b;n\xbf\x1b\
_\xff\xc6\x8f\xf1\x8e\xb7\xbf\x01\xaf;\xefO\xf1\x99O\
\x7f\x0c\xff\xf9\xc5\x8fc\xff\xbd\xf7\x00\x15\x00Q\x0e\xc4\
\xbf\xe0\xbc\x98\x91\xbd\xcf\x10\x8e\x8b\xd6\x9c\x01^)\x10\
\xfel\xfe\x80\x9e\xce\x06c\xb89\xfa\xc29\x17\x1c1\
\x95\x88\x00\x0c\x16\x1aE\xd3\x95QQ&\x8c\xee\xf0\x95\
E o\x8c\x0f\xe3\xdc\xd5W\xdd\x80\xddS\xd3Xh\
\xb5\xb1}\xe78FF\x86p\xc8\xc1\xfb\xe2\xb0#\x0f\
\xc0\xda\xb5\xeb\x91\xe7\xe1\x0c\x90\xa1\xe1&\xa6g\xda\xd8\
\xbau#\xfe\xe5_\xbf\x84c\x8f;\x02{\xee\xb1\x17\
\xba\x9dn4\x9a\x01\xfc4\xc1\x97\x18$M+\xd5\xe8\
.J\xa8\x8b\xce\x80\x87\x07o\x19\xee\xa3\x1e\x88a\x16\
57\xa3sT\xc1\xe8\xfb\x0a\x141L$\x98<\xc8\
W\x86F\xbd\x09s\xfc\x9f\xc5\xedQ\x9a*\xdc$\xd4\
\x8c\x91\xc7\xc4P\x1a\xda\xa7\x95xqRH\xe8\xa0\x98\
\xa1Y\x91\xbdm\x88}\xedq\x06\x92\x8a\xac3\x18u\
,l\x00\xe4\x90e5,\xcc\xecX\xdc@}5\xf9\
\xb8%\xfa\x92|x\xf41;=\x1d\xc2dHG\xa3\
>vFC\xbc\x89\xf5\x84\x8c\x96\xad\x17\x85\xc0\xb0\x80\
\xd7\x11\xfc\xbdO3E#\x8d\xe0}\xdcnU\xd4\x00\
\x95\xf1\xaax\xd4o\xa7\x06\x12sE\xd0\x91\xa5\x11\x22\
\xc1\xdd\xde\x90+[f\xdb\x1f\xe3u\x8a\xc2\xb2\x17\xe1\
=|<\x1f{jz7vn\xdb\x8a\x9f\xfe\xecg\
\xb8\xfe\xfa\xeb\xc3\xfe\xe6\x02\xa2\xa6^\x1b^W\xe7S\
\x00\xda4\x5c\xfaR\xc6\x03Q\x00\xc0e\x19\xf2<\xc7\
\x8e\x9d;q\xfd\x0d7\xe0\xaa+\xaf\x02\x01\xf8\xd9\xaf\
~\x89\xef\xfd\xeagX\xf3\xd4\xe3\xb8\xee\xe6\xeb\xf1\xc0\
\x03\xf7b\xd3\xb6M\xa8\x8d\x0d\xa3\x84GQ\x14\xa1{\
q\xf3\x98\x00B\x86V\x1e\xc6\xf3V\x1b\x22\x82o\x09\
\xc7B\xaa\x8c\x12\xc3b\x81@x\x91\x94\xd7c\x98\x8d\
2\x8a\xce\xb1Q\xed\xdd\xaa*\x1a:-C\x9an\x1e\
\xe06\x93\x18`\x22B\xe5K\xd4\xeb\x038\xebE/\
AU\x16\xf0\x00\xdaE\x17eY`\xf9\x8a1\xec\xb7\
\xd7\xde\xb8\xe6\xfakq\xe9\xa5\x97\xe3\x8e\x87\x1f@'\
\xab\xf0\xe4\xc6\xf5\xd8\xb5u+\x5c\xa3\x1e\xf3M,!\
`\xd6\x93{\xb1\x11\xb2QV\xdcLg1*3{\
I\xed\x06\xa5\xf7T\x16\x082:\x97g\x9c\x8a\x8e\x00\
\x85\xd1\xbb\xe8x%#\x0a\xf9\xae\xcb\xf6\x92\xe9\x9cd\
/{\x92\xe7D[)\x00\x0d\x1b\xf4\xf0\x9a\x1a1n\
W4\xc3\xa6-=\xe5\x92\x8btIW\x18\x90\xf3\xa8\
\xaa\x0a\xdd\x92P_\xb6\x1c\x8f<\xf6\x14>\xf8\x97\x7f\
\x87W\xbe\xf2M\xb8\xee\xba\x9bq\xd2I\xc7b\x9f}\
\xf7\xc4U\xd7\xdc\x88m\xdbw\xa2\xaf\xaf\x81=\xf7\x5c\
\x81N\xa7\x8bV\xab\x1b\x1c\x14\xa7\xed\xf2\x15P\x96\x15\
\x8e;\xee(\x1cq\xe4!\xf8\xfc\x17\xff\x1b\xf7\xdf\xff\
 jy\x86\xd7\xbd\xfe\x5c\x9cy\xe6\xf3\xf1\xd6w\xfc\
=vOw\xb1b\xf9\x086l\xd8\x84Z\xff\x18\x00\
\x87<s\xd2\x9f$\xac\x0f\xdbv\xe3\x04)\xe3\x99\xb1\
B\x0b\xcfK\x0b\x89LY\xc1\x09\xf2F\xbf\xd9\x09`\
Y\x0e\x83\x17\x92DK\x12\x5c\xb2<\xe5\x17\x14\xb3\xc0\
N\x04;\xe4\xf2\xbc\x87/=(\x07.\xfe\xdd\xe5\xd8\
\xbce\x17\x96\x8f\x8d`rw\x0b[\xb6\xee\xc4\xd6\xed\
\xbbQ\xaf\x01\x17_zi\xcc\x03\xe8bdx\x10s\
\xb3s\xd8\xff\x80\xfd\xf1\xd0#\x1b\xb1lt\x08'\x9e\
\xf0\x0c\xf8\xb9p\x1c9\xd7\xed\x13C\xa6X/M\xb2\
\x7f\x82\x1d\x80\xee\xb9R\xc1&\x91\xc9\xa4!\x8f\xe0\xd8\
Q\x10=\x22H\xb2\x1f\xd7\x15\xcb\x91):\x9f \x02\
\xcc ?\xb4\x99\xbf\x0b]\xe3wN\xec5\xf5&\xe8\
\xc2m\xe0\xfa\x8dSFq\xfa\x11\xa4+\xd9\xd8,Y\
~QO\xdb\x92\x1fbc\x22\x1d\xd8>\xca\x83VJ\
x\x1bw\x07\x97e\xc8\xf2:\x88\x08\xed\x85if\xcd\
\x1f\xfd\xf4\xc2\xab\xb4\xa3\x17\xaffg\xa7e\xde\xd9e\
1\x0f\x80\xb1\x96\x05\x5cZ\x19\x0d#7^\xdaMJ\
o\x22\x11\x1c\xd9\xd0\xc0\x12W9\x14M\xae\x86\x85\x1c\
h\x09\x86.\xee\xad\xc8\x81\xf00\x1d\xd9\x8a\xa2Y#\
\xc8\x5c\x10iKKV\xdd\xeb\x01\xd8\xaaBV\x01\xce\
\xe5\xe8,\xb4\xf0\xf0\x83kbbQ<\x14\x07\x84\xca\
W\xf0l\xc8+\xc4\xe9\x063Ub\x1cD\xee\x93\xf7\
a\x0a!\xcb2t\xbb]t:\x1d<\xf8\xd0\x03\xb8\
\xee\x9akp\xdd5\xd7b\xf3\xe6\xcdX\xbfi\x03\xce\
z\xd5\xcb\xf1\xb6\xf7\xbc\x0be\x0e\xac[\xf7$*\x22\
\xb8\xa1\x01\xd0`\x13\x85x\xc7Jf6\xa0<\x8f\x96\
\x18\xdahde._..A\xe0d};\xa0F\
=R\x9b\x7f\x9b\xe5=\x04\xa8q3\x91\xd6\xf4 \x1d\
\xf3\x0c!)\xdf\xf3\xb32\xf0\x22$\x831\x8e\x12\xc4\
~\xf0o_V\xf0\x8d\x0c\x7f\xf7\xf9O\xe0\xd1\xf5\x8f\
\x03\xf5p>}5=\x8bW\xbd\xec\x95xr\xc3z\
\xdcq\xef\x1d\xd82\xb3\x1d\xf7\xdcy3\x1e]\xb7\x0e\
?\xf8\xf1\x8f0\xd7\x9a\x8d\x86\x9e\xfb\x13\xea\xd6\x84;\
!\x1a8\x9c)\xfd\x11Z\xc5v8'\x91\x90\xd05\
\xd2w\xb38Z\x94e\x8d\x08\xf5:hh?\xde\x97\
%\xafL,G\xea\x80\xc5\xf6\x90\xad\xd30_\xdd`\
\x9e\xdb\x8e\xef\xc4\x0c{Y!`\xeb\x84qf\xc5\xe0\
q\x99\xc6\xc8\xbb\x98W\xb0h\xfd|:2\x06/5\
tyt\x18\xe2\x92__\xa1S\x94p\xcd>\xd4F\
Fq\xc1o\xaf\xc6k\xdf\xfa\x97\xf8\xc4'\xfe\x09G\
\x1fq0\xce|\xd1\x0b\xd0j\xb5\xf0\xbb\xdf]\x8b\xdd\
\xd3\xb3h4\xea\x18\x18l\xa2\xd3\xed\xa2\xdb\xedB\xc2\
\xc7\x14N\xae\xac\xaa\x0a\xafz\xe5\xcb\xf0\x89\x8f\x7f\x08\
\xb7\xddq?.\xbc\xf0J\xb4\x16Z8\xef\x15/\xc6\
7\xff\xeb\x93\x98\x9c\x9c\xc2G\xfe\xe6\xdf\xd1\xec\x1b\xc5\
I'\x1d\x07\xc0\xa1;?\x1fO@\x8d\xf8!\xcb\x1e\
3\xed\x07\xe9\x89\x9d\x9a\xfd\x1fi\xc1\xde\x1a\x839\x99\
\xa5\x85\xbc\x22\x80e\x1a=\xb6\x11\x88\x83\x22v&\xa0\
#\xecHo\x89\xa0\x98\xa5\x82z\xf8\x10\x14k\x8dS\
A\x14\xa6\x0b\xb3F\x1d\xeb\x9e|\x12\x9f\xff\xc2\x97\x90\
\xe7\xb5\xb8\xf4\xd2cx\xb0\x0fg\xbc\xe0\x14\x5cw\xfd\
\xcd(\x0a\xa0\xf2\x1e\xcb\xc7\x86\xb1~\xfdF\xac^\xb5\
\x12\x9f\xfe\x87\x8f\xc2{\x8fc\x8f>\x14\x94;\xc9T\
\xf0\x89\x13\xae\xfa\xad\x15'\x00\x8c\x98\xd1m\x0c\xb8m\
2\xdb\x0d6\xa8\xcc\x00.3\x86\x8dm\xf4\xd7\xfc\xa9\
\xf5\xd1\xe74$\xef\xf5\x1a\x10\xf7*`\x17\xc2+\x94\
{\xa6Z,S\x01Y\xde\x97H\x0c\xa5=`\x87\x80\
\x1d\x87\x9e1\x0az V\x06\xd7\xc9G\xa6a\xe3S\
R\x07-\xfe\x97\x00\x90\x83s58WC\xad\xde\x8f\
\xa2;\x8f\xd6\xfc\x14x\xc0\x9b\x14m\xde\xe6\xcf\x92\x0e\
\x00wW\x89\x0c\xcc\xcf\xcd\xa2*\x0b\xe4\xb5\x1c\x19q\
HP\xe7\x00\x036\xdbF2\x08\xab\x90\xda\xa6\x88\xd3\
\x0aH\xbe\x99DUY1\xc482Ay\x9e\xd1\x10\
\x85A\x8a\xe7\xf0\xb9-\x90\xac\x01\xb0\x22q\x9d\x09i\
\xa20\x22\xbe#\xa3\x1eo\xa9\xa0 i\x15\x8a\xa3\x0e\
\x1a\xec\xa8\xe0\x89\xb0\xd0m\xe3\xe1G\x1e\xc2E\x17_\
*\xc7\xccVU\x05\x17=\xb5n\xb7\x83\xa2,\xe3\x1e\
\x0b\x05\xbaE\x17EQ\xc0#\x8e\x82\xba]t\x8a.\
\xbae!\xcf\xdf}\xcf=x\xea\xa9\xa7\xd0\xe9v\xb1\
e\xdb\x0e\x5cw\xf3-\xf8\xf1\xf9\xbf\xc6g\xbf\xf0y\
|\xe8\xc3\x1f\xc4\xd5\xd7^\x097\xd0@Y\x14p\xf5\
\x1c\x9e*x_Z\x82\x88\x812\x9a\xa2\xf46\x8eP\
\xaf\xa8\xe9\xfb\x8cA\x0a.\xd6\x07R\xc3\xc3F\x9aC\
\xde6\xcd\xc5\x80\x86\x95e;x2v\xc6S\xa5\xfe\
\x85I\xb2\x93\x11N\x941\x1e\xedK\xb9<\xdd\xc0\xcc\
\x89\xefv}\x17O>\xf5D8\xcf\xc1#$5\xf9\
\x12{\xed\xbb'\x1e[\xf78\xae\xba\xebF|\xf3'\
\xdf\x07\xd5kxb\xe3z\xdc\xf7\xf0\x03\xc0\xd0\x00J\
_&\xf5\xaav\x93\xb4W@Lh\x16\xdb\xeaz\xbf\
\xeboms,D\x06\xd4\x84\xde(\x80\x8f\xfd\x12\x01\
\x04\xc4\x11\x10@\x80\xf2\xd1\xce##\xea\x8e\xe8-9\
\x9d\xf2a\xfa\x81aTG\xfc^V\xfd\x98\xd1pL\
\x1a\xf4\xe2,D#h\xf2\x03$9.q\x10\xdc\xa2\
r\x82\x13\x12\xd7\xe0\x9bi>\x0f\x8fn\x01\xe4c+\
\xb1sz\x0e\x9f\xff\xfc\x7f\xe0\xe4S\xfe\x14\xd7_w\
+\x0e\xd8\x7f_\x9cp\xc2q\xf8\xc5\xaf~\x87\xbb\xee\
y\x08\x17\xfe\xf6\x1a\xcc\xcf\xcd#\xcf3t\xe26\xc2\
\xbcB s\x19Z\xed.\xf6X\xb9\x12\x7f\xfd\xe1w\
\xc2\x13\xf0\xae\xf7\xff\x1d~\xfc\xd3\x0b0<:\x8cw\
\xbe\xfd\x95x\xd7\xbb^\x87o\xfd\xe0\xb7\xd8\xb0~=\
^\xf5\xf2\x97\xe0\x99\xc7\x1d\x89rr\x02\xd5\xc2BL\
\x0c\xcce\xcf\x00;\xfa\x0f\xcb\x07\xad<\xb0\x91\xcf\xf4\
7c\x07x\xfa\xd3\x86\xf9#o\xe3V\xc3\x9c\x03 \
y\xe0\xcc\x1f\xe3\x10htS\x04\x0e)\xa2Q\xcf\x1f\
\xf49\x0a\xcb0\x9bC\xc3\xb8\xf9\x96[p\xc1\x85W\
\xe2\xa4\x93\x8e\xc7m\xb7?\x8cG\x1e}\x02/?\xe7\
,\xcc\xb7\x0a\xdc|\xeb\x9d\xa8\xd7\xea\xc8s\x87e\xcb\
GP\x96%\x9a}9\x1e}l\x13N:\xf1\x18\xf8\
\xb2\x1b\x92F%\xcf\xa0\xc7\x10\x1a\x15\x90O\x04x\x89\
\xfc\xc2\xfc\x06\x10B\xf7\xc6\x99\xa8\xbc\x18r>|(\
\xcc\xa9{\x10Ub`\xc5\xc1\xf0Ut\x10\xaa\xd8$\
\x8d \x88cB\xa6]\x14\x09\x13\x1d\xf8\xb0\xc3 \x8f\
\xba\xd98\xa9\x03a\xe6\xacA\xf0\x90\xc5g\xc4\xd3\x17\
z\x92eb\xd6Su\x0dm\x93\xef>}\x8c\xeb\xf5\
\x89t\xe8TI\x8f\x0d\x0d\x11\xd2\x0c.\xaf\xc1\xe5u\
\xd4\x1b}h\xcfO\xa2*\x8bE\x86\x9ek\xebu8\
\xc4\xc7Z\xeac\x81\xdd{\xe0\xb0\xc3\x8eBV\xafc\
vf\x06\xadV\x0b\x9dN'\xee.W\x81\x13A|\
4\xa8d\xe4\xd2n\x0f\xeb\x8d\x15V#\xcc\x12\xa3\xa3\
\xfc`\x5c($\xa89\x17\xceG\x8e\xd7*@V\x97\
\xf9*0\xc1G\xa2\xc9H\xd6#\x82\x1f\xb3\xdf\xc7\xd0\
{\xa8\xbc\x82O\x9c+v\x18\x98C\x04\x13r\xf2\xea\
J\xa4\x9e\xa6Q=\x02\xd8\xbb\xad\xca\x0aXh\xa1\xd1\
\xd7\xc4\xeb_\xfbz\xfc\xcfw\xbf\x0b\x979\x5c\xf6\xbb\
K\xb1\xdf\x01\x07\xe0\xa8#\x8f\x0a\xc7uz$+\x06\
\x8a\xa2\x88;q\xe9\xb5\xcd[\xb6\xe0\xe15k\xb0k\
|\x1c\x0f?\xfc0\xae\xbf\xf1\x06<\xfc\xc0C\x18\x9f\
\xdc\x09\xe4\x0e\xa8\xd7\xd1\xe8o\xa2\x84\x8f\xd3\x04Ub\
\xccS\x0f\x05j\x84\x12\x1e(\xfd\x89\xfb\xca\x92\x17\xb5\
\x85\xcco\x9d\xe9Q1\xb3\x10\xa4\xc2\x13\x1f\xec\x952\
\xb6Y^\xfc\xe6\x84\xfe,\xfa\xca\x9e\xf8\xb0\xc5\xb3\xe4\
^\xda\xbd\xd0/\x9dx\x0a\xff\x9a\xe4!\xa20g\x9c\
gp9\xa1^\x14\xf8\xe1W\x7f\x80\xaf}\xe3\xeb\xd8\
>?\x8e\xf1\x1d\x93\xd8\xbem;\xf2\xfe:\xca\xb2R\
\xc53\xc0\xe6\x17\xf5\x9d[\xe2e\xe4\xecM\xb3\x13\xe5\
%\x80\xe0\x84\x8e\xecHz\xa7\xf3\xc1J\x13\xd2\xef,\
h\xd2)\xab\xe6&\xd1N\xdaJ\x89,h\x02\xa7\x8b\
\xbf\xd5\x98\xc8A7\x88m3\xb4\x0d\x18\xd8\xa3\xb4>\
\xed\xbf\xa2\x8b\xb6\x9e\x01\x11\xf6}m\xa1r&y/\
~OF\xd0\x84z\x0e\xb4\xa7g084\x883N\
{\x0e>\xf3\xc9\x0f\xe3\xb8\xe3\x8e\xc2\xee\x99Y\xdcq\
\xe7\xc3hw\xbax\xc6q\x87a\xdf}V\xa3\xd5\xea\
\xa0V\xcbC\xf4\xa4\xe2\x9dh=\xaa\xaa@\xbd^\xc7\
\xba\xa76\xe3\xef?\xf9/\xf8\xfd\x1d\x0f\xe3\xf4\xd3N\
\xc5\xdf|\xe4m8\xff\x92\x1bq\xd9U7\x83*\x8f\
n\xc7#w]L\xcc\xec\xc6C\x0f>\x09\xd7\xd7\x8f\
\xcaG#\xc0\xff\x82d\xdeZ\x85\xffi\x90\xd4\xe6\x8b\
Ht\x93\x7f3Y\xad\xec\x1b\xad\xf4\xec\xccTK\xdc\
\xb7R\xbe\x04\xb8G.zY;\x1aG\xbd\xce\xc1O\
o\xc7\xb9\xaf|%\xe6[-\x9c\xf5\xd2\xb31<\xd0\
\x8fw\xbe\xed\x1c\x9c\xf5\x8a?\xc3Y/z\x01\xfe\xf2\
C\xef\x00\x00\xfc\xfb\x97\x7f\x803_|\x1aP\x01\x93\
\x93\xb3\xd8k\x8f\x11\x9cr\xfa+1\xd5\xa9\xe0}-\
\x0e2\x22\xcb\x0c\x87\xed\x92f\x8e\xe6ZW\x85$\x17\
B[\xad\xf2\x19\xa3\x00\xd1\xc9\x08\xe6\xc3\x98/_i\
\x8f\x19\xd2\xbd:\x0c\xf2>\x19\x22\x0b\x94\x89Q\x0ax\
-\xd3\x10\x22\xa8\x06\xba4\x1a\x11M0\xd8a \xb6\
k@\x98H\xe7\xc8\x858\x19q\x9aA\xa2\x05\x91{\
fZC !\xe2c\xaf]I,\x8cG\x8c\xf2y\
\xb0\x93\xed\xb2\x1cy\xbd\x0f\xf5\xe6\x10\x9a}#\x18]\
\xb1\x0f\xb6\xae\xbf\x03\x13\xdb\x1eW[\xfbG>\x8bp\
\xbb\xf7&7\xd0{\x8f\xbd\xf7\xde\x17+W\xef\x89\xa9\
\xa9)\xb4[-\xb4\xdam\x14E\x81*z@\xdcf\
#\xdfjTY\x18\xbd\xfe2W\xe5\xbb(\x87\xf7p\
\xceD\x0a\x8c-\xe1\x93}A\xc1\xa8\xb3\x8f'DF\
Z\x87\xa8\x0a1CR\xac\x94\xac\x0f\xe97%o\xa6\
\xa6\xde\xb2\xc9\xe0`\x0f\xb1\xf3z\x0d\xbe\xdbEwv\
\x0e\x1f\xfb\xe8\xc7\xf0\xfe\xf7\xff9\x1e]\xfb\x08\xde\xfb\
\x9e\xf7\xe0\xb0C\x0e\xc3\xd7\xbf\xf65l\xdd\xbe\x1d7\
\xdfr\x0b\x0e\xd8o_4\x1aM\xbc\xfc\x15\xaf\xc0\xed\
\xbf\xff=n\xbd\xf56<\xf4\xe8\xa3\x98\xda=\x85\x07\
\xd7<\x84\x1d[\xb7\xa1D\x85\xe9\xf1]\x00\x11\xb2z\
\x1d\xae\xaf\x09\x9f\xb9\xe0\x1b\xdb\xed6M;\xd4PG\
\xda\xf0\x11\xce<\xd2\x8f1Nk8\x95V:\x85\x03\
C\xb7\xd4\x8d\x0ed \xb7\xa8\xfb\x12\xb5\x01(\x0c\xfc\
<\x83\x91\xbe\x9e\xbe\xc2\xe3\x9e\xde;\x86\x1b\x8b\x1c\x00\
c\xa6\xc88pH_H\x14\x8b\x15\xd7\xc5\x90{7\
,\x0b|\xf6\x09'\xe3\x97\x17\xfc\x1a\xe8v\x81,\x03\
\xe5\xb5\xa8\xb8\xd1X\xb2`\xc3\xd0\xc4\xb6\x85\xd4x\xb3\
mfpN\x9c\x05\xd5zHX7\xf5\x5c\x14\xa8<\
 \xa3\xca\xca\xd03\x86\x80Yd\xc3?.%\x9b7\
\xa6\xc1\x9b\xb6yKc\x1eu\xc7\xefLM\x1fa\xd0\
`.\xf7<qB\x18\xd0\x841\x1e\x89\xf3\xec\xd5\xf0\
p{\x94\x96,\x94F\xc1\xad\x11\x95zu\xae\xd9\xe5\
9P\x15\xa8fZ\x18\x1a\x1d\xc0\x07\xde\xfbf\xbc\xff\
\xddo\xc2~\xfb\xed\x85\xa2\xa8p\xebm\xf7crj\
\x06\xe7\x9e}:\x00\xa0\xdd\xee\xc6}K\x5cL= \
t:\x1d\xd4\xeb\xe1H\xed\xff\xfc\xc6\xcf\xf0\xb1\xbf\xfd\
\x12\xba\x0b\xbbp\xfc\xb1G`dl\x1f\xbc\xfa\xbc3\
\xb0}\xfb\x14\xce\xbf\xf8&\xf8\xdcc\xc3\x93\x1b\x80,\
\xc3\x5c\xbb\x00\xa1\x82\xafJ\xa8#\xa0@\xbd\x08DM\
\xe8:\x8dD\x9a\xe9\xca\xc4q\xe0\x1f\xde\xbco)\x1f\
\x1d\x80\x1e\xf5\xd0\xe42\x96\x07/x-\xcfKqq\
\xb4\xed\x1c|k\x0e\x87\x1cv\x10\xaa\xa2\x8d\xd1!\xc2\
\xc9\xa7\x9c\x85\xaf\x7f\xe5\xe3\xf8\xf27\x7f\x82K~{\
\x09.\xfc\xd5\xf7\xe1\x1cp\xeb\xef\xef\xc6o\xce\xff\x1d\
\xbe\xf2\x1f\x9f\xc6\xff\xfe\xe4\x0a\xec\xb5z\x18\xef\xf9\xc0\
\xdf\xe1\x89\xcd\xe3p\xb5\xba\x9c\xd3\x90\xe0\x08+G\xaf\
\xc2\x12\x1bw\xfbL\xc2l\xb5\x1f6\x1a \xc6R\x8d\
0?,\x06V\xc8\xab#\xf90\xe8\xf4\xa6\xdc4\x81\
\x92\xd8\x18\x03\xd0\x8d\xe7By\xce\xf375\xcc@\x8f\
C`il\xc3\xcf\x886\xcd\xf0\xdab\x18\xc5\xfa\x0c\
\x94\x98:\x04\x81\x0d\x7f\xc3Sl\xf3\xe0]\x88&\xe7\
9\xf2F?\x1a}\xc3\xe8\x1fX\x8e\xc1\xe11<~\
\xff\xe5h/\xecf7\x0aK}\xa8\xe7\xbb\xef\xbd\xb8\
\x08F\xa3@\x0d\x0d\x0d\xe1\xd0\xc3\x8f\xc6\xf4\xcc,Z\
\xf3\xf3h\xb5c\x14\xa0*\x03\xd1\xbd\xa6r\xb0\xd3\xa9\
\x04\x03*\xb6\xb3\x8c\x1b\x02i\x84\xb0\xf5\x22%\x0d!\
\xc4\x91:\xdf\xb7\x86)\xfe\xebb\x1d\xcc\x09\x05`+\
l\x91A,%\x92\xe0\xa1\xcf\x02\xbd\x1eX\x8f\x13`\
\xc1\xa9\xc7pz\xf3b\xf8\x1d%\x96\xc2<b19\
\x8d\x15\xabVahd\x04\xeb\xd6\xaf\x03\xba\x05\x8e:\
\xf6\x18\xbc\xf7]\xef\xc6\xc8\xb21L\xcfNa||\
\x12O<\xf68\xee\x7f\xf0\x01\xdc\x7f\xf7=\xe1\x98\xa6\
<\x03\x1au\xb8,\x07\xc1\xc3\xd5k(\xab*\xae\xd3\
\x8d\x1e\xae\x87\xcc\xd9\xb2\xe7\xeb\x99g\x86\xba\x89\x0b#\
\xe1c+\x8c\x14\x853\x8e`\xe35\xcf\xb4c\xd2!\
\x8e(\x12\x0a\x99\xe9\x16\xae\x97\xcc\xd5^\x89K>\xdc\
\x8f\xf8\xb4\xe5\xa1H\x81W\xf2\x13\x13\x9a\x0d\xa4\x04L\
\x0d\x13\xf8\xdc-\x9f\xca\x94\x14\x1c\xdfq.x\xefU\
\x09,\xb4\xe1\x06\x07\x812L\xc3DB\xe9\xab&z\
\x14dI\x0d\xa6\x8fm\xe0\xbe3\x08z\x98w,\xfd\
\xa4\x9f6$l\x08\xe4\xcd\xf7\xd8\x86\xc0\x02\x97\x96\xcd\
\x06\xd6\xb1\xe3\xc0\xfc\xb2\xefP\x14w\x12\x9ey\xaf\xfb\
xp\x98K$\x85\xdf\xe1>\xdb\xb6\xf0\x93\xbcm\xb7\
\x92S\xe9\xcbOG@\xe4\xe3\xae\x83\xb3\xc1\x0a\x12\xff\
\xcc&^)\x7f\xb8?\xe8\xa1\x0d@\xc8\x91\xe5aK\
k?;\x8b\xb1\xd1~\xbc\xeb\x1do\xc0\xdf~\xf4}\
X\xb6l\x18\x17_v\x1b.\xbc\xe8j\x9cs\xd6\xe9\
8\xf7\xec\xe7\x01\x00:\x9d.\xea\xf5\x9a\x94QU\x15\
\x8a\xa2D\xbd^\xc3\x03k\x9e\xc4\x07\xfe\xe2op\xe3\
U\xd7\x03\xf92\x9c\xfe\xc2\xd3q\xf8aG\xe2\xba\x9b\
\xee\xc2\xe3\x0f<\x8e\xe3O;\x19\xc3\xfd\x0d\xdcx\xfd\
\xef\x91\xf5\xd7P\x16]h\xa89\xb6\xbb\x82NY\xb1\
\xe1\x17|3.\xadX2k\xc4\xc2s\xe9\x88m\xf1\
V\xaf\xbc\x95,+\x82\xea\x07\xeb\x82\x1a\x9at\xc2M\
\xa7\xea\x80P\x87s\x19\xaa\x85Y\x1c{\xdc\xe18\xf2\
\xe8\xa3\xf0\x8b\x1f~\x13\x07\x1cv\x12\xde\xfd\xce\xb7\xe1\
%g=\x17/{\xd9[q\xf9\xa5?\xc6QG\x1e\
\x80\x8d\x9b\xb6\xe0\xbf\xbf\xfeS\xfc\xdb\x17>\x86o\xfd\
\xcfE\xf8\xc9\xcf\x7f\x85\xa2\xd3\xc6-\xb7?\x0c\xd7\xd7\
\x08\xba#\x86\x8e\xd26\x12\xe7+\x98f\x1a:\xa8\x0d\
\xb4\xceC\xcf\xa7G\xb8d\xee\x9d#\x03b\xb4\x11\xb0\
@\x0c}J#b,\x10\xe1\x8b\xcf\xb3\xa1\x96\xd1\xbb\
_Tgh\x86\xe6\x0cH\x19\x22\xab\x95\xe0\x9d\x18\x16\
\xcbG\x19\xe1{iBoP6*\x84\xb6\x15\xe9}\
\xd6O\xc6X\xe72\xb8\xac\x8eZ\xa3\x1f\xcd\xfea\x0c\
\x8e\xee\x09_\xcc\xe3\x89\x87\xaeQL7\x1f\xa5\x85\x9a\
A\xd5\xb1?\xf41O8\xe7p\xcc1\xc7\xa3\xf2\x0e\
\xd33\xbb\xb1\xd0Z@\xbb\xdd\x09\xc9nLj\x13\xe2\
OL\x8f\xf7=!\x1f+\xf0Ql\x99\xa1<?\xda\
\xd32oZ\xaca\xcdx\xcfWq\x9bP#\xec\xf2\
\xc0R\xdeP\xafQ\xe1\xa7\x9cx\x8d\xa2R\x16\xed\xcc\
\x1dnK\x0fF&\xf6\x06\xde\xa3F\x0e\xddN\x1b\x15\
\x80\xbc\xaf\x09W\xab\xa13?\x0f\x020:0\x84\x85\
\xf99\xb4\x16Z@Q\x02\x19P\x1f\x1e\x86\xcf\x1d|\
\x166\xe5\x90=\xb6c\xf7\x09\x10\xc7(\xe1\x13\x08\xa0\
JA\xdc\x0a\x99\xe9\x93c\xc3N,\xd8$Id\xe4\
\xbd\x1a4\xa5R\xc2'%\xb2\x979d\xe5o\x04\x7f\
.\x8fhQ)J's\xcf\x8c\x84\x15\xf8\xbdy\x0e\
\x0a\x82d\x0a\xe1\x11h24\xa2\x94\x17\x045\x98J\
\x101\xde.\xce\x8bW\xbe\x84\x84\xbbS\x16K\x99$\
r\xebDQu[]m+\xbf\xad9\x0d*\xaf\xda\
|\x92?\x1dH\x93\xf9\x8b\x00nsk\xe2r[\x8d\
\xce\xf4\x18i\xc9@\x0c\xa1\xc2\xc0S\x002\xe5@b\
\xe8\xc34\x841\x122\x0f\xed\xe5\x1e\xc3Nj\xaf\xd8\
\x19PG$\x89F\xb0L%\x0e\x80\xf2*\x9dn\xf3\
b\xbf\x82\xec\x09\x83\x81\xca\xccUY\xa5\xa20\x8dQ\
\xcb<\x8a\xa2\x83j\xf7\x1c\x0e;\xe6h|\xf0=\xaf\
\xc3\xfb\xde\xfdj\x8cO\xce\xe2\x1f>\xf3M\xe4.\xc7\
\x07\xdf\xff*\x1c}\xd4A\xb2\xfb\xa0s.D\x16+\
B\xbb\xd3E__\x0d\x9dn\x89\x8f\x7f\xea+\xf8\x8f\
\xaf|\x1f\xd5B\x17\xd9\xf2U\x18\x1e\x1e\xc3l'\xc8\
\xdc\xea\xb1\x01l\xdf>\x81\xa2\xdb\x06P\x82P\xc2W\
lH\x98qz\xd2\x9bD\xcb\xc4\xe11F\xc7\xb3\xb7\
\xe0S\x87\x00\xa6\x7fr\x0f\xa6\xfc\x9eg(\x94E,\
c<\xd0b\xfd\x97\xb6@\xf4Y\xa3R@\x96g(\
&\xb7\xe2\xb3_\xfc'\xdc\x7f\xdf\x83\xf8\xdd\xe5\xd7\xe1\
\xf9\xa7?\x07\xff\xfe/\x7f\x87\x97\xbc\xe2\x83x\xe5Y\
\xa7\xe3K\xff\xf61x\x00\xe7\x9d\xf7\x01|\xfaS\x1f\
\xc2\xea\xd5+p\xca\xe9o\xc4\x5cg\x01\xe3\xbb\xe7b\
Ya\xee\xdd\xf7\x0c\xdeD\x1e\xb9\xc1&B\xc6|\x17\
|X2T\xed\xd3\xef\xde^cC\xcb\x0e\x16\xeba\
\xc0\xf0\xe0\x04T\xc9\xfb6i\x5c\x9c\xb4d)\x1e\xdb\
-o0\xdd#\xdd\x1a\x18`\x87\x8ed\xda\x19\x9a\x07\
\x003\x88\x94\xf6\xb2\xeb\x0d\xf0>7\xec7$\xa2-\
|\xea\xb1\x1f\xe6\x0bC-Q\xc8G\xc9\xf2&\x1a\xcd\
\x01\xd4\xfb\x861\xb2|\x1fLn[\x83\xed\x1b\x1f\xfa\
\x7f\x0a\xff\xcb\xac\xef\xd3=\xc0\xf5\xbb8oz\xe0\x81\
\x07c\xd9\xd8jLL\xeeB\xab\xd5B\xbb\xddF\xb7\
\xdb\x95\x91g\xe2\x0d\xca\xb7E]2X\xccP\xcf\x06\
\xa7\x8aB\xcb\x00OB\x185aA\xb2e\xde\xd2(\
\x11\x8f\xfc\x99\xb2\xc2\x88\x08\x1c\xd6\xc8\x09\x98\xc20\x02\
<\x8a\xa3\xf8\x9aG:\x87\xea\xa3AY\x82QL7\
a\x80\xb6\xc9\xb9\xb0L\xa9\xaa|\x08Gf\xe1\xd0\x9e\
\xaa\xd3\x01UQA2\x87\x12qM\xb3\x0b\xc9\x8e\xc4\
\xc6\x8b%\x87\xe1Sm\x94\xd8\x0d\xa1\xb8\x9d\xfb2\xc6\
\x85\x92{JJ\x8b/\xc1~DA\x95\xb9G\xebL\
\xf4(\xb5\x0d\xbd\x93\x5cV\xa3\xce\x12 \xef\x9bg\xa1\
4\xd7\xd13\xcb\x01$\x0c\xe8\xa1\xcd\xe6\xb9=\x0b$\
\xca<\x83@\xaau\xb0Q\x02\xa9\x0f*\x1b\x14\x05\xc5\
\x9b2\xe4\xac\x02\xef\xd3r=\x1bs\x92\xb6\xc4\x17T\
\xeaE\x96x;Y\x8a\xab\x08\x18\x80\xb4\x91lD\xa5\
]\x89\x9c2[\x0cx\xca\xb2 \x17\xe5S\x8d\xb1:\
\x13\xb1N\xaf\x86\xdd>\x1b\xf6\xd6\xe0\xbe:\xb17A\
\x1fH\x7f[b\xfa\xe00D\xa4\x82\x97k\x88u\xc6\
\x10\xb5g)d'\x84\xcb\xf3Iy\x04o\xa65\xe2\
5K\x1b\xa2\x102\x0c\xe0\xa3vT(\x12\x9d\x17r\
\xa8\xd5\x1c:\xed\x12\x98\x9a\xc6I\xa7\x1c\x8b\x0f\x7f\xf0\
\xadx\xf5yg\xe2\xcak\xef\xc6\xd7\xbfu>\xce}\
\xd9ix\xef\xbb\xce\x01\x00,,\xb4\xe2\x86f\x0e\xbe\
\x22\x14e\x89\xccU\xa87\xea\xf8\xddU\xbf\xc7\xa7\xfe\
\xf1\xeb\xb8\xe3\x81\x0dp}#\xa8\xe5aW\xc1Z\x0e\
\xb4\xe6\xe6QU\x05\xe0\x0b\xc0\x9bi\x006\xb2\x1e\x00\
qT\x80\x80\x18\x8a\x86\x8b\xa1y_\x99\xd1\x9f\x86\x8f\
\x13'\xa1\xc7\xd8$\xca$2\xe5\x99\x05\x80\xc9\x0b\x90\
M\xd4\xe4\x1d\x9f ;;\xe22\xfdG\x80\xefV8\
\xec\xd0\x03\xb0\xd0jc\xf7\xf4<\xf6\xddc\x15\xfe\xfc\
\xcf\xdf\x80\x9bo\x7f\x14w\xfe\xfe>\xfc\xe6g\xff\x82\
\xa2 |\xed\xdb?\xc2\xf8\xce]\xf8\xe5\xcf\xbe\x8a7\
\xbe\xe5c\xb8\xe2\xda\x9b1=;\x8b\xc2\xc7\x11\xab\x19\
\xd1\x8b\xd0\x8a>\xa8c\xc0\xa3\xf3\x10=3\xc6\xd0X\
\x0ci[\x22\x7f\xf1\xbe\xd7\xa5\xd0\xe1YCoX\xda\
\xa9\xe1\x05\xec\xe8\xde\xbc\xc7\xd8n\x9fAzM\x9dS\
\x1f#'\x11\xeb\xbc\xde\x0f\xed\xe56E\x5cf\xbc\xf1\
\x15\x0c\x15L\xaeZ\xe8\xa4\xa0\x98\x0c0)m\x83\x90\
R\x01\x9a\xc8\xc1\xb9<n\xfa\xd3\x87z\xdf \x9a\xfd\
\xcb08\xb2\x1c\xeb\xd7\x5c\x8b\x85\xd9\x09\xf4~\x0c\xbc\
/\xfa\xb8Es\x14K|l\x01\x93\x93\x13 G\xa8\
\xe55\xe4Q\x91H\xd19-+\xa4a+\xc1\xe2\x7f\
m\xe8G\x80\x89\x15\xc0+\x90\xf23d\xda(\x02\xe0\
\x11\xf7\x03\xd0\x1c\x00i\x83\xb7\x8c\x0ao&\x19\xee\x94\
\xf6\x97\x89\x9d\xb4\xd3\x8c\xfaE@\x89\xffc\x8c-\xb7\
\x95R#\xa5%3\xa8\xfa\x90\x1c\x88\xa0\xb7e\x11\xf6\
6/3\x87\x22w(\x1c\xa1`\x85\xb5\xa1\xe4\x1e<\
\xe0\xd0\x97)^\x1a\xa0\xebdY\xd1\xd5\x98qr\x9f\
\xb7|\x88\x85\x18\xd2\x1b\x83\x8c\xc4\xb8\xaaJyH\xf6\
;XX\x8d\x82\xc9\xb2?\xa8\x80K\xf4!\x058V\
\x04P\x04\xb0Xv\xf8^%\x9b\xac\x19VB\x97\xba\
\xc5vHf}l\x9bd\xd2\x87\xdf\xbd\x9b\x13\xe9\x1e\
\x04^\xdf\xe3\xe5\x8c\xce\x03\x19i\x1dv\x99#;*\
L\xda\x8cd\xef\x17\x98k\xc4'\xe4\xc5%\x8a<=\
\xaf\x1b\xe2\x11\xc8\xf1\xd1\xda\xda'\x9f\xf4M\xeb\xb5;\
\xfdqF>\xab\x16_O\xde%\x02\xf1z}\x91\x0d\
\x92\xeb\x01\x94y\x9d:\xb7\x87\xe49o\xeaI\x96\xee\
\x11\xc1\xc3\xac}\xa7\xf4\xbb\xac\x8d\x97\xcds\xecJ\x81\
\xb8\x84N\xb6\xd3\xe5e\x84\x81\x80\xba\x92 G\xb2\xd1\
\x8e\x8b[\xf1J\x16|\xd8\x88\x87\xb70\xf6 t\xba\
\x04\x977\xd1\xd8cO\xdcy\xff:\xbc\xf9\xad\x1f\xc7\
\xf3\xfe\xf4\xdd\xe8\x16\x0b\xf8\xc9\x0f?\x05\xca\x81S\xce\
x'\xbe\xf3\xbd\x0b\xd1\xd7\xd7D\xbd\x9eczf\x01\
\xedN8 \xabV\xabcvn\x1eg\xbd\xe8Y\xb8\
\xf6\xd2o\xe2;_\xfak\x8c\xd4s\xb4\xa7gP\x96\
\x1d,\xcc/H\x122\xa0m\xe6\xb6\xca\xee\x87\x9e\x85\
!\xd2\xcb\x85U\x11L\x03\xce{\x90\xd3\xfe<\xd3\x8d\
\x0c\x8dy%A\xe4\x95D\xd8\x18\x09I\xf4T\xa7\x9d\
\x08$\x9b\x15i.\x80\x8fNU\xea\x90\x87OUy\
\xa0V\xc3\xa3\x8f\xae\xc7\x86M[1\xdf-\xf1\xe0\x03\
\x8f\xe3\x97\xbf\xbe\x02\xf5\x06\xb0n\xfd&l\xd8\xb0\x05\
EU\xe2\xbc\x97\xbf\x14\xe3S\xf3\x98\x99\x9d\xc5\xd9/\
}.\xc67\xaf\x07e\x04Ye\x04 l\xce\xc3\xa3\
\xe3\xc8a\xc6\x04\x06}\xc6\x1bv\x9e\xbc\x22\xb7\xd8\x03\
~4\x1a]\xd9\xc3\x1f\x06W\xecR9\x0fH~\x84\
\x18o\xees\x1c\x95G,\x22\x01:\x83?\xa8\xa0\xc7\
\x17\x9b<\x80\xe8\x8cI\xd4\x99\x00\xce/H\xd0\x93 \
\xd18\xc67\xe3\xce\x8b*\xebo\xb6_^\x8b1\xf6\
S\xec\x96\x87\xea\xa1\xf4I\x0b\x22\x17\x92\xc5]VG\
\xbd9\x80n{\x16\xad\xb9\xa9\x84\xc7\xfcy:\xe3\xcf\
m\xb2S\xd8Kz\x0b\xf6~\xe6\x1c\x8e>\xf6\x04\x94\
U\x85\xd9\x99\x19\xcc/\xcc\xa3\xdb\xe9\xa2(\x0ba\xd8\
\x92\x05V\x95\x82\x958\x0a\xc6$\xf4N\xa4G\xa7@\
F\xb4f\xe4\xa7\x1b\x0e%\x9c\x04o\x0b,a\x1e1\
R\xbd\xfd2\xdf\xbc\xa1\x7f\xd2gR!\x93*\xa2\x07\
\xc7}0\xb4\xd6=\xda\x97\xa2Z4:\x80\x1a\x12\x9e\
8\xf4\xa9\x0c\xe83<\x7f\xce\xfd\xf6i'\x16\xf3Y\
%\xae\xb7\x19d\x9c.\x19\xc4\x11$\x1c\xe9\xbdl^\
C\xf1\x9a\x87)\x8bz\xa8\x93\x08\xa5\x19\xb7G\xa5\x13\
O\x96\xbbnG\xec\xf0\x0aH=]\xd6\xae\x91yZ\
\x19$]cZ\xc7\x11 \xa2g\xad\xda\xe6\x93r\xbc\
\x83d\x1d'$4\x8d\xb0}`\x19\xd5\xa9\x07S^\
$L(3\xb6\xc5\x80\x00G\x1bX\xba\x83\x82\xc5\xd9\
;b\x9a\x08LE\xd2\xc6P=\xcb\xab\xe7{\x02\xa9\
\x92S\xa3\xde\x07E\xff\xc7\xc0\x9e'y/\xc8\x95\xd7\
k\x9e\xdb\xc8\xde\x08\x87\xf6\xcd|\xbf\x94\x11\xffe!\
 '\x83-\x8aD\x0a\xf2\x14\xeba\xe2\xf72\xd5\xf3\
HH\x7fK[X\xf0\xb9\xdf\x1e\x06\x02\x12\xc5\x82\x09\
\x85\xc0F\xeddn\x9c\xd7\xe8{ s@\x9e;\xb4\
\xe7J\xa0\xd3\xc2\x0b_x2\xfe\xe1o\xdf\x8b\x92*\
|\xf9?\x7f\x88\xd9\xa9)|\xf63\x7f\x81\xe7\x9e\xfa\
\x0c\x00\xc0\xd4\xe4,&&wcdd\x08\xcb\x97\x0f\
czz\x01\xd3Ss\xf8\xe1\x8f/\xc7\xf5\xb7=\x80\
\x1bn\xba\x07\xad\xce<\x5c\xb3\x0e\xef\xd9\xe1\x89\xa8U\
y$\xc7\xcer(\x80\x18\xbb\xb8\xcf\xd10\x98\xb9k\
\xdd\x22\x1c\xf02}\xe0\x95nLR\x02d\xa4OH\
\xb1\xcf\xfb\xa8\xcf^V8\xe9HVC\xe0\x81\xbf\xec\
\x08G\xba\x11@\xbe\x02Q\x16\xb0\xc0\xd5@\xae\x01\x14\
\x1d\xac\xdac\x0c[\xd7m\xc0\x9b^\xffb\x9c\xf1\xc2\
\x17\xe3\xa0\x83\xf6\xc1\xcb\xcf{'>\xfb\xc9\xbf\xc4\xbb\
\xdf\xf1\x06\x9c\xf0\xec\x97\xe0\xb1'6\x81\xeaqu\x84\
]\x11\x92\xe0\x92\x89\xba\xc9\x17\xee\x93^\xf0\x80\xe4r\
%8ai\xcdOF\xabO\x86\xae*\x98>\x8c\xba\
\x19w\xa4\xdf\xf1_cKl\xb9\x1ai\xf4\x08\xdb\x07\
ksuxi\xea\x96\xd6\xf0\xb4\x8b\x0b\xce\x90O\xdb\
,\xd3\x04\xa23&\x9ajA\xc8\x1b\xe3\x0e#B\x09\
\x1d\xd8\xb6\x85C\x7f\xb2Z\x03\xf5\xe6 \x9a}#\x18\
\x1e\xdb\x07\x13;\xd6b\xfbS\xf7\xe2\xe9\xc2\xffd\xbe\
\x98\xb1mH\xb1Ml\x0a-\xb6-L*G\x84\xb2\
\xaa0==\x85z\xbd\x01\x979\xe4\xb9n\x0f\xbc\x14\
\xb0\xcaE\xe7\xe4g\xc0X\x12c(b\xc0#2\xef\
\x01\xe8\xfao\x01]f\x00\x85\x89\x0b;\x80\x8b\xb8\xdd\
\xe3 \xc4\xef^;\xad\x8cD\xaf\xd5\xc5\xe2=\x00\xb8\
Y<J&\x15&\xa2\x18\xee$y\x9c<_\xd3\xf7\
\x8dj@\x93\xaa\xa2\xd2\xc8\x5cj\x14+3\xb2\x95\xc4\
>c|\xf9x`Q$\x01hS\x91\xe5\xaem\x0a\
y\xe9Z\x18\x88\x18\xc3j6\x9e\xb1\xea\x96t\x80\x09\
\x9c\x18\x7f\xb5\x11j/\x22\xdd\xa5~\xc3Wn\x83\xb1\
a\x22\x85F\x1e|\x8c\x02\xc8\xfc\xb9\xd4\xe1\xe3@\xd3\
\xcb\x06@\xdey\x19H\xc9\xc1;q\xcd\xbfw\x90\x1d\
\xf1\x92cy\xb9/\x0ea\xb4\x1f7\x12\xd2\x0dzB\
=qyv\xdc\xbf\xdf\xc9;\xde\xc5~\xf0\xf3R/\
\xc2\x12+\xfe\x9e\x11|\xe6\xc2\x9e\x03\xdc\x96LGx\
\xa1]$\x91\x02\x19\xc5;'\x1b\x06\x89L\xf0\x16\xbd\
\x12\xa9\x08\xcf\xd9\xcdz(n\xce\xe5c\xdb\xc2(:\
\xacI\xf7\xb2\x03_h\xa3\x1ex#\xc4\x03o]\xcb\
\x11\x02\xb2;\xf6\xc56\xf1\x9a}]\xe7o\xd7\xf5\x87\
\x91\xbe\xecz'\x9b\xe6\xf0\x889\x8c\xec\xed\xae\x82\xc9\
\x06;\xc9f;\xf1y~\x86\xdf\x97\xe7r\xfdW\xb6\
\x1d\x06J\xef\xd0\xe9f\xc8\x06\x86\xd0X\xb9\x1aW_\
\xff0^\xf0\xc2w\xe3{\xffs>\xde\xf4\xa6\x97\xa3\
\x8b\x1a\xce}\xed\xdf\xe2\xac\x97\xbe\x1d\xbf\xbd\xf0Z\x8c\
.\x1b\x84#\x87\xc7\x1f\xdb\x88\x0d\x1bv`rb\x06\
c+F\xb0\xe7~+p\xfasO\xc4\x87>\xf8\x06\
\x1cy\xc8! ^f\x1e\xb2sA\xc8\x93v\x86\xc8\
H\x16\xe8\xe3-M\x9c\xb4;8\x10\xbc\x13#o\xc2\
\x04,\xda\x1f\x01\x1a\xdd\x08\x09\x9d\x81\x0ez\xe0PD\
M\xc1O\x12\xfd\x13\xa7\xb1g\x07F\xd9\xb1\xd18_\
\xde\x87i\xdd\x00I\x15Pu\xe0Q\xa1\xaf\x9ech\
\xb4\x86\x9f\xfe\xf2B\xdcz\xcb\x9d\xf0\xbe\xc2!\x07\x1d\
\x8a\xab\xae\xba\x0d\xddn\x07\xfd\x03M\x0e\xbf\x1aX\xf0\
\xa9\xe1\x88FV\x1c#\x13\x05TxV\xe3j\x07\x85\
\xe2\xd2rTP\xca2\x10i\xea\x0a\xfeT4\xa4\xf1\
\xbd`F\x8cS\xc6u\x99i\x16\xae+\xa4\xa9Ta\
\x8aA(\x16\x9d5\x03c\xda5\x9d\xda\xf6\x1ea\xa9\
:x\x8b\x0e.\x9f\x9ddD\x85\xb4\x03\x0a\xd3~\xdf\
3\x8d\x0a\x1bM\x85\xbcc\x07\x90\xe2\x04\xe45\xb8Z\
\x13\x15\x01\xd3\xe3\x1b\xb5\xec\xa7\xf9\xf8x\xdf\x9a\x05\xb7\
\xe4S\xf1cm\x88\xbd591\x0e\xe7\x1c\xf2\xbc\x1e\
v\xcc\xcaB83y^\xe6\xb8 \xcc\xf5\xf1z\xaf\
\x91\x0e\xfd\x22\xa5\x9d\xb0\x80td\x12\x19(\xe1!\xb5\
\x9fF\x11\x22\xf1\x12C\x0e#5\xec\xdaiX\xde\xae\
\x97\xf7\x89\xf1d\xc5!\xb0\x17FF\xe1\xb8Ej\x9c\
c\xf4\x83\x8d{\x8fa\x96\x22\x0d%)\x1a\xfaEN\
W4\xfe\x1a!0\x85\xf0\x97\x1e\xa7+e\x5c\x9c\x8b\
bn\xc7\xb2$\xc4O\xda0\xf6N\xe5\xbf\x8b\x22\x19\
*\xd0\xf2\x9d\x0d\xa4\x09\xf7s=\xb4\xe8\x9a%\x00w\
\x8f\xcc\xf3=\xef[\xdc\xe2\xc8*\x05oZ\xd6\xd6S\
Z\x06?k\xb7\xe3\xd5\xbf\xf8nr\x8d\x02\x8dX\x86\
\xa2q\xf6\x99\xef\xd9\x90\xc8:/\x002\xc4(/E\
\x9b\xa4\xcf'\x1b\xc3\x91\x13'Dh/\x07\xf7 \xc1\
{bG\xc4\xf9\xb4?d\xa6!\x08\xe2\x1c\xf0\xde\xf2\
\xea\x0c\x18#\x8d\xf4\x19\x09\xe7\xbb,N9\xc4\xb0\xb4\
83\x1ar\xd6\xa9\x05\x82\x97\x8dl\xe2\xe6>\xb1|\
\x8a\x06Y\xf6\xc0'\xee\x93n|\x13\x8c\x1a\x13\xc3\xec\
\x9c\xc7\xbb\xfd\xc5r\xc5\x80\xba`\x14yc\x1d\xf29\
\x88\xf2P\xa6\x0f\x065%X\x9cb\x10g!:\x00\
\xfc\xdde\xf0\xce\xa1*+tZ\x15\xb2\xc1\x01\xd4\xc7\
\x86\xf1\xbf?\xba\x0c\xaf{\xd3'\xb0e|\x01T\x1f\
\xc6\xde\xfb\xed\x8fO~\xee[x\xfd[>\x85u\x1b\
w\xe0\x99'\x1d\x81\x0d\x9b\xb7\xe3\xccs\xff\x06\xaf{\
\xf3g\xb0\xe7\xca\xe58\xf8\xc0\xd5\x98\x9c\x9e\xc3\xbe\x87\
\x1c\x8a\xbd\xf7\xd8\x13\x03\xf5F\x98\xc0\xa0\xe0\x04\x009\
\xe0\xf4\xdc\x80\xe8y\x19\xda\xa9\x03\xe4\x0ds\xc3\x16\xc2\
\xf1\x8c\x13\xb3c\x22\x89\xf0F\xfd\x06\xeb8%\xef\x87\
2\xe23\x9esH\x8c\xe3f\x14J!\x92\xa3P=\
xC$X\xe1\xe1Q\x15\x1dt\xdb\xf3\xc8\xf2\x1c\xbe\
\x03\xdcs\xdfCx\xfc\xf1\xcd8\xe3\x8cSp\xe5\x95\
W\xe1\xa1\x87\x1e\xc7\x1e{\xacBU\xb6\xe1\x5c\x15\xa6\
\x12\x0c\x9e\x89\xd1\x16\xac`\xacg\x1d\xf6!\xcah\x8d\
\xba\xc5Q\x83\xaev0\xa3\xf8(\x13!\xf2L\xc0-\
\x8f\x10UAjP\x93\xc1\x1f \xbb\x09\x92Eo\xcd\
\xa4a\xa8S\x84\x0f9Y)@C\xfag\xc6cZ\
\x96\x909\xde\x91H\xb6\xd2\xc7B9\xf7[;k\x0a\
\xe5\xfb^\x9f\x0b\xfa\x9c\xc3\xb9:\xea\x8d\x01t\x16v\
\xa35?)\xb6*\xb2uQk\x97\xfa\xde\x8b\xf6\xb6\
\xceE\x0f\xf3\xc7\xb9\x0cG\x1e}<\x00`fz\x1a\
\x0b\xed6\xba\x9d6\x8a\xa2\x0c\xdb\xdd\xfa\xde\xeab5\
\xc6 \x87p\x88\x0b\x9e\x17\xa5\x8f\xb2wU\xc1\xc3W\
>\xe9Xx\xcc>\x18\xef\x114\xdcBP\xef\xc0\x84\
\xa8\xa5\xfa%\xfb\xa7w\xb5Xq)M\xfbIZ \
\xfc\xb5\xe5\xdav\xc4'\x17m\xf9h\x96\x86%\xc9\xb3\
DrO|L6F\xea\x8bJ\x7fm\xff\xb9\xdf\x95\
\x08\x8ai\x04|\x04\xcd\x18\x925e\xb0\xe0\x8b1W\
\xf5\x8bdd\x8f\xd48q\xc4\xf7\xf8\x8b*\x88,\xe3\
#,A\xf7\xc8'sQ}5m\x19\xf3\xc0\xd2\x89\
Y*4\xe6\xba,Y\x0cc\xe59\x1b\xb1HT\xd5\
\xa4\xe7\x98\xfa\xad\xab\x93\xfe0\x8c\x8dt\x92\x88\x10\xd7\
\x18\x1b\xa9\xb5\x98g\xb9\xb3=l\x14\x857\x8eo\xe2\
J{28h\x0dA\x5c\xea\xc8\xe1\x0faA|^\
\x12\xfa\x98\xc0Z\x1e\x13P\xc2\xf8\xc8\xcc\x14\x00\xb4~\
\x1f\x92\x18uu\x00\x99\xfb\x01\xd8\xa9b8\xb3\xfaa\
\xf8\xcb\xf3\xa3=\x90\xa0\xdc\x8etE\x1c\x15sf;\
\x97!\xca\xc4\x84\xebe6\xdf\xcb\x84v\xc9\x94HD\
\xf9,\x0f\x05\x96\xed0ep\xc4\x11\x07a\xef=\xc7\
p\xc3-\x0f\xa1\xbb\xb0\x80#\x0e^\x85\xb7\xbf\xf5,\
\x9c|\xf2Q8\xff\x82\x1b\xf0\xf5\x1f]\x03W\x16\xc8\
\x5c\x17\x0b3\x05\xf6\xdc\x7f/4\x9b9\xd6=\xb9\x05\
\xd4\xa8\x07\xfc\x92Q#\x87\x07\xd4(\xc5\xcek\x87e\
\xe4\xa9\xf3\xdf|?\xa8W\xa5\xa4\x80\xc9\xd61\xd3t\
\x8bC\xab\xd1\x00\xda\xf7\xc4\xe60?\xe2\xd4\x03\x10\x93\
\x9f\x0d\xc9<\xe2\x1008\x10,\x8bUQ\xc2\xd5r\
\xf8n\x17\xf5,\xc7\x1b_s6N{\xee\xc9x\xe7\
;\xdf\x82w\xbf\xeb\x1d\xf8\xc7\xcf\x7f\x1a\xcf<\xe9\x85\
\xd8\xb2u\x1cY\xff\xb0\xee\xcb\xe2y\xce]\xe5#T\
\x9cN\xea\xa5_)\x15\x19\x85s\xc8\xd4\x8f\xc5\x17\xe3\
<\xa8\xf1N\xb2\xc0\x02M\x8cM`\x1a\x19\xa1\x97\xf6\
\x86/\x9c\x14(\xc8\x03\x89\x16\xf8\xd8\x0e\xc69n\xa2\
\xf7\x06^\x0d\x9f\xcd\xbf\x9cD\xcdX$S_\xd0\x81\
\xa5\x05\x1bqC\xa4\xae0\xcf\x18\xdaJa\xde\xdf\xe5\
\xc8j}h4\x07\xd1\xe8\x1b\xc1\xd0\xd8\x9e\xd8\xb5\xf9\
\x01\xec\xda\xf2\x08l\xf8\xdf\xe2\xee\x1f\xfa\x10\x11\xf9\xa5\
\xd6\x0c\xda\xee\xf4\xbc\x80\xb0)\xd0~X\xb9\xc7\xde\xd8\
\xbd{\x12\xad\x85\x16\xda\xed\x16\xba\xdd\x22\xecp't\
1\x84\x80\xe7\x0d\xb4\x96\x9c\xa3`\x0ex\xf8d\xda\x8f\
\xc1@\xe6rl\x1b\xc5\x00F\xc2\xb2\x01\x13%0\x0f\
rv2\x91\x96\xed\xec|\x093CI\xa7\x06\xc2\xb6\
7\x0d\xd7\x84\xff\x93\xe0\xb8\xad717\xbdm\xa7p\
1\xcd% \xdd\xf7\xc4XH\x16^\x9d5\xe4\xc7\x03\
8\x9aYx\xa3L\xec%\xb3A\x8et\x12,\xf5\x8a\
\xa7\x95\x8e\xae9\x9c\xa8\xd1\x11N\xca3ep\xf5\x5c\
?\xcb\xb2L\xbe\xf580\x96r\xb1\xf3\x02ZL7\
b\x1e\x93\xc8\x81\x9d\x17\x93\xb6\x8a\x11\xd6\xb6\x08\x9d\xc9\
C\xf7Y\xb7\xed\x8c<\x8a\xef\x8a\xa1\x94\x89u\x88\x82\
Z\x22\xf6f\x80\xc4\x96\xcb%\x93r$\xff\xf5b\x84\
b\xeb$\xc4g\xda\x91v(\x94\xea\x8dA\x84:\x01\
<\xcd\xc3eR4\xf8^:\x18\x9f\xf5&\xe4\x18\x97\
\xfc\xa9!\xd7\xb2\xe4h^\x1f\x84As\x0c\x08\xbcV\
?\x5c\x8b{\xd6\x03\xf0\x15\x1b~\x88#@q\xe9\x17\
o\xc4%\xac\x89}\xf2\xde\x09\xb0%\xcc\xe0\xef\xdeC\
\xb6\xed\x8c\x9e\x9d\xacZ\x00\x1b0Z\x82f>-G\
\x14-3\xd7\x8d\xdc\x88\xc0;\x00aK_8\x07\xdf\
*\x80\xaaB\xde\xdf\x07\xa2\x0e\xbas\xf3\xc0\xec\x0c\x9e\
y\xea\xb1x\xdf\x9f\xfd)v\xed\xee\xe2\xe7\xbf\xba\x01\
k\x1e\xdf\x8c\xca\xd5QV\x15P\xb4B\xf4G\xac\x85\
\x07\xef\xfe\x19rz\xaa\xe8\x81\xeb\x9f,5\xf3\x80\xa7\
\x0a\xba?\x82\x87\xdd\xdc'\xd0\xaeJ\xf1H\xf0\x93\xb5\
\xc9\xf7\xe0\x85&\xafY\x07@\x9d\x08\xed:g\xd0\x07\
]\xf3\xea\xd0\xc9J!\xce\x11\xc8\xc2\x8a\xaf\xaaB\xad\
\x96c\xc5\xe8\x18\xaa\xd6\x04^v\xf6\x9f\xe2\xc2\xdf\xfe\
\x0cU\xa7\xc4SO\xad\xc5\xb5\xd7_\x877\xbd\xf1/\
0_\xd5\xc3\xf4\x15\x1b\x7f\x8b\xc9\x1c*\xa7(\xbd\x86\
u\x02\xcb\x8b\xf0u\x11\x97\xa1s\xe7\xbc\xc7? \xa3\
j\x8d\xb3\xcbw\x91\x1f)\xda\xf0$\xf2M\xe6\xfd\xf9\
7\xb4L\xb5\xc9\x86\x8fBr/\x0c\x0b\x1b\xa0y\xc1\
\xcadC6\xe8\x90\x82\x92\xdep\xff\xb5\x97$\x92`\
\x9e\xb2D\x884\x0ck\xffk\xc8\xeb}h\xf6\x0d\xa3\
o`9\x1a\x03Cx\xf2\xc1+\xd1m\xcd<-\x0d\
\x97\xfa\xf0\xfd|\xa9I\x83?\xf4\x22\xdf\x9d\x98\xd8\x85\
\xd5{\xee\x8dF=\xec?_\x149\x8a\xb2\x84,\xcd\
3\xe5\xea\xd2-\xaf\x82\x16\xaf\xf7\xd6G\xac\xd8\xe4\xe1\
\xaaH@\x82\x19E{\xe5#{Q\x89\x15H;Y\
\xf9\xc5\xc4\x16#i\xbd%\xe5\xba\x1a\x09\xaf7{G\
\xf2\x0c\xb4Vx\xd56i}j\x9cI\x0c\xa0O^\
\xe0zRciC\x03\xb2\x95\xb2\x08\x15T\xd0\x99f\
=\x8d \xa1O\xd0\x02\x16h\xe9\xaby[H.\x0d\
\xf0\x92\xb1.\xa6-\x86\xcc\x99\x96j\xec\xb9\x98\xd8y\
\xbe@0uEJ\xb0\xe2\xf0c\x0c>\x82\xef\xa4v\
Q\xcaQ\x87K\xc2\xd4\x80\x8cjl\xdbY\xc6\xf8u\
q\x1e9\xec\xe6c~\x81\x05\x22N\xd4q<rV\
\x80%\xa8\x83&\xce\x10w\xd3C\xd4\xdbF1\xe05\
Q\x14^\xa7,\xe4\xe9\xd8\xc7$\xf9\x8e\xf8 \x9cH\
m1\xcc04\x0d\x7f>:\x14\xba\x95*\xc1{\x87\
T\x15\xe2\xb3\x15\xa0s\xbf\x14E\xd5)\xcd=\xc2R\
;\x03Q!<O\xf2\x9c\xa2\xa8n\x0f\x1c`2O\
\xdf\xf3\xaa\x1f\xbc\xeb\xa3\xa4\x81W\xbd\xb2A1\x076\
\x1a\x1e\xc73\x91F\x9e\xe0\xe3\xfbV)\xa2\xec\x81#\
?\x0e\x22\xa5\xc9\x1c\xba\xd7\xeb6l\x84\x0c>\xce\xe3\
P_89\xad,K\xf8*\x83k\xf6#\xef\xaf\xe3\
\x9e{\xd6\xe1\xbd7\xfe'\xf6?\xf6P\x1c}\xe4~\
X\xb7c\x16\xf3s\x15\x80.\xa8\xd6\x80\xaf\x0a\x98\xed\
\xceD\x18\x82\xb3T\xc1\x93\xd9\x8e\x16\x88#@\xde-\
/\x9ec\xe2=@!\x01OG\x99Up\x9a\xa4\xed\
\xcc{pIQ\xef\xc5\xc5\x12\x99R\xca\x083\x84\x96\
\xaa\x0f\x06%\xbcrQ\x1cK)\x85q\xd1\xa3\x91\x01\
\x07\xed\xb7\x02\x8e\x96\xe3\xfc\xf3\x7f\x0b\xca\xfa\xb1l\xf9\
 n\xff\xfd\x038\xe7\xa5g\xe2\xf8g\x1e\x8f\x9bn\
\xb8\x17\xf9p\x1fd\xc3\xb7 \xd4\xd2|\x09\xe9{\xa3\
\xcb\x02`\xd6(\xab\x00\xeb\xc6l\xdc*\x95\x0b\x86(\
]{\x9fH!\xd8\x11 \xd3\x0e\xa5\x09\xeb\xbb\x8d\x1e\
$\x84S\xdaz\xfd\xae\x14g[$\x86A\xdb\x06\x0f\
q$D_\xbd\xf4\xdb\x84\xf1\x22\x89l\xb4\x86E\xc9\
\x8e\xe0\x0d^@\xf1\xcd\xb9\x0cy^\x83\xcbr4\xfa\
\x0607\xbd\x15\xdd\xd6L\xf2\xee\x12\x02\x91|\xec\xad\
\xbc\xf7\x99\xa5\xdec\xc1\x11\xfb\x08`aa\x1es\xb3\
\xbb\xd1?0\x82N\xa7\x83</P\x94\x05\xaa\xaa\x04\
`<\xca\x1eg`Qx\x08\x110\x88L\xe5\x95\x10\
]\x05\x1e\xe1{\x04\x13M\xc4`rI\x0b\xc1[\xbd\
\xc2\xabGj\xfbE\x11\xa8Y\xe8\x02h1\xd8S\x94\
Cod2l\xfa\xb2\x88\xc00\xb2k\xa9d\xb2\x96\
\x89w\xa5\xb3FE\x0a\x11\xc4\x86\xa8\xaa1N\x22X\
<BR\x15\xe6\xc2\xa5l\x8a\xcf\xf1\x08T\x8a\xb2\x19\
\xd4\xe8)\x9b\xfb\xe3\x08\x90\xf3\x1c,P\x1b\x88\xb0\x8a\
\x07Q\x1dS\x9e\xe1\x00\xeb\x84\xeb\xed\xad7}\x95W\
\xc0\xec\x10G\xc5\x5c\xb74\xd3\xa9\x90XFT\x1a\x1e\
\x81\xb0\x12\x85\x17\xabX\xbf\xb6\xcbG\xa0\xf6L\x16\x22\
\xfe\xa2\xf5\xda\xd1#\xa9\xb1\x91\xdd\x0f\x1d\x87\xa7\xe3o\
\x1b\x89 6\xecl\xd8TH\xc2c.\x8d\x80\x18~\
'\x94\x22\x1e\xd5\x03\xb2\x5c\xcf3@\x10x\x09\x9d\x15\
\x0f)\xcb\xc8\x80:z\xd1P\xc5l~\x0d52\xed\
X\xf74\x09-\xf4.N-\x10\x97\xe9\xc4\x90\x85\xf7\
\x9d\x90KC\xce\x9c\xa4\xc6N'$\x018a.\xd3\
\x061*\x07\x9d\xea`\xc1`z\x82\xe5;\xb6\x8b\xfb\
\xc4\xd3\x5c\xa1n\x9eo'\x05\x5c\x0fY\xf5\x12\x0a\xd1\
\x84\xc10pgC\xeePy\xa0S8\xb8\xfe\x1a\xf2\
\x91a<\xb5i\x02O\xad\x1b\x07\x06\xfa!\xc6T\xa6\
[\x08a\xcd\xbf\x96\xed\x99~d\xa7\x03\xe24'\xc5\
\xe7\xfd\xe2pu\x90\xc9*\xd0VB\x93j\xa0\xd5\x10\
\x09A\x8c\xfdT\xf3\xafbK\xa0doz\xc6[\x08\
\x1e\xfb\xa8\x1e\x1a\x0d\xe4/q\xb4\xeaC\xc2\xf7\xcc\xdc\
<n\xbb\xfd.\x1cs\xd4aX\xb6l\x14\xab\xf6\xda\
\x07\xe3\xdbw\xe0\xe2K\xaf\xc4\xce\x1d\x1bq\xd8!\x07\
\xe0\xa6\xeb\xeeR\xe7\x98%\x8b\xc8\x8c\x8b\xd8\xa8\x9b(\
%\x00\xbb\xe2\x81!\xd0\xc2h\xd0\xb9J\xf1\x8d#'\
V\xff\x01\x90\x8b\xfd\x14\x9bl\xec\x0a\xa2\x5cF\xa3/\
\x1b\xa0\x99z\x18G\xc4i1\xed\x10\xe3o\xee\xd9\xf6\
\xebX\x81\xcf\x86\x10\xc0\x82D#\x18\x0b\xa3\xee\xb0\xbd\
J\xa2\x1e\xfcL\x12\xdd\x81\xd8\xa2 \xd2!\x97$\x1c\
\x05_C\xad\xde\x87Z-\xc7\xf4\xae\xf5X\xf2\xb3\x84\
\xf1W.\xeb'\xef\xbd\xd9\xfb\x1dK\x5cgA\xda\xb5\
c\x07\x0e>l%j\xf5:\xba\xdd.\xb2\x22GU\
\x96\xe1P\x9a\x88N\x0ct^J2\x04\xf5<\x82\x8a\
 \x1b\xa5]F^`fP\xd8y\xcb\x10\xcd\x91\x82\
\xbe\xb5\xbd\xca\xb4\x08t\xc4\xf2M\xc2\x17\x15\x22\x9e\x93\
\x80\x1a\x13D\xa11Je7\x85\xd1\x04\x93\x9e\xd0\xbb\
en\xe8\x9c\xc8\xa2\xf6\x84\x95\xccD\x12X(%\xcc\
.\x16A\xa8ns\x00\xac}\xb2\x8ae\xc1SCc\
=\xce\x06\x01\xb2Q\x12\x1b@\xee\x09\x1b\x1d\x06U\x82\
\xf4\x95yn\xc8,}d~q\xdd\xc2o\x02$\x1b\
7>#:\xcf\x19\xc1\xa4\xed\x22\xd7\xc3Hh\xfb\x00\
cL\xa5/\xb1V>\x03>\xcee\xb2<07\x9c\
D?`\xe8\x91P\xc5\x18\x98h\x0c{\xfb\xd9Sw\
\xa87lD#\x06]\xca!\xf9\xed\xc5\xe0\x91L=\
\xb1\xee\xb3\xdc\x03\xc6^Ht \x923n\xf1\x8bH\
\xff\xf0.I\x7f\x18\xd4\xd5\xc9Q\x03%Q\x8d\xb8\xdf\
?\xb1\xa1\xe2\x8di\xe0D\xfcy\xe4\xcc1\xa6 \xeb\
\xce\xf0\x80u\x94D\x97x\xe5\x1a\xe0tnY\xcaH\
\xd1\x87\xf5\x9b\x92d8\xa8\xa3\xce\xfan\x1c2p\xd7\
\x89`\xa3\x0f\xf6\xb0*\xbe\x16,\x96\xdd\x8c\x81\xe5\xd8\
\xe68Sx\x86\xd7o\xdaD\x14\x8e\xe4Qp\x09:\
]\x80\xeau\xb8\xfe\x0ce\xc1z\x19\xb2\xfcC\xa5\x95\
\xac\x0c\x0a\x86]u^\xe5\x8c-\x12o\x1b\x1c\xea\x10\
\xe4\xf0\x00G\xe4\xc22\xb2\x88\x95fP\x12+\x86l\
\x93.\x82\xcc;\x00\x921\x8cJ\x0b\x1f\xa3\x11$\xb8\
\x81d\x10\xca\xa0\xa8\x1b\xd8\x04\x9e;0\x9f\x82p9\
\xf2\xe8\xebo\xa0\xd3\xed\xe2\xc9u\xdb\xf1\xd4\xd6\xdd\xc8\
\xeb}\xf8\xe6\xff\xfc\x02\xe7\xffv\x18\xcf<\xfepP\
\xddi?\x98]>\x9d\xc6U\xb5faV#\x1ed\
\x8b\xfb`$9y\xa7\x82,Q\xae\x0c\x1e\x91f\xed\
k?#\xcd\xbd\xd6\xc1\x83@^\x0a\xc8d$6\xf2\
\x9c\xa7b\x90]mt\x8f\xc94X\xbc(\xb4\x0f\x16\
\xabH{\x22Svt\xf2\xa2C\xa2\x83\x05/\xfa\xc1\
\xb6A\xe4C\xe8\x14\xe4\xd8e\x19\xb2\xbc\x8e,o\xa0\
\xd1\x1c@{a7f\xa6v\xf4D\x0e\x16\x1byi\
\xdb\x12\xd7zm\xfd\xa2\x0b\x8b@\xdf|\x9c\xcbp\xdc\
\xf1'\xc1\x03\xd8=\xbd\x1b\x0b\x0b\x0bh\xb7\x16P\x96\
\x05\xca*z]\xd0\xfd\xfc\x03\x19b\xb9\xec\xbd\x9a\xd0\
\xa1z@\x84$\x19\x08\xaa\x14\xe2\x10\xf0\xdc\x1b\x91i\
QO+\xb9\xac%IA\x89W*m\x81*\xa1\x18\
\x14\x16\x96x\x89\x05\xd0\x86u\xe4q\xc5\xec\xc5n\x82\
yW\xc2z\xdc)\xdb\x0fk\x0ba\x0c%\xb8|\xb2\
M\x8b\xc6\x86C\xa9\xe1\xf0L\x1d\x99\x9a\xb0\xbf\xbc\xc3\
\x9d\xe2kJ\x0bo66\x0f\x8e\x0f\x97eC\xf1\xd6\
p\xc6\xebj\x01c\x1f8\xdc\xbd8L)\xa1/.\
\xdb\xd0LFuR&?O\xe0\x88\x04\x17\x16\x00S\
i\xc6\xb2\xc1\xfdRPD\x02\xcaBZ\xe6';\x87\
\x04\xc8\xbc7\x94D\xe6?\xe9\x87\xe9\xe2\x19x\x84\x99\
\x06d\x98\x06\x91V\x06\x11\xb9.\xdb\x09\x1d\x04h\x08\
>\x5c#$K\x14\xa2A\x90\x88\x0f\xd8ps\xf4\x80\
\xebJ\x1d\x00\xfe\x1d\xcae\x80\x8a\xcfz\x0d\xc5\x13\xef\
\xf7\xcf#^\x0f\xf0\x09\x86\x04R\x8c\x8dL`\xa7F\
\xbd^\xee#\xb7\x13\xd2\x1f9\x09Q\x84_j]D\
\xa7\xe4\x9ap&\xf6)\x16\x1c\x1e\x8d\x0e\x80\x84\xd1\xb9\
.\xa8\xcc\xc8\x1e\x08\xda\x96P\xa4\x81L\xf9\xce\xf7\x0d\
z\xd8#g\xe5\xf0\xb3\xb2\x07$\xf9\x9c\x0e\xc0\xcb\x8e\
\x81\x95y\xc0\x07C\x06\x1f\x0deod\x80C\xdb\x16\
E\x006dA/\xcc\x90\xca\xdb\xe1\x95\x17,\x08\xfa\
\xe0Mh\xdeK\x19V'\xb5oaZ\x8fG\xbc\xa1\
]@U\x86)\x8ff\xdf\x00Z\xed.\x089\xf2Z\
\x8en\xa7\x0d\xb4\xe7\x91\x0d\x0c\x06,6Tf\xcc\x13\
\xa3fTC\xeb\x95 \xb7y\x97\x8c\x0d\xe8\xa5)\xf7\
/\xed\xb7Z\x06\xaf\xfa\x0a\xe5\xa7.\x05DB'i\
\xa7\xd1\xdd\xc5\x89}^\xb1\xce[~\xc4?\xa2\x10\x08\
2\xcf\xc8\x00\x0e\xa9X\xf0w\x9e\x0d\x13\xa7\x18\x06\xd3\
\xa3\xcd\x13\x9c\x8bm\xe3\x956\xb5z\x03\xcd\xfea4\
\xfaG1\xb2l\x0fl\xdft?vn~4q\x00\
\xfe_?y\xef\x85\xdeb\x9e\xaeX\x22BU\x95\x18\
\xdf\xb9\x1d{\xee\xb3?\xf2|\x16\x99\xcb\x90eY\x18\
\x19\xf9\x02,\xd6\x9a\xfd\x08\xf9\x9el\xd9+\xb66\x18\
v\x99k\x8e#\x7fJ\xa7\xda!\xe1=Vp\x09\xe7\
\x0b5\xf59\x0e\xddB\xab\xe2\x91O2\xa6\xb5zo\
X\x96$\xa22\xbe\x11_\x10j\x00NG\xfc|I\
\xca\x17\xa5c\xa7\xc6<H\x16\xdaL?\xb8_\xdc'\
\x0bVD\xe2@\xb1\xf0\xd8Q}\xe2K\xd8\xef\xacl\
\xe6\x1d\x0f6|\xb1\xa1\xd1`Y\xc3\x97D\x1d \xaa\
\x05Vu\x08\xe9yt\xa6\x0eHx\xcc'\xed\x08\xf6\
)\x1a\xa9\xde\x85\xa8\x82\x16\x91\x86dj\x22H\xd9\xda\
\xee\xd0f/\x16\xdcK\xf96\x89P8\xcd\xa1;\xa6\
Al\x9f$\x9c\xb1\xbc\xb0\x9d\x11\x86s6\xb6\x91%\
\xf65D&z\xfbbh\x1b\xe9\x0a>\xd3\x85oT\
\xa6O\xccPK\xe7\x0a\xd1\xb1cm\x89I\x8e\xd6\xc0\
\xb3`K\xc2!\x97MP\x91\x22qtxT\x1d>\
\xbc\x0c-\x16\xc39\x01\xe6\x19\x9e6\x91\x1d\xef\xf8\xdc\
..7Nmpd\xc1\xb3,T\xd0\xc8\x92\x882\
GY(\xd8l\x0f\xf9-\x9b/I\xb4\x89\x84N\x96\
6<}\xe3M\xdf\xa4?fI$\xeb\x83*>)\
}#\xb8\xf2ekhS0\xf0\x8a7I\xd2\x223\
/S\xd6\x8b\xce{x\x1e\xf5\xb3 \x90\x0f\xcfW\x00\
\x8f\xd0C\xbd\x0e\x82\x8e|<-E\xcc\x8c#q3\
\x5c\xd0&\x81lW\xc0K\xe0\xd8\xb4\x85a\x97\xed\x02\
O\x99@?\x89\x03\xe6\xc5q\xe0\x08\x22U>na\
\x9e\xa1\xddn!\xec\xc1P\xc2W%\xf2\x1c@\xde\x1f\
\xa6|\x19\x0f\xf9}\xd1av\x84,d\xaa\x92\x84\x01\
\x80WR\x8b=0/\x08\x05=\x9e\xfe\xd0\x1do\xde\
\xaf\x946U\x0f\xee\x00\xd1\xc8{C8m\xb7DL\
\x18\xcf\x10\x07D\xe8\x99Ja\xfd2\x9f\x80O\xde<\
c\xa4H@\xcc\xf3\xb9]\x90\xbdd\x0c5x\xa0 \
S\xbe,\xefDq\xf4_C\x96\xe5\xa8\xd7\xfbPV\
\x1dL\xed\xe4\xb5\xffK[i\xe5\xec\xd3\x7f\x96\x9c\x02\
\xf8c\x05\x10\xf7\x12\xc0\xf6\x1d[\xb1j\x8f\xbd\xd0\xa8\
7\xd0i\xb7Q\x14\x19\xaa\xaaBU\xc5\xa4\x98*\x1a\
\x1d.\x87\x10F\x1d\x09\x93y\x04\xc6\xdf\xa3\x12E\x8f\
L\xb0\x1dF\x17\x89\xc1\x9c\xc2\xbe\xf9\x02\x10^d\x88\
\xe7|H\x11\x1f\x1c\xee\x96\x8eq{\xe2uuX\x00\
9\xad,>\xcb\x86O\xf2\x0a\xbcUJ5\xc2\x89\x13\
b\x98\x9c\x08\x0e\x1br\xae\xc1C\xb6c\x0d\xb7ut\
\xcc\x9f\x00\xc2\xdaV\xf6\xf0\x85H\xa6\xad\xfc\xdbPW\
\x84Q\xc2sFQ\x15\xa4\xa0xi\xdb+\x16\xc2\xeb\
\xf7\xe4\x11\x82\xfdG\xe2\x1e\x92\x1c\x08\xaeT\xdbNi\
\x15\x5c\xaf\x16\xafm\x12\xc7\x86\x8c,\x90\x1aR\x89\x06\
\xf4*2\xd3K\xa9\x03>W\x1bI8\xd9\xc3:\x10\
\xfa\xd1\xd1\xad\x86\xea\xb4\x1e1B\x12V6\xf7\x19\xee\
HG\xb2\x9c\xaf \x98\xc0\xfc&R:A;#2\
\xc1\xc0\xa3\x14\x82\x8c\xfc\xbd\xadC\x89D\xf1\xd0\x1b\xcf\
\x06\x1e\x88\xdf\xf9W\x5c_o\x22\x10\x92\x0c\x197\xac\
\xf1\x9e\x82\xe1g\xe5\xf5\xce\xc8\x96-K\x8d5\xb7\x8b\
\x5c*w\x89\x11\x16G\x00\x89\xf3\xc3\xf2\xbaX\x0eT\
@<\xe7\xd5\x80\x91\xc5\x18}@\xa7I\xc8\x1a`+\
\x00Z\x17\x98^\x91:0Iz\xcc\xec\xd4i\xe7)\
\x04\xa6W\xd4A6~\xde\x81xZ\x807>\x82n\
\x99\x0b*\x0d\x7f\xb5y\xa1Ia\x19\xa4\xe2\x0c\xf3\x93\
C\xfe,\xc5>\xd2\xd5\x1apIv\x00\x19'VH\
\x0e\xaf\xf4\x8e8\xc5\x91I\xd6\xa50\xb5\xa3\x9a\xc2\xa5\
W\x95\x0f}\x89\x22^V\x95\xe5\x10$jb\xc8\x18\
I\xccv-\xb6\x87\xf3\x04\x82\xe2\x10;\xdeP#&\
\x0e\x82\x07\xbc\x18|C*k\xecd\x9a5\xd0\x9f\xb8\
R\xefu=\xb4m\x10<l\x02_\xf8\x0d\xf9\xadX\
\x1c\xe9k\x1d\xfeH\xb3\xd0'\xb5\x11\xdc\x1fk\xca\xc9\
&\x03\x8a\x03\x17u\xc3\x1bi\xf2\xaa\x1bI\x84\x8bu\
\x88\x82L\x84\x83\x7frdy\x1d.\xab\xa1\xde\x1c\xc0\
\xee]O\xa1\xdb\x99\xff\x83\xa3\xff\xa5\xaf\x1a\x1a\xc18\
\x00K=\xfct\x050\x09\x89\x08\x9dN\x1b\x13\xe3;\
1\xb6b%\x16\xe6\xe7\x91\xe7\xb5\x90\x07@.n\xa0\
\xc0\xca`\xe5\xc3d\xa0\x98p\x94\x86\xfe\xa0R)B\
\x1f\x83d\x02\x14F\xba9to^\x96\xe9S\xaf\xe5\
\x8a\x12\xb3\x82D\x01\xb25\xd8Q\x06\x1bs\x9e\xc4\x08\
\xb7)\xb5\x99*\x1e\x10\x88\xf6\xded\x95k\x95^\xe9\
\xce\x1d\x8c\x7f1\xec\xeca^\xb0\x14\xb7\x02J\xb0M\
P'B\x11\xce\x1b\xcd\xa3\x08j\xact\xe9\xe8\x1e\xb0\
\x8c\xf1\xe6\xa7\xcd\xc70\xad\x0a\xef\x93\xfe&C\xac\xb4\
^\x08\xce\xd9\xec\xfc`K\xa2\xe0;\x18\x94\x808\x80\
H\xfa\xc2\xcfhY \xafQ\x22s\x9a\x05\x11;q\
\xdc&h\xd9\xb0S\x12\xb1\xed\x15\x97\xc5#\xdd\xa4S\
\xf2\xbaFH Qd~\x82b\xa8\x80\x15Y\xa2\x02\
\x0c\x01d\xa0\xd2\xf3o\x96\x0d\x8a\xcb\xca\xac\x11\x97\x92\
\xe3\xd4\xb1\x1a\x0bk\xe0=\xe2Y\x021\xe4\x1fl\x90\
\x83n\x0c\x13\x9fu\xb1\x1c\x22Sw\x84,r\xb2\x0a\
@\xf5\x8d\xb4w\xde\x1a\xd0\x10\xba\x0f\xf4`g\x88\xeb\
\x8at\x8aJ\x97\x18V\xf6\xca\xa0\xb4\xb7+\x18\xc0\xed\
\x8c\xde]\x92\x8cK\xa4+\x0a\x10\xf5\x83<\x88\xf2\xd4\
 \x0b\xafb\xbfe:\xcb\xacd\x88F\x22\xa2p\xbc\
\xd6;%\xc0\xc6\x87G\xef%\x0bJ\xecK\xec\xa8L\
\x93\xf1\xb2\xbd\x80s\xec\xd4\x06C\x9b\x85\xfb@\xf8\xee\
Kp\xe4%\xf4\x89\x93\xfe\xb8\xec\x0a\xb2C\x22o\xc7\
-\xe1kn\x1b\x89\x9d\xd5\xfc$\xc6\x0d\x92\xb6\xf9h\
hX\x87\xd5g\x0f/I\x18\x1a\x80\xaf\xd8\xc8\xf2$\
\x84F\x08a\xaa\x8d\xc2.\xfe\x910\xddH,c\x10\
glh\xb3\x14\x08\x19M8*\xe4M^\x84-1\
\xc1\x17\x13\xed\x14\x1e\x18\xa7C\x9d\x02\x9dRHK\xd2\
\xdf\xb6lUj\x0f9\xac\x09\x06O+.\xd3>\xca\
TB\xd4!\x98vD\xd9\xe3\x01\xa5\xafT\xffm]\
R\x9a\x17\x9d\x0c\xeda\xc7\x82\xa2\xba\x04\x1du.C\
\x96\xd5\x90\xd7\xea\xc8\xeb\xfd\xf0\xbe\xc4\xf8\xb6\xc7\xb99\
\xff\xef\x1f\xf3\xd2\xa2)\x80\xff\xeb2\xcc\xf7m[7\
cl\xf9r4\x1a\x0d\x94e\x89\xa2\xc8\x90U%\xc2\
V\x93d\xe4\x97\xad-E\xc1T\xb1ac\xef\x8du\
\x91\xb9$QL(\xc1e3v;\xab\x94\x1aH\xc0\
\x18\x1f\xaf%\xaa\x223\xa3tD*\xe6!J[\x10\
x\xb5\x00\xe9\xb4\xa5j\x88\x84\xec\x88C\x9e\x11\x84\xbc\
7FC\x82\xf5F\xe0\xf5\xecz\xce\xb2\xb6^)\x1b\
 \xdb&;\xe3aZ\x8c\xf4\x8a\x1d\xe1D\xc5\x96\xd1\
'go\xabbH$CF\xeb\xb1\xbfb\xd0\xa2\xaf\
\xdb\x1b\xb2\x8f\xedb\xa3\x9b\x84U\xc5\xb8s\x1e\x02\xc5\
\x80\x80\x22\x90\xec1\xc0'\xbe\x09`\xb11%ik\
8!Q\x9b\xa8mS\xda\x0b\x99@b\x90\x95_\x10\
[\x07O\xf0Y\xbc`\xc2q\x5c\x17\x1b*\xeb\x14\xf6\
\x02\x9e\x80\xab\x94\x09]\x99\xc6O\x0b\xb8\xb2\xe1a\x8f\
\x82\x94\xb1\x89\x11\xd2\xdf\x94\x91\x8ef\xb5X\xf0\xe8\x5c\
:\xeb\x19\xb6(ma\x9c\x12\xd0D;\x80\xe2Nu\
\xac\x8e\x88F\x87@r\x80](\x93\xb7\xad\x8d\xf2\xcf\
z\x1c\x1d\x01\x894\xf0\x9f\x18\x1dnh\xb8N\xce\xc1\
W|\x5c,;\x10A\xd6\xb9/\x816&\x9a\xe0a\
\x22\x110\x11\x82\xc8\x1b\xde\xa7\x99\xd2\xbaz#\x08\xe1\
:\xafd\x80\x99nb\xa3\xabz\x1d\xea\xe1$-\x82\
M\xa2\xf3B,\xe6@0\xee\xe1'\x1b\xd0\xf8n\xb2\
\x16\x9c\xe9S\xc5\xfe\x05\x04\x08K\x05+)K\xa2a\
<\x07\xcd\xed\x88\xb2\xc2Q\x80\xc0\xc0\x10%@l\x92\
\x06\x12\x22~y\xa7e\xb3L\x91\x8e8\x11\xe51\x19\
1\x03I\x14C\xe4\x0f\x80N\xd5\xc6\xf7%\xf7A\x95\
O\xa3\xf8\x06K\x04gSj(\x83\x01\xc6~\xdf\xf3\
\x8c\x98qR\xd5\x08Q\x0b\xae\x881\x85b\xc4D\xb9\
MU\x15i\xa1\x12\xaa\xf6!\xe2\xa0Lu\x84~\x07\
\xbfU\xb8\xb3\x04\xbf\xb5MJ\x9b8\xe0`\x10\x88\x8e\
A\xaf\xee\xcb\xbf\xdeD\x8eax\xad\x9d\x16f\x8a\x8d\
\x83\x83#\x82\xcbrdy\x03Y\xd6@\xa3\x7f\x083\
S[\xd1^\x98\xe6\x82\xd1\xfb\xe9\xa5\xe9\x1f\xfa\xe4K\
=\xcc\xb8\x9d\x5c_\xea\xc1\x08\x9c\x0b\xadyL\x8e\xef\
\xc2\xc8\xb2\xe5h\xb7;\xc8\xb2\x1cEQ\x82\xa8\x0a\xa3\
\x8c8\xb7e=\x1d\xb0\xa1\xf3*E\x8a\x83j\x9c-\
\xa1\xacA\x0bS\xa1l\xd0\x98\x10V\xa1)1\x9e>\
i?\x0b=\x228\xd8P9\x14\xd5y\xe4/\xae'\
)\xd3\x98\xe1f\x9a\xc0\xb6G#\x06\x88\xe0\xa9\x92\xc1\
\x06J@\x8d\x95\xd2\x0a\x19+t\x14\x98\xca\xeb\x08Z\
\xd4\xc4\x18\x1fY\x11\x11;\xcc\xfd\xd5i\x15\xe5mP\
\x022F3\xfc\xbb\xc8qJB{\xa1\xa2\x84\xcc\xc4\
\xa62>o\x8c\x92l\xcb+\xe4\x0e\xcfy\xdeyL\
\xc0\x98\xbfk=\x01\x04\xbd\xbc+\x0e\x11\x97I\x06d\
XV\x88$\xba\xa0\x11\x03\xed\x9f\x9d~\x11\x1aX\x83\
C:M\xc0\xc0!2\x82x\xdf\xf7\x86\x9e\x95\x06\x94\
\x84\x9b\x95&\xccg+\x13Z\xb8V\xc8\xa3\x98\x88\xf1\
F0\x18\xa9(\x82\xae\xdd\xe4\x87?qY`\xe5\xe4\
\xf9\xc4\x11\x80\x8e\xb2}e\xb7\x9d\x15\xe6\x84~\xc6\x5c\
\x03\x92yj\x8a\xfc \xc9\x0d\x08\xd3m\xb1M.3\
Y\xce6z\xe1\x84p\xde;\xc8d?(F\xaa\xc3\
3\x06\xb6\xc1\x87\xf9\x84:\xa2\xecy\x8a\xf6[\x849\
~3^h2\xe7o\xfbd\xe8c\xe4*\xc84\xcf\
\xdb\x1b@\xf3>\xe1)\xd8\xa0\x03\x90\xe5\x8f\xc9v-\
Z7\xc9\xb1\xb4U\xbc\xa6\xcb\x0b\x99\xa1\x1a\xdd\xac\xa2\
\xa3\xc1Uq\x86;\x10\xf6\x02Ps%a}\xb6\xf4\
\xa4\x03\x15\xfd\xcd\x99\xf0F\xe6}H\xbdf\x99\x0f\x8e\
\x1f;\x01\x8a\xc1\x11f\x22%<\xb7X\xf1\x01\x80\xcc\
\x97W\x8cG\xa1ly\x99\x9b+\xd1\xc5\xde\xa9\x09\x80\
=\x04\xefMy\x86\xf6\xc1\xe8\xea<\xbb\xe4\xe5\xd8\xef\
\x1c\x96\x87N[\xd8\xdd\x17C\xcd!rBF?d\
'>\xe6w\xc4\x22\x8e\x08\x936]\xb1\xcd\x80\xa5\x0c\
\xd4<\xffG5\xcaC\xaf1&3\x16\xab\xc9\xb0\xef\
\xb0\xae\x18\xec\x89\x0cJ\xa6\x10D\x93(\xee\xf9\x9f#\
\xab\xd5\x91\xd7\xfb\xe02`|\xebcX\xeaCK|\
\xffc\x8e@\x9e6\xff\x0f\xbc\xb5\xc45\x83\xeb\xd8\xbe\
}\x0b\x96-_\x89F\xbd\x81\xa2\xe8\xa2,\xc2\x9e\x00\
\xbe*R\xc3\x0d\xc6d\xf5d\x99\xc1b@\xc5\xfb\x8f\
\xc6\xc0\xb3\xc3`\xa6\x08X\xa0\xe5~\xfc\xc1\xe1\x22\x18\
\x01\x17\xc5O\x99\xc0m\x11g\xd6\xf3\x9b0N@x\
Z\x82GF\xe65$e\xe7\xe7\x8c\xa0\x93\x11\x15\x8f\
\xe8M\x83\xb1\x0c\xe6a\x11\x1f\xb5\xe1\x1a-\x08uY\
\xc9\x8c}\x95\xc2\x10G\xf5\xac(\xc9\x9b\x81\xb6\x11\x8b\
\xc2\xfci\x04\x15VX\xab\x00\x88Q\x18I\xa0!u\
$|\xec\xb41\xce\x89\xc5\x14\x03k\xc2zr\x9d\xc0\
\xf3ol\xcf\x84\x86\xdc\x8fd\x14\xae@%u\xc6.\
{\xf3=\xd0^\xcb\xe0\xf2\x88bt\x9b\x95\x92G\x04\
BB\xa5\x9f8y>\xd5\x03\x1dO\x1bc\xc4\xa3j\
\xb0L\x91)\xcb\x18\x15\xcf\x9c\xa7\x9ee\x84Q\x06\x89\
\xc3\xf6,\x13\xd1\x98\x88PG\xd9\x89\xe1b\xc4p`\
\xa0#\x1f\x0c\xc3\xc6)\xbe\xe38\x12\xc5\xa1\xf4H\x04\
\xe2)\x01\x17r\x10\xaa\x04\xe5\x84\xaf$!t\xae\x9f\
\xa7\xa6\x5c\x98\xaa\xa8\xd8\x91\xc8b\x97{\x96\xf5-\x16\
\x045\xea\x22\x91\xe6;q\x1d\xe1\xdf\xd0\x0c3z'\
\xa5\xab\x22\xb3O\xea\x08\x8el\xac\xc7\x11\xe4dE(\
\xa0\x87>X\x1e\x18\xec\x10o\xa9\x07\x09\x19s\x800\
b\x8f\xd3\x02\x81\xa7:\xad\x19\xd4\x8b\xfb\xeb\xa0\xd3\x07\
\x06_\x043\x08a_\x07\xa3p\xb1\xa1\x9e\xa3B\xbc\
\xad3U\xfaN\x12\x8d 0.\x86r\x1c\xe0K\xa5\
-\x8fne\xfaT\xf5\xc4\x06\xb2d\x8b\xf5\xd8\x0e\xc6\
\x9f\x84mv\xea\x81t\xe4\x1c\x1e\x925\xa4J'\xc1\
\x22\x83\xaf\xcc\x87\xa8\x5c\xc6\xcd\x82\x9d\xe2\x95Q/\xeb\
M\x8c\xbe\xd9i\xda\xa0\xbf\x95\xe2ktD\xc2\xbb\xf1\
\x14@v\x08<\xb7\xc1k\x0b\x89@\xb2s\xa3\x11\xab\
\x1eY\xe1\xc1]\x1a\xad\xd5\xbe\x93a\xac\x8dR\xab\x03\
a\x08\xad\xbd5\x92\xab\xd3T\x82\xfa\x16x\x00\x90\xcb\
\xe0\x9c\x83\x8b\xc6?\xcb\x1bh\xf6\x0favr\x1bZ\
\xf3Sf\x80\x86\xa4\xfc\xff\xd7\xcf\x929\x00V\x15\xfe\
x\xc1A\x90\xe6\xe6\xe71\xbd{\x12C\xc3\xcb\xd0\xea\
\xb4\x91\xe5%\xb2\xb2DEa',@\x8d\xb0X\xe6\
dh/b*\x15\xb2q\x12Qb'\x81\xa0\x13Y\
\x1e\xe2q\xa9\xe2\xa7\xc6\x9bA'(\x10\x87{y\x04\
n,:\xd7\x11\x81'\xa1\xaf\x898\x00\x5c\xbcrM\
\xee\x89q0J\xca\x86\x93\x05\x8bl=\xfc\x1e\x9f\xe4\
\xd6c,T\xf2\x93\x08]\x90\x19\x9f|W\x03-\x17\
\xa5_\xb2\x9b\xa0\xb9\x96l\xc0\x14#\x1e\x1a\x165\xa3\
l%#\xac4X\x81W\x12\x9ah\x87\xe04\xa9\xf2\
\x93\x01\x9eD\xe2\xf5\x9a8[D\xe0\x03u\xb8k\xd0\
\xe2\xcct@\x04\x12\xa9\xcf\x83\x93\x06\xbd)\x1e,;\
\xdc\xa1X\xa7\x80\x97106\x1a\xc4\x0a\x1b;k@\
\x8c\x12Yq<\x07\xeeM\xff\x13\x0c`c\x0e\xd3!\
U\xfed\xba7>.\xa2c\x80D\x9ab\xda\xa9\xe6\
*\x10\x86sU\xd8\x99\xd2\xad_)\x8c\xf4\xad\xa3A\
&\xac\xef\xc3(\x1f>D\x0b\xb8\x01\x14\x9d\x10\x99\x9e\
\x11F\xc4\x83\x80\xaah\x8c\x84\xb4\x1c\xba\x0e\x7fjP\
\x10s.\xec\xa88\xf6\xc3\x1a\xff\xe4\xcf\xd0\x80u\xdf\
\xeeh\xa8^\xa4\xa9\x8f\x01;\xd5'\xa1\xb5\x98(&\
(\xa0a}\x92k\x12\x1a\xe7y]\xe9\xb7a.\x11\
\xe0y\x0bt6\xfef\xb7@_i[\xa4Rc\x98\
\x92>\x1b\x06C\x0d\xb37\xefX\xf7^\xbdw.\xc6\
DE\xb9\xfdL@\xdbW\x09\x8dFSG\xde\xf8@\
\xacp<\x88\xaa\xc0\xd1,\xdd\xf3\xa1\x87\xb2d\xbbh\
\x1d\x81\x9e\x8f7|\x89\x03\x16^#\xcfx\xe9#/\
\x14nR*\xd9\x15\x0f\x82{\x86>\xf2\xa2\xc8at\
^\xa4\x7f&\xd2\xda3-\xc2\xbaM`\xbb\xb2\xd8\x1a\
\xb2\xd9\xb0\xb9M:05\x8f2.\x1b\x1dW:\xc0\
`\x8fyO\xba@ W\x83\xcbj\xc8\xb2F\x1c\xfd\
g\x18\xdf\xfa\xb8\xed\xe9\xff\xef\xcf\xa2\x1c\x00\xed\xe6\xd2\
\x1f{?\x11B\x00[\xb7n\xc6\xe8\xe8r4\xea\x8d\
\x90\x08X\x16\xe1\xb8\xc9\xa2\x1b\x8fL$\x99\xeb\x02\xa2\
\x80\xf0\x88\x95b\x98\xdb\x08WX\xea\xc3\xd3\x08L(\
\x0emi\xc8Y\xc1X\x15D\xdb\x19\x01\xc1l\xce \
wLg\xc2=\xf6<\x95\xa1\xe2iId\x81\x84\xb1\
\x9e\x93u\xac\xc1\x92\xbe)X\x06Eb\xa1\xa3\xc5\xa1\
}\x91F\xd2P0w,*\x05%#\x18%;\xd3\
\xc9H\xb7y \xbe/!D3\xe7f\x04u\xd1\x14\
\x8a\xf7I\xf2\x19\x18L\xb9\x1e\x0f\x99\xfa\xb0\xb0h\x8d\
\xba\x18\x5c@\xe8E\x94n\x86\x12\x1e\xecQZ~\x97\
\x0cD3\xdeJY\xcc\xbf\xf8#\xce\x09\xb2\x83\xe3\xc1\
\xce\x06\xa56@06^\xb0\x91da\xba\x95p\x92\
\x11\xa6\x95(\xee\x94\x04#\xad\xb1\xe5g\xcd3lC\
B\xff!u\xf3\x1a|\xee\xa6\x84v\xf9\x9aC\x9c\xd3\
\xd52M\x00\xd4\xd0\x97\xe4=6\x0e\x9e\x01\x86\xcc\x0a\
\x19\x1e\xe1\xab\xc6\xc4\xb2\x5ctXy\xb9a\x5c\x1d@\
\x81\xc3\xa1\xee8R\x8f\xa3l\x8a\xef\xc13\x8d\xf8\xec\
\x00\x0a\xc7(\xfb(\xb3&\xdc\xdds\xd4bl{,\
\xcb\x8e\xe4\x85\xa6J_\xe9\x03\x1b\x0ei\xbb\x91]\x15\
\x0eCP\x18E\x09\xd7d\x7f\x0b\x98i.!\xb8\xe1\
\xb1xc\x9c\xf9\x9f\x14\x0e-\xd4\xf0D\xe4H\xa7>\
\xd5\x12j\xde\x12s\xcf\xf33\xaa\xecP\x8d\x22\x8d\xbc\
\xc5i\x93\x80QFgb\xb9a\xa4\x1c\xa7\x03\xa2\x1e\
\xea\xbav\xfe\xcd\xeaF\xb2B\xc3\xcc\x15B\x22w\xb1\
\x89\xaas\xc4\x02\xccT\x13\x1a\x84\xee\xfaE\xd8\x22:\
\x0a6\xc0\xccW\xa6\x0fw\xc1XN\xfb\xb2\x97\xab\xd0\
y\xf9H\x99\x18\x15\x08\x05\xf8\xd4\xe8z\x18\x11\x08\x8a\
\xa7\x86\xda'0g\x1f\xb6\x01\x19i\x1bI))\xce\
\xc5\xab\x9e\x9d\x00\x96!iwRJ\xfc\xafb\xa7\xd8\
\x11\xefC\x80\x0e\xa6\x22\x04\xe7\x9d\x5c\x16\xe6\xfe\xb3:\
2WG\xa39\x84\xdd\xe3\x1b\xb107\xb9\xe4\xe8\xbf\
\xf7\xd3k\x11\x9e\xee\xe9?\x98\x04\xb8\xe4KOS\x1a\
\x11avv\x06\x13\x13\xe3\x18\x19\x1dC\xb7\xe8\xa2V\
\x16qI`\x892\x86K\xd8\xf3\x915\xbf\x08\x84\x0d\
^\xa8\xf2S\xe6I\x8c\xbbI\x92<\xc8u\xb2\xf0q\
k\xd5\xdb\xab\x80p\x04\xaa\xf7\x90\x13\xb5\xb86\x9f\xfc\
\x14C\xa1`\xa0\x02\xaf6H_\xd0\xf0\x9250\x06\
\x00\x84\xe9\x86h\xdcN#i\x0a\xf8\xac\xb4\x06\xff\xe2\
w\x05>\x15C\xa1\x9b($\xe7*p\x13U\xca\xad\
(\x02\xa4\xb7L\xde\x83\x04A\x04_\xd9\xe91<\x97\
\xd6\xb1*\xf8\xb4\x97Q\x90e\xee\x9f\xd4\x08#vS\
Bi\xcaP,j$\xc1\xe4\x0f\xc4yGK[2\
\x0f\x1a\x1b\xd0\x9b\xf0G\xdc\x1e\x18\xba[\xda\x92\xa9\x8f\
o\x0b\x99\xedM/,\xf5\x9e\xe2\x0e\x94\xda\x1c\xcf\xfd\
\x14\xf0\x86-H#A=\xe5\x13o\x11\x1b\xc3\x18>\
F\xb4\x88\x0f\xd11\x0c\x91\x1d\xf8\xc8\xc9w{^\x00\
\x1bZ\xc8k\xc4\xf3\x1fR\x06;\xae\xberL0C\
\xd0h\xfcm\xd6\x7f\xd4\xb5\x006l\xf0\x09\xb2t\x90\
\x93\xeb\xc0\x86[\xa7\x03$\xfa`\x89-N\x14?\xc7\
y\x02,\x93\xb1L!!!9\xe0\x87L\xf4\x8a\x08\
2\xedny\x05/}`\xc8g9\xb7\xcf\xf2\x99\x14\
\xde\xbc\x960\x94\x0b'\xed\x8fM\xcaS<1@H\
1\xd3\xdf\xb4E\xa6,}R\x81\xd2]\x0c\x08\xf7\xc1\
!\x09\xad[\xbbB\xa6.\xc1\x81\xd0'\xbb#\xa55\
L\xec|J\x5c\x85\xb1\xc7{\x09A\xcbaE\x82\x06\
\x8a\x8f\xe9\x06m\x8a\x80\xdc\xb4\xa4\xff^D\x06\xa0\x04\
\x1d\x15\x12-\x1d\x18\x03\xe5\x8a\xd7g\xb9t\x0f3\xa8\
Clw\x95\x18y\xc1Koq\x03\x90\x0d\x90\xb8 \
\xae\x87\x14\xbb\x13vx\x8d=\xf0`@9\xac2\xc4\
\xf9):\xa0S\x8e\x08\xfe\xc9\xc3\xa6\x8e\xd8\xe8\xa4]\
\xac\x97\xe6C\x048rp\x99C\x96\xe5\xc8kM\xd4\
\x1b\xfd T\xd8\xb5\xe5\xd1@\xa9?b\xfc\x17}\xcc\
\xc0\xb4\xf7\xb3\xa4\x03\x10teqE\xbd\x1dN\xecC\
|v\xcb\xe6\x0d\x18\x1d]\x86F\xa3\x81\xa2(P\x96\
\x15\xca\xb2BUU\xf1\x11/\xe1h\x0d\xa7G\xa0\x13\
B\xc7\xfb0BePW~s\x03XI\xa4q\xa4\
\x02\x13_R\xb5c%\xe3\xc2\xac(k\xaf\x14\xc4*\
i[PD~\xc6\xe9\xc8=\xf1h{\xc2\xcc\xd2t\
\x06\x0eV\x0c\xafB\xeb\xd1\xa3\xb4\x81\x12r\x84\xaf\xe7\
z\x01Y\xb1\x10\xebboX\xa2v\xa6\xe6$\x97\xc0\
\x00H\xea4\xfbt\xda\xc1\x82\x09\x99\x02\x17\x13;\x9d\
{74bPW\xffI\x95A\x9c/\x030\xd2N\
2uZ\xe7@\xec\x92I\x9f1+\xbc$\x1b\x97\x93\
\xe7\x04?\xadv\x1a\xe7E\xea`\xb5\xb5\xe0eha\
\x8c\x97\xf0_\x11F\x0c\x89Xx\x1e\x05\xb1a\xe32\
\xec\xc7:zJ\xf4\x90\xf1\xcf\xdb\xf3B\xa3[<\xc2\
\x96\x82x\xef~\x11\xb2,\x890\x90\xa7\x18\x8dgG\
\x22\xae\x18\x90wbT\xc0@n\xe0\x9d\x19\xd5K\xe7\
Y\xfe\xc2\x08\x1f\xb1|^!\x10\xba\xc3\x11\x0a\xdd9\
\xd0W\xaa\xd3l\xe4t\x84\xcf\xe5\x9ahH`b\x14\
J\x13\xf10\x89\x95\xc1\x8e\x92\xf2H\x1c:cd\x84\
K\xcc)\x1f\xdaI*\xb3\x9aP&\xbb\x10Ae\x9a\
\xb3\xf3\xb9\xee\xd2\xac\xc2\x88\xa1}\x8e\xf0K\x98\xdd+\
\xceH\x02`\x86p\xb6FahT\x89\x5c\xc0\xeb\x94\
e\x8f (\xcf\x89\x00\x0a\x19\xee\xe2D\xf4\xc8\xa6^\
\xf7\xb1\x0bVa\xf9y\x96E\xee+\x8f\xe0Iu\x98\
\xe9%Xb\xf0\x99G\xf7<h#%\x17\x98\x9c\xd1\
S\xd1\xefIg\x12cAR\xb57-\xd5\xb7\xd4\xc6\
\x98J\xc0S\xa7V\x8d\xbd\x14*\x1ae\xba\x9cN\x9a\
\xe8`\xd2\xc7m\x9c\xb9|k'$\x1a\xb1(\xd2\x13\
k!\x0f;\x1d\xa2\x91\xa7\x88\xe1\x12\xcd\xac\xa2\x9d\x89\
\xbd4r\xae>\x81_T>\x81d\xe3%r9\xf2\
\xbc\x86<\xaf\xa390\x82\xc9\x9dO\xa0\xd3\x9a\x85\x8b\
+Dz\xa9lH\xbc\xf8\x93\xd8'\x08n\x11\xfe@\
\x04\xc0\x86C\x167uq\xa5\x1eA\xd1\x17Z\xf3\xd8\
\xb5k;V\xaf\xde\x1b\xddn\x17\xbe\x8aS\x01\x95C\
Y\x962\x22\x0cDOK\x08\xa2\x1939\x01\xa4\x19\
\xfe\xa6]&6\x93\xf0\x02\x80c!\xb4\xe0b\xda\xac\
\xa6O\x05\x88\xc5\xd1\xda:\xf5\x06\xd5y\x00\xechY\
\xc3I\xdc.\x91^y\x86\x05\xd6\xf4\xd3\x80\x10\x87W\
\x89\x0d\x0d\xb4\xed\xd63\x14\xe0\x90n\xb3\x0b\xc1\xa10\
;\xa3\xc9`\xea\xb5\xad\xa6\xa7a\xa4l\x0c\xa3y\xd7\
nO\xb9\xa8_=J\xe3\x13\x1a\xea4\x88pJ\x92\
 c\xd9\xc6\x81\x93\xf0\xabm.d\xcc\xa6\x95\x1b\xdd\
\xd1#\x89\xa1#j\xc4\x11^2:\xf4\xc23E\x0b\
\xfd'\xbcC\xba4S\x11'\x91#\x80\xc29\x02\x9c\
\x88-\x0d\xf1\x22\xeb<e$\xfd\xf5\xac\x5cl\xac\x98\
\xa7\x9cL\xc7\xc6\x90\xa9\xc64#m\x86I\x805L\
\x83\xf1Z\x02\xbd\xd9\xf0Y\x8f\x0a\xe9\x5c\x7f\xf0I\x08\
\xe0m}c\xdfy\xae?\x8c\xaa\xd5\xa1\x10~ \x13\
\x9e\xf2~\x03\xe4\xc3^\xf8\xa1I\x99\xf0/\x1c\xfb\xcb\
K\xf9\x10\x9e#\xd3\x07\xdb\x9f\x98G \x11\x0avx\
\xa1m\x0e\xb4\xce\x84\x17\xba\xafA\xa4m\xb2\xbb\x1e\x81\
\xd7\xe4\x872t\xf4\xac\xc9\x9a\x95\xa1\xb4\xcaH\xf0\x9a\
\xac\x80y\xf0\x8e\x88f\xc3r\xb1E:\x0d\xc0\xcf\xe9\
\xf6\xb4\xc2\x22q\xb2X\x9e\xe2rAA\x10\xee\x94\x10\
:\x05\x0a\xf3\xdd\xdbw\xa4\x02s)1\x92Z\xaeh\
Vb\xb7\xf8\x1eRY\x8e\xd3\x09b,\xad\x05\xe1\x11\
0I\xe7\xf8\x86<\x92\xd04\xde\xb3\x03\x01\x827#\
\xe2\xe41\x83\xef=\xe5y\xa4\xa3~)\x17&\xff\xa0\
\x12Z<\xdd\x89\x80\x09\xa9\x94\x891Z\x16\xdb\xe4}\
\x22\x02\xb6\xce\xe0\xfbX;Ri\x89,:&\xa2\xa2\
\x8e(\xb7\xc6C\x89nh(\xd8\x14l\x89\x94*2\
\x11\xc2\xffa\xdd\x7f\xd8\xf3\x1f\xbe\x132\xff\x89P%\
\xcbL\x95\x07\xbe\xe7Z\x0f\xb9\xd3\xef\x91\x97\x1e=\x0e\
\x00%\xff.\xf62l!\xbd\x95\x84r\xc3\x1b[\xb6\
l\xc4\x8a\x15\xab000\x00_\x951\x12P\xc2\xfb\
*\xec*e\xcb\x88\x84\xab*\xdd\x83\x9ekI\xc2\xe2\
\x88\xce\x81'x\xf1\xc2\x16\xeb\x84\xb7\x12.\xe1\x16V\
H\x06\x07\xfb[\xa1X\x8c7'\xaa\x19AR\x22\xa5\
T\xe1MM\x8cO\x12\x15\xce\xeb=h\x9f!}\x81\
\x99\xef\xa7\xf8\xbc\xde\xe70\x94\xb4\xb3\xd7\x09\x88\x9b\xc4\
\xa8\x8dS\x0d\x97\x1e%\xe0\xa6\x86\x91\xa2\xa1\x11:\xc7\
>\x9b\xb3\x91R\xb4H\xaa\xa6\x84t\x1e\xa6\xf3\xb0n\
\x8bF\x01\xa4}\x91\xbe\xe48J\xa2n\x17+\x80u\
\xbe\x93n1M\xd8\x81\x09\x88`(\x1b\xdbA,\x03\
Z\x8e\xf0G\xaey\xa1y\xe8\x17\x83\xac\x02\xaa\xc0\x18\
A\x9e\x09!e3\x91a\xaa\xf5^w\x9e\xd4p)\
\x87\x80c\xb1r:\xa0B\xa7Lsy\xd3\xf7$\x7f\
\x8cL\xc2Q/m\x5c\xb8\xcf\xb4I\xa2\xc7\xc6\xb8z\
@\x96)\x1a\xe3\x1b\xda\xe7\xe4\x1eG\x01\xc4Y\x90i\
\x0a\x13\x9e\xe7\xb9~1\xeaY\x8f\x13a\x0c\x96\xddG\
\x80\xcc\x14\x80A]\xefM(\x07\xcc?\x92\xff\xb1\xf3\
#\x8e\x15<\xe0\x9d\xae\x14\xaa\xb2\xa0\x07\xd0ztT\
L\x90!;O\xc5\x08\xe3\xa2\x8e\x22\x8et\xe31\xbe\
\xde\xbc#\x08 \x89s\x9c\xc0YB\x96\xd5\xc8\x90\x8e\
\xb9\x13\xa3\x00\xb2\x22\xc0DR=\x0c\xdd\xcdt\x01!\
:X\xbcO\xb4\x83\x9c1\xe0-=c\xe4@\x84\x8a\
\x0d\x90\x11\x0c\xc1\xba\xf0\xae\x1aM\x83iv\xf4L)\
\xa4\xb13\xaeQ\x0d\xb0\xda\x82\x1d\x0b6\xdc:8\x88\
Zh\x22\x22R\x9e\x19\xadRl\x07\xdbU\x85\x16\xaf\
u\x88j\x18\xc5\x11\xf2\x99\x0c~\xf2\xb1o\xdc\xa6\xa0\
\x00:\x84\xb0\xc8\xa0\x11\x0cs1\xea\x9et\x22y^\
+2\x16@\xfai\xdf\x8d\xba\xc5\xd1\x11\xf4\x88\x05,\
\xcd\x95\x5cdK\x8e\xef9G \x0as\xff\xf5z\x13\
y\xad\x89F\xdf\x00\xb6o~\x10E\xb7ep\xf6\x0f\
\x7f\x84DO\xf3\xdd~\x9c\xfd\xe1\xcd\xdf\xffM%K\
=GD\xe8v\xbb\xd8\xb4\xe9)\xf45\x9b\xa8\xd7\x1b\
\xa8\xd5\xeb\xa8\xe59\xb2,\x07\x87\xb9\xad\x81\xb5\xf9\x00\
\x80zO,\xdb\x14A\x9d<4\x8f(\x0a\xc9\x22\x1d\
0D\xe2\x90\xb2f\x9d+@\xdb\xd1\xa9\xccwG\xa0\
\x8d\x17\xa5\xa3\xbd#}o\x08\xe5{.X\x98\xd6\xd7\
T\x89},\x84Gn\xc4\x0f\xca?d\xdad\xa6D\
\xa4o\xa6\x7f\xf1?\x14\x1b\xa9\xf6\xcd\x84\xfc\xb8\x1e\xd2\
\x96\x88\xd2\x1b\xacH\xce\xa0\x17\x05\x8e4b\xc5\xe5\xf2\
\xe3\x9e$\xbc\xac\xd1\xfe\xd9>\xc8\xc8\x9e\x8d[O;\
\xf8%\xcf\x86*\xf2J\xd9E\xa9\x87\x1e\x1a\xaa\x95\x01\
q*\x80LY\x06]\xccu}\xc7L\x01(\xb9z\
\xa6=T\x83Y^\xd8\xe9`\x1bC\x8402&\x92\
6\x07\xdb\x11\xdf#\xd2z2\xbe\x1eG\xd5\x22\x93\x5c\
\xbeO\xb6\xf4\x87s\xd2\x07r\x14F\xd1\xce\xf6\x89\x09\
\xd4#\xdb\xf1;\xbf\xc3\xdf\xc9\x91\x94\xc7\x0e\x1bEC\
\x9e\xec_\x00\x1emG\xe7!\xd2\xc4\x93\x8bQ\x96\x0c\
\x1c\xbe\xf7\xc8@\x94AN\xf8c\xd9\x94N\xf3\xaa\x81\
PGxW\xdf\x0f\x09\x919\xe02\x84\x95\x04N\x88\
E\xc8\xe0\xe34\x838(\x9e\xef\xe5\x80\xe3)\x08\x92\
\xbd\x0b\x82\x98\x87\xadw\xf9\x8f\xa7-\x80\xcc82*\
\x0c\xa1\xed\xa1\x8f\x1c\xf5\x90#\x85\x8d\x1c\xf3\x13D:\
M\xe2\x09\xe6]#\xf7\xc4W\x90\xd4\x85\xa4$\x03(\
Lc\xfe\x9eZK\xf3V\x94U~P\x9e\xb5\xbc\x15\
K\xcdO+8z28\x15\xf5\x8c9n\x9eO\xe7\
\xa8yP\xb2\x04\xa6y\x86P\x8b{\x06s\xe4i\xc6\
\xa6P\xb6\xc0\xaa\xb7u\x19Zx \x89\x80X\xd0\xb1\
e\xc2\xe8,\x08d\xee\xfb\xb87\x82\xb5O\xea\x930\
\xa7\x0cf\x1b\x0f\x88\xa7_\xc3CL+\xe8\xbf\x8cG\
\x09\xe6#ZR\xaft\xb14dL\xb3|\x86\x96\x15\
\xde\x0fr\xee\x9c\x8b\xa1\xff&\x9a\xfd\xc3h-La\
b\xfb:\xf4F\xc2\xe5\xd3\x83\xc1i\xcdK\x7f\xb7\x9f\
\xa7=\x0b\xe0\xff\xc6\x09X\xea\xc3a\xfb\x1d;\xb6a\
\xf5\xea\xbd\xd070\x80N\xb7\x83\xb2(PV\x15\xca\
\xca\x03(#\xad\xa2\xe0\x90z^\xde\x02\x09[\xa9\x98\
\xa1\xca]\x949\x18\x15\x13cx\x8c\xf1bIE*\
\xfc=\x16WGn\xc1\x1b1\xe7\xb8G\xc7D\xbcL\
U\x1e\xe31HYQ,\x03\xc3=I\xf8\xd8\xdb\xd6\
E\x01\xe7\xa6\xa91bU\x88\x1e\xb23\xa3u\x06n\
\xe3M\xcb\xbc\x1f\x05\xe0\x17\x19\xa6\xe8\xf5\x9b\xf2b\xab\
t`\xa4\x839p\xe8=\x08Rh\x10\x1b]i5\
\xd7#\xedg\xb2\xeaH^>\x0cDH\xc9\x9f\x8e_\
m\x9fIF\x02\xe9\xbd\xf4\xab\x90\x9c\xf4\x9aOn2\
\xb1\xecK\xdc\xaf\xc0Cb\xc3\x0c#O\x94\x96)e\
\x83\xf4\x10\xaa\x08\xb0I7\x0d\x84\xe8t\x87\x22\x85\xe4\
Y\x88\xe3\xa9\x8a*!ov\xa24\x01\x01\xeaIp\
-\xec\x989S=\x83\x9eI\xfcKE\x1a\xecl:\
\xcf\xa1|2\xb4p\xb22M\xf7\xd6\xe0\xd1\xad\xe9\x87\
'q\x10x\xe9\x9e\xca\xb9N7\x88\x5c\x9b\xb6q\xa8\
<\xf4\xddi\x1eA\xf2.\xff4\x11\x05\x221\xeea\
\x10\xdf\xd3o\xb3\xd40t\x93G\xa2\xce\x08g\xd4\x1d\
\x9e\xa2a\xf9\x93\xd1Be\xfc\x7f^\xed`\xb6'G\
\xec\xb77S\x0a\xda\xf1x\x8ds\x89\x12\xed\xd6\xdf\xa2\
',`\xb1\xed\xbe\xea\xc1q\x8e6\xd92B\xbb(\
nE\xec\xcdsBl\x1f#\xa2`\x19\xb5\x89w^\
\xdf\xa3`\x1cu\xe6\xc1+\xae\xc4\x87,*r4P\
q\xc3~\x07\xf44+\xa5\x84\x97\xe7b9D\x80\xe4\
NI\xa1\x09\x86K\x89\x167\xe5\x1a\xbbPz\xdc\xaf\
\xa2\xbd\xa9\xd3\xb3fI\xb1\x06:\xb4cl[\xf8A\
\x99\x8ed\x99\xe3\xe9\x0eeI\x1cg\x90\xf8M6R\
)\xce\x8b8\xf1&\xf4f\xac\xbf\xce\x0c(V\x9b\x8a\
c\xc3\xc2n\x7f\xc1Y\x0f\xc7\xfd\xe6\xb5&\xf2z\x13\
\xb5z\x03[\xd6\xdf\x1d\xb7k\xee5\xef\x5cG\x8a\xab\
\xbdv|\xa9O*ei\x93\x96|\xd8\xfe\xfbt\xf7\
{\x7f{\xef\xb1~\xfd\xe3\xc8\x9dC\xbdVG^\xab\
\xa1\x96\xd5\x90\xbb,z\xd2\x91\xa8\x1e\x12\xba\xe3\x19$\
3\x00\x13&\x90\xfc\x22u\x0e$\x86\x14Ga\x0a\xad\
\x00\xbc\xd8|&RO\xaa\x89\xbc'\xc2\xcb#N\x0f\
h8\xd3\x83\xbdh\xc5x5\xe0\x81\xb7J\x05>'\
\x9c#\x16\xc6\x8c\xaa\x12\xca3\xe1;\xb1\xd7\xecMB\
_\x94\xf0$\x8d\xd1k\xff\xb4\xb7\x00\x1f\xb2\xa1G\x7f\
F\x0axS\x97\xf7<8\x15\xa0\xf3Q\xbaY\x81\x13\
\x107\x9e<\x1b\xcedd\xb3h\x84\xc2\xbca\x01\x80\
82v\x17<\x1f\x1d\x16\xa1\x05\x131\xb5\xaf\xd00\
\x85\x11*\x13\xc5\x11\xdd\x8d\xb2f\x13\x1e\xbc\xbc\x13)\
EBA\xf1\xc6\x97\x8c\x0e\xc8\x1f\x09\x09B\xfb\xb5\x11\
\x1c-\xd0\x1c\x04\xdb@\xe6\x97W\x12Iy\xa4\xa3r\
\x8aOrD\x84\xcb \x0bt\x91n\xfc\xbe4+\xac\
D`\xd1\xb7\xf3\xe7\x1a\x95\x88\xd5F\xde\xcb=\x00l\
@u\x0f\x0a\xfe\xce\xe6\x83e3\x8c\x9e}\xd4O\xe2\
\xd0=\x8f\xbc\xc5QgFpb_th\x90A\x86\
\xc9^\xf9O\x9c\x00\x8802\x0fc\x90X.e=\
Q\x06\xa7\xf5\xc8h^q\x80\xac\xb3\x10\x0d\xac\xe7i\
\x0bq\xf4\xa2\xcc$\xf6\x9b#1\xbd\xf4W!Hh\
\x0b{\x1f\xb2\xb5r\x94\x00\x08\x8cF\xc3\xac\x82h\xe4\
\x80-\x96i\x03\x7f\xd4,\xdaOL\x00\x8c@\xc3\x89\
_\xaa\x96=\xc6TT\xc0\x07\x83\x91\x8c\xe4E\xf4\xc2\
w\x00\x90\xed\x88\xbd\xfa\xb6\x5c$\xe3\xa51\x8c\xc1\x01\
\xaat\x96\x0c\x8c\xab6\xf2(7\xa4@\xc1I\xe20\
x\xd8TI\xd1\xcb\x8b\x8a\xa8\xe2*\x9d\x88A\x5c.\
\xab\x8e\x89\xe3\xc48\xc5xi\xa2\xb2\x92<(uy\
\x13\xbd\x91\x9eiD\xd9i\xf5\xba\x15\x93\xd1k\xfb\x89\
\xfa(\x05.\xda'\x9d16:\x12\xa6\x0c\xd6\xbf\x90\
\x8f\xe4\xe0\x5c\x0e\x97\xd5\x90\xd7\x9b\xc8\xeb}\xe8\x1f\x1c\
\xc1\xee]Oan\xf7\x8e\xa7\x1f\xfd?\xcd'\x81\xa4\
%\xee\xd9\x92z[\xac\x05,\xea\xca\xe2\xeb*\x1c\x16\
\x02!\xde\xd1\xf4\xf4n\xec\xd8\xb6\x05\x03\x03\x03\xa8\xe5\
5\xe4\xf5\x1a\xf2Z\x0e\x979\x09yP\x04Q\x86\x04\
\x1e\xa9\xd8\x90\x0d\xc1\x80<X\x18\xb9\x0d:z_*\
/\xc06ZL\x98\x11P\x9dn`ug\xe57\xc9\
\x16\xc6\xa0\xca\xfb\xe0\xd0\x991\xdc\xb1\xbe \xd0<*\
'-#\xd1\x14\x06\x10\xe3;3nT\x08[o\xb2\
\xdc{V6\xc3\x0f\x16pvN\x18\xb8z\xe4\x84\x7f\
:\x989\xb0D\xe3b\xaf\xd9P0\xbd\x99\x82\x9e\xeb\
`\x05\xd6v\xab\xadS\xfa(\xad!\xef\x87\xd2z\x1c\
*\xbe\x0d\xae\xd7\xd0J>\xc6\x00\x00\xe0\x88\x90\x11\x8d\
\x94\xc7\x14\xe9\x9e\xbc\x03\x05z\xf3\x12\x93`I=Q\
;\x10\xf6\xb104s\xb1\x0e\xbbA\x11;5\x1a\xba\
\xe7\xb6@\x14\xdf\x996z\xae\x9bA\xc1\xca\x05\x97\xbf\
\x94\xb2\x91\x93H\x8cp<1\xee,\xaadY\x1b\xdf\
\xd7\xd1\xbc88Z\xaby\xd8\xc7~\xa8\xbb'N\x03\
W`\xf7\xedg\xba\x92\xd2U\x07\xd2\x1c\xfaW\x82\x88\
\x9b\xd1\x13\xf6\xe7P\xbe.3\x0c\xf5\x04\x8f\x9c\xd1A\
\xf5\xc4\xeaL\x982 \xe3000\xb3\xd3b\xca\xe2\
\xbb\xdc\x07\xea!\x04\xe9\x14\x08\xd3<\xa1c\xf2\xd5\x8c\
\x8dY\xa0\x0c j\xf4\x07z\x1f,\x8b\xbd\x88JK\
\xfcKH\xc4#\xa9\xcb\x90^\xe4\x0czA\x066\xc6\
\xc1GtPR\xb8\x11#J\xa6L\x0d\x04U\x82\x8b\
\xa2Al\xc8\xb9L+\xcb\xd0{\xf6\xbbn\xd6\xc6O\
UI\x0bHZ\xd2\xf3\xc7\x98oG\xedvpb\x8d\
3\xc3\x0b\x0c\xc4\x18\xbd')'u\x12l=\xdc\x0e\
\xc9.\x12S\x93\xb6C\x1dK\xed\x87D9\x97\xac\xdb\
\xc4yH\xaf\x11\x112r\xc8\xf2:j\x8d&j\xb5\
>4\xfa\x87PV\x05\xb6oz\x046w\xa1G\x0c\
\x93\x8fA7\xb1\x87\xbd\xf7\x97\x0a\x228Z\xa2H\xff\
4\xdf\xa5\x22\xfa\xe3\xcf\xb1\x13\xb0i\xd3S\xa8\x8a.\
\xfa\xfa\xfaQ\xaf\xd7P\xab\xd5\x90g92\x97E}\
gO^{\xa8\xc2\xc0D\x8e@g\xcc\x04E\xa4!\
\x0a\x99\xff\x5c'?\xebyTc\xad\x05\x97J$\xe5\
I\xa9\xac@F\xd0R\x86\xc6\xa4\x13\x13f\x0c/Q\
\x0fq\x998:=\x11\xecV\xea=\x8b@\xb2\x92\x8b\
s\x11\xdb\xc0`*\xb2\xa9\xcf\x85_\x04J\xd6g\xf7\
@\x88\x8f\x91\x14hr!/\x7f!\xa3\xa3\xa6'q\
\x05\x05\xb7\x8db\x1b\x82s`\x9d\x19>\xc3[\xc3\xfa\
i_\x95O\xc6XC\x1d\x01\xb2\x97\x0c\xc9\x17M\x13\
00\x10\xf3\x9f\x0d\x93)%\xb6\xd1`\x82j\x80Q\
@9!N\x87c\xda\x22~\xaf\x07\xa4e\x94l\xea\
\x929b\x1f\x1d\x8b\xcciD\x01\x08FV\x0c\xac\x82\
\x85\x9c\x15NH\xe6\xe4YV\xbd\xb3\x8e\x04\xbf\x0f\x01\
sE\xfb\xf8\x1e\xf7\x8b\x11J\x00\xc9X\x85D\xb7\xe3\
\x01Pq\xa4o\x8d\xa5\x06\x8fc\xb8^\xdet\xda_\
\xb3\xe50y\x13\x0d\xe0\x1c\x00\x18C/\xd6\x89G\xd9\
\xd6\x91\xcbbX?Z-v\xfd%\x191\x5c\x0by\
\x03<\xff\xcf}\xe0:c\xbbmx=\xd93 3\
\xaf\xa8\xb4\x84\x91TLtd)\x10\x07#\xf2\xddD\
#E\x92\xbdq>\xc4\x89I1\xc9\xfa\x00\xfc;\xe8\
`\xdc\xb8L\xbc\x223j\x8d2\xa9a\xf7\xa8[\x86\
\xdd\x12\xb2'\x00&\xe4\xcfF\x98K\x95\xae\xc3\xd4\x1f\
kS\xcc\xf6\x08\xe7\x0d\xa4k\xe9\x09>\xf8_l\x18\
)\xb4;1\xc4\xf17_\x17\x9a\xc2\x87\x9d\x19=\x8b\
\xadbG\xe5\xcdi\x89\xd1\xa8\x86\xee\xc5v+\xe0\xf5\
\xfci\x07\x18\xcb\xc2G\xa3\x16\xf6C\x0c\x946B\xca\
*\xc6\xc0`T\x81\xdb\xee{~\xb3>I\xbf\xc0\xfd\
Q\xdcU9`|\xe3\xdf^o\xcb@\xd5\x9a}+\
/\x8a/\xe4\x1c(\x0b\xf9qy\x1eB\xff\xf5\xc6\x00\
\xb6o\x8c\x89\x7f\xe6c\xa9\x93\xf4\x7f\x89kK~L\
\x13\xf9\xe3\xfc\x92E\xfe\x91J\xfe\xc8+\xf6\xd9n\xd1\
\xc5\xba\xa7\x9e@\xa3\xaf\x81z\xbd\x81z\xbd\x8eZ\xad\
\x86,\x0f\x09\x0f\xea%\x857Y&4QJ\x99\xe5\
{: |GT+\xd2\x8b\xc1X\x0b\xb9\xa3\x12\xf6\
vD;\xa3\x8e\x00\x89\xb7\x1aP\xd8tV\x14\xcc2\
\xd5\x14\x93\xc8\x19?\xcca\xb0T\xac\x00V\xe2\x9e\xb6\
X\xf9\xf7l\x9cx\x16\x97D\xd0\x95\x99\x0ap\x12\x19\
\x11\x83\xed\x01^\x9f\xcd\xa0\xe15\xb7\x80\x95K2u\
\xc5\x88\xa4}I#\x14$e\xf0\xbc\xb6R%\xaa\xb9\
\xf7\x86\xaa\x09\xf9\xc0\xa1o\x01\xf3\xde\xb2\x91\xfe+\xe4\
H\x0c\xaa\xe1\x00\xd3'\x16)aSk\xff\x22-\x85\
>bP)\x8e\x9eb[t\xc2/\xa5\xaf\xe9Db\
X\x9c\x86\x90\x05dmB\x11\x97\xcf\xef\x993\x01\xf4\
\xe0\xa4X\xd6\xa2(\x05\x89#`\xff\xe4(^6D\
L\xbeD\x96TN\x14\x12\xbd\xd0\xdb\xf6\x81\x8d;\xcc\
\xa8\x94\x8f\xf9U\xe6Y~\xb1\x83\xc3\x8e\x90W\xb4\xb5\
\x89w\xa4\xceZ\xf2>\x99\xf2\x12\xe7&8\x1f\x1c\xd2\
O7\xc7Q\x03\xcd\xd3Z\xf6\x1a\xeb\xb5\xe8\x87\xbc\xc7\
#y.\x9b\xbfC\xeb\xb7\x1f\x83\x1f\xc2\xa7\x1e\x1dU\
\x0ey\xe8It$\xb6SG\xc1\xe6\x9b\xef\x0d\xc9{\
\xe8\xc6M\x1ev\x8f\x0e\x99\xc6c\xc0\xf3\x08NA\x0a\
\x0c*+\x22\xe7q@!\xea$\x99\x1f\xe0h\x9d\xe2\
g\xe4u\x22;Z\x87h\x1f\xd7\x9f\xdc\xe7\xbc\xad\xd8\
G\x06\x13\xa3\xf7Ba\xa3\x83a<&\xc0\x14\xcaa\
gC\x92\xfe\xf8\xddJ\xeb\xf1\xa6N\xc8O\xa6\x9cU\
H\xed\x17OaD< \x11\x0b\xfe\xceN\x95Es\
\xaf2\x14\xa9GR\xa1!\x8a\xd4k\x9d\x05%\x0f\xf5\
L\xbd0\xac\xb1\x1d\x92\x96\x12\xc19\x82\xa3\x0cY<\
\xed/\xcfkh\x0e\x8c`zr3v\xef\xda\x08\xd3\
\xf0\xb4\x09=\x9f^+\xd2\x8b\xb9K}\xacF/y\
\xf3\xe9*\xf9c\xee\x82\xc1N\x89\x02L\x8c\xef\xc2\xe4\
\xce\x1d\x18\xe8\xefG\xadVC=\xe6\x03\xf0\xaa\x00@\
\x99\xc1\xd6)\xf1\x9d\x04 \x0d\xa8y\xa4@O<\xe7\
\xa7 \xc7\x0a!gN;2\xd1\x02K[\x06\x03o\
\xf4B\x8d\x81\x8auj\x098\x19$\xbc\x13E\xc7k\
\x19r \x8b\xc5u\xb0B\xabH\x08\xcd<\x99\x96+\
 \xab\x16\xa9\xe1\xe00\x92\x9d\x1b\x14'\x86\xbfG\x83\
\xc6\xcfJ\xe6\x85\x8f\xc6&FLtb;\xbe\xebI\
\xdac\x15\x0cLY\x1f\x9d\x8e\xa5\x84\xd3:\x0f\x0c\x8a\
\x16D\xcd}\x19y\xb2\x96\xe8\xe4\xba\xe9\xbf*:\x83\
@%\x15\xe8\xb3^\xbe\xf58%\x5c\xa4M,1\xbc\
\xb7\x0ed \x05\xb1\x18$\x1d\xd3l{/\xbf\xd3e\
\x9c\xbdj\xa7\x86:\xbc\xea\x0d/\x02\x03\xbd!\x9a$\
\xe99\x1e1C\x8c\xa3g\xba1\xcf\xf9\x08Z\x139\
K\x1dimF\xc2\x17\x00atMr\xcf\xee\xa1 \
#2[/4\x12\xa2\x11\x03F\xb40o\x1f\x0aK\
\x0d\xb5]\xf3\x9f$\xba\xda\x90|\xb2\xfb\x1f\x97O\xb1\
\x09|\xea\xa0\x8f\xf2\xca\x11\x81\xf8]\x9c\x16\x8d&\xf8\
\xd8?\x8b`j:R\xc2\xd8'\xe09\xa1+\xe6<\
 \xd2D\x96|@\x8d\x0a\xf8\xbb0\xc4\xb0\xdc\x9b\x1f\
~\xd1\xbd\xd4\x97\xf0&\xf9S\x0a6\x0e\xa3ujU\
W\x808\x9f\x1c\x078>:\xf0V?\x05+\xa1m\
N\x065\x92\x5c\xcd\xa8\xa6\x86_]F\xcbo\xa8,\
\xb1\xec$\xa3\x04\xad+\xcc\xb1+}\xacA\x07\xd8\xf8\
2\xae\xa7`l\xdb!X\xba\x88s\xf1\xbf\x12\xf9\xf2\
B;\xa1yBSc\xe0\x93\x1b>y\x87\x8b\xf0Q\
\xfe\x85\xe5deEs\x17t0\xe2\x85f\xfc\xa0\x17\
\xfd2te\x1c4\xba@.\x0c\x829\xf1\xaf\xde\x1c\
FYv\xb1}\xc3\x03\xdaG\xf3\xf9C\xb6\xf7\xe9\xee\
\xf9\x9e\xef\xbd\x7fK:\x00\xd6\xec\xd8?\x9b\xb8\xcb\x9f\
%.%\xd7\xd8\x09\xd8\xb0q\x1d\xca\xb2\xc0@\xff\x80\
$\x05\xe6\x99]\x1a\x18jV\x87\xa0\xb74o@\xc9\
'\xc0\xc5O\x11[B\xb0\x00G\x83 rfF\xa6\
d\x8aF\xcf\xfc6\x99\xf9r\x96\xf1\x08\x14)\xa1\x93\
\xe0Q\x12i\xf2I2P/]\x96\xa0\x9a\xe7i\x0b\
-1<j\xca\x90i\x04\xd2kl\x14\x04\x10zE\
;\xea\x88W\xda\xc1\xc7\xf3T\xbcz\xcdT\xa9\xc2\x99\
bC\xffc\xb9doF\xa0\x94\x80\x84\xf4\x9dTv\
y\xb5CD1\x0e\x1c\x928\x1e\x00U\xa1@\x03U\
Z\xa0Oi,\xc6A\x1c\x13\x1e-y$\xce\x03\xcb\
A|V\xa2?\xda}\x08\xd2\x9a\xda\x13\xde\x98W\x00\
\x9b[\x11A\x98\x09\xa18)!f\x1d\xd9Zbr\
\xe5<\x1d\x11\xf9&\xefk\x03\x0dDj\xfd!T\x11\
 \xd52\xd7h\xa8\x80\x8c\x91]xm'\x22\x18\x0b\
\x0b\x0d\xfeJY\xf6\xbc\x02Dg\x84\x81\xb1\xa7Mb\
\x19\x12y\x8e\xfdwV\x8a#o8\xcaa\x93\xa5\x04\
X\x0c?\x88e\xd1K\xa4\x83e\x9b\xb9\xc5\xe6\x05F\
o\x93\x15\x0c,kd\xe4\xc2|\x12\xe3B\x96n\x1e\
$F\x85\x1f6_|\xbcoqJ6g\xe9\xb1<\
1\xe1-\x01rCt5L\xe1\x1d\xc5\xa7\xd8\xf7D\
\x1f\xf8:\x9fL\xa8Z\xaes\xf2\x5c\x1c\xaf\x1e\xb0\x00\
\xc9\x9c\xd0\x03\x8f\xd8Y\xb0\xb2\xeeD\xfeb\xb2\x1e\xcb\
M\x8f\x13/6BT\xce\xcb\x7f%\xfa\xc8+\x1e\xcc\
H\x9b\xb5\xc7\xea\xb9\x18P\xa6\x89\xe8\x13\x823A\xca\
\x1b\x01\xfa\xe8\x8c\xf7\xfa\x08\x04\xbd\x17x\xa9\xaf\xd9)\
by\xd6\xb4\x9e\xeb\x10>\x90\xa9\xd3\xca\xb91\x1e\x01\
\xbe\x5c\x12\xd1K\x06b\xfc\xac3\xb8\x1d\xf5\xca\xb9\x1c\
Y-$\xfd\xd5\x1a\xfd\xa8\xf5\xf5c\xfb\x86\xfbQ\xfe\
\x7f\xed\xbdi\xb7$\xc9q\x1dx-2\xdfVKo\
\x00H\x00\xd2\x00\xd4\x01\x05\x88\xc0\x8c\xa4\xff\xff\x0bf\
>h\xce\x19\xceP\x14@\x12 \x96\xc6\xdah\xa0\xbb\
\xba\xaa\xde\x92\x19>\x1f\xdc\xee\xb5\xeb\x91\x91\xef\xe5\xab\
\xaa\x16E\x9e\x8e>\xd5/#\xc2\xdd\xdc\xdc\xdc\xdc\xae\
\xb9\xf9\x12w\xd7\xa5\xd28\xfdZ\xf6\xc4S.\xf5\xc4\
e\xe6\xa5\xfeW\xc3\x8e\xe9WL\xe7\xc1o\x00\xb8\xbd\
\xbd\xc5\xcf\xfe\xe9'\xb8\xba\xba\xc4\xe5\xd5\x15.\xce\xcf\
qv\xb6\xc5v3a\xb3\xa99B\x8d\xb6\x058\xb9\
\xeddfX\xc68]\xb1I\xc3dzv\x1c)\xab\
\xd5H\xf7\x15C\xcd2\xb3\x93\xdb;\xce\xe1\xb9\x1d\xf7\
2i\xebu\xd0N\x8fw\xf5\xd7\xf4n\xc9[\x03\x22\
\x8fJ\xad\xb9\xc1\x10\xeb\xe44\xe6\x04/\x86\xa5\x91\xe0\
\xc2\xc2\xe7\xa4=C\xc0\x10\xf3lt \xbb\xef\x0b_\
\xc2;\x1c\xab\xd3&\x8d*\x90\x0b\x10\xfb\xbc^S\xe5\
\x1c\xa3\xdalS \x94P#Ofp\xe7\x94[#\
pc\xe4\xb7\x95\xec\x05\xe2\x94\x89h4)`K@\
\x0b+\x99\xa0@)\xd2\xd1\x11,\xb6VrmUv\
\x81\xbfuX\xcan\xa5\x17\xd5\xa2Hk\xf8\x94\x89O\
1\xf94\x8c\xba|\x83F\xaf\x1a]H\x9b\x8d\x836\
\xcal\x88\xfc\x9a\x81\x9dt\x8e\xfe\xa0\xbe\xa2D\xb91\
\xbaSG\xd0Z\x8af\xba-\x836\xf5#\x84\xf9\xb5\
>\x1a\xeeq\x91D)\x98\x84V\xa3n\xd7\x93j\x85\
I\xb2\x13\xc0q\xfe_\xa3\xece\xef\xb4v\xd6\x14\x03\
\xa0y\x7f\xd6o\x1a\x9d\x89\xb1|\xe4g\xad\x8f,2\
\x9b9\xaf\xedu\xf1\xec\x0b\x03# \xe1\xffr>}\
TP\xb3?\xc5~2\xbf\xa0is\xed\xb4[\xcd\xd3\
qTL0+\xfaQ\x9d\xa9\xb3\xdd\x80>%1\x0f\
`\xc6\x10\xbb\xfa\x03\xab\x1a\x0dM\xeb\x01\x18\xd6\xa7\x13\
Qy\xbb=\xc3\xaa\xfcZ\xb4\x0cy\x8f\xc0\xce\x10y\
0/m`\xa3\x11`\x7f\x1f\xff\xa9\x19LN\x83=\
\xb3+\xd0\xb7o\x07\xf5\xd1L\x86;\xc0\xc3\xa0\xc6\x16\
\x14.4l\xb0c\xac\xcb\x92\x5c\xf0\xa9\xe1\x83\xf4\x8d\
\xe6E;\xab2\xfa\x07Tt\x8e\xd1\xabi\xd2\x87~\
\xce\xce\xafpv\xfe\x04O\x9f\x7f\x80\xcf>\xf9)^\
\xfe\xf9\xb7\x8a\xce>\xe6\x92\xea\xac<_\x9a3\xbf\x1f\
\xb6\x01.\xbay\x01\x7f\xe7}a\xf4\x0f\x09.\xbaW\
\x15\x9eQ\x80?\x7f\xf6'\xfc\xfa\xe3_\xe2\xfd\xf7\xdf\
\xef\xeb\x01\xce\xce\xb1\xd9l1\xe5\xb7\x8fc*\xaf]\
\x0a'\xef/\x15)\xfc\xbd\x15\x8c4f2x\xb2\xc1\
\xc5e\x1a:\x0e\x0a\xd4!\xcc\xc6\xb4%a\xcdOU\
G\x1b\x84\xaaB\xb2\x5c\xb7\x01\xa8.\x8c\x86\xfe\xc1\x17\
\x81\xb1\x1b\x0e\xd2aGh\x16\xe6\xab\x85B\xaa\xc7L\
\x9e\xe88P\x00\xc5\xbc\xec\xc3\x5c\xf7\x04\x9b\x89\xef\xb3\
m*\x04\x17*\xcf\x01\x0e\xb3\x8d\x80[\x01\x1e#\x0b\
\xee\xb8x},\x0b\xea\x98Tv\xa2\x92O\xefx\x04\
\xd8f\x99\x0ct%#\x1b\x017\xd5F\xfc\x12\xe2j\
 L`-\x19\xdb`\x8fv<\xf3f@T\xce^\
T\x1aU\xc8C\xf21F]\x1a;{XUr*\
\x00\xcd\xa20%\x0b\x8b\xf9\xe6=\xcf\xdb\x87\xe9S\x82\
T\x8b>\xa0,S9\xf4xj}9\x15L\xebJ\
\x11\xa8\x0a\xd8{\x86\xeb\xe72\xde\xe4AQ\x14X\x18\
Y4\x9d\x09v\xaa\xf0\x97\xd9P1\xdczG\xe9N\
Z\x8d`\x83'\xe8y\x1dU\x8dFA[z\x08\x88\
8b\xf4i\x8d\xc6z:\x0d#L\xc0\xf2Qt\x8d\
\xbe\xe7*\x93\x8a\xa4Q\xfd\xd2\xe4\x8e\x0b\xc8\x00\x86\xe7\
Y\xd7\xfc\xf2\x9f\xad\x1c\xefR\x9aKZ\x0b\xb4\x93%\
\xb3\xc8\x8e\xe8S\xf6\x91\x91$?,'2\x9d\x03|\
\x9b\xe5$\xf8\xe0\xa8gq}\xa8\x85o\xe1\x9d\x05f\
3\xc1\xfcLo\x13\xa5lj\xb5\xeb\xd2\x19\x00\x96*\
4FC\x80\xeaT\x83vY@\xd4\xe4\xda\xf8\xce\x07\
&d\xc2\x0dz\x81w\x0f\xd0\xf28\xe7\xe2\xdb\x8b\xf6\
Vp\x1e\x85\xe7\x0e\xd2\xc3\x09\xbd\xd6\x03\xb3\x8d\xa6\x1c\
\x00L\x0c\xfbo\xceqvq\xd5\xb7\xfc=}\x1f7\
\xd7\x9f\xe3\xf7\xbf\xfc\xfb\xb4)6@\xbd\xe7z\xe8=\
\xebv\xa8\xa5\x95\xf7\xe8\xc7\x80\x0e\xee\xdb\xe8\x14\xf4\x8e\
\xbb\x9e~\x95N:\x01?\xff\xf9O\xf1\xde\xf3\xf7\xf1\
\xde{\xefc\xde\xcf\xd8\xcds\xdfj\x95\xca\xb4g\xe7\
\x8a\x18\xe9O9\xea\x09T\x0b%Cu<+\x0dJ\
\x9ao\x85\xbd\xaae9+\xa5\x0fBxc\x875\x9a\
\xca  \x94\xa1\xec^s(TI\xb9\xf0oI9\
\xe7\xe2h\x85|Nm\x90\xd3\x12t\xdb\xd0\xba\x15\xae\
\xa4\xe6\x85\xc9\x82\xa0\x93t\xda\xa2}(\x0f\xcdA6\
L\xc8cG\xa9\xa6b<d\xc3\xc9\xd1\x9cyB\xe5\
B\x0d?,k\xb2\xf5\x0bK\xc5\x5cS\xd4\xb6L\xa1\
\x91AF9$\xd4>e0#\xeb9\x08x2\xaf\
\x7fY\x82\xc9:<\x11\xbdv\x82\x88!\x855}n\
\x9c\x84\xe6\xbbg\x08$\xa5mY\xb8>\x0e\xa7I\xdb\
t\xdctDm\xa6U5\x8bY}*>\xc5Z\xe1\
\xff\x11Jj\xc4n\x90\xde\xb7\x0eT~\xd5\xb9\x01\xb6\
z\x9e:QS\x0d-\xf5\xb7\x0e\xe0Y~o\x82\x98\
\xd3UmF\xb4\xbe\xca\x9e\xa1r\xb5\xe9\x88\x0fV\xb5\
\xb06\xac>9\xbc\x96\x01\xceP=\xaa\x7f\xf6/\x1a\
ef\xa9\x7f\x98\xeeW\xc7\xe5q\xb0a\xba9\x945\
\x8c\xbc\x09\xe8\x06\xc2\x1cd\xa8\xdf\xf1~q\xfa\x5c\xb3\
)\x9bl\xe3*\xcf\xe8*t\xe3\xce\x85\x8f({\xbe\
@\xeb\xb2\x8d\xa6\xb6\xef<,V\xfb\xcb\x0e\x12\xc8Q\
\xf93\xaf\xf4bpLh\x95fj\xf2\xd0\xbeQ\x85\
HL\xd3\x12u\xdb<,\x85\x18\x9d\x01.\xaa\xebe\
\xd4\xfb*\xe7\xa05Z\xd1\x11\xacV\xf8*\x9b\xc0d\
\xe7M\xa8\xcc\xf6\x90}j\xaewn\x97\xcb(s\xaa\
D\xb7U -WT\xfaPFZB+6\x0b\xa1\
\xbc\xbbY\x8a\x83\xbaS\x95h\x9f\xa7\x88\x1c\xfd\x9fa\
{~\x81\xb3\x8b\xa7\xb8\xb8z\x0eL\xc0\xaf\xfe\xf1\xbf\
\xa1\xcd{\xb3U\xeb\x97cL[\xdc\x1fK\xb7v\xf1\
\xdd0\x05\xb0F\xe4\xa81o\xc5\xc0\xa9\x17G\xb4?\
\xf9\xc9\xdf\xa3\xcd{<\xb9\xba\xaa\xad\x81\xdb\xbe5p\
\x9a\xa6\xee-\x01%d\x07(1\x92B\x9dB\x1dG\
\x9f\xb1\x95\x92[KD\xe5A\xa3\xd6d\x13\xfb\xf0\xd6\
\x14\x92\x91|\x0f*\xf7\xc59S\x9e\x1e\x98F4\xa3\
\x12c\xf4 \x81\x00\xa5F*\x02n#\x18\xa2\xaeQ\
W\xf7\xbc\x13\x9c}Q\xdc\x10a\x08\xc9\xb3\xb5\x96#\
7\xf6\xcf&y)\xb2\xd8\xc6N\xacU\xd6-\xe5\xd1\
\xd0i\xcc\xe1\xf6\xaefTJ<`\x88>h\xabf\
S~\xa6\x99\x19\xc2\x0e\x0cm\xd7bx\xa7\xf9\xfcy\
\x91\x96u\x99\xcd\xb8+h\xd2\xaam}g\x90\xf1V\
\xab\xfa=\x9c\x1e6\xd0\xcb\x05\x9a\x04\x1c\xd9\xbd6\xe8\
Id[q\xdf\xb8\x16y\xb6\xc8r\xad\x9b\xd1\xe8\xf0\
\xd4\x15\xd9\xd6\x85\x97\xe2\xd3\x22@\x8d\xf8\xb1\xa4\xd7\xdb\
9\x06\xd8\x0f\xfbGQ\xb9\xe2\x99\x13\x92\xf72\x14e\
\xbb\x93\xdd\xd9F;!]\x94\xc1c\x08\x98\x82\xe6H\
\x12M\xd8X\xfb\xa2\x8d\x85\x04B?qM\xf3\xaf\xad\
\x1c0\xb1\x13f\x9c\xa7,1\xba\xcc\xabJR,\x00\
9\xb2l\xe3\xb3\xc6EZ\xad\x03k\x9f\x0b\x9f\xc7\x10\
\xb6\xea\xc06\xb6g\xee \xc5\xb2\xdc*\x8b\xb3\xe4\xe5\
P\xed\xc5\x8bf\xec\x9c\xef%\x8dqnG\xb2\x0e\xbe\
c\x18yHb\xf6\x0a\x9c\xde)\xdbq\xe862\xb3\
\xad\xa8\x97\xa34C\x91M\xb3}\xbe\x12\xa7x\xcd\xa5\
\xc3tx\xf8\x96\xce[\x1bi\x14\xbbc\xfdj\xf1\x1f\
\xe7\xf9\x0b`\xc7\xeeQ\x07 1\x9a&\xd3\x1dF\x9b\
&\xa0y\xc4\xb4xH\xd7B\xefK\xceYW\x16\x1b\
@\x1d\x05L]\x0e\xfb=\x89k\x9f\x80\xae\xfc\x04\xf7\
\x9eoX\x8c\x1b\xcc\xdfsM\xd3\x06\xdb\xcd\x19\xce\xce\
.qv\xfe\x04g\xdb\x0b\x5c]]\xe1\xb7?\xff[\
\xdc^\xbfx\xa3\xd0\xbf\xaaD\xbe\x86\x9a<|\x1d\xdd\
\x05`\xcd\xa3\x8b\xf7\xb1x\xf6\x98+\x22p}\xf3\x1a\
?\xf9\xf1\xdf\xe1\xfc\xe2\x0c\x97\x17\x17\xb8\xc8\xe9\x80\xed\
f\x9b'\x05\x86\xcd\x97\xb2\xeb\xd2\x98\xa4G\x96\xad\xa7\
\x90u\x04\xea#>\xbdQ\xeb\xbc\xeb\xe2x\x08Q\x91\
\x9e\xca\xeb)\x0e\x1aQ\xa7\xc1\x95A\xae\x0e\x0b\x95\x10\
CI\xa9@\x04\x11\x97\x94\xd6\x05e\xae\x14v\x9b\xc7\
\xf9m\x1aN\x19M:\x01\x9cJ\x90\xb1n\x0b\xbbe\
\xc0\x8f\x5cO\xc1y\x0fQ\xaa\xff\x80\x86\xb6\xe0S#\
\x0d\x8b\x806\xcd+'\xf0\x9b\x81\x1f\xc0\xbe\xb1m\xf2\
7\x9d\x0a\x9bJ\x18\xb7h\xb2n6\xa7F\xd0\x9e\x09\
\xd4E\x17s\x0fU;?\x8d\xb4\xc5C\xc9D6j\
a{\xab\xc3Y\x172`\xaf\x91i\xe9`X\xd8\x1f\
\xf4WTP\xd5\x8f\xa3\x92\xa1\xdc9\x86\xe9\x062\xe6\
\xfc\x15\xb9\xca+\xc7bx\x9fR\x13\x08\xb0\x8f\x94c\
\xe0\x17\x1d\x97\xd6f\xb4\xd9F\x84\x94\xbf\xe8\xd0\x191\
#\xa9Bm_\xb7@\xbb\x83n3\xe7\x80\xb2m\x80\
\xeaH\xc1\xf79j\x9b\xf7f\x03\xb1\x8265\xd6\xf2\
\xf3\xbc\x15\x9e5\xb0i4\xdc\xb3\x1c\x14\xf2\xd1\xda\x8c\
\xe1lxm\xd73\xbec\xee\xff\xda\xdeh\xf6\xbe\x15\
8\xe6\x10\xa8#\x1c\x00{\x84\xcf\xd1\xef\x111\xd7}\
\xebe\xb5\xc1[\xad\xdf-\xdbG#|t\xfe\xc3\xe4\
4\x82\x14\xe5@\xfd\xad\xb6\xe0\xf1\xc4J\xcb\xe8Co\
\x0c\xe8\x9c\x01\x14\xef\xfe\xaf\xa1\xf4i0\x00\x8b\xb6\x09\
\xd3\xa9\xc1\x97\x12\x1d\xa7Q\xb2\xa4\x8aQ\xa7\xb5~J\
i!\xfb\xab\x85\xa0p\x10oI\xae\x9cU\xd1\x09k\
2\xe3\xa0\xd6x\x98}\xa2#\x00\xbf\x0e\xe1\xd3\xed\xf4\
\xc2\xbce\x8ef\xd9\x89=\x86!\x81>\xa8\xddL\x88\
\xcd\x06\xd3\xf6\x1c\xe7\x17W8\xbb\xb8\xc4\xd3\xf7\xde\xc3\
\x1f\x7f\xfb\x13|\xf6\xc7_aXx~\xc0\xc5\xfa\xe5\
\xdc\xb6\x95\xdf\xc7\xd2\xfb\xa5)\x80vO\xa2\xe5\xf5\x10\
c\xf7\xe6m\xb5\x1e\xe0\x97\xbf\xf8\x19\xbe\xf3\xdd\xef\xf5\
/\x04\x9a'\xd9\xd0\xd0\xf6\xa6\xe4\x80\x0c\x80\x06\x7f\xcb\
w\xde*\xd9\xc2U'\xa7\xcd\x12\x12\x1e\x876\xaf\xf9\
ZN\x11\xc8\xef#\xe0\xeb\x83\xe0\xa6\xf5FWJ\xa0\
\xf9^>\xcbi\x03 \xe7)'\xd6T\xc6<\x99\x85\
J\x0e\x14\x9f\x19Bf@\xaa\x02\x1d#/\xce\xaf\xcb\
\xc2k\xa3\xe79\x0b\xd0\xcf\x8b\xef|6\xd0\xcee\xf9\
Q\x0e\x94\xf5\x1bx\x086FQ\xb8@U'}f\
\x9d-B\xb9E\xab\x06\x9c21#0$^\x0b\x97\
S\x8cQ\xd81\xb4q\x8d\x94\xc3\xc4\x22\xce[\xab]\
b\xfb\xe8'\x1fM\xd9\xabs\xc4^S\xcb9\xeen\
\x5cpg\xfa\xc6z\x0fu!\xa0\x9b\x08\x02\xe0\x8e\x87\
\xbe\x95\x8d\xe9\x16\xb2j&W\xfem}\xeac\x0c\x83\
7\xb3\xa7\xaco9Mt*z\xd2\x851\x93\xa7T\
\xce\x94\xc2\xa4\xf9\xa04\xb9\x01\xc8\x83\xba\xda\xacH\x89\
\xc2\xf3\x83\xb7\x12\x92V\xef?\xde\x95)(>\xc8\x13\
\x05\xd9N\x99&\x22\xa7rDv\xd6tO\x1f\xddM\
\x03@\xf4\xeaQOX\x83\xb9\xf8\xd7\x82\x1e\xe3s\xe9\
a\xa5l\x19.\xd6b>\x8d\x8c\xb9\xda\xbe\xd3f\x94\
\xa0\xc5\x5c\x15\x0cyshsF\x1abV\x1d\x86\x08\
\x85\xe4\xdf\xcc\x91`\xf9YVT\x1b4s\x1ed\xde\
\xc4G\xca\xa5\xd1\x09j\xe2\xdd\xbcF\xc8\xbe\xa5\x1c}\
=B9\x80\xcc\x1b=2g\x1e\xb2D\x98\x9dqX\
Dw\x00\xb6Y\x1e`\xb4K\xb7\x5c]B\xc4\x8d7\
\xa8\x0b\x82\xbb\x0fH\xba\xdb\xcc\xb1\xfd\xc5\xa3\xf4-\xed\
\x5c\xb6'\xa7\x83j\xf0\xa3\xca\x94:\xa0\xfa0e\xc1\
\xaeL\xdb\xe3S\x09<$\xcaq\x8a\xeb\xd6\x8aF]\
\x1abE\xf4\x15\xff\x9b3\x9c\x9d_bsv\x85\xa7\
\xcf?\xc4\x17/>\xc1o\x7f\xf5c\x81\xff)\x01\x80\
\x07^?x\x95.\xf5\xeb`\x0d\xc0C\x05,\x09\x1c\
\xfaL\x8b\xe7\xcb\x0c@*\xfe\x84_\xff\xe6c\x5c]\
=\xc5\xd7\xbf\xf1-\xfc\xb9\xcd:v\x95\x0a\xb1\xdf\xef\
+\xba\x9c\xa1\xb1\x1a\xb4\x15\x10\xd6\xc8\xcc\xeb\x112\x92\
]y\x0btF\x96\x16\xaaj\xa3\x11\x8d\x8fe\xfb\x09\
\x22\xa1\xbc\xbd\x81\xc9w\x14\x0d\xd1fi\xc9\x0f\xa3\x1a\
\xf2\xf8\xc3XX\xe6\xb7N\x97rC\xd4r\x1b\xe6)\
C\xc0Ge\xf4\x22Ah\xf6\x9dJ\x81\xa1\x81\xe6X\
d\xb3\xaa\xbaE\xe77\x1c\xbc\xab+\xbd\xcbu\xe1\x11\
\xb0}L\xcaf<2\x97\x1b\x04\xfa/\x11\xfc\xfe\x0c\
\xd0\xa6\x0e\xa6S\x82_Z\x05\xd1\x19\x96\x0e\x84\xe8u\
\xd5\xe9\x1dw\xb1t\x02U\xf1\x05o\xd1\xcf\xb1/)\
G}jW\x06\xd8\xde\x0bTK\xb0\x020\x9b\xc2\x09\
\xbb\xef\x86e\x12\xff\xc4\xb2FCe\x8d\xa0\xa9-9\
\x02\xd6\x80\x8d\x06/\x94\xafF\xdfIk\x9e\xd1\xcf\xe6\
O=l\x1cQ\x15\x10\x17(S\xa6\x1d\xf89}\xd2\
\xda\xbe\xd2\xf2\xa3@y\xca]C~8'z;\xf9\
(\xbd\xaf\xe9\xe8\xc2\x13paF\xed\x00 p%7\
\xb6\xceCmg\x80UZ\xce\xd0\x14\xb5)P\x8b1\
\x18>']@Q\x07\x8e\x94\x91r\x19\xa2\x10\x0b\xa0\
\xc6^<\x0f+j\xd9\xfa\xe49\xcf\xb6\xaf\xde\xb0O\
=j%\xeb`5\xb3/!\x01_#wV\xba\xff\
\xeer\x9d\x17\xbcC\xb6\xa6\xab\xe2\x5c}\x5c\xd5/y\
\xcan\x02CY\x05\xc0M\x12U9R\x1c\x14\xdfX\
ti\x82l\xc4\xf0\x5ck\x80\x82\xce\xf3h\xf8\xab\x8b\
\xb7A\x1b\x04\xbf<5Q\xc6\x07J\xcd\xfb~\x0cw\
\x8fX\xaa\xedr\xa4R\x91\xa8\xb2\xf9F\xc1\x9c!Y\
\x09H\x98A\xdeY\x0e\x8c\x07t{\xc06Tdy\
*{ER\xe5-\x94\xe0b\x83i{\x86\xed\xc5%\
\xce\xf2\x9c\xff\xdd\xed+\xfc\xea\x1f\xff\xef\xe4\xc7\x0d\xef\
iW\xa1\x8a\xd7\xab\xdfp1\xe4\xd2\xa1p\xd4\xe0\xb5\
\xba\x08\xf0XaN\xc4\xef\xd7\xaev\xf0c\xb0\xf1\xa9\
\xb8\x81\x9f\xfe\xec\x1fp~y\x89\xe7\xcf\x9e\xf79\xe8\
|w\x0b\x82\xea\xbeG\xeb\xd0\x05=\xb72\xbdaF\
]\xc2\x1f\x0c74-\xa0\xf0z\x94\xc0\xa5x\xf9l\
R\xa7)>#\x82+\xe1Ty\xea\x06\x95\x846\xb9\
\x1b\xea\xb9\x9c\x023\x845\x9a7:\xae<\x14\xce\x0c\
)\xa3\xa7u\x10\x0d\x19N\xc1\x13\x9ai!\x8d\x9f\x9f\
E^\xdf\x05\xe7\xfbJ\xef\xab\x96)$\xf9\xb3T&\
\xf4)\x966#\xbf\x96X \xa4(\x06\xa7`Z\x88\
\xdf\xb9\x91_f)\xde\xa5G\xde\x09\x03\xea\xc0\xf2\xe4\
\xc9GK\xe67Q\x1fj\x0b\xf4`\xca\x1e:\xb1\x95\
\x06\x91\xc3\x88\xceZuH9\xf2\x000O\xc3\x01u\
\xb3\x03\x18\xa3\x02\x88\xfe\xa5\xf1\x94\x9b\x0f\xae\x1b\x1b\xcf\
\x81\x9d\xce&\x17F6\xea\x03\xeb\x9a^Mkh\xb9\
\xa5\xafQ\xe9f\xea6\xb1\xaa\xc2\x9f\x02\xfa\xd4-\x85\
\xe8\xa9\xf3\xea\xf5\x91\xa1l.`\xcd\x85\xab\xa8\xc8\x89\
\xaa@\xbc\xa0\x1e\xb0\xbd\xfdy\x03\xf4\x09\xc9f\xa0\x85\
\xe8\x1f\x9e1\xa3]\xab\xbc\x13\xe4m\xb1ik{P\
\xf8\x91rhH\x9d2-\xa4>wy\xb3\xdc\xbep\
\x95\x8e~}\x0b\x9ee\xb4\xb1\x9e\xa6\xcb\xc3>y\xb4\
l\xcd^IM\x0d`\x06\xe6\xbef@\xc8\xc0\x15\xf3\
@\x07\x86\xb6\x17\xa0\xd7Y\xf6=o?\xdb\xc1\xa6\x1a\
4\xed\x90S\x01\xeex0]k+\xf3\xf19-@\
Y\x0a\xae\x08Xv\x9ft\xbb\xceU\xa3R>\xc1\xbc\
>8\x00\xd2\xc9\xe24P\x88_\x8e\xfe\xbb\xce\xa43\
\xa0g\xca\x0d\xae\xed\x08,B\xf3\xf6l\x96>\xb1Q\
Y\x9a\xe5\x91-\x15z)\x9d\xec\xd2\x12\x88\x15\xe9\xa1\
\x19\xf1Qz\xd4q\xe6\xca\x17*k\xbc\xadQw\xef\
k\x85j!\x9d1\x8c\x90!I\xeb8\x84\x8ei\x97\
\xd3\xae\x05\x10\xb9\x8dv\xb3\xd9 \xa6~\xd0\xcf\xd9\xd9\
\x13\x5c>y\x8e\x88\x86\x9f\xfd\xf8\xff\xc4~w[}\
\x01%*\xf2{\x14\x5c\x87R\x17\xe2i\xd6\x22\xf7\xe4\
\xe7U\x9f\x03v/b\xa5\xb0\xe5uX\xfd{\xf9]\
y\x9f\xe1\x19\x04\xfe\xe1'\xff\x1d?\xfa\xd1\x7f\xc1\xb3\
g\xcf\xf0\xf2\x8b/\xc0\xd1\xf1<\xdf`\x9e\x1b\xa6i\
.\x83\xea\x0dH\x05n\x04\xbb&@\x05\xd2\x88dg\
\x8e \x88Ay\x1cca\x8a\xd3\xa4x\xc0\x10\x9a\x19\
\x0cJ\xb5P\x91\xa2\xd2\x80\xc8\xd09\x8czG\xc3\xaf\
\x15\xecT\x9a\x1c\xe55\x010TN\xc9w\x9c\xb2\xc8\
\xd2k\xc4\xd7\xb9\xb3\x1c\xc6?\xa0\x11\x08\x1d%\xd1\xd4\
\x14@\xc9\x95\xab\xfa\xc9\xbf@\x01\xb53\x00(<\xf7\
\xa0\x22\xda\xac/\xa6\x8dsdLK\xd9PZ\xe6l\
\xa4\x87\xdf\xfb[\xeb\xa3\xf4n\xafJ\xb6\xfb\x02\xf0\x00\
jz!\xa7\x07@<V\xdb/;l\x9e\xf8F]\
J\x00][\x09\xcf\xa6\xd4\x1a\x8a\x9e\x1dZ1a\xd5\
\xd3\xe8C\xf2\xa1\x0c\xd2a! \xa7q\xab\x9d\x13\x93\
\xe6h\xd5\xb6\x8a\x9e\x84p\xa6\x00 *\xaa\x1c5\x17\
\x0a\xa8q\x14\x11\x90\xea\xa5\xde\xf5Q\xe5&\x9d\x11\x8e\
\xb8&U\x19XD\x13\x88\x03\x98\xc1\xd1\xbd\xc0\xc7\xde\
uv\x19\x19\x80\x09\x97\xb4\x1a\xa2M\x1a=\xb5\xaa\x00\
\xcd'\x86\x1d (\xe7(+\x06*\xbdF\xdb\x04\xcc\
\x86\x1c\x19\xcf\xca\xde\x02\x03\x96K\x08\x06\xea\xc0>\xe5\
\x95tXY[{\xe0\x0eB\xe3\xdc?\xfb\xb0\x83~\
F\x10\xd4\xc7\x90\x8e\x925@\xe3\xc8\x9fte\x7fZ\
\xf1\x97\xc9\xe9\xb0*\xb6\xd8 \xbe{\x1f\x9f\x8b\x0f\xd1\
kj7\x81\xab\x16M:\x0ft\xe2\x9c?\xb0\x15\xd4\
\x9e#&T\xd8\xbf\xdbI\xda>\x8bb\xb6\xca\xe0\xfa\
T\x7fZ\x0dt\xe8\x10CfUi#w\x1e\xa8\xc9\
\x22$\x0fx\x1e\x98cB\xfb\xafz\xd0\xcdkC\x15\
}F\xad\xa2\x17\xf5\xb0\x99,\xba0jzK\xeb\x92\
\x82v\xb3\xd2i\xc0\xc1>?M\x986\x1b\xc4\xe6\xac\
\x83\xff\xf9%\xce/\x9fbs~\x8e_\xfc\xf8\xff\xc2\
\xdd\xcd+\xf5\x0d\xd91+v\x90\x8d\xb5P\xa8\xaee\
#\xee\xbb\x96~\xc42\xc7\xaa\x9f\xa1\x0e\xa9F\xae\x84\
\xb1H\xdb\x96\xf9bd~\xad@\xcfK\x98\xb9\xba\xbc\
\xc4\x0f\xff\xf7\xff\x8ay\x0f\xbc|\xfd\x127\xd7\xd7\xb8\
\xbe\xbe\xc6\xdd\xdd\x1dv\xf3\x1es~\xe2\xb2\xef\xa5\x9e\
Q\xdf\xbc'(\xda\x9c\xfb\xdcLH,k1/\x95\
\x8a\xd5\x7f\xcfC\xe5\xa4\x1c\x8dr\xa0\xfe\xa6\xf5o\xfb\
\x0a/\xc5\xa1d\xb450\x1bx\x0c=\x1bo\x04D\
s\x04\xd4\x97h\x1c\xa3\xca\xef\xc6\xbb\xce`\xa7y\x8a\
\x04\xa8\x0ej\xbd\xc2S\x00s\xf26E\x1c\xd2\x0b\x97\
H\x1bp\xb8\xe4\x90\xc6\x99\xe7\xb8\xb0\x9a\x119w_\
\xe9\x03\x01pG\x06\x8d|8\xdd@L\xac{F\x13\
\x92\xef\x90\xa1\xcbr'\xd2h\xc3I\xb1\x03\x7f\x13\xeb\
\x1a\xe2I\x9f\xb4_\x9c\xa1_\x06&\x8dI\xd4\xdfN\
/jZ'\x0d\x99\x1c\xc9\xb0\xe7\xcb5\xb3<\xcf\xbd\
!#E=!\xf1\xa6\x9c\x0e\x9e\xa6\xd7A\xaetc\
J\xc3\xc6\x88@.x\x8c\xc8\xf9X\x80[\xfd\x18\xde\
\xd0\x88\x1e\xf9!\xa8\x99.\xdf\xd4\x01\x16\xc8\xc5\x86\xe4\
-?\xb4\x93\xc2\xe8v\x7f\x03`\x93\x83\xbb<\xcaw\
\x06\x1a\xfa\xa7x\x03\x91\x0b\xdb\xe98m\xb2\x1c~Q\
/\x1b`\xee<)\xd2\x90\x1f\x09\xea\x117k(\xa0\
\xebm\xe3\x89i\xac\x0f\xfbS5l\xff\xec\xb0\x9b\xbb\
@-\xf1fG\x9a\x12\xa4\x96}\xaf\xd5_\xb3\x01\x01\
\xe47\xd5\x090\x04t:\x10\xb9\x18P!w>_\
\xfc%\x92\xccsE\xf8\xb4\xed/#\x08>\xa5\xd0\xf6\
\xa0F\xb4\x96\xd3\x02\x00Z\xdbC\x8b\xf0\xa2e\xe43\
ip\xba\xe4`1d\x02w\xd0!\xc8\xb2\xe5\x90A\
\xbcj\xe4O\x00\x8c\xb4'\xb2E\x1e\xe5h\xe2\x85v\
gPyX}\xc8\x0f\xd2\xe6\xb4\xa1\xd7\x0e\x18\xd1R\
\xbe#^\xb4\x92G\x16P\x11\xbeH\xb0m\x0a\xb8\xca\
\x0eNe'\xc5#d\x06\x93r:\x1eQ\xb8\x02z\
/\xac\xab\xd5(\xbb9\xe4\x9c\xcaP4\x0d\x1c\x15\xce\
\x07\xd7\x85\x95\x9d\x05m\x17k\x956\x90{\xfd\xeb\x03\
?\x17\xd8\x9e?\xc1\xf9\xe5S<}\xf6\x01>\xfe\xe9\
\x7f\xc3\xe7\x7f\xfa\x0d\xfaQ\xd7tD]\xde.\xa9\xb4\
!\x83\x9cM68\xbc\x5c&\x8eA\xc7\xf2\x1e\xd0Y\
#\xbc\xec^\xa7\x5c\xcb<\xab\x95\xcb\xdf\x0c\xe3<}\
\xfa\x0c\x7f\xf3\xc3\xff\x8c\xddn\x8fW\xaf^\xe2\xf5\xf5\
5nonqww\x8b\xfd~\x8f\xd6\xf2\x9c\xab\xd6\
;M\xe3\x22\x0f/\x95\x8d\x0ao\xf2T\xdd\xd6\x9bR\
\x1d\x021\xa4\x85\xe7\xb2\x96e8\x9bJ\xd6\xcdV*\
\x93/p\x1a\x16l\x95\xc2\x96\x1e\x12\x10m1\x953\
Hpf\x18\x93eZw.\xa5dg\x12\xee\xa0\xc6\
\xdb-\xb1\xc9y7\x99O#\x0d\xdat*\x8c+5\
\xd0l4m\x96AG\xbd69\x15\xaa\xb3\x81o\xa7\
c==;N3:\x9c\xd7D\xca\xa7\x01uZ\xac\
\xf1F\x07\xa3E:\x13\x8d\xbf\xc3\x0e\x9b\x8b,\xa3p\
\xa5OY\xa4\xfc&\xf2\x92\x89,:@g\x8es\xca\
\xd3\xb2\x0e\x99\xa7\xa7*\xad\xe3|>\xdb\xb9\x84\x0aM\
\xc3D\x0b\xb4\x88\x0e\xc8\xc8\xf4\xe6\x18\x04\xf3\xb4\x02t\
\xd1\xc5\x94\x00\x1dJ\x13\xfc\xfa^\xa3.u\x00\x06&\
\xb49\xc0\x13\x19[L\x889*m:\x13\xc1\x0f\xef\
\xb4\x80@zN\x90\x06\xe7\xfd\xf3\x0b{\xe6\x84\xf0\xe0\
%\x9d\xc8g\xcfHK\xf6\x86\xbc\x06\xf9,\x87\x01t\
V\x1a\xd0\xd7\x5ct\x197FY2\xbc_\xf3\xc3\xa9\
\x0c\x0a\x05\x05\xd5\xa5\xfa\x9b~\xb4\xc1\x0e\x00\x06V\x91\
\x00\x0eF\x0c\xcc\x09\xe0\x5c<\xc1ny\xe0O\xac<\
\xb3h\x81\xd3i\x07i\x9a\xd2\x8d\x9f\x90\xad\x90?\xc0\
)\x01\x00\xfc\x92^x~\x825\xd00\xf7c{\xe5\
\x84@\xd3\x09!\x81u]o\xe2\x19&\x97Yr\x01\
8\xba\x9f+\x1b\xa7\x09\x9a\x97\xd9$[i\xbf@\x14\
\xe0\x22WMoT\x8bX4\xa1i:2\xd2z)\
R\xdbXJBx\xd2\xceT\x09\xb0\xe8\x0e\x93\xa6I\
m\xca\xad\x10%e\x09\xf9\x8e\xfd\xbc\x84\x1alD2\
\xd5f\x8b\xaa\xd2\x82\xa6\x01\xf2o\x1a\xf0m1Z\x93\
\x03\xfd\xd4L\x9a\x93\xa9\x1fo\xbf\xd9b{v\x85\x8b\
\xf3+\x9c]\x5c\xe1\xe9\xfb_\xc3o\xfe\xf9\xff\xc5\x9f\
\xfe\xf0\xcf\xab\xe0\x7f\xecZ\xc3c>\x87\xbd;\x96\xee\
Xz^\xdbqt:\x12\x5cfX\x16r\xe0m\x1c\
\x94j\x09V\xe8\xc9N\xb4\xde\x88/_~\x81\x9f\xfc\
\xf8\xef\xf07?\xfc\xcf\x1d\xec\x19\xce\xca\x94\xfb\xfd\xbe\
\xfag\xd4\xc2\x22\xbe\x97\x97\x86Z\xd8\xc6\x0eb\xb3]\
\xb4\xe8\xf2vy|#A\xae\x94\xa9'\x1e\xe6\xb2@\
\x1d\x98e(A\x05l\xd0\xe8\x85\x1f\x8bi\xfa\x8dT\
\xfa&\xc35\xb7\x5c\x84\xde\x8a\xd7\x84\x8b^w]\xb3\
hv\xdb\xe8\x1d\xa8f\xd6\xd8\x0e\xe4'\x98gn@\
L\x09\x9a\x90\x81e\xbe\xa91\x5c&\xa1\xd5\x8a|\x04\
F\x0f9i\xcf-#\x0c\xd5=\xb8h\xa9\xf7\x89\xe0\
`\xad\xe4\x9d\xb4\xdbda\xaf9A\x9cN@\xce\x97\
S\xe4\x5cv\xa8A \xdb|o\xecr\xe0%\x8cn\
\x05\xec\xd12\xcc;!\xa2\xf3=\x9c\xdb\x1d\xa1\xc8\xbe\
\x0em\x0aN\x9b\xa8\xf4\x9c&\x88\x0a\xf5\xd9\xbc>\xc3\
\xfe\x0eV\x0a\xc9;\x16\xa5p\xb8@0Z\x97a\xb7\
3\x9a\xd0\x92\x81\xe6\xd4\x8c\xa2]\xad\xc2\xf3\xdd\x80p\
\x8f\xb6\xc96\xe9R\x9d\xa3\xcdhs:\x1d\x04T\x8e\
\x1a\xd1\xb46\xa6a\xca\xf9|\xb6\xf1\xd4\x01\xa5\xa1\xe4\
E\xe3\xacHX\xd7ME\x972\xee\xce\x88\x00\x17\x14\
\xca\xd1\x88\x9e\xaf\xe3\x15\x19\xec\x0b8\xea\x0b\x91\xe4\xa0\
\xcf\xe77\xb6\x13\xdc\x96D\x9d\xaa\xc9hT\xeah\x1f\
iG\xd9\x09\xd6\x93\xf2\x9f\xbbl\xfb\xed\xde\x9c\x00\x82\
b\xfd\xd6W\xea\xf8~\xee\xd3\x04\x1dp\xf6\x06rI\
#8\x1d\x90g h\x8e\x9e\x9f\xbf-Z\xe1\x8e\x86\
\x94d6\xd0\x99\xd5\x17eoZ\xc2k$\xbdV\xf3\
\xf1\xe2\x99\x02lm(O\x06\x8cy\x18\x0d\xd1\xc2\xa7\
\x94l\xf6W\xf2\xac\xb5+\x0e\x9a\xe9xh\xb1\x1f|\
\xf4?\xda{\x82\xb8\xd8\xc8~\xce)/\xf6;6\x8f\
\xfa\x18u8\x0e\xf3j#\x96\xaaZ\x034\xca\x05@\
\xda\x8c\xb4\x05\xa9G6\xd4\xe8\xeb$\xf8\x22m\xce\x0c\
\xce^2\xc4\x1f\xa9cl&\xaei\xa1L\xca.F\
D\x85\xfd\xb7\x178\xbb\xe8g\xfc?}\xfe!~\xf7\
\xcb\xff~\x00\xfe\xa7\x80\xf6\xb1\xf7\xc5\x0f9\x19\xf3a\
\xe5\xf9\x92\x16{\x5c\xf3\x07009`\xe8\x10\xcf\x1f\
d\xfa\x183\xcb\xf7\x04\xca\xd6\x1a>\xf8\xf0#\xfc\xe0\
\xfb?\xc4\xf5\xcd\x0d^\xbe|\x95S\x01\xb7\xb8\xbb\xdb\
a7\xef\x80\xd60\xcf\xbd\xe3y\x03\xf30\x1czi\
\xa5TY\x06\x81\x8c\xef\xe4\xbd\x943\xc0\x05l\xa5\xcc\
\x1c\xad\x06j\xe5Y\xc9B\xfc\xaf{@\x89\x9f\x04\xe7\
RR\xbe\xa6\x8eq\x01s_\xa7P\xb3\x94\xd1Z\x1f\
%g\xbd\xb4\x90\xcf\xe9X-\x07\x83\xe9-\x1c\xa8\xd1\
9\x0198U\xc1j\xf5\x8e\xd0X\x16Z\x8d\xe6\xc1\
\xccPh\xbf\xe3\x98w\x00\xe3\xc1\xa3\xc5\xce&}\x0a\
\x81)yM\x83E\xd0n\xb0\xcf\xe1V;\x0du\xd2\
Avi\x00\xe8\xb4\xe8\xd3\x12\xd9\x829\xa5@\xd9\x00\
\x15\xe2k\xacH>WD\x83\x8c\x8b\xe7\xc08\x1f\xd1\
H\x00\x8a\xbc,zR\x0akY\xf1\x8c\xb2\xf4{\x85\
\xd9\xe7\x04Jp\x84\x0c\xbd\xe7\xb4\x81\x22\x011\xe5\x0e\
\x86lT\xa5\x89\x12J\xabi\x82\xc6\xef\x0b\xc0\xf2\xc5\
&\xa3\xd7\x99\x8e\xd3\x0c\x0cq\xe6\xd4A\xe7\x22wE\
p\x95e\x09\xbe\xa6\x1d\x94\x1f\xc6\x13\xe5@\xd9\xb1n\
\x8c\x06$\x0d\xe4)\x83\x88Z\x8f\x22yf\x7fk<\
\xbd\x12\xa8]\x11\xcb\xcb\xf3Qg\xd0\x9d \x19\x83t\
\x16\x04\xb6\x16\x05\xe0\xef\x04\xf3N\xab\xd6\x1e\x0c\xc0\xcc\
\xc3\x7f\x06\xe7\x814\x9cf\xa7\xa1\xd0\xbb\xc0\xb2\xce-\
 @kA`\xe3Z\x01+\x9f\x8elF\x04\x02\xa8\
\xb2\x83NF\x85\xfe{U\xb9\xe2\x9f4i\xf9h;\
8\xe0\xf0\x85u-\xd5\xd4\x16\x01J\x94M\xb2\xe0\xf0\
\xa1GM\xa2\xba\x83x\xa2\xb8)#\xf61\xd6\xa9\x1e\
\xb9-V\x93\xb7\xb2}t|\xd8\xb8\xe2u\x15\xfe\xd8\
\xd0\x87W\xd9\xcc\xa8T\xb2\x87m\xa08\xe4K\xbb\xc7\
Y\xc2\x84\x1c\xe1\x8e\xce\xf7\x9f6\x986\xdb\xfee\xbf\
\x8b\xa78\xbfx\x82\xa7\xef}\x88\xdf\x7f\xfc?\xf0\xc9\
\xaf\xff\xe1\xa4\x91\xff*\x8cX\x8d\xdaC\x09\x1f\xca\xb7\
x\xb6\xf5\x87\x84\xbb\xb5L\x80U\x1ca\xa0v\x0c\xfc\
\x16ld\xe7\xf3\xa4\xcbrtF\xc0\x9f>\xc5?\xfc\
\xe4\xef\xf1\xd7\xdf\xff!4\xf2\x89\x9c\xe7\xdc\x07v\xfb\
\x1d\xb4\xda\x18]\xf9[\xc4\xd8\xee\x1a\x81\x97B\xd4\xde\
\xe2T\xde4v\x1e\x02\xe2\xc8\xa8\x10\xd3x\xa5qL\
\xa6c\xd0\x16\x86\x97\xa0\x11\x18;O\x85\xe6\x93\x07\xd0\
\xab-\xb0\x13\xf8'\xed\xc9@\xb75sH\x1a\xd9\xaa\
\xc29J\xecs\xa3\xb2t\xa83\xedQ\x1d*\xe54\
#w=HB]\xce\x04\xd1a\xbeK$g)}\
\xb5\xa1\x95\x07z\xcf\x9d\xe7\x09\xa1\xad\x9d\x91\x95\xaa\x98\
\x8d\xf7\xa6\xb2\x11\xb5\xee+rQ_\xca\xac\x144A\
=j\xc7D\x8b\x5c\xf4P\xad\xc1\xa8B\x98Y\xc44\
U\xa4\x00\x10\xf8R\xe6\x92C\x8ctj\xa229\x9f\
\x80\x02A\x88y\x06N\x5c\xe7\xaa\xbd\xa06\x97\x7f\xd1\
*;\x0f{*\xfd\xa2\xe1\xa3\x11-\xf7\x91_P\x04\
Z\xe1\x97\xe6\xc4\x09\x90\x94s2\xd0\xf8\x9bm=\xa7\
\xbc&E\x5c\xa432\x88\x89q\xc8\xd1\x90\xb6\xfd5\
p\x0e\x9f\xbc\xd7\xbeu\x0e!\xb96\x00VyV<\
\x8fY\x96~\xc6 \x8f\x18\xf4\x83Of\x0b\xe9\x9a\x05\
\xc9\x91\xda\xb8\xa8\xcd\xe8\xb0/fe8b\xaf\x91?\
\x92vC\xc3\x1e=\x9c\xc4\x86\xa3\xf23\x0d\xd0b\x9f\
\xc5\xd4\x94Bha\xe1\x9c2j\xba\xef\xf6\x91\x11\x87\
\xb9\xda\xc4\xb6\xdc\x15\x906\xf8\xe2\xc3\x00#\x94\xc9\xbb\
\x809\xebI`o\xc3\x84\x94@\xbc\xe4Q\x11\x87\xc1\
\x1e\x802\x1b\xf3k;!\xaa(\xb5E\x00<~\xd8\
m#\xa7cK\xc7XOk^\x0e\xb2\x22\xc0\xa3\xc8\
\xa5[\xe4\x1d\x90^\xd0\x96*\x82\x9a\xc4\xe4\xa4\x10\x83\
\xc8\xa0\xa5\x1b\x22\xa0\xa4M\x03m\xad\xa0#\xaa\xd9/\
Y\xa1\xa4\xa1\xe8\x81\xd5_\x1frK\xfa\xfdd\xd8\x0d\
6\xdbZ\xf0wvq\x89\xa7\xcf?\xc0\x1f>\xfe\xf1\
\xc9\xe0\xcf\xeb\x18\x9c\xb6#\xa9\xc22\xac\xe5\xbb\x8f\xe8\
\x89~\xc4\xfd\x09O\xf5Z\x8e9\x16\x07\xf9\x18\x09\xf8\
\xe0#|\xff\x07?\xc2\xcd\xcd\x0d^\xbe|\x89\xdb\x9b\
[\xdc\xde\xdd\xe2nw\x87\xfd~\x87\xfd\xdc#\x00m\
\xcf\xad4\x0c\x91g)\x02\xec\x0a\xfc\x8c!P\x86\xca\
\xb3;\xb3\xb1[\xa5f\x07\xa1\x81_\x1a\xaa\x0eHB\
~3\x90@1\x13\x029?\xe0d\x0c[iFl\
\xa1\x88\x87\xe1}\x19g\x0b\xf5Sn\xb5\xf6I\xbd0\
G\x9c\x0c\xb5\x9b\xfc\x07\x87\x09\xc5g\xa0\xa6\x19\x86\x91\
s\xc9U\xb6\x1c\xe9\xb8D\x86\xd6\x130\xc9\xa5\x0f\x02\
\x03\xa1\x05~C\xb9a\xd1\x83aq\xa1\x81q\xf8}\
\x13\x9f\xec\x90\xb22\xb5k\xac\x0c\x0fiL9\xda\x06\
\xca\x89\x9adjJ\x06~\x85\xbf\xb7\xa3i1\x1a\xa9\
\x1e\xd1\xe0t\x0b\xc1\x9b\xed\xde\xf9\xab\xd3\x18U!p\
\x9a\xa1\x8e.\x06Z:\x17u\xf0\x88\xfdc\xbe\x06 \
\xa6\x9c\xb7O\xcd\x1e\xd2\xe5z\x00\x00\x987\xd21\x09\
\xae\xf1h\xe3\x9a\xbf\xef\xeb\x0e\x92\xd7f\xfcqq\x1f\
i\x18\x1f\x1a\xd1;\x9f\x80\x9c\x10:`\x91\xf5k\x92\
\x1c\x8fHE_\xbb\xc0vQ\xf3zT%;\x8f)\
\xae\xa2FJ\xdb\x0a\xad\x86\xd1n^\x07s\xf7\xfe\x97\
\xa3\xf7\xfe\xac\xbeQ@\xd0\x9c\x8bV\xe3\xd9\x00>\x82\
O\xfaN\xa7\xd1\xa9(\xb0\xe7\xc2\xc1\x8a1fyX\
\xf2Bz\xee\x80\xecE\xa3OE\xa4e\xd0|x\xa6\
1\xbbF\x07\x84\xfcRW\xab\x5c\xe8\xaf\xf48\xac>\
\xec<\xc1\xe8(\x1d\x12\xa6YZ\xf2\xb2SMu\xe8\
\x0f\xa2\x0c\xb3\xb2v\x92\xad\xba^\xca\xbczV\xf3\xcc\
\xe5\x8c\x98\xc3\xca\x9c\x8eAN\x0bfo\xa9y\xb2[\
\xaeR\x96o\x8d \xfbr\xb0\x9f\xa7\xben\xa6\xa9;\
\x00\xdb:\xe2\xf7\xfc\xf2\x09.\x9f\xbd\x8fO>\xfe1\
\xfe\xf8\xdb\x7f\xea_\xd8\x9cg,\xa5\xf5\xa6\x97\xb3v\
j\xda\x92\xc9x\xdd{\x0e\x80g\xf29\x87\xd5f_\
\xbc\x88\x95\x84\x07L\xa7{{\x90\x94\x91\x80?\x7f\x8a\
\x9f\xfc\xf8\xff\xc3\x7f\xfc\xfe\x0f\x81x\x86\x98^\xe6\xb1\
\xbc\x81[\x00\xad\xddu?r\x9a0\xdb\xbc\xcaH\xad\
\xad\xf2mc\x8fZ\xbf\x97\xa3\xe8F\x90i\xad\x00P\
\xc6j\xc5\x9di\xad\x16\xcf5\xceeg.\xba\xf0\x09\
\xfe5\x0d\xc1zR~\xe3\xb4\x83\x8c\x1a\xef\x13\x90\x9d\
wv\xde\xdeOi\x5c\xb8\xc8,\xf3\xe7\xf4\x81\xc2\xce\
\xda\xfaEyT0O\xc63\x81<\xacsV\xc7\x8c\
\xa2n\x9eA\xe4\x7fZ\xfc=\xe8\x02\xa3\x18\xcd\xb7\x85\
+\x9fk\x80\x8c\xd7D0\xb19\xc3h5-\xd0L\
\x0e\x0d\x02\xf2\x989'\x1c\xa8Q\x8a\x8d2\x08\xdet\
4\xfc#\x22l6/?P\xe04\xe7\x8e\x0a\x16j\
\x11\x17\x8d\x94\x11*\xab\x8fx&\xc9fy\xa4\xf1\xb0\
E\x93\xf2\x5c\x186\xe1\x89\x19P~&\xbaGW[\
\x9e\x93Q\xe6+\x10\xf6\x11'sHI\x0f\x00\xbf\xb8\
\xd7\xc5\xc3\x95\xf7fLS,\x91\x07\x00\x11\xe8\xfb\xd4\
@'T_b\xec\x06N;\x08\xb8&\x01\x00\xd7*\
\xc8\xe1j\x0d\xfc\xea|\xf5V\x1f\x05ZdA@\xd6\
\xcb\xa8\xb5!t\x0e\x9aq\x9c}G\xc6\x1e\x05@\xba\
o@\xccUj\xdb\xa7\x9dr\xb0\xe5\xe0\xa0v\x04\xb4\
\xdc\x01\x10\xf3\x8c\x96@\xec\xe9\x8b\xa3\x8a,\x04\x9cf\
\xcf_\xfd\xb9\x1a\x22<\x12\x91\xdb\x10\xe9\x5c\xf4\xed\xb4\
\x8d*,E`$\xa0\x03\x5c\x81\xb3\xda\x99k\x04\xbc\
\xf6\x0d\x98\xa8\xf3\x06\x88]\xadZ:\xce\xe4\xd5t)\
\x8c. \xf0g0\x91k\x9ft\xca\xa5\xec\x82\x8d\xb8\
\x870\x02o3\xbdw\x09\x8bP\xb2\x9d\xc5\x87\xecf\
K\x7f\xaaY\xd2\x86\xb9YT\xb7r\x95^\xa0\xea\xac\
\x88]\xbe\xad\xf3\x0f\x166e\x08\xf1v\xbd\xd5:\xac\
\x88\xfc\xb7\xc1\xb4\xdd\xe2\xec\xfc\x0a\xdb\xb3+\x9c_>\
\xc1\xd5\xd3\xf7\xfa\x9c\xff\xef\xff\xb9\x8f\xfcgw\xc4N\
\xbbV\xd3\xdaC:2\x07>\xd8=\xd7Z\xd2X\xfa\
A\x8fa\xf2\xd8\xb5\xee\x8d\x8d\xef\xb1H\xb3\xfa;\xc3\
&\xef=\x7f\x1f\xdf\xff\xc1\x0f1#\xf0\xf2\x8b/p\
}s\x83\x9b\x9b\x1b\xdc\xdd\xdd\xf4\xd3\x02\xe79\xd7\x04\
\xf4\x0e\x22\x0f\xd5\x04\xe4 \xd6J{\xebM\xfe\xae\x05\
)ed\x10\xa5\x18\x5c\x9c7\x0d\x9e\xa5\xd5L\x8bf\
\xac\xdc%\xc0\xa8\xf6\xe6l\xf0OT(\x8a\x87i\x94\
<:\x15\x01M\x14mE-\xc2\x00H\xe0\xe5\xf5M\
\xb9\x88\xc1|\xc7\x1a\xca\x10\xa4Y#}\xf3\xe8T'\
\xd1\xcf\x8e\xe6\x8bt\x86\x91\xb6\x19\x1bE\x0a\xa0\x16\xa9\
\x93\x15\x89:\xbd\x83i:\x1bi\xbc\x8c\x06\xa6\xbe\xd0\
S2\x093B\x81\x1c\xedS>!\xba\x18\xeaSu\
\x10\x1c\x91o\xb7E\x01\xb46A'\x9fY\x83\x8e\x1d\
\xd0\x00T\xce^\xae\xaa\x0f\xee\xa1W\xa1ik;\xb8\
q\xb4\x8ct\x14t\x88\x93\xc0\xdd\xa7\x1cl\xd5\xfd0\
\xaa\xb7\xdf\xbe\xbd\xaeqe>O\x1e\xac\x91~\xe5\x99\
\x94\x87_\x09\xac\x85|\xfd=\xfb\xc5\xb0{!\xe9\xf6\
w}\x07\xc2\xb0V\x22\x9d8\xca\x81\x0b\x03\xc9[\x1f\
Im s\xdf\xac-\xb8\x1e@k\x0fRGd%\
\x22\xbb\x5c\x98l+\x04\xde\x86Q\x7f\xe6m\xb5\x80\xce\
\xbd\xab\xeagu\xfa\xdf\x10j\xd66\xc2\xd9\xd2\x13\xfc\
\xf3P\x9d\x06\xbd\xef\xceE?;`\x1c\xd1\xb6\x0a\x85\
\xb7>}\xd9\x83f|\x97\xe0\xef#q\x1b\xcdk!\
\x5cK\x07\x01\xec\x15\xc5\xab;/\x9c:\xaa\x83\x7f8\
\xa8\x99M\x94\x95\xde\xe7\xda\xd9\x86\x1e\xba\xaemi\x96\
\xd6\xba\x1dC\xfb\xd9\xba\xe5`\xf8\x88\x902\xe5\xe3l\
\x8f\x89\xfa \xbbW\xc3\x0e\x8e\x1c\xe4<h*\xd2y\
h\xa5?6 \x1b\xfaz:'\xe6y\x0f|D\x0e\
\xe6\xf8J\xbbx\x12\x038\x90\x9ar\x9f\xff\xc4}\xfe\
g\x97\xb8x\xf2\x0c\x97O\x9e\xe1\xb7?\xff;\xfc\xf9\
\x93_d?z\xbb\x91\xbfI\xed\xdew\xc7\xd2\x85\xfd\
>\xf6\xfe\xc0\x84\xbd\x89\x97r\xac \xd9\xcb\x05(\x1e\
c\x08@\x8d\x94e\x8c\xfb\x16\xc1\xff\xf47\xff\x07b\
\x9a\xf0\xe2\xf3\x17\xb8\xbe\xb9\xc1\xed\xed5\xeenw\xd8\
\xcf;9\x02\x0d\xec\xdc\x10x\xfb$l\xad\x18\x85\xac\
\xb7\x06\xe9\xa6\xc8h\xdcz\x92\x86i0\xe0=\xd3\xb8\
\x0f\xd6A\xc1\xe6\xee@\x03\x98\xf5\x0d\xf4\x95\xd7\x13\xb7\
S\xf5\xf9\xb9~\xd2\x1c\xd1\xaf\x0d\xba\xca\x15\xf9\x5c\x11\
\xab\xd1\xd9d\xa3q\x93>C\xf2\xa4\xcf\xb0|k\x91\
#XF,J\xf3\xbbG=\x09\xb0\xc5z`\xa0\xae\
z\xe6H\x5c\xee\xc8\x00\xa8-\xa3\xd9\xd9\x099\xc7\x18\
E\xa2Q\xd0\x06\xca\x8aX \x12\xcf,\x1f\xa7g\xa2\
x\x97\x83\xc3-\x892BP\x9d\x91\x9e:\xb8\xfd\xcf\
\x9c\xacFYs\xaa(\xaa\xa5z\xc8/J7l\xfa\
d*\xadH\xddNh\x8c\xf1\x14\xc1:\xe1.\x8d\x08\
L'\x82Q\x01$\xe8&X\xe6B:\x07h~\x80\
\xa87\x17\xc1w\xca\xf5`\x14\xe0\x94\x03\xc8\x1en\x0f\
\x1ev\xd4:0\x0f`\x8f\xa8\xc5\x80\x00\x80M\xdf:\
H\xa7\x96\xdb\xfe\x90<\xce\x09\xee\xa8g\xc8\xba\xf4\xf0\
\xbdmYT\xe8?\xa3\x0a)\x93~~\xc54\xe2\xb1\
hM&\xcb\x82\xcb\xfa\x9e\x06_Z'\x0a\x03#\xe1\
J:\xf2\x09\xa8\x1aq\xcb\x0e\x18x{t@\xe7\x80\
4\xd1\xe1\xc1?\x05\x22\xb0|\x9c\xeb\x07\xb8\x0bB\xe1\
}\x029\xac\x1c\x02\xb8@\xd0\x17\x16&\x0fs\xae\x19\
\xe04\xe2\xbc\xaf\xe6i\xb5#A_\xe5\x0b:\x1f\x90\
3\x10S\x81\xb5\x1c\x14\x1a\x91\x06\xd4\xce\x03(\xfaQ\
v&\x17(\xe6\x83f6\x88\xdf\xb1Pt\x13\x5c\x03\
\x90\x10L\x87FJ\xc1\xe1\x93\x0d^\xe0\x17\xfb\x5c\xc9\
\x80\xd3\x8e@\xd9c\xb4\x9a\x86L\x83\x5ciA\x87\x07\
\x8a\xf49f\x94mM\x1e\xd9\xafm \xc4\xc1\x03\xd8\
\xc6T\xad4$\x13&\xf8Y#S\xf4/\xd5b\x9a\
\xfa\xd9\xfe\xdb3l\xcf.\x04\xfe\x17\x17O\xf0\xeb\x9f\
\xff->\xff\xf4\xd7U\xbf@\xf9rx\xbb\xeb>\xdc\
<\x86\xdb\xac\xee\xb1\xbc\xb2\x83\xcbP\xc22\xc3\xd8\x80\
p\xe7\xe9\xe0\xfd\x81\x03p\x84ar\xf7\x90`(\xcc\
\xcb\xcbK\xfc\xe0?\xfd\x08\xe7\x17O\xf0\xf9\xe7\x9f\xe3\
\xe6\xe6\x1a77\xb7\xd8\xdd\xddb\xbf\xdba7\xcf}\
*\xa0\xf9!!\xb02\x16\xf3\xe9H\x15m4\xf4\x06\
\xa3\xe69*\xfc.A\xda\xc8\xd8\xa2\x08\xbd\xa5\x0b\x04\
\xf4*\x95\xaa\x09\x83:\xed\x0a\xd9u\x9a\xf4>Yf\
w@&9\x04\x10\xb0'X\xab\xf3\x94\x1b \xb9\xa2\
\x03~Z\x88\x02\xd5\xd6\xc3\xd8)\xd8\xea\xa2\x11\x05\xa0\
\xd9\xe9\xd4m\x9con\x8e\xf7\x06\xefx\x96\xeb\x0f\xa8\
\xf1a6\x9b@\x9c\x9d\xd62)\x02R\xfd\xb6\xe6\xf1\
#\xb4\x1bQU\x19\x80\x9b\xce\xcdT\xed\xa1\xbf\x09>\
\xa2\x99\xf5Q\x1d;\xe0\xcd).\xd7w\x9e\x07@'\
\x80\xed\xdbr\xbf/\xd3Q\xd6\xb4\xb1\xd5\x06\x1cA$\
\xb0e\x07\xab\x90y9\x02>\xea\x07\x0a\xec\xe5\x1c\x10\
\xdc\xa3\x83}pe\x7f\xa3\x93\xc0S\x04{\x03p\xce\
\xbe\x84\xd8\x01]\xbc&\xb8\xb3\x5cF\x0e\xb8U\xaf\xef\
H\x089\x00\xbdnS\x19\xb2\xb6\xb1>?\x09 z\
\x9d\xca\xf1\xe8\xd7\xa4\xa9\x8a.\xe4\xe8\x87\x07\x09\xa4\xca\
9*Y\x908\xa3\x22\x0dtxj\xd4\xdb\xdb\x5cN\
x\xa0@\x10\x0eh\xac\x01\xfbc\x03\xd0\x8f\xf3%\xe0\
\xb3\xed:\xa8\xcd\x02\x92\xda\xd3\xcfV\xadhB\xe4J\
\xfcn#\x18\xaeO\xc0k5\x1dP\xf6\xc7\x0e\xc5\x11\
\xb0\xa6\xb3`\x8eJ\x0cy*\xcaP\xdb\x839\xc5@\
\x9b\xb8/\x9a\xf2\xac<\x04_y\xfd\xf0\x9c^\xe6\xe8\
\xf4\xf0p m|M\xde\x0a$\xddJ\xb7\xca\xca\xfe\
\xdb\xd8G\xe7\x11\xf0\xd8\xdfZ\x95\x9d\xaa\x88\xa6\xe7V\
&U%\xe9A,\x9a\xf3\x12FOv\x93\x0c\xc4P\
\xafb9\xb4}P\x03\x1f\x1f\xf119w\x5c\xf1\xe1\
\x04\xf5\xb9Z\xe9\xdf\xbf\xeawv~\x89\xcd\xf6\x1cW\
O\xde\xc3f3\xe1\xe3\x9f\xfd-^\xbd\xf8\x041\xf9\
\x96\xda\xba\xca)X\x01\x5c%\x22\x8f+`}\xf0\xcc\
\x06\x7f2\xbb\x89\xa9\x8b\xc4\xcbft\xdcn\x8bw\xab\
\xde\x02\x81@x\x013\x82+i\xb1x\xef\xd7Q\x87\
\xe0H\x1a\x8f\x04l\xb7[|\xff\x07?\xc4{\xef}\
\x84\xcf\xe4\x04\x5c\xe3\xee\xf6\x16\xbb\xbdE\x02\x08\xfa\xf3\
| \x0c\xb8\x92/\x9e1\xe9\xc1\x0a\xd0\xe4j\x90\x11\
G(\xd2pv>\xae\x84\x06m\xdb \xdc\xba=\x8c\
t\x94\xcb6\xf23\x80\xcb\x84\xeaH0\x10\x95>\x87\
:\x89h\xe4\xc1\x16\xc2\xdb(\xf6\xe6\xb4\x0c\x0a\xd5\xab\
\x1fq\xd4m\xb5?\x00\xdaPD\xa5\xb5\xa6C\xed\x02\
@\xd3\xf6E\xe6\x95\x96Bbr\x8d\x07t\xe4<i\
K~N\x13\xe8\xb2&\xc8{\x08\x7f\xc8\x0f\x8d\xdc{\
\xb4\x04\x03\xff%;F*\xac\x5cXGb\x0a\xe6\xc9\
\xf6\xa9\x16`\xdf0}i\x80\xbe\xf8\xa8\x90>P\x1f\
\x07\x9a\x94\xbe\x87\xd2;\x98\x97\xae\xc6\xe2_7D\x1c\
ac\xa0\x93|\xf1\xb3\xcb\x8b-w]\xcf\xb2\xadZ\
$PG\xea/\xebZ\x8e\x05\x1d\x04:\x0er\x02\x00\
\xd1s\xd0\xae:\x01h\x1b-\x8a\x04\xb8\xf8\xb0A\xeb\
\x03(\x1bQ\xe6\xd4\x00u\xdc\x1b)\xa7\x062}\xab\
\xcc\x90\xd3N\x95\x02\xa0\xf9y\x01<\x7f\xb7\x04\xde\x0e\
\xdc\x02\xc9h9\x0dCG\xc0>\xbeC'\x80}n\
\xb1N@G\xf1\x0e\xf3\xfe\xc08\xba7'$\x9a@\
\x81\xc0\x1eh\xda\xda\xe7\xe56\xf0{\x22\xe8\x91\x00\xd5\
\xbb\xf7\x93\xd0\xc2\xbf\xb9\x00\xcdl\x13\xa71\x80\x96\x9d\
\xbb\xf7\x95\xee/\xd7(\xde\xc31\xda\x86\x17\x8cDr\
z\x22\xd2\xae\xd1!\xae\xc1\xc6p\x88\x0eA:e\xde\
\xbb\x95\x0d\xb8(\xef\x05\xfe-\xcf\x00\xf0h\xc2H\xba\
\xd9]\x08\xd1:\xc9Z\xff5\xd0\xa0)5\xeb\xc9t\
\x91\x07\xb0h\x90f\x06Z\xdf\x5c\xa1E\x8c\x0c\xf9O\
\x19\xf2\xdf^`{\xde\xcf\xf7\xbfz\xfa>\xe6\xf9\x06\
\x1f\xff\xd3\xff\x83\x9b\xeb\x17\x98\xa2\xd6\xa3\x1d\xbb\xd60\
\xf3\xa1w\x8eC\x03x\x1f`\xdb!\x8dQ\xde&J\
\xd2\x18~(S\x0ah\xed\xdd\x82\x89%\xc3\xab\x95`\
\xa3\xb6\xc7U|HcS\x03\xff\xe1?\xfcG\xfc\xe5\
7\xbf\x8d\x17_\xbc\xc4\xf5\xf5k\xdc\xdc\xe4\xa9\x81\xbb\
\xdbq:`\x9e\x95\x8f\x80\xe8\xb4\x00\xd8\xf3\x91\xc9\x86\
\x86)\xc3\x9b>\xd7\xd4G\x92A\xfbq \x13\x8ba\
\xd5}\x164.*,\xa5T\xd6\xc6\xf1@\x95=\x08\
\x88@\xb3\x04\xe5\xc663\x1b\xbdli\x19Q\x0c\x1a\
E\xb0\xe74@\x84(+\x81\x87\xd7\x19~\xaf\xb0\x7f\
\x81+\xd3T\xfa\xde\xe3\xd5\xbe\x8e]I\x83u\xa8Q\
~d\xe7M\xa3\xc3\x93\xfc\xe8\x14E\xf1\xc40\x7f\xc3\
\x04L\xe3\xfc\xa3\xac\x00\x03\x01<\xdd+\xd8&\x1c\x95\
'\x0d{\xd6\x86\xfa\xf7p`I\xa5\x0cI\xa3S`\
\x826M\x1a\xc0\xad\xbf30\x17 \x1aP\x07\x8dZ\
Hob\x00\xea(\x80F\xf4\xd1~\x02n4\x9e\x13\
0:\x02\xfd\xea_\x03\x94\xa3\xe1\x0eA\xe6\x15\xaf-\
e\xa1\xb3\x06&qM;\xae\xc3\x16D/A\xbe\x11\
2\xfb;~x\xa6\xce\x1b(\xe5\xeb2\xcb\x85U\x8d\
O\xa7\xe1\xbd\xa6\xd9L\xe7\xfbK\x8b\x96\xf1\x9e\x12\xd7\
Y\xb2\x01\x1dT\xa4\xbe\x90#\xfb`7o\xe0H\xd7\
\xcf\xdaO\xe3\xd1[\xbcq\xd4\x9f\xe0Lp\xcfH@\
\xd9\xc9\xda\xe7\xdf)\xe7\xd6\xc1\xb6x\xae(\x01\xffe\
\xb9\x1a\xb9\xcd\xfa\xad\x08H\x001\xf0S\xc0?\xd8\x1a\
\xd4\x81A]2\xb5}r\x00|\xd0\xce\xb0>}\x0e\
~v\x8b\x14\xb4\x9f]\x7f\xf9N\xb0NG\x98\xfd\xd4\
x\x18\xf0\xc3m\x15\xf5G\xba\xcd\x5c\x8bi\x81h\xa3\
]\x82\xf5l\xb6W\xb3\xfc\xb4\x1d\xd4\x1b+\xaf*C\
[\xd4\x1b\x9f\xbd]SGI$\xd2fL\xb9\x80\xb7\
\xc5\x84\xcd4a\xb3=\xc3f\xdb\xbf\xe8wvq\x89\
\xab\xa7\xcf\xf1\xfa\xc5\x9f\xf0\xeb\x9f\xff-\xf6\xbb[p\
\xcd\xda\x1a^\xfa5\x00\xf8\x22\xcd\xb1w\xf7\xe1\xed\xc1\
\x95\xc2\x19\xda\xd1\x08\xa4y/9\x9dD\xf4XYG\
\x18\x7f\x1b\x9a\x0f\x95\xd7\xb7\xbb5|\xf3\x9b\xdf\xc6_\
\xfd\xd5_\xe3\xe6\xe6\xae\x7f?\xe0\xe6\x1a\xd777\xd8\
\xdd\xdea?sq`\xdf\x1a\xa3\x81\x00\xcap\xe8t\
-\xb3,\x0a{\x13\xef[)\xa6Fq^\xab#\x0e\
\x0d`~\x00\xd5L\xd2.P\xacy\xba\xf2\x5c\xdbj\
\x8b7\xd8\xb1zU\x00LA\xf2\x87F\xfaX\xd0u\
X2\x00\x9d2\x94;\xe7\xf3\xce\xb7i\xcaP\x0e\xef\
[\xcd\xc1\xb3\x1c\x0a$\x81\xdd5\x9fNS\x8d\x9c\x09\
\xba\x99\x93\xfcE\xc9J\x8e\x16\x12\xd4\xa2xq<\xac\
(D\x93X\x14d\x0e\x93\xa1\xf34\xd9\xa8 \xf9m\
4\x94H#\xa55\x16\xac\xbb\x01W+r3\x8dF\
\x16V!\xd8\x0c\xe77\x86\xe6Y\x8f8\x00J\x88>\
M]=\x0b{\xee\x07\x00\xf5~V\x87\xf2\xc0\xd6\x1c\
h\x0d\x01A\x9d\xd1\x85\x9cF\xe8*\x95\xd1\x83\x18\xa3\
\x02j\xcbF#]\xcf\x01NQ\x907wd\xa6\x1a\
}i\xa1\x22\xc11\xe0\x8b\x07!\xfa\x81r\x00\xd8>\
4\xf4\x81\xbe\xed\xae\x1b\xe1\x0a\x8b\xd3p\xa9\xa1\xcd\xc7\
n\x05\xec\xd2L\x9eV\x98 \xad\x83\x81,<\x9e\x9d\
\xbe\xe6\xa2[\x01w\xe3\x88\x1dr\x0a\x86S\x03-\xfc\
\xce\xda\xf9'\x82\xc7\x91~\x86\xdf;\xb3`4\x00m\
\x0c\xd9\x13\xe8%\xad\xb0t\x99\x87\xfb\xff\x05\xa0\x03\x22\
Z^\xe3\x9f\x8e\x84\x8eQW\x97j\x92\x1d\xd2Iv\
9\x8e\xa0\xc6z\xab\x89Am\x1c\xa2\x11&c\xda\x0c\
\xea#\xd3\xa8\x7f\x9b\x1dTIK0A\x83N\xc7$\
\xcd\x06p\xae}\xbc\x86\x8c\xa5\x0b\xec\xabL\xc5\xa8\x84\
\x0aD\xdfi\x86\xc8\x1dg=\xe4\xcfs\xfd7\xe7\xfd\
t\xbf\xcb\xab\xa7\xf8\xec\x8f\xbf\xc4\xef\x7f\xf5c+\xeb\
\x10\x09\xd6\x9f\x1e^\xc7\xd2}\x998z\xc0\xb5\xf5\xbd\
a\xf0\xd8\x1f\x97\x81=F\xd0\xafe\xcae\x05\x1f\x12\
\xcc}\xe9\xbb\xcd\xefN\xc0\x87\x1f~\x84\xef}\xefo\
\x10\xd3\x06_|\xf19\xae\xaf\xafq}{\x83\xdb\xdb\
\xbe.`\xceu\x01uJ`y{R<\xd0\x08\xb2\
\x93I\xfbQ\xe1\xf8\xb1v\xdco\xafp\xd8\x9a\x0eF\
9\x00\x90q\xc3\xe0\x01\xd7\x82\xc5\x02\x9f\xaa\xf0\x12|\
it1\x14F\xc8\xf0h\x00\x9d\x08u\x03\xce\xf5\xc1\
FR\x01\x8d8\xe5\xac\xe8\xdc\xfc4\xf1\x06\xa0nR\
\xd3\xb2T=\xf2Y\x957\xf2X@\x9f \xa2\xa9\x80\
\x952\x845\x0c\xc1\xf1\x7f%\xc7\x1a\xa0\xa6|\x04\xee\
\x81\x16\xb3h\xb9s\x07\xa57\xfe\xa7\xa9\xe8\x82\xcea\
(\x09\xcd\x9f\xd9\xa0\xe4\x91\xc0lu\xe2o\x02[\x1f\
\x8e'M\x8e~\xa9^\xccc\xa3e\xb5\xe3\x02\x14]\
\x98m\xdc\xf7\xefiZ\x02=\x7f\x8b\xefV\xe5,W\
\xff\x0f\xe9\xb96 \x22\xa7\xd0'\xa9!r\x17\x04\x00\
s.\x90\xeb\x0d\xe8\xd4M\x5c\x9b\x06\x9d\xf4\xd7\x80\xee\
\x99\xf0\xe3C\x0d}\xaa\x83<\xb0\x1c\x8f\xa2T\x1f\xe1\
\x08\xb4\xeadFQ\x8e\x94\x01!A\x87\xe0\xd5\xd82\
\x0d\xb5p\x8f E\xf06\x95`\x9b\xd9\x19\xff>b\
\xaf\xd1/\x9d\x83\xfa\x040\xd3N\x9a\x0aL\x90[8\
\x08\xf2Z\xf8\x11 \xee\xb9\x0f{\x06\x1e'\x1c\x18\xa6\
\x18l!\x9f\x83\xad\xeaEy\x13$Q\xf7\x14p\x13\
\x1f\xec\x06\xdc\xfaWr\xe3\x94yEV08\x074\
0\x1e\x19\x15M\xb3\x9dZl\xdc_\xa8}\x18{\xd7\
\x02\x5c\x12Q\x97\xaa\x08\xad\x02Z\x90\xc5(y\xc0\xdf\
\x8d\xf7\xec\xd9\x19\x1fS\x84q\x8c4\x84\x9c?\xc4\xd4\
\xd7GE\xee\xf2\x8a-\xa6\xed\x16\xdb\xed\x16\xdb\xb3\x0b\
l\xb7\x978\x7f\xf2\x1c\x9bi\x83?|\xfc\x13|\xfe\
\xa7\x8f\xe1\xd7\xa9\x18w\x90.\x06\xf1\xad\xa6{\xc8\x11\
x\x08/\x97\xf9\xcc\x9a\x8e\xefhg\x97\xc4\x00H\x80\
C\x9b\xaf0x\x0a\xb3\xc7\xde\x1f\x13\xda*\x8dl\xc8\
\x8b\xcbK\xfc\xe0\x07?\xc2\x93'\xcf\xf1\xd9\xe7\x9f\xe3\
\xf6\xb6o\x13\xbc\xbd\xb9\xc1n\xdea\xde\xcf\x98\xe7]\
\xdf*\xa8\xb0\xbf\x89G!\xff|\xa2\xf0b+C4\
\x84\xd9\xccX\x11\xa4\x8fM\xb20\xd9P1\x0b\x89\x83\
\xc0<\xe0e\x81\x19G'\x96\xaa/\x5cc'\x08\xa5\
\xaf\xb1\x16\xc15\xf3\x08\x91\x8dW\x8e\xf4\x95\x9a\xb2\xc8\
\x0e\xc3Q>j\x14=\x8clYBv\x98\xe6\x15 \
P8\xdf>r\x07DW\x06$\x8c\xbf\x8e\x97h.\
\xa7@\xf1\x94\xbf\x9b\x95Q\x07\xfcTY\x11}\xdb\xa6\
;\x07\x02v:\x03\xaag\xb6\xcb\xc4\xc2J\x92\x94c\
$\xb0y\x1f\x91M\xcb\xfc\x0aK\x0b\xc0\x811\x14_\
r\xed\x80\x9b\x87P\x08\xa4\x93\x8e@\xda\xb5\xa5V\xf3\
\xeb\xd4\xbf\x0c\xe7;\xd0#\x9d\x83\xea\xa7\xa1\xb0~_\
\xe1lQ\x83\xc6h\x004\x0d \xd0\xaf\xd5\x98\xe0\x08\
\xbe%\x1f,\xcf\x1a'\xe9D\xaa\x1c\xef\x9bd\xd0\xe4\
XSF<\x1c\x88k\x16Jo\xfbw\x08\xca\x01\x1c\
B\xb4\xea\x86%#\xd5\x81&\x7f\x18]\xe7\xf3\x06\xe8\
\xf3\xb8\xd9/\x14\x15T\xc9\xb3\xe4\x86E\xe4 ZS\
~\x16\xa8\x11}#\xf0QcH\xa4\x00['\x03\xea\
\xd9r\x0e\xdfF\xf6A\xfa\x9dg\x85\xc1[\xd3\x88\xd7\
?\xdb\xeb\x91\x11\xd2\xae\xfb\x9a\x93\xe6\xb6\xc3\x1aqC\
\xbc\xeac>Y\xaf1\xac\x8fa\xa4\xdd\xf5\xbb\xf8\xf7\
\xb5\x18\xd5?\x0a\xd0\xdd\xf6\xb8\xb3Wk\x12\xf2]T\
\xb4\xd5\xa7\x16*\xf2\xe8mI\xf2\xd4\x8b\xe2O\x0a\x91\
\x0c\x0d\x808\x98k\xebciW\x226\xd8p\x8b\xdf\
\xf6\x0c\xdb\xf3\x8b>\xdf\xff\xe49v\xbbk\xfc\xe6\xe7\
\x7f\x87\xebW\x9f\x0fN\xca\xf2\xea6\xe6\x10\x0b\x96\xf8\
\x16\xf6\xe3p\xd0=\x82x\xbd0\xe7\x88U])\x7f\
y\xbd\x11\xde\x0e\xf2\xbc'\xcdP)u\xac\xe3\xcc\xdd\
W\xe8\x83L\x0de\xa5\xa2L\x81\xbf\xfa\xee\xf7\xf0\x17\
\xdf\xf8\x16^\xdf\xdc\xe0\xd5\xebW\xb8\xbd\xbd\xc6\xcd\xed\
-\xf6w{m\x15l\xad\xa1-Neb8\x90z\
\xea<\xf4~\x98\x8a(\xcf\x1e\xd9`R\xbf\xa2\x95\x04\
\x0b\xd6\xf9\xa2\xc0\x07Ap\xebZ\xcc\x93]\xa7F\x00\
\xce\xbc\x94cp\x9e\x0a\xf0\x15\xea\xb4\xe1\xb1\xd0\x12\x1a\
3\xcd\x9f%\x98\x89/\x0f\x85\x93Za!\x88\x1d\xe2\
5\x0c\x88\x1b\xb4\xb8^6Y<\x8f\xcc4\x9b\xc7s\
1\xc8\x88\x18\x7f|\xe8\xf8D\x5c\x89\x96av}\x81\
\x90\xe5\xf4\x04\xfe1\x18n\x09,\xe7&\x15\xd1\xca\xec\
ND\x07\xdea\x1e9\xd8i\xcb0\xb8h\xbb\x9aL\
Z(%\xda\x84;\x8f\x86\xa8\xb4@\xed\xf5w\x83h\
\xa3\x7f\xca\xab\xb9\x03\x00p\x1b\x5cw\x12x\x1f&D\
\x1f\xe9G\xd1M0W\xdb\xe6;\x82w\xa5\x8f\xe2\xb5\
\x05\x22x>\x00\x0a\xc4\x87\xe8Ao\xfc\xd0J\xcd\xa0\
\xd0h\xf1\xf4\xbb\x7fd(Jg\xacG5\xd5\xd2\xea\
\x12\xc5\x7f/\xbeA\xbb\x0b\xb2\xb9\x9b\xb7\x8b\x14\x14\xc5\
\x1b\xb9R\x08?\x81\x98#\xdc\x06\xe8\x8c\xfd\x00\x96s\
\xf3\xfc\xa3\x83x\x08\xd4\x0a\xa1\xa7\xe3\xd0Z\x85\x8eu\
xO+\xda\x16\xba\xef|\xce\x02n\x9fjX\x9eN\
X\xee&\xf5\xd9\x9c\x08\x82\xa09\x0c\xc5\xb0\x03g\x81\
c\xdf\x1a\x88\xbe\xf8\x90\xf8\x0b\x0b\xf3\x93\xef\xc08\xd0\
\xa0\xd3\x9c2\x9d\xd9j\xccgC\xd6\xaa\x13D\x07\xc6\
\xb5\xb6\xf0\x99)<(O\xb5Y\x005\x9c^\x0d<\
zY\xa9KFg\x88\x10Q\x1f\xf3`\xa3\xc2\xa2\x06\
\x1e\xe5[\xf6+2\xcd\x84\xcdf\x83\xd8lp\xb6\xd9\
b\xda^`sv\x81\x8b\xcb\xa7\xb8\xbc\xb8\xc2\x8b\xcf\
~\x87\xdf\xfd\xea\x7f`\xbf\xdf\xf5E\xc5\xb3U\xea\x81\
\xeb\x00#\x87z\x1f\x82\xfd\xc9\xf8\xb7\xa0\xb3|\xbe\xfa\
.FY\x9d^\x8bG0\xb0d\xe2X\x9aS\xe8?\
\xe4@\xd0\xf8\xb6\xd6\xf0\xb5\xaf}\x1d\xdf\xf9\xee_\x03\
\x08\xbc|\xf5\x05nn\xfb\x9a\x80\xbb\xdd\x0e\xbb\xdd\x1e\
\xb3\x1d!,#\x91\x1d\x81\x94\xcd\xb6T9\x83\xa25\
\xd4rs\x1a\x874\xc8\x03\xe8\x97\x1bP\x86}1\x7f\
\xb5\xd2\xec\x84wu v<\xe57\xc9\xca\xae\xd20\
\xce\xfd\x8c\x81\xd6\xccH.z\xdf\xd00\x1ceU\xc7\
.\xd0N~\x06\x90\xb4\xc9\xa0Xt@\xe3\xa9\x19\xa8\
\x0f\xe5q\xd1^\x86o\x816\xac\xdc\xaf\x91~\x0f\xd9\
qgA\xef\xa9)oy+f\x8b\xf8;eQ\x0b\
\x0aQN\x93E5J\x16=\x13?\x19<+\x13\x8b\
tPo\xb2\xcf\xe3\x09\x8bUG\x8d\xc0\x97\xe0\x17\x09\
|\x09f\xe5\x0003\xc1\xb6t\x05\x8a\x22\xf0I.\
\xd4\x9b-\x8fxM\xa1\xb3\xfe\x0d\x02\xd7r\x0e\x00\xee\
>(\x83[\x1f\xf3\xe1\xf4C\x0f\x9d\x94\x1c\x94F\xe9\
r\xe7E[\xe1\xdf<d9\x9dY\x87\xa6\xb4\x9d\xc7\
\x0e\xea\x91\xfb\xd7\xcd(\xc3zJSr\xc7hko\
\xf2M\xc0%\x80&\x0dw\x0c\xd0Pg\xfd\xa7.\xe5\
Jw\xf5\xfc\xee=\x81\xc0\x0f4\xad\x01\xe09\xff\xaa\
\xc6\x00\xf4\x0d\xb5$\x98e\xda\x5c\x7f:\x0dt \xea\
*'\xa0\xb7=?\xf4\xb3\x5cc@\xba}J\x80n\
\x94\xac\x829\x17\xba<\x1a\xe1\xb6\x88\xce\x87S\x0d\xa0\
\xb6\xd3\xd1\xee\xb8\xfc\x9a\xc7\xd4\xab/-\x1c\x07\x1a\xa4\
>\x01V}\xee\x00\x0b\x9aw\xbf6\xd80P\x9e\x0b\
\xf3Q\x16\xb0?\x1dG\xfc\xe4\x07*\xbf\xf2\xc7H\x8b\
uCd\xa8?\x10\xd3\x16\xd3\xd4?\xe5;m\xcfp\
\xb69\xc7\xe6\xec\x1c\x97O\x9e#b\xc6'\xbf\xfd)\
>\xfb\xe3\xaf\x8b^\x1a\xca\x87F\xe2k\xd7ZZ\xaf\
F[\xbe\xbc\x87\x06\xaf\x870\xf2\xe8\xb3\x13\xcb;Z\
x\xbb\xe7\xfe\x98Sp\x1fc\xf7\xbd\x7f(\xdd4M\
\x98\xe7\x19\xe7\xe7\xe7\xf8\xcew\xbf\x87\x0f>\xf8\x1a^\
\xbf~\x8d\xeb\x9b\xd7\xfd\x1b\x02\xb7w\xd8\xed\xb8U0\
w\x0a\xcc\x15z\xebJ\x85\xba3\x90\xee\x1d\xbf\xb6\xf7\
\xb5\x05c\xc3\x94Bv\xb82z\x0e\xc0^\x197\x5c\
\xf6~\x91\xb0:Se\xedJH\xdf\x1c\x89*\xb5H\
P>\x03\x02\xfd3\xa5\x9c\xeb\xe2\xc8<T\x8eV\xf7\
&\x92\x8d\xa1;\x94R\xaa\x1f\x85\xdd4u\x5c\xd5\x85\
`\x18\xcb\x96\xeb\xc0<\x05\xedH\x7f>E\x01\xa9G\
\x08\xf8\xa3\x9e\xd1j \x01\xd5\xcb\xe7y\xced\x94\xc6\
/i\xabnF:\xe9\xd4\xdc|\xe63\xaf\x22\x08\xdc\
\x80\xce\xf9\x87\xfe\x04<R\xd0\xc3\xca\x0c\xc9\x97\xd1\xd1\
)\x7f\xcc\x83\xe2%c\x04X\x86\xfc\x9b\xa7\x19\x9e[\
\xf8\x1e\x80N\x08\x8c\x02`9\xa3\x0d*AL\xb2\x1c\
:\x0c\xb0H\x84\x9e7\xf0\x0b\x81\x02\xef(\xfez\xd9\
\xdc~\xd8y(\x9c(kP\xe5\xd2\x19]8\x0c\xa9\
Xr\xa2,\x22Q\xe7\xf1W]%\x176y\x84\xc2\
g\xb5\xc5\x95\xa0\x15E#A]\xef\xd1l\x04i\xa0\
~\x00\xb6\xe5\x04\xb0\x1e\x9a&P\xc7\xf7/\xfd\x11\x8c\
\xc9\xf2\x5c\xd1\x88\xa4\xc9C\x90\x87\xb3\x01\xc0\xba2\xcc\
o\xd3\x0c\x03\x0fM\x8f\x5c\xbf\xe5H\xcb\x8a)\xf6\x05\
\xa0\x1c\x18\x82n\x19\xb0\xb2\x15S>\xe7\xc9\xd85J\
\xaci\x08\xef\xfd\x02\xe3f\xb6D\x80\x5c\x83\x04ZA\
\xcf\xe9y*R\x99\xda>8\x02\xe3\xfa\x03:'$\
\xd5\xf9L\x10\xf69\x08\xbb\x865@\xc9Y_O\xda\
\xf5o\x9aB_\xf1\x9b\xa63l\xb7[L\xdbs\x5c\
\x5c<\xc1\xc5\xd5\x13\x5c\xbf\xfa3~\xff\xab\x1f\xe3\xe6\
\xe6\x95\x84\xb2\x86G\x07\xe5\xda\xef%f=\x06\xe3\xb0\
L\x9b\x09\xf4\xee\x08\x13\xf7\x951<\x8bA\x15\xd6\xaf\
5Fb-!\xaa\x12\xc7\xd2\xaf\x95\xb3|w*\xf3\
k\xef}^\xe6/\xfe\xf2\x9b\xf8\xf6\xb7\xbf\x03`\xc2\
\xabW/qs{\x8b\xdd\xdd\x1dv{w\x04\xea\x18\
a?\xbc\xa1\xb6\xd45\x09\xbca\x04j\xa9y+U\
\xe5\x14gO\xbf\xf4\x10\x175\x90\x83\x01u\x9e\x9a\x22\
\xcd\x12)Pu\xac1\xca\x10\x03\xadNc\x96\x92\x12\
\xa0\xdc\xa8\x852\xd2)\xa8C\x8f*\xcc\xc6\x03\x83Z\
\xd2\x0e\xd1\xad\xa9\x07\x16+\xcad!\xca\x5c\x85uf\
9\x0a\xae<\xc3{\xd65\x86\xf7\x9c\xffSM<\x8a\
\x91\x8e\x8f\x9c6\x8d\xcc\x17\x0c%\x0d\x9fKD@\x00\
_r4\xde\x11\xc53\x80\x98=\xfe\x12)\x97\x027\
\xb6\x91\x0e\xa1\xa2\xb3@\x03\xc7\xc8\x06\x0a\xa4U`5\
\xb2\xfeJs|\xce\x5c\xa0Zy\x0bh\xed\x8c}\x07\
k\xd2\x0f\xe4aBY\xaf\x85\x03 \x93l\x0b\x12E\
\xab\x15?\xa1\x90\x8dO\x05\xc00\xcaF\xf2\x8c\x12\x89\
\x8f\xcaW\xf4\xba\xe2k\xf0\x8d4\xb4&\xfbr\x8e\xac\
m`\xfd\x8e\xa4=\x04\x9d!\xf1hM}\xc2\x814\
\x94\xbfY\xff\xabQ\xad@]\xc7\xb9ZX^\xd3\x0a\
cZ\xbd\xf3\xf4\xeeD\xa0\xc0Y\xce\x87>\xbc\x03\xe8\
\xc8_\x96H\xa7#\xcb\xa8\x93\xba\x19yd\x13d\x03\
\x91\x16\xd3\xa5\xa3P\x07\xfb\xd0\xae$O\xba\xa7\xcdK\
\xed\x8c\xaa\xa7$\xca\xbaJ\xfe\xb4}\xb0\xf4\x18\xe4\xa2\
>\xa7~0L\x08\xe2\xf0\x0a\xabw\x0dF\x0e\xf2\xb8\
]\xa4~\xb3\x0d\x07\xe3\xc4\xc8H\xf5\xcf\xc8\xc3\xcc&\
L\x98\xb6[L\xd3\x06\xdb\xed\x196\xdbsl\xb6\x17\
\xb8z\xf2\x0c\x11\x81O\x7f\xf73|\xfa\xc9/\x92\xd4\
8\xcd\xe4\x80\xf4\x106\x91\x95\xf6P\xa2A\x02u\x9d\
\x82\x99k\xef\xdb\x22\xedZ\xfaSx\x1f\x8c#P\x15\
Y+\xe4>\x10\x7fT\xa1LG[z$\x8f\xe1\xde\
\xf0\x9e\x0dv~~\x81\x7f\xff\xef\xbf\x8b\x0f>\xfc\x1a\
\xaeon\xf0\xfa\xf5k\xec\xeev\xb8\xdb\xdd\xca\x09\xa8\
\xb5\x01\xfbC\xfe\x1d\xd1P\x06G\xc0\x98\xde'\xe7\xa1\
\x81\xc5hd\x01\xe4\xfd\xf0\x0c\xef\xe2K\xb9\x18H\x03\
\xa5\xb8Q\xbc\x94\xac\x03}\xf4\xc0\x85d\x0d\xc5y@\
\xf3\xe4V\x1a\xa1\x87\xfd\xb4\xdeTg\xf1\xbai\xdbZ\
&\xecX\xc0\xb0\xdf\xa8Z5\x7fn\xde?\x81\xd8\x80\
W\x5c9&\xf0\x81\xb0)G\x9f\x5c\x9b\xe1\xf5\x0e\xde\
\xd3X\xf5\x11j9Fi09\xba7\xda\xb2\x03\xbc\
Wz\x0b\x87S\xe1@\x80\xb4\xca;\xbbN#\xa2\xc0\
\xcbyM\xc3*Yx\xfb`\xc20b\x17\xedP\x09\
\xe3\xa2\x09\x15V\xcf\xe5m5\xf0\xe0\x9c\x9a\xb3\xa7Q\
/a\xf7o\x1a\xb8 k\x15\xbfG#*\xafMC\
4H\xde\xc5\xdf\xf2\xe4\xa5\xce\x8b\xef\x14\x00\xcc\xd1\xd4\
\x99\x02\xd4\x8bQ&t\x02\xaa'\xa4S\xd3\x18\xc1\xaa\
6g\xe2\x9a&i\xd0\x08\x1f\xa5?\xea\x7fK\xd0\x1c\
\xb6\xea\xd5{\xa0\x1c\x81\xde\x8dj\x0d\x00\xf8O\x8e\xbd\
\xe5o>\x927\xd0\xe7\xf4\x80\x10`&;\xc5\x9f@\
\xd2\xf2\xa4\xee\x07\x8f0\xa6\x0cU.'\x9cRZ\x03\
\xc28\xd0\xd6\xc1h\x03\x90v\xe2\x05ni2\x04\xba\
\xfc-\xc5\xac>\xd0\x9d\x12\x1a\xb5\x9a\xd6T\xfa\xa0\xc9\
\xca\xb6\x97L\x16\xfa0\x5c\x0b{\xd2SZ;\xb2^\
\x151\xf0>S\xe7\x14\x98\xc3\x1d\x80\x5c\xfct\xa07\
\xd3\x061m\x10\xd3\x84\xcdv\x9b\xfb\xfb/p~\xf1\
\x04\xe7\xe7\x97x\xfd\xc5\xa7\xf8\xc3o\xfe\x11\xb77/\
\x0f\x81\xff\x9e\xeb(F\x01\x83\xecO\xa3f\x121\xc2\
K\xbc\xbd\x8f^,\xee\x97y\x1d-V3\xaf\x15\xe6\
\xc4\x0e\xd2\xc4\xa8\x836\xb3vP\xf0)\x97\x0b\xae-\
\x9e\x9d\x94\xdf\x1a\xef\xa3\x8f\xbe\x8eo}\xfb;8;\
\xbb\xc0\xeb<8\xe8\xee.\x9d\x80\xdd\x1e\xfby\xc6~\
\xde)\x0ap\xb0[\xc0\x18q'\xc0pY\xca/\xe5\
3@\x96\xc2.*\xa4\xb4|\xe7\xb5dZ\x8d$\x09\
\xa2q\xc0\x03\xe7\xc3fvH.\x86s\x10o\x1a\xef\
T\x07E\xb6\x13\x17\x05e\xa7\x1e\xd8GX[Fu\
|C9\x81 \x08\xb2t\x84\xba\xd1\xef\xbb\xc5\xacN\
\x04\x8b\xac_\x97C\xd5I\xf5\xec\x95Cy\xf5Y\xa4\
\xf8\x22\xe8Z\xf9\x94\x8e=\x03x\xce\xc14\xd0\x81\xca\
B\xe9o\xd8s\xfff\x8a\xc2\x96%\xb7V7&'\
\xbfB\xf4[2^\x8eW\x9a+\x0b\x99\xe8\xab\x8d4\
|H\x10\xa4\xa2)\xdc\xcer*\x14\xaf5\x06s\x05\
]!\x8e\xdc\x11\xb0\xb0\xbf\xa5\xd3\xbf\x86\xe1}\x95G\
\x1aY\xd3i\xaaul\xc1\xfe\xd6\xeb\x11\x165\xa8\xd1\
z\xe6,%I\xf0\x980{\xc4\x09\xfd9\xa7\x5c<\
\x7f\xc4\x04\x9e\x94\xc7\xbe(\xc7K\xa3\xe7\xa2Q}\xaf\
S\xa8\xbd\xf5\x046\x07\xd6\x92Z\xed\xfa\x19\x9f\xabR\
~h\x90\x95G`\xd6\x02C\xb6[\x82\xd8\xdc\x8cG\
E\x0af\xf9\xc8,\x8b\x80\xd9\xb3\xda4\x05\x1d\x80 \
/t\x80\x9a\xc0n8('\xe5\x22g:\x8fI/\
@Mb\x19\x1d\x98g\xfb\x1e\x01eB\xfd\x1dF\xe5\
\xeeH%\xf34\x09\xe9'\xf8\xa8w\xec\x15i\x0d\x19\
%P\xa7\xa6}\xb3\xf6BN\xd3,\x91\xd0h\x0d}\
\xaeB\x14\xd9%{\xff\xea\xce\xc0\x84\x88\x0d\xb6\x9b\x0d\
6\xdb3L\x9b>\xea?;\xef\x0b\xfd\xe6\xfd-\xfe\
\xf8\xbb\x7f\xc6g\x9f\xe6\x5c\xffb\xd8~\x1f\xd0\x1e\xc3\
\xb8\xa55x\x0c\xf8\xaf\xd23hPuM\xc6m\x91\
\xb7q\x90\xba\xe0\xe9A<=\xfa\xe2\x11\x0c/\x99=\
%\xef}\xce\xc2j\x05\x1f\xa0\x03\xd005l7[\
|\xf3[\xff\x0e_\xff\xc671#\xf0\xfa\xd5\xcb\xee\
\x04\xdc\xedr\x91\xe0.\xd7\x06\xec1\xe7~\xdc\x96\x9d\
\x92\x7f\xabr\x90W\xed\x8a+\xde\xe5(87U\xbb\
r\x08\xd2t\xd3x\xfa<\xb6\xdb\x16\xd0\x18\x1a\xa5\xb1\
Xh\xfb\xccB\x18\xe5$t\x80w\x80%7\x1a\x19\
i\xe4\xcdQA\x99\xcfe\xe4Bm\xbc\x90:\x1d\x00\
k\x00\x1b<g\xee\x5c\x08\xe0a>\x82(\x81\x9b\xa9\
\x152\x1f\x1c\x0f\xfe\x85\xca,\x07 \x88s\xbdx\xb6\
W\xf2Y\x8eF\xd1(p\x1f\xa7XT\x8e*P<\
TK\xc5\xb8P\xd2\xcd\x17O\x13S-\xc6\xf0x5\
\x90\x83\xb1\x97\xb7\x00\xe9\x04\xe3\x83\xb5\x04\xb6\x00\xb0\xd2\
\x18?\x0bP\xaf\xb4Q\x8d\xa8\x88@\x03\x86]\x04\xf9\
\x88\xdf$h@M\x03 \xd3R\xc8\xa3\x8e\x00e\x80\
\xb4\x8d\xb0\x99.\xb9\x0e\x9b7U\xc0^\xb3\xc8^\x17\
Cj\xc3\x0f\x07v{\xaf\x8e\xb2t\x00\xa8\x11-A\
\xab\x0dy\x04\xca\xe2\xbf\x00\xdeG\xe4\x85MY\x16\xfb\
\x8d9\x04\xfd\xaa-\x86a\xbc(\x5c\xee=\xabU|\
\x8f\x07\x19\xf9\x5cz[8\x0d\xc3(\xb9\xd5<\xb5x\
v\xfbEYy\x9f\x93\xc3\x93y\x22\xd2\x013\xad4\
\xfb\xc4V\x82\x93\x95\x0ch\xd3L\x7f<\x99\x03\xbd\xe4\
\x1e\xa0\x13RN\xf8h\xdd\x0f\xa2\x06\xa2\xd1,\x01\xf9\
\xef\xba\x1a\xd1?B\xd5\xbf\xde\xb7El\xb6\xd8n\xce\
\xb0\xd9\x9e\xe1\xec\xfc\x0a\x17\x97O\x11\xd1\xf0\xe2\xd3\x8f\
\xf1\xc7\xdf\xff\x02\xbb\xdd\xed\x80\xaak8t\xec:\x05\
\xb3\xee\xcb{*@\xaf\xe1\xe0\x1a\x8ffM\x8e\xe2\xea\
\xbd\xfc=\xa6\xf2\xf7\xe5\xbd\x8f\xce1&O\x01\xf6\xfb\
\xca^V\xb8\x0e\xfa\x01\xae\xae\x9e\xe0\xdb\xdf\xfe\xdf\xf0\
\xc1\x07\x1f\xe1\xf6\xee\x0e\xaf\xaf\xafq\xcbo\x09pZ\
`\xb7\xc7\xdcrj\xc0\xfeu\x9a\xbd\x03\xce\x09`\x88\
Vgi\xa8\xb3\xad\xf3\xdcLY{r\xefPb\xd6\
\xcaJprK\x99\xa3\xfa\xf0\x8c\x07\xdej\xbe\xc83\
\xafe(\x00\xdbNW\xe5\xf7\x11]\x9a\xab\x03!\xf7\
:\xd2 \x95\x5c\xcd:\x04\xa9d)\x11\x92\xd3\x98\xae\
w\xf0\x16\xad\xef&\x8f\xaa\xef\xb0\xa2\xde\x00\x9by}\
\xb4\xd01n\xe1\x10\x00\xb6\xfe\x02\xb5\xf8O\x0e@\x88\
N\x99)d\xa4b\x1a\x16-:|\x0e\xe2`4&\
\x0a\x0e*$\xae\xc6@\x9dL\xc86\xeb<\xea\x14J\
x\xfb\x91/\x1bm\x9b\x03\xd0\x94\x9azPG\xee\x22\
`\x9f\x0c\xce\xf4\xa4\xe1\xed\xa7gQe\xfb\xea\xfe\xe0\
!>Q\x8e\x01`\xb4\xd4 \x87\x80\xac2B\x00\xef\
#9\x8dD\xd5\x0eS\x075\x00}J\xa0\x83O\xcb\
4Cd\x85%x\x83q\xc4\x9a\xec\xf6t\xb3\xf1\xd8\
\xa0\xef\x11\x04\xac,\xfe\xaf\x80R\xeb\x04\x80\xa1\xcf\x05\
\x9am?\xdc[{\xf9!S\x09\xf6\x0c\x9f\x03\xd0\xf1\
\xbf\x02^\x9f\xc3o*\xbf\xa6,\xc6S\x01\xbb\x8e\xf4\
\xd3\x0a\xa9\x85\x9e&\x05$0\x96\xe65\x9b\x12\x08\x0c\
\xe7\xf4\xd3a\xa9\x01B3\xd0\xc4xE\xd6]mZ\
\xceH\xaf3up\x04\xff\x0ab\xf5\xd6\xa5\xc31\x0e\
\x10 9\x0cQGI\x977\xcc?\x0b\xc4k\xc1\xe4\
\x9a*\xd4\xe0\x05\xe0!>\xfc|w?\xc3\x7f\xb3\xdd\
`\xb3\xbd\xc8\xbd\xfd\xe78\xbfz\x8a\xed\xe6\x0c\xaf^\
\xfc\x01\x9f\xfe\xfe\xe7\xb8~\xfd\x22\xebQv\xf4!\xac\
Y\xda\xf65\x9c[\x98\xe5\x93i=\xf6\xf9}\xe9\x96\
<\xad\xd29F\xc0S\xadV\xf0\xd4\x020\x0a\xf7X\
\x9e!\xfd}<\x9dx\xb9YN&\xd4\xd1\xdf\x7f\xef\
}\xfc\xe57\xff\x1d\x9e<{\x1fw\xb7wx}\xf3\
\xba/\x12\xdc\xed\xb1\xb3o\x0a\xf4\xdd\x02\xfd\xa3\x1f\xfd\
\xa0\x93\x0c\xf3\xb1\x16\xabL\xd6\xbc\xda\xaa\x06p\xb4:\
s\xd1\xce\x12l\x9aZ\xa6\xc4\xd6\x8a\x7f\x86\xf4#\x0e\
\xce\x01p:\xde\xbf\xf9\x11\xa1>_\x06 \xaa\xb3\x9a\
\xcd\xb6\xce\x1b\x87\xca\x0ctC\x9f8\xb1\xba8\x06\xc6\
\xb7\x97\x1f\x04\x0f\xb3\x1a\x96'\x10\xf5i_\xd6\xb5\xa4\
\xa9{\x8a\xaba\xcc\xefr\x94\x0c&\x03`\xbe\x1f1\
Y\xf2P\xb86\x08\x92\xfe\x99\x11r\xc5\x99r\xd4\xf4\
\xbc\x8f\x80c,\xbf\x87\xb5\xc3\xc2\xa7>\x83Y\xb4;\
ku\xae\x7f\x01\xf5\x0a\x90\x97e\xef<pa\x1fu\
\xa8\xc9\x9cR\xaa\x95\x171\x94\xc3-}\x00\xea\x9c\x01\
\xa6\x9fa<v\x8a\x9ef\x98BP\xa3\x94\xb1\xe6q\
\xd2\x1a\x95\xd7\x02\x8c\xcag\xdd\xc7\xe9\x05\x1a\xe6D`\
w~\x22[\xa1\xb5Z\xb9\xdeT\xb7\x02%\xed\xc9W\
\xcb\x10l\x08\xc0\xfc\x0d\xed\x16\x80\xe5(\xf9\x15\x002\
\x87\xe6\xf7\xd9O\xd0\x16}\xbd\xf6\xdd\x03=\xec^-\
\xd2\xf4n\xf8$1Z\xed\xb3\xb7r\xb3A\xf3\xd9\x5c\
\xc9\xd1\x86\xbcl\x9f\x01\xe4Y\x8fV\x0eH\x0c\xe9\x94\
k1e\xd0\xc6\xe8\x19\x1cdY\x1c\xebB\x9d\xe7\x5c\
Y\xb6S\xf6\xcf\xb2j\x83%\x02\xfbaE'\xc2\x0a\
[N?\x986\xcb\x16F\xda\x9fj\x8a)\x22\x8f\xf8\
N\xf0\x9f&l\xa6-\xb6gg9\xd7\x7f\x89\xb3\xf3\
'\xd8\x9e\x9d\xe1\xf6\xfas|\xfa\xfb_\xe0\xe5\x8b?\
bA\xf8^\xdcy\x0c&\xbd3,[\xc9\xfcXz\
\xc7p:{\xf5\xfd\xd4bq\xff\x18\xcfh\xe9\x00<\
\xb4\xa0\xe2\xbe9\x8d\xa3e,\xe8\xaeUvIk\x8a\
~\x940\x00|\xf8\xc1\xd7\xf0\x8d\xbf\xfc\x16..\x9f\
\xe0\xee\xee\x0e777\xb8\xdb\xdda\xde\xef\xb1\xdf\xf7\
\xf3\x03\xf6\xf3\xbe/\x12l9/\xd7\xea\x00\x10Qo\
\xde\x99\xb2S8 -x\x5c.\xcbQ:$\xfc\x0c\
#\x0bv\xb6\xcc\xb3T\x08\x8d8\x0d\x88\xe8\xc9*L\
\x1af\x94\xd8Y\xf2\xbdE\x18\xb4\xfc\xc6\x8a)\xe8\xeb\
t\xe6\xc8`q8\xa4\x87\xa5\x05\x14\xfa/LU\x1d\
Z\xbe\x0f\x01Z\x95\xafp-|\x84=b\x1f\xb2l\
m\x7f4`\xf1<\xc8\x22\x01h\xdf\xbeF),W\
\xdb\x82\x90a\xd4I\x86\xbe\xea\xefZEp&\x0f\xb5\
\xbe\xa2\x13\xa9\xb0?\x12d\xbb\xcd\x9e\x87\xa9\x86\x01\xfc\
\x22\xe0\x07\x22\xe8\xd4>\xc9\xa9\xe8\xb1\xc3j\x9bgV\
\x92\x0eF\xf5\x9f\x02s\x8d&\xf9\xbb\x98\x95\xfc\xea9\
\x01\xd7L\xb7\xce\x0e\x00\xfcXc5,\xdb\x96\x22\xf2\
C|\xe6\x92\xc4\xd0\xce\xbe\x1d$\x1b\xb7\x9e\x84\x0e\xc8\
\xaa\xe9js\x15Z\x1b\xdah\x18A:X\xb0\xec\xc5\
\x019\x0eO@m\xc9#\xc8q=\x8fkbg\xc1\
\x807\x00\x9d\x0eh#\xd4\x9e\x83\xceE\x7f\x1f\x80\x06\
@5\x02\x1f\xd7'\x00\x87\xa1|\x825T\x87f]\
\xd5\xeb\xdbF;\x98\xceH$\x1d9\xd4\x19\xf1\xa8|\
\x91\xe0\x09\xd96\x01\xbd\xde\xba\xf8%\x14Ts\x8e=\
\x05\xb9\xc6\xa0\xb1\x9d\xa6\xd2\xf7\xae&n\xc3\x06B&\
_\xbe\x9b\xb2n\xc6\x14\xaf\x88t\x02\xb3\x0f\xc6\xd4?\
\xe03q\xd4\xbf\xc5&G\xfcg\x17O\xb0\xd9np\
\xf3\xfa\x0b|\xf6\xe9\xaf\xf0\xc5g\x9f$\x89CLz\
g\xc0\xbdr\xad\xd1[V\xfb \xcd\xe2\xc1\x9b\xf0\xb4\
\xcc#\xb1=\x86\xd6\xa9\x89\xbd\x99\xde\x88Q\xeb\xf4\xc7\
@\xfc!^\x8e\xbd\x1f\xcc8\x81\x85\x11\x81\xf7?\xc4\
\xd7\xbf\xf1M\x5c^=\xc3n\xbf\xc3\xcd\xcd\x0d\xf6w\
w\xf5\x99\xe1}:\x02\xad\xd9:\x01Rk\xe8\xeb\x07\
\x13|\x12\xaf[\xe3\x5cf\x81\xa8::\xaa\xf3\xc8\x10\
\xd0\x8ey\xc8\xdf\xea\xa3\xf0\xa2\xbc\xfc\x1cUJ\x89\xc6\
\x0e\xa4\x95\xf943i8F'\xa9\xa4\xa5\xb0\xa7u\
L\x8f\x04\xe8\x18\xe0\xe6\xf6\xbb\xd2\x94\xf30\xb6\xd6\x10\
*\x1f\xfaq\x1bA1\xd9\xa1\xe3\xd0\x00\x0eX\x13k\
\x82XaX<\x8e\xa6\x97?{\xbdlT\x1cU{\
\xcd\xdf\x1bv\x8dW\xa8\x1c\xea\xcc8\x15\x04k\x8b\xc9\
d\x92@\xeb\xc0(\x03\x1f\x09\xa84\xec\x01\x86\xddi\
\xe8\x1a+\xd9J2\xfe\xf1\x9b\xaa\xe0\x12L\xbd\x22+\
\x0e\x80?\xe7\xb6\xc2Vp8:\x01\x0bz\x9c\x1a\xc8\
\xb6\x0f\xa7K\x1edTx\x18U\xc1s5\xc6\xb2\x0e\
\xe3o9O\xda\xe9`4\xe8h%P\x0e\xe0\x8f>\
\x15W\x91\x01\xc8\xb2\xca)E\x13\x8d\xba/Z\xcb\xd1\
~q\xc6/M\xfa\xf1\xc0FW\xe1}V\xd0\xe9\xd5\
s\xe6\xf1r\xfa\x1fF\x02\xa9\xf4\x06\xd2\xad\xca\xf2\xf7\
\xee\xb4\xd4v\xe5aHR`\xdf\x08\xbcn[\x9bx\
\x1a\x0d\xa69\x0az^:\xef\xb4$\xc2\xe8vn\xa1\
\xeef\x07\x06\xcb;\x94W\x91\xc5\x94Q\xb8[g\xb6\
)\xa9\xc4T;I\xb8\xb8o\x9a&L\xfcp\xcf\xb6\
\xef\xe9\xdfl\xcfq~y\x85i\xda\xe0\xe6\xf5\x0b|\
\xf6\xe9\xaf\xf1\xf2\xf3?\x0c\xadzh\x01\xdf\xfcZ\xc3\
\xbd\xc7\xd0}SL{\x90\xae\xd9\xd2G\xd1\x1cEt\
\x7fb*\xd1C\xf3\x1d\xa7Vr\xe9\x08\xf0\x1a;\xe5\
\xf1\xfb\x87\xae\xc1 \x11@2|\xf6\xfc\xf9\xfb\xf8\xe8\
\xeb\x7f\x81\xa7\xcf\xde\xc7~\xb7\xc7\xcd\xcd\x8d\xa6\x04\xf8\
on\xf9w\xaeE6Z\xe1\x9b\x06\xa6d\xd1\xca\xc8\
\xb2\x93#\xd3\xe7\xb6\xacQ\xc6cl\xe0^\x99\xe7\xaf\
\xb6H\xa5\x91\x04\xbd~u\xba\x94p$\x9f\x1eb\x8b\
V\xe1c\x22.\xa7\x1b\x16\xc0[\xeb\xb5h\xc8\xa6\xd1\
(\xa0\xda\xb1\x00\xfa\xd0\x99\xa0\xcet\xb0\xac\xfc\x02\xc2\
\x83\xc6BMS\x93\x86%\xa8y|'T\xe6S\xa0\
l2\xa4\x03\xe2\x8b\x17}\xb4\xcde\x14\xc5\xbf\xb7\xcc\
\x94\x18\x9a\xe1q\xe3\x87u\x9f\xb3A\xc2\x1bZ \xcc\
6\xe9i\xe9\xd0\xd5\xcbX8dQ\x82mb\xba\x22\
\x18\x96\x97\xce\xc6\xe1\x88\x9ff5\x8a&\xaa\x1d\xaa}\
\xc7)\x08\x01\xbb?I\xa5PX\x16\x0dK'\x22U\
\xcdh\x18lK\xa9 \xc0\x10\xfe)\x0a2\x86\xa4\x05\
|\xc1\xcf\xd7\xa60\xe6\xa1\x90T_\x8e\xb8)\xe2\x1a\
Q#\x9f\xd7\x16\xde\xd2\xef\x1a\x0a\x13\x97[\x9f\x9b7\
Z@\xb3\xbeU4F\x10/\x90\xedu\xe5\xd9\x02j\
\xa5\x8cD\xd6\xc8\xdc\x9d\x95\x9a\xfb^\xd0\x06\xc0\xdd\x10\
\x8ct\x80\xbbn\xbc\xc3\xb0\x9f7@\xc7\xe2\x0ee\xa4\
<\xeb\x8c3\xc9\xad\xcb\x83\xd1\x16w^\xdbH\xbbZ\
\xb3\x1cd\xf6%\xbe\x97\x03\x9e\xa9\x07COn,r\
\x98\xd3\x08r*-:\xd8\xeb\xdc\x8d\x00\x0f\xf1\xd9L\
\xfd\x8b}\x1b~\xb8\xe7\xec\x02\x08\xe0\xfa\xd5gx\xf1\
\xa7\xdf\xe2\xe5\x17\x7fb\x03\x94\x1c\xef\xb9\xde\x04l\x1f\
\x9b\xe7M0\xebM\x1d\x84c\xefN\xe2Y\x89\x1c;\
V\xd2\xe0\xc8s\xb7W\xc7\xe8/\xaf\xb6\xfa<\xc0}\
\xbfC>\x81\xdc\xe3\x1d\x00\x07^?\x04\x07\x00\x9e?\
{\x0f\x1f~\xed/\xf0\xde{\x1f!&\xf4\x0f\x0c\xdd\
\xde\xe2\xee\xee\x16\xf3\xbc\xefS\x03\xfb=\xd0\xfa\xf6\x9e\
y\xee_\x10\xe3\xc1B\x1a-\xf9\xd29u\x88V\x83\
\x8609\xe5\xd4\x84A\x1a\xba1\x1fG\xd9n\x9a5\
\xaf\x1cPTB\xfd%M\x02\xb7\x83T7k~\xb0\
a\xd2\xc9\xbcz\x16D1\xfe\x19\xdb2\x80\xf1L\xfc\
\x85p\xc9\x08\x1b\x8cG\x00\xae\xa4Y\xae\xd8\xf7\xda\xbb\
|\xba3\x92u(\x05\x80_\xb5\xd0\xce\x1c\x8etd\
\x9a\xa8\x86\x84T\x91\x05\xd3V\x96Y\x16Q\xf9\xcbx\
\xd5\xfd\xda\xa8\xb9\xd6<\xe8\xa6\xc0\xd1\xdb\x9c \x9c@\
Z\xb0\x19\xf6>\xf9n\x1d\xec\xf9\xdcG\xe0\xe5\x04@\
\xf4\xd0\xa8\x1d\x93\x9c\x90^\xbe\x9f(X\x10\x13\xda\xb7\
\x0d\xe9o\xb53+\x0b\x95>\x8e\xd4\x91\xf6\xc1\xc7\xa1\
\xbd\x16]\xd7\x03\xbe\xa5\xd3\x7f\xf5pq9%uR\
\x1f2\x8c\x9cBnuZC\x9d\x83\x19\xd0B9N\
#\x10\xf8\xa97\x18\xc1\xb8'YX\x0b\x82\x0e\xf5\x05\
@9\xb8\xcdhX\x9d\xd4#\xab\xc5\xf4\xd8w\x024\
\x14\xc0G\xb3\x03\x87\x02e\x08X\x9e\xdb\x86\xd1\x81Y\
:\x05u\x12^\xe5/\x1d`\xb3\xd4\x09\x7f\xe29\xeb\
z\x10u/a`\xb0\xdaft\x83\xb2\x1bQ\x5c\xe5\
R\x87\xc7\xdd@\xcc_:y`\xad-\xe2\xa9\xa4\x08\
-\x16\x8e\x98\xf2S\xbduf\xff\xb4\xd9b\x9bN\xc0\
\xd9\xc5%6\xdb3`\xde\xe3\xe5\x8bO\xf1\xf9\x9f\x7f\
\x8f\xebW\x9f'\xad\xa8\xba\xbf\x09\xba?p=\x06\x9c\
O\x01\xfec\x18\xfb\x10\xdb\xa7V\xcd-U[{\xf1\
\xa6@z\xec\xdd}N\x03_>\xa6\xc2\xc7\xde=\xa6\
!\x8e]\xdc\x8fL\x03quy\x85\x0f?\xfa:\xde\
{\xfe!6\xe7\x17\xd8\xef\xf7\xb8\xbd\xbd\xc9S\x05\xeb\
D\xc1\xbeN`\xc6~\x9e\x81y\x96g\xcfR{?\
Ms\xe4\xa3\x05\xc1\xf28\x92w/\x9cF@Fx\
\x88\xeb\x18\xac\xb74\xa7Sz\xee\x0d\x15\xe2ne\xbf\
\xcb\xd0[\x89M\xb8V\x9cy\xc7A\x19wF\x14\xba\
M_\x80\xab\x80\xb5\xc2\xe5\x9d\xa7I\xc2W\x98\x8f\x9e\
\x85\x8c(\x81\xb0\xe9\x1b\x00\x0e\xe0\xe3 \xba\x0c\x86\x8f\
\xec\xe5\x1c\xd0\x08\x0f-_\xd3\x11<K\xa0\x83F\x8d\
\x89\x96\xdb\x1d#\xcb*\xc3^\xadFK'G\x80\x80\
\xaat\xb5n\xa2F\x8b\x81\xaas\xd8\xe8(\x04\xd2l\
W\x99U\xb2\xcf\xe7\x5c\x88)&+O\x89\xd5y\x0e\
\x1bU\x035\x92wS\x10\x83\xf3\x17`\xfb-\xe4l\
e\x16\xa8x\x1a\xa8-\x9bm\x02\x11]\xca\xa6Y.\
\xf2OZ\x06N\x1eI\x0b\x95`\xf0o!y\x1c\x8c\
X\x17\x00\xb6\x00\xaa\xfec6^\x9a\xfa\x05\xd8\x97\x94\
\xa7h\xc9'\x04\xa3}\xb9b]2K}\xe5\xb1\xbe\
\x0a\x99qu\x7f\xd1\xedm\x94\xe9\x1c`Q@YS\
)\x0d\xb4%\xa5\xa1\xa3\xa33\xc0htZ\x15\xe90\
\xbbL'\x00\xb0\xa9\xc2\xfe=\x8c\xda\xba\xa9\xae\x07k\
 \xb5\xb7i1\xca\x80\xd4{K\xa4~\x17\x92a\x88\
b\x1d\x0d\x1c\xca\xca\xe8\xde\x14\xd1\xc3\xfeS\x9f\xe3\x9f\
\xa6\xfe\x89\xdei\xb3\xc5f{\x8e\xed\xf6\x0c\xd3\x14\xb8\
\xbb\xbb\xc6\x17\x9f}\x82\x97/\xfe\x88\xbb\xdbk\x12\xb1\
\x08\xda\xc0\xce\xd1\xeb$\x0c\xcc\xbew\x12 /\x0a\x5c\
\xa3\x7f\x0a\x8e\xe2\x9e4Cy\xf7\xd0]\xbb?\xa0w\
\xba\x17\xe1jwH\xe3\xa1\x82\xee\x05\xf8(\xd0\x5c)\
\xf8$\xe1\xaf\x15\xb0&\xa0\xb5\x06\x92R\x9a\xf2L\xd3\
\x06\xcf\x9e=\xc7{\xef\x7f\x84\xa7O\x9fc\x9a\xb6\xb8\
\xdb\xdd\xe9@\xa1\xdd\xbcC\xdb\xcf\xd8\xef\xfb\xa7\x87g\
\xed\x1c\x00\x90\x1e?\xc1\xac-\x0c\x92;\x02\xb23\xce\
8\xf3\x22P\xe1\xb0\x04\xb4!\xe46\xd7\x08\xaf\xd0\xd6\
\xca \xd0\xc5\xb0\x1f\x97\xef9\xe2Ux\x91\xb9\x9c\x86\
\x16\xcc\x8d\xb2\xad4\xb4\xfaf\xf6\x03F\xbb\x1c\x88\x02\
\xee\x11h\xc6\xd1v\xab\xb9\xf4p\xd4\xeb\x09|\xce\x90\
e\x84\xb6f\xda\x1a\x8b%\xc3\x5c\xfcWH^\x952\
O\xa3N#,\x07\xc6eT\x8c\x92N\xfd\x9d\x11z\
\xd5\xbae\x85F\xfcL\xa7\x22\xa7l\x83\x94M[\x02\
p\xcf\xa7\xb5\x1f\x8d\xc6\xb9\x8cg\xd7/\xae\x19@\xb5\
\x15\xdbH\xdf\x0e\xe0;\xbe\x99\x8cF\xab:\xb5\xa2\xd7\
\xc1\xc4\xa3A\x19U@:\x16\x0at\x11\xe1\x03\xfcr\
\xa2\x1c\x17\xe9C\xc9\xd7\x1a\x13@C}\x05\x91\xf0b\
\xef5\xbc4\x80\x92d\xec\x89\xeah@\x1a\x05\xacj\
[\xd1\xe7\xb31\x14\x0f:\x11\x09\xa0j\x01.tk\
,\xab\x0d<1\x22G\x9a\xe3\x94\x02\xf3%o>\x8a\
\x97.d\x99f'\x86\xa8aA'|\x0bd\xa0e\
7\x09\xd9\x0c\xf5\x00\xd6\xaf\xbc\x8cA\xce\xe2=z\xdd\
\xbb\xe3\x10\xea\xca\xa4E\x13P\x0bS]\xbfL\xb6t\
\xd8\xc9/m\x14\xbc\x1ft\x8e\xc8R`\xc24\xb1\xcc\
I\x1f\xe9\x996\xfd\x10\x9f\xcdf\x83\xed\xf6\x1c\xdb\xed\
\x05\xa6M`\xbf\xbb\xc3\xeb\x97\x7f\xc6\xcb\xcf\xff\x88\xeb\
\xd7/\xa0\xe3\x9b\xfbg\x10\x8f\xe3\x8b\xe9\xceC\xd71\
\x9cz\x1b\x8c[\xc5!\x98\x9d\x1c\x12\xaf=\x5c\xa1\xe9\
\xdd\xe3\xa1\x82\xea\xf6a(]\x13\xd6\x08\x1b\xf7\x0bt\
MPki\xdd\x0e\xaf}K\x19(LY\xe3\xe5$\
\xfa\xc6\xef\xb1\xf7\x9eF\xbf\xadC\x01\xc0\xf9\xf99\x9e\
=}\x1fO\x9f\xbd\x87\xab'\xcf\xba\x07\x9a\x87\x09\xdd\
\xdd\xdd\xd5\x16\xc2V\x8b\x05\xe7\xd9\xcf\x15\xb0]\x04\xea\
\xd0\xa8g\x05\x93\x83\xe3\xc0\x91\xab0s\x81\x9b\xbc/\
\x9cr\x83\x0e\x1b\xd1\x03\xe3\xc7\x84l\xee\x1f5\xa5R\
v:P\xe0\x8d\x0a_\x92O\x014\xd4n\x8c<\x08\
\x9e\xbdl\x12G\x01\x08V\xd3d\xb5T\x9e\xd5K\x0a\
3V?\x13Hf\x05\xfe\xd6\xf2\x8aX$\x1f\x11\xa6\
\x7f!\x192W9-\x1e\xd4\xec@\xd0g6j\xee\
\x9eNM\x01\xc5r\xd4\xbc\x80+\x19F\xaa\x82\xd5\x13\
Ph\xbf<\x09\xea\x22\x8di\xbe^\x84\xe2\xab]Z\
\xd1 \x8f\x91\x00\x9d\xf4\x822\x130\x92\xc7\xd2\x9f\xc2\
\xb3B\x84\xa0\xd0\x9a)\x9e\x85\xefk\x18\x8fj?\x19\
*\xd6\xa7\xaa\xb7\x9c*\x18\xf810q\xf3P~&\
\xfbP\x81R9\x1c\x94IC\x98\x95l\x9e\x9e\x87\xdc\
\xcc\xb3E\xca\xe8|\xb2ukc\xa8O\x01T?\xb5\
Q.5'uW\xb4H\xd7B\xff\x02\xf7,Ck\
1P\xdf\x09P}\x14\x81(\x0d5m\xaa\xb6\xb0\xe9\
\x83\xe5\x94\xcc \xc0|\xcf\x15\xf5\x8a\x90\x0dQ\x08\xa4\
\x03Tv\xd0fe\xd2\x1e-\x8dQ\xf5\xbb\xae\x0at\
2]\x17\xa8\x8f\xb9\x82? \xd0\x8f\x04\xfei\xca\xe3\
z7[l6\x1b\xb4y\xc6\xf5\xab\xcf\xf1\xea\xe5\x9f\
\xf0\xfa\xe5\x9f\xb1\xdf\xdd\xb1\xb4\x92\xc1C\xd7\x89\xa0z\
\xea\xf5\x10\xe6\x94\x15\xfc\xf2\xafcx}\xaf#r,\
\xc1\xf2\xdd\x12k\x1eJ\xff\xae\xdf\xaf9\x00\x9e\xe7\x11\
*\xb0Z.\xf3\x1e\x17\x18\xbbv\xbd\xbd8\xbf\xc4\xd3\
g\xef\xe1\xd9\xf3\xf7pqq\x85\x986\xd8\xefv\xd8\
\xed\xf7\xd8\xedw\x98\xf7{\xcc\xad\xe9\x0b\x84@\xeb\xeb\
\x04r\xdd\x00\x9d\x82\x9aW\x04\xfc\xe3\x22r\x00\x16\xcc\
)T98\x0a\x1cq2\x04:Jf\xd8\x96gt\
E\xc5\xa2\x0aK\xd3\x12\xe0y\xdb\xcd\x8c10q\xe4\
\x1a\x95\xb2\x88V\xda\xc4\x1c\xd1\xaa9rU\xc6\x14,\
A\x86\xdb\x0dh\xb4i\xa4\xc2\x0c\x09\xeb\xb1\x08\xdd\x1b\
\xe6\x0ev\xb1e=c*\x10\x5c\x1a$\x1aA\x12\xe1\
\x86N\x01%YLYU+\xf0=S3\xe4\x9b\xa3\
\xa19\x94\x8f\xce\x80F\xf4\xfc\xc5\x85o\xb0h\x0f\xcd\
\x7f\x82\xbc\x8f\xfc\x0b\xc8\xecYo\x19\x97\x82\x0d0C\
\x06~\xfc6\x00\xcb\x09\x01\xd0lQ\x22n;\x14\xf0\
\xb0\x1e\xde\xfbZ\x13\xb87\xd8B.5\xabf\xed\x13\
4F\xc00\xff\x01\x9c\x12\x01*\x8cK\xbe\xfd0+\
\x82\x8f\x83\xa0\xaf\xd4\x07\xc1\xb2\xd5}\xf5\x97\x04D\x09\
r\xfc\xdd\xecw\xc9\xa9\x89\x86\xee+\xa5\xf8\x91\xe3\xc0\
]\x0cLGq\xb5\x06\xdb\xd6!>ut\xebA\xbe\
\x00\xcf^\xae\xd2H\x92!\xf5zV\x06\xcd\x16\xff\xa5\
\x80\xe9\x94\x0e\xd1\x0e\xd3\x95A'hO\x96\xe0>8\
\x07\xd4\x0f\x13:\xa8:\xfc]\xfa\xdcO\xe8\x03\x02\xb5\
mo\xca9~-\xec\xe3\x91\xbd1a\xbf\xbf\xc3\xed\
\xf5\x17x\xfd\xf2\xcfx\xfd\xea\x05vw\xd7\x03'\xa7\
Z\xfc\xb5\x94\xa7\xe7^\xa1g\xa6\xe9^\x1a!1>\
\xba\xac\x87\xf0p\xe9\xc7<\x06\x03Wi?\x16D\x8f\
\x09\xf514\x9c\xce*\xbdEE\x97i\xde\x14\xf8\xdf\
\x94\xcf\x9e\xe70\xf7\xf9\xf99./\x9f\xe0\xc9\x93\xe7\
\xb8\xbaz\x8a\xcd\xd9\x19\x80\xc0\xbe\xe5\xd4\xc0\xae\x8e\x1a\
\x9e\xdb\x8c\x96\x9f\x05\xdd\xef\xf7\xc3w\x08\xe6F\x03T\
\x1a\xe3\x8b\x03\xfd\xc0\x8f\xce\x94\x19_M\x9f\x14\xb0\x1a\
V\x94\xec\xcc\xb8\xc3\xe8\xb2\x92\x84\xa1\xaaq\xadEP\
4`\x01\x92\x83\x8cb\xf9\x80\x18\xd3\x97\xf6\xd0\xc8;\
\x0b\x1e\x22^.\x12C\x15\xb5\x00:\xab[\x1c\xd6-\
\xc8\x1b\xad\x94O/\x18h\x0f\x7f=\xa3\x97+\x8e\xd2\
\x89`\xd9\x04\xf3\xc6bb\x10\xba\x9c\x1d\xdb\xea\xe7r\
\xa9Ev4(l\x80\xb0\xb2B#dE\x0d\x5cq\
U\xa9X<c[\x86\x00W\xf7\x92\x0b\x80\xbe\xdcj\
\xc0\xc0A\x18\xc3\xf30\x99@\xbc\xba\xa4<\x94\xa3\x22\
X\x1e\xaa\x8ec\x0c\xb2\xd3\xd0gi\x0d`\x18\x01\x93\
\xca#\x17\xcc\x06\xd0O\xe0s\xe0\xa2U\x1e{\xb6z\
\x8c<&\x14\x18\x87=\xe7\xbf\x850\x1c\xdc\x87\xa8\x82\
 \xb9Q\xc5\xe4t\xd8i:r\xbc\x05\xe6`\xbb\xb6\
\x85 \xda\xc0{Y\x1a\x0e\x14\xc6z\x15\x0fMRc\
?(\xc7~\x14M\xed\xdb\xab\x1a\xaa\xbf\xb9,\xd9\x13\
\xe9\xa0,\xfb\x9et\xdb\xbaO\xea\xe1\xc4\xe8ZD\x0e\
\x14\x80\x986]\xd3\x04\xf6\x9b\xbeo\x7f\xb3EL[\
l\xa6\x09\xad\xcd\xd8\xedop\xfd\xea\x0b\xdc\xbc\xfa\x1c\
7\xd7/\xb0\xdf\xdd\x8e\x85Z\xbb<t9\xc7k9\
\xee\x0b\x08P\xbf\xd7\xde/4\xfe^n\x9c\xe3w\x85\
_\xcb\xfc~\xbd\x91\x030Vh\x84\x80\x87\x08>\xe4\
\x08\xac\xfd\x16\xa3f@\xd6\x1a\xab7P\x95\xb0\x9af\
\xf1\xfb\xdew\x0bfO\xa9\xdb\xb2\xe0\xc1!Q\xf8\xb4\
\x1en\xa6\x0d\xce/.pu\xf5\x14WO\x9f\xe3\xe2\
\xbc\xafR\x8d@.\x1al\xdd)\xc8\xf3\x05\xe6y\x8f\
y\xdf\x17\x0f\x96\x130\xa3\xa1\xcfgk7\xc1Lc\
\x03\xeb\xcd#?\x0a\xd5\x1b\xaf~(\x9e\xfc\x0a\x19I\
\x8d\xc5K^\x1cm\x85Q\xca\xc6spf\x8e\x86Q\
\x8e\x83\x9d\x18\x1c\x00\x038\x87\xf8\xa8\xd1e\x04A\xd6\
*\x96S\x0an\x165\x9e\x1c\x9e;O\x0b\xcdS\x99\
Qs\xa5\xce \x1ar\xf5!\xdaJ-e\xec\xdcH\
\xb6\xcc\xa3i\x07\x0cFr\x96|Sn\x1a\xf9GF\
!\xb24[\x81\xdf\x81\x86Q\x01\xfb\x82\x1e\xaa\x1f\x8c\
N\x92\x8f\xf0\x97B\xaf\xf4\x02\xeeV\xef;F\xa5\xe3\
`\x00;\xd2[*\xfe\xb4\x94l\x01\xb3\xac\xa9\xad\xbf\
\x10\x97\xa4\xe6S&\x155\x10?\x02\xea0\xbe=4\
ni2W\x0c\xbf;\x0fLWu\xc8\xbe\x93[v\
\xdb2\xef\x00\xe8M\xf5\xa8\x94|\x17\x18e\xdd\xd21\
HZ\xe9\xc0\xc3\xfb\x8e\x09V\x00\xbc\x8a:\x96~\xd0\
\x9d\xa6\xbf\x8a:\xb0?\x9a\xc3S\xdd*\xd4\x88K{\
Y\xbdn\xf4{\xdc\x81>\x5c\x90\x87Q?\xf5\x12\x08\
0\x92\xd4uh\xca\xbe\x1a\xb1\xd1\xc8\x9f\xab\xf8\xa7\xd8\
\xd4A=\xdb\xad\xf6\xf5\xef\xefnq{\xf3\x12\xd7\xaf\
\xbf\xc0\xcd\xeb\x17\xb8\xbb}\x8dy\xde\x8f\xa2y t\
\x7f\x0c\xa7\xf4<p\xb0\xb5\x1c\x80\xc6\x06\x07\xf8%\x9b\
\xf4\xf0\xf5\x98\xb4K^\x1f\xc2\xb3\xc7\xd0\x5c\xd29\x95\
\x87\xe1\x81\x87\xda\xef\xf3N\x96\x9e\xc7c\x0bu==\
\xc6T\xf8\xd3\xcc\xb0<\x1b\xfa\x18\xefk\xbc\xaaN\xa6\
L\x87\xe5\xbd\x85\xf0\xe9\x0c8x\xa1;\x04\x17\x97W\
\xb8\xbc\xbc\xc2\xd5\x93'8;\xbf\xc0\xf6\xec\x5csc\
m?\xe7\xae\x82\xbe\x93\x80G\x10\xef\xdb>\x1d\x80\x06\
`\xee{~e\xc8s\x1e?#\x09\x03\xa8\xb2n\x83\
R\xfa\xdc*\xe7\xe6Z\x07\x1b\x8elLF-k6\
\xb6I\xd3\x1a\x8dA\x8e\xe1\xdf\x0a(\xe3\xb0\x14\xd20\
\xaa\xcb\x87\x87\x1d\xaf\xca\xae?nP\x13\xb0\xec[\x03\
\x95~\xbd\xe5\x14R/|\x1a\xf8\x19\x18\xb6\xe9\x04\xae\
\xa2\xc6TQ\x0f\x82y7(\x1d\xa4\x07\xa0\xb0\xe8C\
K\xcb\x13:q\x90\xef\xc2\x167\xd2\xa8O\x8b*\x14\
h\xbb\xa1^\x825D\xd1\x1f9h\x03\xfd\x84B\xfe\
\xb6N\xc2(\x83\xa5w\xbe\xc7\xcbx\x97\x10\xd9\xfc\xb5\
F\xc4\x8b-~\x97%`\x014\x04\xf7\xd2Q\x86\xcf\
Y\xfb\xee\xc8\xf6v\xaf\x00C\xe4j\xfbE\xcf=0\
\xc6\xae\xcds\xb5\x0b\xbf\x15 `5\x0e\x93\x1fG\x87\
Cm\xad>\x16\xdc\xe27\xa4\xe1\xbbA \xd0\xca\x7f\
\xbb\x0e\xa2wsM\xb9\x89\x17\xe3UA&\x8b\x08\x92\
Ui\xf0\xc2\xce\xb9C\xaf\x16\x93\x0a\x92&u\xae\x09\
\xc0\xfb\xbb\xd4\xcftb\xf5\xd1\x1d\xc4x\x0coL\xd8\
l\xa6>\xda\x9f\xb8\xb0o\xea;\xac\x1a\x80\xb6\xc7\xbc\
\xbb\xc3\xdd\xee\x1a\xd7\xaf\xbf\xc0\xed\xcd+\xecn\xae\xb1\
\x9fw\xa3<$\xedC\xad~\xac}\x1e\xe9\x1e\x82\xef\
\xa9\xf4\x8e\xe1\xcb*\xf1\x13yX\xe3\xe3M\xea\xb9\xac\
\xd7Cy\x8f:\x00\x8f\xbd<Z\xf0\x10\x9d\x03 \xc6\
\xa1 \x8e\xd1\x19\x1c\x06*\xed#x?\x96\xe6](\
\xd5j9\x04\x0b\xef\xf8L\x13\xc0\xf6\xec\x1c\xe7g\x17\
\xb8\xb8\xb8\xc4\xd9\xd9\x19\xce//\xb1\x99\xce0m\xb6\
\xe9H4M\x17\xccmF\xdb\xf7i\x839W\xfb\xb7\
\x99\xeb\x06\xea8S\xad}\xcd2g\x03{>gk\
\xc96\xb7\x92\xa9\x1bq\x99L\x19\xc2|\xee\x88d\x86\
]\x83u-6w\xab\x9f\x19\x0c\x5c\x0f\xc3\xe4\xc5d\
\x03\xf2p\x1d\xcb.|&X\x90\x863\xd2F\xdbo\
\xe5\xfb\x8e\x81\xa1!T\xd3I2\x91\xa9\x9d\xcd\xd1a\
\xd9\x01\x80\xa7\xdd-\x9c\x0865\x8d-\x9d\x05\xe2n\
\xcb\x1f\xfa\xd6=\x15:\xc6\x82\xab\x1c\x1fY\xf0\xf0\x06\
_\x07P-&\x83\xd9\xf2\x97\xa6\x04L\xc0\xad\xb8m\
\xd9\xb6\xbdX\x96]m\x22\xb9\x0e\x22\x0b\xd0a\xe4W\
\x01\x97\x0bS\xdb8!<\x84\x8e\xeb\x88c\xd7\xd3\xe8\
u\x8b6\xf4\xe9\xa9\x05\xe6\xc8S\xf8\xb2\x0a8pW\
:\x0dN\x91Uk\x16!\xadG\xb0|]\xe4Zy\
\x81\xfaln\xb6Q\xde\x84($\xe8\x0eD\xf4?\x93\
h=\x1b\x9c\xef\xac\x9b8j>uP`\xeb\xd3~\
\xec\x9b\xa4\xcbo\xde7V\x00\xb5 2\x00\x9d\x9a9\
tv\xd6\x9f:\xe2\xcd\xe9#\xea\xdc\xd9PNCT\
\x97J9DF\xba\x08\xf2\xd3\xb4\xc14\x85\xe6\xf1c\
\xa2\x03\x90z?\xef1\xcf;\xecv\xb7\xb8\xbb\xb9\xc6\
\xee\xee\x1a\xb7\xb7\xaf\xb1\xbb\xbd\xc6~\x7f\xb7\x90O\x94\
\xcc[\xf5\xd2w\x05\xf4\x8f\xc9\x03\x0cM0\xdc\xbf\xeb\
\xb2\x96ybq\xff\xa6\xf8v\x8a\x93\xf3\xce\x1c\x80S\
\xaec\x15[\xbe;\xb6\x03`\x8d\xd6\x9b\xf2zj=\
\x0dZt\xad9.\xa7\x08[\xef\x8eD\x08xM\xd3\
\x94[]\xfaB\x98\xed\xd9E\x9ek\xdd\xef\x91\x1d/\
\x1c\x90\x0c\xf4\xba\xedj\xe0n\x83\x06d\xd4\xa0\xcf\x1e\
h\x84\x12\xe4e>*\x8c\x1a\x9c\x16\xf1q\xc1P\x01\
\xbdL\x99\x03\xa2\x87\x0eY\xe7!\xd4\x1f\xb5\xba\x18\x82\
\xfd\xd1\x91I+T\xf6\xa1\xca\xd2\x22\xb4XVA\x96\
s)\xfc\x81\xaf\xc3+\xccAI\xb3\x9c\xc7\xb4\x86\xbe\
\xc2\x07\xf1\xee\xf5\xa7\xe1t\xf0hN7\xa7\x0a\xca\xd1\
\x89\x85nM\xc5\xa7\xcf\xa7\xfb1m\xac5\xbd\x09\xd7\
P\xf7\xa0f\xd6\xdf\xa1\xd2\xe4%\x9e*;\xf9\xa9\x03\
\x15f\x0c\x93\xddUKha\xa6\xe4\x99\xf9\xd3\xf1\xe0\
\x0arwLL\xfaX\xde\x04\xa6\x5c\xab\x964YP\
\xab\x05\x9e\x9dn\x07\xa9:\x06\x97\x80\xd9Jn\xb9\xe8\
\xcd\x17\xc4\x8drn\xaa\x92\x03#\x94\xa3\xf2\x09$\xf3\
\xa4\xbd!B\xc0]\x03\x83\x13P\x7f\x8b\xb7\x14u\x9b\
\xd3}\xeb\xcfZ\x9b\xeb,{\x15\x86A\xae\x91\x0e\x8f\
O\xc7p\x9aa\xb9J_4\xa86\xa0\xdbP\x8dL\
'\xa1\xbaV\xa8?\xf5\xd1;\x1d\x9c\x09\x0d}\x87\x8b\
\xd6j\xe4\x17\xf6\xaa~dw\xee\x0b\x9d\xe7[\xec\xe7\
=\xf6w\xb7\xb8\xbb\xbb\xc1\xbc\xbf\xed\xbfw\xb7h\xcb\
P~I\xd1~\x8dq\x93\xb5\xa4\x0f\xedY[B\xc7\
c\xf0\xec\xbe\xb4\xf7\xda\xf4{\x22\xc9\xa781\xc7\x1c\
\x8e\xb5g\x8f\xa9\xcb2\xff1<j\xf7%X\x12\xfb\
2\x81w\x10\x98\x09\xf5Xe\xde\xc6Y9\xa5\x1eK\
\xfa\xef\xaa\xdc\xc3F\x8d\xb2y\xad\xdd/\xa3\x85\xe7\xcd\
\xc53\xd34\xf5\x93\xb1\xf2c\x18}\xd1\xcd\x06\xb1a\
H\xb9a3me\xa8\xfb*j7\xde(\xc3\x8f\x1c\
\xadq\x1e\x0f5\x02\xe5\xa8I\x80\xab\xff\x15\xf8HO\
\x1a\x12\xd3\xdc\xd2G\x81\xa4\xf2\x15\xec\x1f(\xac\x0f\xdb\
\x98|\x09\xde1\xe6-p\xd6\x92B\x03CSx/\
K\x98\x13c]\x08\xb4\x01\xed\x89V\xc5\x82\xbfBN\
\xd7\xb0^\x22\x00~=\xd2\xb7\x16\xfa\xbc\xbd\x22D\xa4\
d\xceM\x9d\xb7\x10&\x9f\xda\x09\xc0\x16\x1c\x22\x10\xcd\
\xca\xc5r$\xb5\x9c\xb7\xeeQ\x08d\x1d\x05\x13\xc4\xbf\
\xd6\xd2\xa7\x89\xb2\xac\x06\xa6\xcbC\x82j\xbb\x22\x0c\xb0\
\x0c\xcc\x86\x10\xcfb1$\x0cd%On\xb93\x88\
\x13\x084\x0b \x18\xf8\x1et\x1c\xe3\xd1\x80\xbaK\xdb\
\x91\xc2\x8d\xf8r\xbd;\xcc\xc1\xe0H\x1c\xc3vB/\
\x98\x0e\xb2TE\x8e\x02\x81\x9b\xc5\xcd\xa5\xb5\x94E\x0f\
\xebaX\x1c\xdb\xfc5\x1d\x11T\x19(\xdd\x10\xad\xc6\
o\x170)[\xd7e\xd0\xccg\xc8A\xc1\xdc\xfa\xa8\
\xbd5 \x07\x0a\xf3\xbc\xebm1\xcf}\x9d\xd2\xee\x0e\
\xfb\xfd.\xd3\xe5v\xe7\xfd\x0e+\xc2\x1f\xafZ`p\
\x7f\xba7\xb8N\xc1\x15\xfe^\xe3\xe0!<X{\xff\
\x18\x87\xe1A\x00^y\xf668\xf3\x10\x7f\x8fIs\
\x90\x01xw\x0c\x92\xd6\x1a7k\x81\x80c\xa0\xfc\xd6\
e\x1fI\xb3\xe6\x95)\xdf\x89\x85?\x86\xc7C\xc5\x09\
\x1b\x0c\xbe]\xc7\xa1!\xef\xc6\xc4k4>\xeb\xff\x9f\
r]\xdb\x81)D-\xcar\xc8\xad\xeb~\x17\x06\xab\
\x02q}Z\xcdM\x0c7p~\xe8\x12\xbe\x10|5\
o\xc4\x12\x9d\xf3\xb5\x96\x1e\x1d\x9b\x05\xb29\xb4\xac\x80\
\xeb\x98\xa2-\x9f[]\xdcx\xaf-&]\xd4\xc8~\
\xaf\xcbxt\x86\x84[\xab7\xde\xbe\xd5\xd7\x9a\xe4\xb6\
\xec\x03r\x12\x96u\x5c\x0d\xd9\xc6\xa8f\xda+F\x07\
f\xa1A\xad\x15F\x80\x80i\x12\x8eZ\xe8\xd8\x16S\
\x05=\x05\x1d\x16\xe7v\xe9\xf2TW\x12\xa8\xda;\x96\
;f\x8a\xe1\xddz\x80r\xfd9\xc1\xd5\xf5\x84<\xb6\
\xa1-\x0e\xf9#\xff\x83\xfaUq\xf5~M\xb7\xe5\xac\
5K\x9fR\xa23\xc0H \xd31\xdar\xf0y\xe4\
S\xaf\x18\x7f\xdec\xb3\xee\x03>`\xdd\xf6?P\xe2\
I\xd6\xf1T[\xbcfb\x1e\x83;\x0f\xd5\xef\xa1g\
ke\xde\x97/\xec\xd7\x9a]>\x95\xce\xc9\xd7)\x00\
\xfa&y\xef\xa5\xbbt\x10\xf2\x7f\x0f9\x09\xcbg\x86\
\x09'+\xd9\xdb\xd4\x13o\x99\xff4\xcf\xb1\x8c\xed\xd0\
\xef\x06+\x99\xb9N\xed]_]_]_]\xff\xf6\
/\x19DsL\x8f\xc0\xcbx\xb5\xca~\x8c\xec\xbb\xe3\
\xf2\xe4\xc1\xdf\xbb\x1a$\xbeI\xde/\x03\x17\xdf\x84\xff\
5\xf7w\x8d\xc6\xf6XA\xa7niX+\xe0\x14!\
<fD<z\xbd#\x8d\xe5\xba\xe7\xd5|G\xe8.\
\x13\xbck\x85\xe5\xf5\xa64\x1f'\xbf\xb6\xea\x08\xd5\x18\
\x04\x1a\x17>f\xab\xca\xf2zW2:J\xe7\xf1\xc1\
\x83\xf1Y\xd8H\xf2\x01F\x8f\xd2\x0a[\xd1\xd0N\xd3\
\xe7\x03Z\xf4\xb5\xa6\x09\x98g\xf15\xa6\x19\xcb\xe9\x8f\
V\xfa\xdd\xaaLX\x00\x99;f\xa4\xef\xe7o\xfd2\
\xd3\xb1t\x94-_-2\xb4\x11(\x80:\xd5.\x86\
<\xb5G\xa0\xe7\x8b\xe6Zy\xa4|\x82\x0c\xa7F\xb2\
Atn\xc2AU\x96f\xefqF\xf91\xbe\xf1:\
\xdd\xfbl\xd12>\xd2\xff\xbf>\xf3}\x1c\xc6\x96\xe5\
\xaa\x9f\xc7\xa1\x0d8\xe5\x92\x85\x90:-9:>\x8a\
?\xfe\xf6\xed\xaf\xa5\x04\xde\xa5\x1d}\x97\xb6\xdei5\
t]][\xc4\xd8\x07\xac\xd5\xbf\x97\x11\x8fc\x0c\xbd\
\x89Cp\xd8\x83\xd6\xf3Gdo=\xa9s\x1c!\xb8\
|\xb7\xf6{\xc9\xdc1zK!\xbd\xab\xeb1\xa3\xf1\
\xfb\xd2\xbe\xcd\xa8\xfe](\xdd}!\xa3S\xdb\xf0$\
\x1e|@\xf0%^o\xe3\xdd\xbei\xfeS\xcb\xe0u\
jY\x07&{\x0d\xf4\xdf\xf5\xb5\xf4\x03\xbe\x04\xdaG\
nW\x93\x1e\xca\xa0?x(\xdf)e<\xf6\xfd[\
\xeb\xd6\x1b\x04\xca\xde\xc5h\xedm\xf2\xdf'gX}\
N\xa9\xe7\xdb\xd8\xbac<\xfeK]\xebN\xd3\xf8l\
-\xcfQ\xe7\xc1\xfa\xdd}\xb2_s\x00j\x1e\xeb\xed\
d\xf2\x90\xbe\x9c\xd2W\xeeMs\x1fx?\x96\x99\x83\
\xf4&\x80w\xa5hk\x8d\xfc\xa6\xf4\x1e\xecLo\xf1\
\xfeM\xf88E\xc1\xde\xd5u\xcc\x99\xfb2\xca\xe3|\
\xed\x9aW\xfc\xae\xaf\x07\xdbm\xc5\x10\x9e\xea\x0c\xae\xbe\
\x7f\xc0\x91}\x08`\x8e\xd1?\xe68?Fnob\
<Nq\x00\x1es\x9d\xe2d\x9d\xb2\x0e\xe8]\xf0q\
\x8a~\xbf-\xed\x87\xd2\xf1z\x17`\xbbF\xc7\x81\xeb\
\x7f\xb5\xeb]:n\x8f\xcdsJ\xd9\x8e\xdbXIs\
\xaf\xde,t\xf8\xc0\xf9Z#\xf8\x00\xcf\xc3\xfd[L\
\xe9\x1e\xe5\xfb\xe8\xe8\xfcX\x86\xb7\xb8\x1e\xd3\x10\xcb|\
\xce\xcf\xdb\x18\xa1w\xe6\xd8\xbc\x01\x0f\xa7\xe6{W}\
w\xd5\xb8\xdf\xa3\xa4\x0f\xe6}G|\x1d\xbb\xde\x95#\
\xf7&N\xdd)yp\xa4\xff}YK-\xbeLy\
\xbc)\x10\xfd\xcf\xd4\x81\xc7F\x0d\xfe5\x5co[\xa7\
\xc78\x1a\x8fuT\xdf\xe4\xfa\xb2\xf8\x7f,\x0f\xb8\x87\
\xee\xbb\x1e \xde7`~tY\xff\x93\x94z:\xf6\
\xa2\xad\x94\xbf\xf6l\xad\xd2\x8f\xb9V\xf3gl\xe2!\
\xda\xef\x22Z\xf0\x10\x9d\xb5:\xdfw-#\x1a\x8f\xc9\
\xf7\xb6i\xb8[\xebM\xe8,\xfb\xff\x9a\xe3w4\xef\
\xc3E\xbe\xd5u\xaaa{(b\xf5\x98v>Fo\
-\xcfQ\xdb\xb9p\xa8\xd6\xae\xb7\xed?\x0f]\xcbz\
<$\x8f\xb5v\xbf\x8f\xc75'\xfc\x14\xd9\xddw\xbd\
M;\xbe\xab\xf2Ny\xf7/q\x1dk\x93\xb6L\xf0\
\x88k\x09\xfe\xa7\x90x\xd7\xb6y\xad\xef\xbd\x0b\xd9/\
\xa3f\xcbwo\xab\xa7\xb1x\xc0\xf2\x96\xf6\xe4\xd1:\
\xfb%\x1bU\x9e1\xf6o\xc1y\xfe\x17\xbb\xfe-\x08\
\xef\xcb\xf0\xfe\xdf\x88\x0f\xfc\xeb\x92\xe5\xbf\xf9\x8d\x14\xb6\
\x90\xe9h\x92\xfc\xfb\xa6#\xcf\x7f-\xd7\xbff\xde\xbf\
\xba\xfauj\xa4\xf7\xbe4\xffR\xd7\x97\xa9\x7f\xb9\x08\
\x10\xf8\x92\x97*}u}u\x01\xf8\xca\x98~u}\
u}u}u\xfd\xafr\xfd\xff.]\x89\xd3\xc8\xa1\
!\x0b\x00\x00\x00\x00IEND\xaeB`\x82\
\x00\x00\x02Z\
<\
svg xmlns=\x22http:\
//www.w3.org/200\
0/svg\x22 viewBox=\x22\
0 0 512 512\x22><!-\
- Font Awesome F\
ree 5.15.3 by @f\
ontawesome - htt\
ps://fontawesome\
.com License - h\
ttps://fontaweso\
me.com/license/f\
ree (Icons: CC B\
Y 4.0, Fonts: SI\
L OFL 1.1, Code:\
 MIT License) --\
><path d=\x22M512 1\
44v288c0 26.5-21\
.5 48-48 48H48c-\
26.5 0-48-21.5-4\
8-48V144c0-26.5 \
21.5-48 48-48h88\
l12.3-32.9c7-18.\
7 24.9-31.1 44.9\
-31.1h125.5c20 0\
 37.9 12.4 44.9 \
31.1L376 96h88c2\
6.5 0 48 21.5 48\
 48zM376 288c0-6\
6.2-53.8-120-120\
-120s-120 53.8-1\
20 120 53.8 120 \
120 120 120-53.8\
 120-120zm-32 0c\
0 48.5-39.5 88-8\
8 88s-88-39.5-88\
-88 39.5-88 88-8\
8 88 39.5 88 88z\
\x22/></svg>\
\x00\x00\x00\x87\
<\
svg xmlns=\x22http:\
//www.w3.org/200\
0/svg\x22 width=\x2210\
\x22 height=\x226\x22 vie\
wBox=\x220 0 10 6\x22>\
<path d=\x22M1 5.5 \
L5 1 L9 5.5 Z\x22 f\
ill=\x22#2B2B2B\x22/><\
/svg>\x0a\
\x00\x00\x01\xbd\
<\
!DOCTYPE html>\x0a<\
html lang=\x22en\x22>\x0a\
<head>\x0a<meta htt\
p-equiv=\x22Content\
-Type\x22 content=\x22\
text/html; chars\
et=utf-8\x22/>\x0a</he\
ad>\x0a<body>\x0aFor m\
ore information \
contact Fabrice \
Monna: Fabrice.M\
onna@u-bourgogne\
.fr\x0a\x0aor Tanguy R\
olland: Tanguy.R\
olland@u-bourgog\
ne.fr\x0a\x0aThe softw\
are has been pro\
grammed with Pyt\
hon 3.7 with the\
 help of the PyQ\
t5, numpy, PIL, \
and OpenCV libra\
ries.\x0a\x0aVersion 1\
.0, 2020\x0a\x0aIcons \
CC BY fontawesom\
e (https://fonta\
wesome.com)\x0a</bo\
dy>\x0a</html>\x0a\
\x00\x00\x01^\
<\
!DOCTYPE html>\x0a<\
html lang=\x22en\x22>\x0a\
<head>\x0a<meta htt\
p-equiv=\x22Content\
-Type\x22 content=\x22\
text/html; chars\
et=utf-8\x22/>\x0a</he\
ad>\x0a<body>\x0a<h2>O\
uvrir une image<\
/h2>\x0a\x0a<h3>Les fo\
rmats accept\xc3\xa9s<\
/h3>\x0aL\xe2\x80\x99applica\
tion utilise ope\
ncv pour ouvrir \
les images. Le p\
rogramme s\xe2\x80\x99att\
end \xc3\xa0 travaille\
r sur une image \
\xc3\xa0 trois canaux \
(typiquement une\
 image RGB).\x0a</b\
ody>\x0a</html>\x0a\
\x00\x00\x02\x87\
<\
svg xmlns=\x22http:\
//www.w3.org/200\
0/svg\x22 viewBox=\x22\
0 0 384 512\x22><!-\
- Font Awesome F\
ree 5.15.3 by @f\
ontawesome - htt\
ps://fontawesome\
.com License - h\
ttps://fontaweso\
me.com/license/f\
ree (Icons: CC B\
Y 4.0, Fonts: SI\
L OFL 1.1, Code:\
 MIT License) --\
><path d=\x22M224 1\
36V0H24C10.7 0 0\
 10.7 0 24v464c0\
 13.3 10.7 24 24\
 24h336c13.3 0 2\
4-10.7 24-24V160\
H248c-13.2 0-24-\
10.8-24-24zm65.1\
8 216.01H224v80c\
0 8.84-7.16 16-1\
6 16h-32c-8.84 0\
-16-7.16-16-16v-\
80H94.82c-14.28 \
0-21.41-17.29-11\
.27-27.36l96.42-\
95.7c6.65-6.61 1\
7.39-6.61 24.04 \
0l96.42 95.7c10.\
15 10.07 3.03 27\
.36-11.25 27.36z\
M377 105L279.1 7\
c-4.5-4.5-10.6-7\
-17-7H256v128h12\
8v-6.1c0-6.3-2.5\
-12.4-7-16.9z\x22/>\
</svg>\
\x00\x00\x04\xe2\
<\
!DOCTYPE html>\x0a<\
html lang=\x22en\x22>\x0a\
<head>\x0a<meta htt\
p-equiv=\x22Content\
-Type\x22 content=\x22\
text/html; chars\
et=utf-8\x22/>\x0a</he\
ad>\x0a<body>\x0aOpen \
an image in TIF \
/ JPG / PNG form\
at.\x0a        \x0aExa\
mine the differe\
nt treatments by\
 exploring metho\
ds and channels.\
\x0a\x0aChoose the siz\
e of the pen and\
 select the opti\
on case / non ca\
se for painting \
the areas corres\
ponding to the f\
igure and the su\
rrounding, respe\
ctively. The fig\
ure to be highli\
ghted should be \
painted in red, \
the surrounding \
in blue.\x0a\x0aEvalua\
te the result  (\
button \x22Evaluate\
\x22), and eventual\
ly, complete the\
 supervision. Th\
e new window is \
removed using \x22C\
\x22 on the keyboar\
d.\x0a\x0aWhen the res\
ult looks good, \
push the \x22Contin\
ue\x22 button and l\
aunch the full c\
alculation\x0a    \x0a\
At that step, yo\
u may change the\
 blur intensity,\
 the percentage \
of variance expl\
ained by PCA, an\
d the number of \
channels used fo\
r calculation. R\
e-process to exa\
mine the effects\
 of these change\
s.\x0a\x0aWhen the res\
ults are satifac\
tory, check the \
box(es) of the i\
mage(s) you desi\
re, and push the\
 \x22Save\x22 button.\x0a\
\x0aIf the supervis\
ed machine learn\
ing outputs are \
not  acceptable \
for your purpose\
, you may return\
 to the \x22Color e\
xamination\x22 tab \
and capture snap\
shots of the tre\
atments you esti\
mate appropriate\
 for further man\
ual delineation.\
\x0a</body>\x0a</html>\
\x0a\
\x00\x00\x02\x92\
<\
!DOCTYPE html>\x0a<\
html lang=\x22en\x22>\x0a\
<head>\x0a<meta htt\
p-equiv=\x22Content\
-Type\x22 content=\x22\
text/html; chars\
et=utf-8\x22/>\x0a</he\
ad>\x0a<body>\x0a<h2>M\
\xc3\xa9thodes de d\xc3\xa9c\
orr\xc3\xa9lation</h2>\
\x0a\x0a<h3>Principe</\
h3>\x0a\x0a<h3>Les dif\
f\xc3\xa9rences m\xc3\xa9tho\
des</h3>\x0a\x0a<h4>Ch\
olesky</h4>\x0a<h4>\
Fast ICA</h4>\x0a<h\
4>PCA</h4>\x0a<h4>Z\
CA</h4>\x0a<h4>PCA \
corr</h4>\x0a<h4>ZC\
A corr</h4>\x0a\x0a<h3\
>La visualisatio\
n</h3>\x0a\x0aLes diff\
\xc3\xa9rentes m\xc3\xa9thod\
es produisent tr\
ois canaux de do\
nn\xc3\xa9es d\xc3\xa9corr\xc3\xa9\
l\xc3\xa9es qui sont a\
ffich\xc3\xa9s en les \
interpr\xc3\xa9tant co\
mme des canaux R\
GB, soit affich\xc3\
\xa9s en tant que t\
el, soit convert\
is au pr\xc3\xa9lable \
dans d\xe2\x80\x99autres \
espaces colorim\xc3\
\xa9triques puis in\
terpr\xc3\xa9t\xc3\xa9s comm\
e canaux RGB (fa\
usses couleurs).\
\x0a</body>\x0a</html>\
\x0a\
\x00\x00\x00\x87\
<\
svg xmlns=\x22http:\
//www.w3.org/200\
0/svg\x22 width=\x2210\
\x22 height=\x226\x22 vie\
wBox=\x220 0 10 6\x22>\
<path d=\x22M1 0.5 \
L5 5 L9 0.5 Z\x22 f\
ill=\x22#2B2B2B\x22/><\
/svg>\x0a\
\x00\x00\x01$\
<\
!DOCTYPE html>\x0a<\
html lang=\x22en\x22>\x0a\
<head>\x0a<meta htt\
p-equiv=\x22Content\
-Type\x22 content=\x22\
text/html; chars\
et=utf-8\x22/>\x0a</he\
ad>\x0a<body>\x0a<h1>E\
xtraction of Roc\
k Art</h1>\x0a<ul>\x0a\
\x09<li><a href=\x22wo\
rkflow.html\x22>Gen\
eral workflow</a\
></li>\x0a\x09<li><a h\
ref=\x22credits.htm\
l\x22>Credits</a></\
li>\x0a</ul>\x0a<p>\x0a</\
p>\x0a</body>\x0a</htm\
l>\x0a\
\x00\x00\x02\xb9\
<\
svg xmlns=\x22http:\
//www.w3.org/200\
0/svg\x22 viewBox=\x22\
0 0 512 512\x22><!-\
- Font Awesome F\
ree 5.15.3 by @f\
ontawesome - htt\
ps://fontawesome\
.com License - h\
ttps://fontaweso\
me.com/license/f\
ree (Icons: CC B\
Y 4.0, Fonts: SI\
L OFL 1.1, Code:\
 MIT License) --\
><path d=\x22M464 3\
2H48C21.5 32 0 5\
3.5 0 80v352c0 2\
6.5 21.5 48 48 4\
8h416c26.5 0 48-\
21.5 48-48V80c0-\
26.5-21.5-48-48-\
48zm-83.6 290.5c\
4.8 4.8 4.8 12.6\
 0 17.4l-40.5 40\
.5c-4.8 4.8-12.6\
 4.8-17.4 0L256 \
313.3l-66.5 67.1\
c-4.8 4.8-12.6 4\
.8-17.4 0l-40.5-\
40.5c-4.8-4.8-4.\
8-12.6 0-17.4l67\
.1-66.5-67.1-66.\
5c-4.8-4.8-4.8-1\
2.6 0-17.4l40.5-\
40.5c4.8-4.8 12.\
6-4.8 17.4 0l66.\
5 67.1 66.5-67.1\
c4.8-4.8 12.6-4.\
8 17.4 0l40.5 40\
.5c4.8 4.8 4.8 1\
2.6 0 17.4L313.3\
 256l67.1 66.5z\x22\
/></svg>\
"

qt_resource_name = b"\
\x00\x08\
\x0aaZ\xa7\
\x00i\
\x00c\x00o\x00n\x00.\x00p\x00n\x00g\
\x00\x08\
\x04\x83U\x87\
\x00s\
\x00n\x00a\x00p\x00.\x00s\x00v\x00g\
\x00\x0c\
\x09\xd0w\x87\
\x00a\
\x00r\x00r\x00o\x00w\x00-\x00u\x00p\x00.\x00s\x00v\x00g\
\x00\x0c\
\x065\x8d<\
\x00c\
\x00r\x00e\x00d\x00i\x00t\x00s\x00.\x00h\x00t\x00m\x00l\
\x00\x09\
\x0c\x14\x17\xfc\
\x00o\
\x00p\x00e\x00n\x00.\x00h\x00t\x00m\x00l\
\x00\x08\
\x06\xc1T\x07\
\x00o\
\x00p\x00e\x00n\x00.\x00s\x00v\x00g\
\x00\x0d\
\x0av\xc0\xbc\
\x00w\
\x00o\x00r\x00k\x00f\x00l\x00o\x00w\x00.\x00h\x00t\x00m\x00l\
\x00\x12\
\x0a?t\xfc\
\x00d\
\x00e\x00c\x00o\x00r\x00r\x00e\x00l\x00a\x00t\x00i\x00o\x00n\x00.\x00h\x00t\x00m\
\x00l\
\x00\x0e\
\x06\x0c\x07\x87\
\x00a\
\x00r\x00r\x00o\x00w\x00-\x00d\x00o\x00w\x00n\x00.\x00s\x00v\x00g\
\x00\x0a\
\x0c\xba\xf2|\
\x00i\
\x00n\x00d\x00e\x00x\x00.\x00h\x00t\x00m\x00l\
\x00\x08\
\x0f\x07WG\
\x00e\
\x00x\x00i\x00t\x00.\x00s\x00v\x00g\
"

qt_resource_struct = b"\
\x00\x00\x00\x00\x00\x02\x00\x00\x00\x0b\x00\x00\x00\x01\
\x00\x00\x00\x00\x00\x00\x00\x00\
\x00\x00\x00\x16\x00\x00\x00\x00\x00\x01\x00\x04\xe0\xd3\
\x00\x00\x01\xa0c\x17\xbc\x80\
\x00\x00\x00\xe0\x00\x00\x00\x00\x00\x01\x00\x04\xf0\xe6\
\x00\x00\x01\xa0\xb3\xa1\x14\xf3\
\x00\x00\x00J\x00\x00\x00\x00\x00\x01\x00\x04\xe3\xbc\
\x00\x00\x01\xa0c\x17\xbbb\
\x00\x00\x00\x80\x00\x00\x00\x00\x00\x01\x00\x04\xe6\xdf\
\x00\x00\x01\xa0c\x17\xbc\x99\
\x00\x00\x00,\x00\x00\x00\x00\x00\x01\x00\x04\xe31\
\x00\x00\x01\xa0\xb3\xa1\x13\xdf\
\x00\x00\x00\xb6\x00\x00\x00\x00\x00\x01\x00\x04\xeeP\
\x00\x00\x01\xa0c\x17\xbbs\
\x00\x00\x00\x00\x00\x00\x00\x00\x00\x01\x00\x00\x00\x00\
\x00\x00\x01\xa0\xb3\xcd\xc7\x80\
\x00\x00\x00\x96\x00\x00\x00\x00\x00\x01\x00\x04\xe9j\
\x00\x00\x01\xa0c\x17\xbb\xc2\
\x00\x00\x00h\x00\x00\x00\x00\x00\x01\x00\x04\xe5}\
\x00\x00\x01\xa0c\x17\xbb\xa6\
\x00\x00\x01\x02\x00\x00\x00\x00\x00\x01\x00\x04\xf1q\
\x00\x00\x01\xa0c\x17\xbb\x8f\
\x00\x00\x01\x1c\x00\x00\x00\x00\x00\x01\x00\x04\xf2\x99\
\x00\x00\x01\xa0c\x17\xbc\xcb\
"

def qInitResources():
    QtCore.qRegisterResourceData(0x03, qt_resource_struct, qt_resource_name, qt_resource_data)

def qCleanupResources():
    QtCore.qUnregisterResourceData(0x03, qt_resource_struct, qt_resource_name, qt_resource_data)

qInitResources()
